geo_accession	zarr_row	mc_class	mc_family	material	outer_fold	inner_fold_o0	inner_fold_o1	inner_fold_o2	inner_fold_o3	inner_fold_o4
GSM2402854	0	GBM, G34	GBM	Frozen	2	2	2	-1	2	1
GSM2402855	1	DMG, K27	DMG	Frozen	3	2	2	0	-1	1
GSM2402856	2	DMG, K27	DMG	Frozen	3	1	2	1	-1	2
GSM2402857	3	DMG, K27	DMG	Frozen	1	0	-1	2	1	0
GSM2402858	4	DMG, K27	DMG	Frozen	2	2	1	-1	0	2
GSM2402859	5	GBM, G34	GBM	Frozen	1	1	-1	0	2	0
GSM2402860	6	GBM, G34	GBM	Frozen	0	-1	1	0	0	2
GSM2402861	7	DMG, K27	DMG	Frozen	4	0	2	1	0	-1
GSM2402862	8	GBM, G34	GBM	Frozen	3	0	2	2	-1	0
GSM2402863	9	DMG, K27	DMG	Frozen	3	1	0	1	-1	1
GSM2402864	10	DMG, K27	DMG	Frozen	3	0	1	2	-1	1
GSM2402865	11	DMG, K27	DMG	Frozen	2	0	0	-1	2	2
GSM2402866	12	ATRT, SHH	ATRT	Frozen	0	-1	1	0	2	1
GSM2402867	13	GBM, G34	GBM	Frozen	0	-1	0	0	1	1
GSM2402868	14	CONTR, CEBM	CONTR	Frozen	0	-1	2	2	2	1
GSM2402869	15	CONTR, CEBM	CONTR	Frozen	1	1	-1	1	1	2
GSM2402870	16	GBM, MYCN	GBM	Frozen	0	-1	0	0	2	1
GSM2402871	17	DMG, K27	DMG	Frozen	4	0	2	1	1	-1
GSM2402872	18	CONTR, CEBM	CONTR	Frozen	0	-1	2	0	0	2
GSM2402873	19	CONTR, CEBM	CONTR	Frozen	2	0	1	-1	0	0
GSM2402874	20	CONTR, CEBM	CONTR	Frozen	4	0	0	1	2	-1
GSM2402875	21	DMG, K27	DMG	Frozen	1	1	-1	0	0	1
GSM2402876	22	GBM, G34	GBM	Frozen	4	1	2	1	1	-1
GSM2402877	23	GBM, G34	GBM	Frozen	2	0	1	-1	0	1
GSM2402878	24	GBM, G34	GBM	Frozen	4	0	1	0	0	-1
GSM2402879	25	DMG, K27	DMG	Frozen	2	0	2	-1	0	0
GSM2402880	26	GBM, G34	GBM	Frozen	3	0	1	2	-1	0
GSM2402881	27	DMG, K27	DMG	Frozen	1	0	-1	1	0	2
GSM2402882	28	GBM, G34	GBM	Frozen	0	-1	1	2	0	0
GSM2402883	29	GBM, G34	GBM	Frozen	3	2	2	0	-1	2
GSM2402884	30	LGG, PA PF	LGG	Frozen	0	-1	2	0	1	1
GSM2402885	31	LGG, PA PF	LGG	Frozen	0	-1	0	1	2	0
GSM2402886	32	CONTR, REACT	CONTR	Frozen	4	2	2	2	0	-1
GSM2402887	33	LGG, PA PF	LGG	Frozen	0	-1	1	1	2	1
GSM2402888	34	LGG, PA PF	LGG	Frozen	0	-1	1	2	0	2
GSM2402889	35	LGG, PA PF	LGG	Frozen	3	0	1	0	-1	0
GSM2402890	36	LGG, PA PF	LGG	Frozen	0	-1	1	2	2	1
GSM2402891	37	LGG, PA PF	LGG	Frozen	2	1	2	-1	1	1
GSM2402892	38	LGG, PA MID	LGG	Frozen	0	-1	1	0	0	1
GSM2402893	39	LGG, PA PF	LGG	Frozen	3	1	2	2	-1	0
GSM2402894	40	LGG, PA PF	LGG	Frozen	1	0	-1	1	0	1
GSM2402895	41	LGG, PA MID	LGG	Frozen	3	2	2	0	-1	2
GSM2402896	42	LGG, PA PF	LGG	Frozen	4	2	1	2	0	-1
GSM2402897	43	LGG, PA MID	LGG	Frozen	1	1	-1	0	2	0
GSM2402898	44	LGG, PA PF	LGG	Frozen	2	2	0	-1	2	0
GSM2402899	45	LGG, PA PF	LGG	Frozen	0	-1	2	0	2	2
GSM2402900	46	LGG, PA PF	LGG	Frozen	1	0	-1	2	1	0
GSM2402901	47	LGG, PA PF	LGG	Frozen	2	1	2	-1	0	2
GSM2402902	48	LGG, PA PF	LGG	Frozen	0	-1	1	0	0	0
GSM2402903	49	LGG, PA PF	LGG	Frozen	0	-1	2	2	1	0
GSM2402904	50	LGG, PA PF	LGG	Frozen	0	-1	2	2	1	2
GSM2402905	51	LGG, PA MID	LGG	Frozen	1	0	-1	2	2	1
GSM2402906	52	LGG, PA PF	LGG	Frozen	4	2	2	1	1	-1
GSM2402907	53	LGG, PA PF	LGG	Frozen	1	1	-1	1	0	2
GSM2402908	54	LGG, RGNT	LGG	Frozen	2	1	0	-1	2	1
GSM2402909	55	LGG, PA PF	LGG	Frozen	1	0	-1	0	2	0
GSM2402910	56	MB, WNT	MB	Frozen	0	-1	1	2	1	2
GSM2402911	57	MB, WNT	MB	Frozen	1	1	-1	0	0	0
GSM2402912	58	MB, WNT	MB	Frozen	2	2	2	-1	2	2
GSM2402913	59	MB, WNT	MB	Frozen	3	0	2	2	-1	1
GSM2402914	60	MB, WNT	MB	Frozen	0	-1	2	1	2	0
GSM2402915	61	ATRT, MYC	ATRT	Frozen	4	1	2	1	0	-1
GSM2402916	62	ATRT, SHH	ATRT	Frozen	4	1	1	2	1	-1
GSM2402917	63	ATRT, SHH	ATRT	Frozen	3	0	2	0	-1	0
GSM2402918	64	ATRT, TYR	ATRT	Frozen	1	1	-1	1	1	1
GSM2402919	65	ATRT, TYR	ATRT	Frozen	3	2	1	0	-1	2
GSM2402920	66	ATRT, TYR	ATRT	Frozen	1	1	-1	1	0	0
GSM2402921	67	ATRT, MYC	ATRT	Frozen	0	-1	2	1	1	1
GSM2402922	68	LGG, PA/GG ST	LGG	Frozen	2	1	2	-1	1	1
GSM2402923	69	LGG, PA PF	LGG	Frozen	3	2	1	1	-1	0
GSM2402924	70	LGG, PA PF	LGG	Frozen	2	2	1	-1	0	2
GSM2402925	71	LGG, SEGA	LGG	Frozen	3	0	1	0	-1	1
GSM2402926	72	LGG, PA PF	LGG	Frozen	3	1	2	1	-1	1
GSM2402927	73	LGG, PA PF	LGG	Frozen	4	2	2	0	0	-1
GSM2402928	74	CONTR, REACT	CONTR	Frozen	2	2	1	-1	0	2
GSM2402929	75	LGG, PA MID	LGG	Frozen	2	2	1	-1	2	0
GSM2402930	76	LGG, PA MID	LGG	Frozen	1	2	-1	1	2	1
GSM2402931	77	LGG, PA PF	LGG	Frozen	2	0	1	-1	0	1
GSM2402932	78	LGG, PA PF	LGG	Frozen	4	1	0	0	1	-1
GSM2402933	79	MB, WNT	MB	Frozen	3	0	2	0	-1	0
GSM2402934	80	MB, WNT	MB	Frozen	1	1	-1	2	2	2
GSM2402935	81	MB, WNT	MB	Frozen	4	2	0	2	2	-1
GSM2402936	82	MB, WNT	MB	Frozen	3	1	0	0	-1	1
GSM2402937	83	MB, WNT	MB	Frozen	2	0	1	-1	1	0
GSM2402938	84	MB, G4	MB	Frozen	2	2	2	-1	0	1
GSM2402939	85	MB, G4	MB	Frozen	3	2	2	2	-1	0
GSM2402940	86	MB, SHH INF	MB	Frozen	2	2	0	-1	2	0
GSM2402941	87	MB, SHH CHL AD	MB	Frozen	0	-1	1	0	0	1
GSM2402942	88	MB, SHH INF	MB	Frozen	3	0	0	0	-1	1
GSM2402943	89	MB, G3	MB	Frozen	4	1	0	0	1	-1
GSM2402944	90	MB, G3	MB	Frozen	2	1	1	-1	2	0
GSM2402945	91	MB, G4	MB	Frozen	2	2	1	-1	0	2
GSM2402946	92	MB, G3	MB	Frozen	2	0	2	-1	1	2
GSM2402947	93	MB, WNT	MB	Frozen	3	0	2	0	-1	0
GSM2402948	94	MB, G4	MB	Frozen	3	1	0	0	-1	2
GSM2402949	95	MB, G3	MB	Frozen	3	1	2	1	-1	1
GSM2402950	96	MB, G4	MB	Frozen	3	0	0	2	-1	1
GSM2402951	97	MB, G4	MB	Frozen	3	2	0	0	-1	0
GSM2402952	98	MB, G3	MB	Frozen	2	2	1	-1	1	2
GSM2402953	99	ATRT, TYR	ATRT	Frozen	1	0	-1	0	2	0
GSM2402954	100	ATRT, TYR	ATRT	Frozen	4	1	0	2	0	-1
GSM2402955	101	ATRT, SHH	ATRT	Frozen	3	2	1	1	-1	0
GSM2402956	102	ATRT, TYR	ATRT	Frozen	4	2	0	0	0	-1
GSM2402957	103	ATRT, SHH	ATRT	Frozen	1	1	-1	1	2	2
GSM2402958	104	ATRT, TYR	ATRT	Frozen	0	-1	2	2	1	0
GSM2402959	105	ATRT, SHH	ATRT	Frozen	3	0	2	0	-1	0
GSM2402960	106	ATRT, TYR	ATRT	Frozen	0	-1	0	1	0	2
GSM2402961	107	ATRT, TYR	ATRT	Frozen	3	0	1	2	-1	1
GSM2402962	108	ATRT, SHH	ATRT	Frozen	0	-1	2	2	2	1
GSM2402963	109	ATRT, TYR	ATRT	Frozen	0	-1	2	1	2	1
GSM2402964	110	LGG, PA PF	LGG	Frozen	4	0	2	2	1	-1
GSM2402965	111	LGG, PA PF	LGG	Frozen	4	1	1	1	1	-1
GSM2402966	112	CONTR, REACT	CONTR	Frozen	4	2	1	0	0	-1
GSM2402967	113	LGG, PA PF	LGG	Frozen	1	2	-1	1	1	1
GSM2402968	114	LGG, PA PF	LGG	Frozen	4	1	0	1	1	-1
GSM2402969	115	LGG, PA PF	LGG	Frozen	3	1	1	1	-1	2
GSM2402970	116	LGG, PA PF	LGG	Frozen	0	-1	0	0	2	1
GSM2402971	117	LGG, PA MID	LGG	Frozen	0	-1	2	2	1	1
GSM2402972	118	LGG, PA PF	LGG	Frozen	4	0	0	1	1	-1
GSM2402973	119	LGG, PA MID	LGG	Frozen	3	2	2	2	-1	1
GSM2402974	120	ATRT, MYC	ATRT	Frozen	2	0	1	-1	1	1
GSM2402975	121	ATRT, MYC	ATRT	Frozen	3	1	0	2	-1	0
GSM2402976	122	EPN, RELA	EPN	Frozen	3	2	0	0	-1	2
GSM2402977	123	ATRT, SHH	ATRT	Frozen	1	1	-1	1	0	1
GSM2402978	124	PIN T, PB A	PIN T	Frozen	1	2	-1	2	0	0
GSM2402979	125	EPN, RELA	EPN	Frozen	0	-1	0	0	1	1
GSM2402980	126	EPN, RELA	EPN	Frozen	2	2	0	-1	0	0
GSM2402981	127	MB, SHH CHL AD	MB	Frozen	2	1	0	-1	1	0
GSM2402982	128	MB, G3	MB	Frozen	3	0	0	1	-1	1
GSM2402983	129	MB, G4	MB	Frozen	2	1	1	-1	0	2
GSM2402984	130	MB, G3	MB	Frozen	2	0	0	-1	1	1
GSM2402985	131	MB, G3	MB	Frozen	0	-1	2	0	0	0
GSM2402986	132	MB, G3	MB	Frozen	3	0	1	2	-1	2
GSM2402987	133	MB, G3	MB	Frozen	3	1	1	0	-1	0
GSM2402988	134	MB, SHH CHL AD	MB	Frozen	3	2	2	2	-1	2
GSM2402989	135	SUBEPN, PF	SUBEPN	Frozen	2	2	0	-1	2	1
GSM2402990	136	PTPR, B	PTPR	Frozen	2	1	2	-1	1	0
GSM2402991	137	SUBEPN, ST	SUBEPN	Frozen	3	0	0	2	-1	1
GSM2402992	138	EPN, YAP	EPN	Frozen	1	1	-1	1	0	2
GSM2402993	139	EPN, PF A	EPN	Frozen	3	1	1	0	-1	1
GSM2402994	140	MB, SHH CHL AD	MB	Frozen	3	1	0	2	-1	2
GSM2402995	141	EPN, PF A	EPN	Frozen	1	0	-1	1	2	0
GSM2402996	142	EPN, PF B	EPN	Frozen	4	2	2	2	0	-1
GSM2402997	143	EFT, CIC	EFT	Frozen	4	2	2	0	1	-1
GSM2402998	144	EPN, RELA	EPN	Frozen	3	1	1	0	-1	2
GSM2402999	145	ETMR	ETMR	Frozen	2	0	2	-1	0	1
GSM2403000	146	CNS NB, FOXR2	CNS NB	Frozen	3	0	2	2	-1	0
GSM2403001	147	ETMR	ETMR	Frozen	4	0	2	0	2	-1
GSM2403002	148	ETMR	ETMR	Frozen	0	-1	2	1	0	1
GSM2403003	149	MB, WNT	MB	Frozen	4	0	0	2	1	-1
GSM2403004	150	MB, SHH CHL AD	MB	Frozen	4	1	1	2	0	-1
GSM2403005	151	MB, SHH CHL AD	MB	Frozen	3	0	0	2	-1	1
GSM2403006	152	MB, SHH INF	MB	Frozen	0	-1	1	2	1	2
GSM2403007	153	MB, G4	MB	Frozen	3	1	2	2	-1	0
GSM2403008	154	MB, SHH CHL AD	MB	Frozen	3	2	0	1	-1	1
GSM2403009	155	MB, WNT	MB	Frozen	1	2	-1	0	0	1
GSM2403010	156	LYMPHO	LYMPHO	Frozen	2	1	2	-1	2	0
GSM2403011	157	MB, SHH CHL AD	MB	Frozen	2	0	0	-1	1	0
GSM2403012	158	MB, G4	MB	Frozen	1	0	-1	1	1	1
GSM2403013	159	MB, G4	MB	Frozen	2	0	1	-1	1	0
GSM2403014	160	MB, SHH CHL AD	MB	Frozen	1	0	-1	2	2	1
GSM2403015	161	MB, SHH CHL AD	MB	Frozen	0	-1	2	1	1	2
GSM2403016	162	MB, SHH CHL AD	MB	Frozen	1	0	-1	0	0	1
GSM2403017	163	MB, SHH CHL AD	MB	Frozen	4	1	0	0	2	-1
GSM2403018	164	MB, G4	MB	Frozen	1	2	-1	2	2	0
GSM2403019	165	MB, G4	MB	Frozen	3	1	0	1	-1	2
GSM2403020	166	MB, SHH CHL AD	MB	Frozen	2	1	0	-1	1	0
GSM2403021	167	MB, SHH CHL AD	MB	Frozen	1	0	-1	1	1	2
GSM2403022	168	MB, SHH CHL AD	MB	Frozen	3	2	0	0	-1	0
GSM2403023	169	MB, G4	MB	Frozen	0	-1	2	0	1	1
GSM2403024	170	MB, G4	MB	Frozen	1	0	-1	2	1	1
GSM2403025	171	MB, G4	MB	Frozen	0	-1	2	0	0	1
GSM2403026	172	ATRT, SHH	ATRT	Frozen	0	-1	0	0	2	1
GSM2403027	173	ATRT, SHH	ATRT	Frozen	4	0	2	1	0	-1
GSM2403028	174	ETMR	ETMR	Frozen	1	0	-1	2	1	0
GSM2403029	175	LGG, PA PF	LGG	FFPE	1	1	-1	0	0	0
GSM2403030	176	LGG, PA MID	LGG	FFPE	3	0	2	1	-1	1
GSM2403031	177	LGG, PA PF	LGG	FFPE	4	0	0	0	0	-1
GSM2403032	178	MB, G4	MB	Frozen	4	1	2	1	1	-1
GSM2403033	179	MB, G4	MB	Frozen	4	1	2	2	1	-1
GSM2403034	180	MB, SHH INF	MB	Frozen	0	-1	2	2	1	2
GSM2403035	181	MB, SHH CHL AD	MB	Frozen	3	0	2	0	-1	0
GSM2403036	182	MB, SHH CHL AD	MB	Frozen	0	-1	2	1	0	0
GSM2403037	183	MB, SHH INF	MB	Frozen	4	1	1	2	2	-1
GSM2403038	184	MB, G4	MB	Frozen	4	1	0	0	0	-1
GSM2403039	185	MB, G3	MB	Frozen	0	-1	1	0	0	2
GSM2403040	186	MB, G3	MB	Frozen	3	2	0	0	-1	0
GSM2403041	187	MB, G4	MB	Frozen	4	1	0	2	2	-1
GSM2403042	188	MB, G4	MB	Frozen	4	0	0	0	1	-1
GSM2403043	189	MB, SHH CHL AD	MB	Frozen	2	1	0	-1	1	1
GSM2403044	190	MB, G4	MB	Frozen	0	-1	1	1	2	1
GSM2403045	191	MB, G3	MB	Frozen	4	1	0	1	2	-1
GSM2403046	192	MB, G4	MB	Frozen	4	2	2	1	0	-1
GSM2403047	193	CNS NB, FOXR2	CNS NB	Frozen	1	1	-1	0	2	0
GSM2403048	194	ETMR	ETMR	Frozen	1	1	-1	2	0	1
GSM2403049	195	MB, G4	MB	Frozen	0	-1	1	2	2	2
GSM2403050	196	MB, G4	MB	Frozen	4	1	1	2	0	-1
GSM2403051	197	MB, G4	MB	Frozen	4	1	0	0	2	-1
GSM2403052	198	MB, G4	MB	Frozen	1	1	-1	0	1	0
GSM2403053	199	MB, SHH INF	MB	Frozen	2	2	1	-1	2	0
GSM2403054	200	MB, G3	MB	Frozen	0	-1	2	1	1	1
GSM2403055	201	MB, G3	MB	Frozen	2	0	2	-1	0	1
GSM2403056	202	MB, G4	MB	Frozen	1	2	-1	1	2	2
GSM2403057	203	MB, G4	MB	Frozen	0	-1	1	0	0	0
GSM2403058	204	MB, G3	MB	Frozen	0	-1	1	0	2	1
GSM2403059	205	MB, G3	MB	Frozen	0	-1	2	2	0	0
GSM2403060	206	MB, G4	MB	Frozen	0	-1	1	2	1	0
GSM2403061	207	CNS NB, FOXR2	CNS NB	Frozen	2	0	2	-1	0	0
GSM2403062	208	ETMR	ETMR	Frozen	0	-1	2	0	1	2
GSM2403063	209	ATRT, SHH	ATRT	Frozen	2	0	0	-1	0	2
GSM2403064	210	EPN, RELA	EPN	Frozen	4	2	0	2	2	-1
GSM2403065	211	ETMR	ETMR	Frozen	1	1	-1	0	1	2
GSM2403066	212	ETMR	ETMR	Frozen	3	0	0	2	-1	2
GSM2403067	213	CNS NB, FOXR2	CNS NB	Frozen	0	-1	2	2	0	0
GSM2403068	214	ATRT, SHH	ATRT	Frozen	4	0	1	2	1	-1
GSM2403069	215	HGNET, BCOR	HGNET	Frozen	4	1	0	1	2	-1
GSM2403070	216	ATRT, MYC	ATRT	Frozen	0	-1	1	0	0	0
GSM2403071	217	ETMR	ETMR	Frozen	3	1	0	0	-1	1
GSM2403072	218	ATRT, SHH	ATRT	Frozen	1	1	-1	2	1	0
GSM2403073	219	ATRT, SHH	ATRT	Frozen	1	0	-1	1	0	0
GSM2403074	220	ETMR	ETMR	Frozen	4	2	1	2	0	-1
GSM2403075	221	ETMR	ETMR	Frozen	0	-1	2	1	1	0
GSM2403076	222	ATRT, SHH	ATRT	Frozen	2	2	1	-1	2	2
GSM2403077	223	MB, SHH CHL AD	MB	Frozen	3	1	1	0	-1	2
GSM2403078	224	MB, SHH CHL AD	MB	Frozen	0	-1	0	2	1	2
GSM2403079	225	MB, SHH CHL AD	MB	Frozen	3	0	1	2	-1	2
GSM2403080	226	MB, SHH CHL AD	MB	Frozen	0	-1	0	1	2	0
GSM2403081	227	MB, SHH CHL AD	MB	Frozen	0	-1	2	1	1	1
GSM2403082	228	MB, G4	MB	Frozen	0	-1	1	2	1	0
GSM2403083	229	MB, G3	MB	Frozen	4	0	0	1	2	-1
GSM2403084	230	LGG, PA PF	LGG	Frozen	4	0	0	1	2	-1
GSM2403085	231	LGG, PA MID	LGG	Frozen	4	1	1	0	1	-1
GSM2403086	232	LGG, PA PF	LGG	Frozen	2	2	2	-1	0	0
GSM2403087	233	GBM, MES	GBM	Frozen	2	0	1	-1	0	1
GSM2403088	234	GBM, RTK II	GBM	Frozen	3	1	1	1	-1	2
GSM2403089	235	GBM, RTK II	GBM	Frozen	3	1	1	2	-1	0
GSM2403090	236	GBM, RTK I	GBM	Frozen	4	0	0	1	2	-1
GSM2403091	237	GBM, MES	GBM	Frozen	4	1	2	0	0	-1
GSM2403092	238	GBM, MES	GBM	Frozen	2	2	2	-1	1	2
GSM2403093	239	GBM, MES	GBM	Frozen	4	1	2	0	2	-1
GSM2403094	240	GBM, MES	GBM	Frozen	1	1	-1	2	1	0
GSM2403095	241	GBM, RTK II	GBM	Frozen	1	2	-1	1	0	0
GSM2403096	242	GBM, MES	GBM	Frozen	3	2	0	1	-1	2
GSM2403097	243	GBM, RTK II	GBM	Frozen	2	2	0	-1	0	1
GSM2403098	244	GBM, RTK II	GBM	Frozen	2	1	1	-1	2	1
GSM2403099	245	GBM, MES	GBM	Frozen	4	1	2	1	2	-1
GSM2403100	246	GBM, RTK II	GBM	Frozen	4	1	0	2	0	-1
GSM2403101	247	GBM, RTK II	GBM	Frozen	0	-1	1	2	2	0
GSM2403102	248	GBM, RTK II	GBM	Frozen	3	0	2	2	-1	0
GSM2403103	249	GBM, RTK II	GBM	Frozen	4	1	2	2	0	-1
GSM2403104	250	GBM, RTK II	GBM	Frozen	1	1	-1	2	0	2
GSM2403105	251	GBM, MES	GBM	Frozen	4	1	0	0	1	-1
GSM2403106	252	GBM, MES	GBM	Frozen	0	-1	1	0	1	1
GSM2403107	253	GBM, RTK II	GBM	Frozen	0	-1	2	1	0	1
GSM2403108	254	GBM, RTK II	GBM	Frozen	4	1	1	1	1	-1
GSM2403109	255	GBM, RTK II	GBM	Frozen	4	2	1	2	1	-1
GSM2403110	256	GBM, RTK I	GBM	Frozen	0	-1	0	1	1	1
GSM2403111	257	GBM, RTK II	GBM	Frozen	0	-1	0	0	1	0
GSM2403112	258	DMG, K27	DMG	Frozen	3	1	1	0	-1	2
GSM2403113	259	GBM, G34	GBM	Frozen	1	2	-1	1	0	1
GSM2403114	260	GBM, G34	GBM	Frozen	2	0	0	-1	2	0
GSM2403115	261	DMG, K27	DMG	Frozen	0	-1	1	2	0	1
GSM2403116	262	GBM, G34	GBM	Frozen	1	2	-1	0	0	0
GSM2403117	263	DMG, K27	DMG	Frozen	1	2	-1	1	2	0
GSM2403118	264	GBM, G34	GBM	Frozen	1	0	-1	0	1	2
GSM2403119	265	DMG, K27	DMG	Frozen	2	0	2	-1	2	2
GSM2403120	266	GBM, RTK II	GBM	FFPE	4	2	0	2	0	-1
GSM2403121	267	GBM, RTK II	GBM	FFPE	1	0	-1	0	2	1
GSM2403122	268	GBM, RTK II	GBM	FFPE	0	-1	2	1	1	0
GSM2403123	269	GBM, RTK II	GBM	FFPE	3	0	0	2	-1	2
GSM2403125	271	GBM, RTK II	GBM	FFPE	2	2	0	-1	0	0
GSM2403126	272	EPN, RELA	EPN	FFPE	4	1	1	1	1	-1
GSM2403127	273	EPN, PF B	EPN	FFPE	0	-1	0	1	2	1
GSM2403128	274	EPN, PF B	EPN	FFPE	1	2	-1	1	2	0
GSM2403129	275	MB, SHH CHL AD	MB	Frozen	3	0	2	0	-1	1
GSM2403130	276	MB, SHH CHL AD	MB	Frozen	4	2	1	0	0	-1
GSM2403131	277	MB, G3	MB	Frozen	0	-1	2	1	0	2
GSM2403132	278	MB, WNT	MB	Frozen	2	2	2	-1	2	0
GSM2403133	279	MB, G4	MB	Frozen	1	1	-1	2	0	1
GSM2403134	280	MB, G4	MB	Frozen	3	1	1	1	-1	0
GSM2403135	281	MB, WNT	MB	Frozen	0	-1	1	1	1	1
GSM2403136	282	MB, WNT	MB	Frozen	3	2	2	2	-1	1
GSM2403137	283	MB, G4	MB	Frozen	4	0	2	1	2	-1
GSM2403138	284	MB, G4	MB	Frozen	2	1	1	-1	0	2
GSM2403139	285	LGG, PA PF	LGG	Frozen	3	0	0	1	-1	1
GSM2403140	286	LGG, PA PF	LGG	Frozen	1	1	-1	1	0	2
GSM2403141	287	LGG, PA PF	LGG	Frozen	1	1	-1	0	2	0
GSM2403142	288	LGG, PA PF	LGG	Frozen	1	1	-1	0	1	0
GSM2403143	289	MB, WNT	MB	Frozen	4	2	0	1	0	-1
GSM2403144	290	MB, G4	MB	Frozen	1	0	-1	2	2	0
GSM2403145	291	MB, G4	MB	Frozen	1	0	-1	0	2	2
GSM2403146	292	MB, G4	MB	Frozen	4	0	2	0	0	-1
GSM2403147	293	MB, WNT	MB	Frozen	1	1	-1	1	0	0
GSM2403148	294	MB, WNT	MB	Frozen	2	1	0	-1	0	2
GSM2403149	295	LGG, PA PF	LGG	Frozen	0	-1	1	0	0	0
GSM2403150	296	LGG, PA PF	LGG	Frozen	1	0	-1	2	1	0
GSM2403151	297	LGG, PA MID	LGG	Frozen	3	1	2	1	-1	2
GSM2403152	298	LGG, PA PF	LGG	Frozen	1	2	-1	1	1	2
GSM2403153	299	LGG, PA PF	LGG	Frozen	3	0	0	2	-1	1
GSM2403154	300	LGG, PA PF	LGG	Frozen	3	2	1	0	-1	2
GSM2403155	301	LGG, PA MID	LGG	Frozen	4	2	0	2	2	-1
GSM2403156	302	LGG, PA PF	LGG	Frozen	2	2	1	-1	0	2
GSM2403157	303	LGG, PA PF	LGG	Frozen	0	-1	0	0	0	1
GSM2403158	304	LGG, PA PF	LGG	Frozen	4	0	1	1	2	-1
GSM2403159	305	LGG, PA PF	LGG	Frozen	1	2	-1	1	0	1
GSM2403160	306	LGG, PA PF	LGG	Frozen	1	0	-1	2	0	0
GSM2403161	307	LGG, PA PF	LGG	Frozen	1	2	-1	0	2	1
GSM2403162	308	LGG, PA PF	LGG	Frozen	4	2	1	0	2	-1
GSM2403163	309	LGG, PA PF	LGG	Frozen	0	-1	1	0	0	0
GSM2403164	310	LGG, PA PF	LGG	Frozen	3	0	2	1	-1	1
GSM2403165	311	LGG, PA MID	LGG	Frozen	4	1	1	1	2	-1
GSM2403166	312	LGG, PA PF	LGG	Frozen	2	1	2	-1	1	1
GSM2403167	313	LGG, PA PF	LGG	Frozen	2	1	2	-1	2	2
GSM2403168	314	LGG, PA PF	LGG	Frozen	2	0	0	-1	0	2
GSM2403169	315	LGG, PA PF	LGG	Frozen	1	1	-1	0	1	0
GSM2403170	316	LGG, PA MID	LGG	Frozen	4	0	0	0	1	-1
GSM2403171	317	LGG, PA PF	LGG	Frozen	3	0	0	2	-1	1
GSM2403172	318	LGG, PA PF	LGG	Frozen	1	0	-1	1	1	0
GSM2403173	319	LGG, PA PF	LGG	Frozen	2	2	0	-1	2	1
GSM2403174	320	LGG, PA PF	LGG	Frozen	2	1	1	-1	2	2
GSM2403175	321	LGG, PA PF	LGG	Frozen	0	-1	2	2	2	2
GSM2403176	322	LGG, PA PF	LGG	Frozen	3	0	0	0	-1	0
GSM2403177	323	LGG, PA PF	LGG	Frozen	3	0	1	1	-1	0
GSM2403178	324	LGG, PA PF	LGG	Frozen	0	-1	0	0	2	2
GSM2403179	325	LGG, PA PF	LGG	Frozen	0	-1	0	0	2	0
GSM2403180	326	LGG, PA PF	LGG	Frozen	2	2	1	-1	1	1
GSM2403181	327	LGG, PA PF	LGG	Frozen	4	2	1	2	2	-1
GSM2403182	328	EPN, RELA	EPN	Frozen	1	0	-1	2	1	1
GSM2403183	329	EPN, RELA	EPN	Frozen	0	-1	2	2	2	2
GSM2403184	330	EPN, RELA	EPN	Frozen	1	2	-1	2	1	1
GSM2403185	331	EPN, RELA	EPN	Frozen	2	0	2	-1	1	0
GSM2403186	332	EPN, PF A	EPN	Frozen	4	2	0	2	0	-1
GSM2403187	333	SUBEPN, ST	SUBEPN	Frozen	2	1	1	-1	0	2
GSM2403188	334	EPN, PF A	EPN	Frozen	3	1	0	2	-1	0
GSM2403189	335	HGNET, BCOR	HGNET	Frozen	1	1	-1	2	0	2
GSM2403190	336	GBM, G34	GBM	Frozen	3	1	0	0	-1	0
GSM2403191	337	EPN, RELA	EPN	Frozen	4	2	2	2	2	-1
GSM2403192	338	EPN, RELA	EPN	Frozen	2	0	2	-1	2	2
GSM2403193	339	EPN, RELA	EPN	Frozen	4	0	0	1	2	-1
GSM2403194	340	EPN, RELA	EPN	Frozen	3	0	2	2	-1	1
GSM2403195	341	EPN, RELA	EPN	Frozen	0	-1	2	2	0	0
GSM2403196	342	SUBEPN, ST	SUBEPN	Frozen	4	0	0	0	0	-1
GSM2403197	343	EPN, RELA	EPN	Frozen	1	2	-1	1	0	1
GSM2403198	344	SUBEPN, ST	SUBEPN	Frozen	3	2	1	2	-1	1
GSM2403199	345	PTPR, B	PTPR	Frozen	2	0	1	-1	2	1
GSM2403200	346	EPN, RELA	EPN	Frozen	3	1	2	1	-1	2
GSM2403201	347	EPN, RELA	EPN	Frozen	2	1	0	-1	0	2
GSM2403202	348	EPN, RELA	EPN	Frozen	3	2	1	0	-1	0
GSM2403203	349	EPN, YAP	EPN	Frozen	3	2	2	0	-1	1
GSM2403204	350	EPN, RELA	EPN	Frozen	1	2	-1	1	0	2
GSM2403205	351	SUBEPN, ST	SUBEPN	Frozen	4	1	1	0	2	-1
GSM2403206	352	EPN, RELA	EPN	Frozen	0	-1	2	2	0	0
GSM2403207	353	SUBEPN, ST	SUBEPN	Frozen	1	2	-1	1	1	1
GSM2403208	354	EPN, RELA	EPN	Frozen	4	2	0	0	0	-1
GSM2403209	355	LGG, MYB	LGG	Frozen	4	1	0	1	0	-1
GSM2403210	356	EPN, RELA	EPN	Frozen	2	1	1	-1	2	1
GSM2403211	357	EPN, YAP	EPN	Frozen	3	0	0	2	-1	0
GSM2403212	358	EPN, RELA	EPN	Frozen	0	-1	0	1	0	2
GSM2403213	359	EPN, RELA	EPN	Frozen	2	0	2	-1	2	0
GSM2403214	360	EPN, RELA	EPN	Frozen	1	0	-1	0	2	1
GSM2403215	361	EPN, RELA	EPN	Frozen	0	-1	1	0	1	0
GSM2403216	362	EPN, RELA	EPN	Frozen	2	1	2	-1	0	1
GSM2403217	363	LGG, PA PF	LGG	Frozen	1	2	-1	2	2	1
GSM2403218	364	LGG, PA PF	LGG	Frozen	0	-1	2	2	0	2
GSM2403219	365	LGG, PA MID	LGG	Frozen	1	0	-1	0	1	0
GSM2403220	366	LGG, PA PF	LGG	Frozen	3	0	2	2	-1	2
GSM2403221	367	LGG, PA PF	LGG	Frozen	2	2	0	-1	1	1
GSM2403222	368	LGG, PA PF	LGG	Frozen	2	1	2	-1	0	2
GSM2403223	369	CONTR, REACT	CONTR	Frozen	0	-1	1	1	2	2
GSM2403224	370	LGG, PA PF	LGG	Frozen	3	1	2	2	-1	1
GSM2403225	371	LGG, PA MID	LGG	Frozen	2	2	0	-1	2	0
GSM2403226	372	EPN, PF B	EPN	FFPE	2	0	1	-1	0	1
GSM2403227	373	EPN, PF B	EPN	FFPE	3	2	2	2	-1	1
GSM2403228	374	EPN, RELA	EPN	FFPE	2	1	0	-1	1	0
GSM2403229	375	EPN, PF B	EPN	Frozen	3	2	0	0	-1	2
GSM2403230	376	EPN, PF A	EPN	Frozen	0	-1	2	0	1	2
GSM2403231	377	EPN, RELA	EPN	Frozen	0	-1	1	1	0	0
GSM2403232	378	EPN, PF B	EPN	Frozen	3	0	1	0	-1	1
GSM2403233	379	CONTR, CEBM	CONTR	Frozen	3	1	1	2	-1	0
GSM2403234	380	CONTR, CEBM	CONTR	Frozen	1	2	-1	0	0	0
GSM2403235	381	CONTR, HEMI	CONTR	Frozen	4	2	1	1	2	-1
GSM2403236	382	CONTR, HEMI	CONTR	Frozen	3	0	0	0	-1	2
GSM2403237	383	CONTR, HEMI	CONTR	Frozen	3	1	0	1	-1	0
GSM2403238	384	CONTR, HEMI	CONTR	Frozen	2	1	1	-1	0	1
GSM2403239	385	CONTR, HEMI	CONTR	Frozen	2	1	2	-1	1	0
GSM2403240	386	CONTR, HEMI	CONTR	Frozen	0	-1	1	0	0	1
GSM2403241	387	MB, SHH INF	MB	FFPE	3	2	1	0	-1	0
GSM2403242	388	MB, G4	MB	FFPE	0	-1	2	0	1	2
GSM2403243	389	MB, G3	MB	FFPE	3	2	2	0	-1	2
GSM2403244	390	MB, WNT	MB	FFPE	4	1	1	0	2	-1
GSM2403245	391	MB, G4	MB	FFPE	2	0	0	-1	0	2
GSM2403246	392	MB, G4	MB	FFPE	3	1	0	2	-1	2
GSM2403247	393	MB, G4	MB	FFPE	4	1	1	2	2	-1
GSM2403248	394	MB, SHH CHL AD	MB	FFPE	0	-1	2	2	1	1
GSM2403249	395	MB, G3	MB	FFPE	4	2	0	1	2	-1
GSM2403250	396	MB, G4	MB	FFPE	1	1	-1	2	0	2
GSM2403251	397	MB, SHH INF	MB	FFPE	4	0	0	0	2	-1
GSM2403252	398	MB, G4	MB	FFPE	3	0	2	1	-1	1
GSM2403253	399	MB, G4	MB	FFPE	3	2	0	2	-1	1
GSM2403254	400	MB, G4	MB	FFPE	3	2	1	0	-1	2
GSM2403255	401	MB, SHH INF	MB	FFPE	0	-1	1	0	0	2
GSM2403256	402	MB, WNT	MB	FFPE	4	2	0	1	0	-1
GSM2403257	403	MB, SHH INF	MB	FFPE	0	-1	0	1	0	2
GSM2403258	404	MB, SHH INF	MB	FFPE	1	2	-1	2	2	1
GSM2403259	405	MB, SHH CHL AD	MB	FFPE	2	2	1	-1	1	1
GSM2403260	406	MB, G4	MB	FFPE	2	1	1	-1	0	0
GSM2403261	407	MB, SHH INF	MB	FFPE	1	2	-1	0	1	0
GSM2403262	408	MB, G4	MB	FFPE	1	2	-1	1	2	2
GSM2403263	409	MB, G3	MB	FFPE	1	1	-1	1	0	2
GSM2403264	410	MB, G3	MB	FFPE	3	0	0	2	-1	2
GSM2403265	411	MB, G4	MB	FFPE	0	-1	2	2	1	0
GSM2403266	412	MB, G3	MB	FFPE	2	1	1	-1	0	2
GSM2403267	413	MB, G3	MB	FFPE	3	0	2	0	-1	1
GSM2403268	414	MB, G4	MB	FFPE	0	-1	2	0	2	2
GSM2403269	415	MB, G4	MB	FFPE	4	2	0	0	0	-1
GSM2403270	416	MB, G3	MB	FFPE	1	1	-1	0	2	2
GSM2403271	417	MB, SHH INF	MB	FFPE	2	2	0	-1	0	0
GSM2403272	418	MB, G4	MB	FFPE	3	1	2	1	-1	1
GSM2403273	419	MB, G4	MB	FFPE	4	0	1	0	0	-1
GSM2403274	420	MB, G4	MB	FFPE	4	2	2	2	1	-1
GSM2403275	421	MB, G3	MB	FFPE	1	2	-1	1	0	1
GSM2403276	422	MB, G4	MB	FFPE	0	-1	2	2	0	2
GSM2403277	423	MB, G4	MB	FFPE	1	2	-1	1	1	0
GSM2403278	424	MB, SHH INF	MB	FFPE	0	-1	0	2	0	1
GSM2403279	425	MB, G4	MB	FFPE	0	-1	1	1	0	2
GSM2403280	426	MB, G4	MB	FFPE	3	0	1	1	-1	1
GSM2403281	427	MB, G4	MB	FFPE	3	1	2	0	-1	2
GSM2403282	428	MB, G3	MB	FFPE	1	2	-1	2	0	1
GSM2403283	429	MB, WNT	MB	FFPE	0	-1	2	2	2	0
GSM2403284	430	MB, G4	MB	FFPE	1	0	-1	0	1	2
GSM2403285	431	MB, G4	MB	FFPE	2	1	0	-1	0	1
GSM2403286	432	MB, G4	MB	FFPE	1	1	-1	0	2	2
GSM2403287	433	MB, G3	MB	FFPE	1	0	-1	2	0	1
GSM2403288	434	MB, SHH INF	MB	FFPE	4	1	0	2	2	-1
GSM2403289	435	MB, G4	MB	FFPE	1	0	-1	1	0	0
GSM2403290	436	MB, G4	MB	FFPE	2	0	0	-1	2	0
GSM2403291	437	MB, G4	MB	FFPE	4	1	1	2	2	-1
GSM2403292	438	MB, G4	MB	FFPE	4	2	0	0	2	-1
GSM2403293	439	MB, SHH INF	MB	FFPE	2	0	2	-1	0	0
GSM2403294	440	MB, SHH CHL AD	MB	FFPE	3	0	0	1	-1	1
GSM2403295	441	MB, G3	MB	FFPE	2	0	2	-1	2	0
GSM2403296	442	MB, SHH CHL AD	MB	FFPE	2	1	1	-1	1	1
GSM2403297	443	MB, G4	MB	FFPE	1	1	-1	2	2	0
GSM2403298	444	MB, G3	MB	FFPE	1	1	-1	2	1	2
GSM2403299	445	MB, G3	MB	FFPE	2	0	2	-1	1	2
GSM2403300	446	MB, WNT	MB	FFPE	1	0	-1	0	0	0
GSM2403301	447	MB, G4	MB	FFPE	2	0	0	-1	0	0
GSM2403302	448	MB, G3	MB	FFPE	4	2	0	2	1	-1
GSM2403303	449	MB, G4	MB	FFPE	0	-1	0	2	2	0
GSM2403304	450	MB, G3	MB	FFPE	1	0	-1	2	2	2
GSM2403305	451	MB, G4	MB	FFPE	2	0	1	-1	0	1
GSM2403306	452	MB, SHH CHL AD	MB	FFPE	3	2	0	2	-1	2
GSM2403307	453	MB, SHH CHL AD	MB	FFPE	4	2	1	1	0	-1
GSM2403308	454	MB, G4	MB	FFPE	2	1	2	-1	0	0
GSM2403309	455	MB, G4	MB	FFPE	0	-1	2	0	0	2
GSM2403310	456	MB, G4	MB	FFPE	1	2	-1	1	1	0
GSM2403311	457	MB, G4	MB	FFPE	0	-1	2	1	2	2
GSM2403312	458	MB, WNT	MB	FFPE	4	1	1	1	0	-1
GSM2403313	459	MB, G4	MB	FFPE	2	2	1	-1	2	1
GSM2403314	460	MB, SHH INF	MB	FFPE	3	1	2	2	-1	2
GSM2403315	461	MB, G3	MB	FFPE	2	1	1	-1	2	1
GSM2403316	462	MB, G3	MB	FFPE	2	1	1	-1	2	0
GSM2403317	463	MB, G3	MB	FFPE	0	-1	2	1	2	0
GSM2403318	464	MB, SHH INF	MB	FFPE	4	1	0	1	2	-1
GSM2403319	465	MB, WNT	MB	FFPE	1	0	-1	2	1	2
GSM2403320	466	MB, G4	MB	FFPE	0	-1	0	2	0	0
GSM2403321	467	MB, SHH INF	MB	FFPE	4	0	2	1	2	-1
GSM2403322	468	MB, WNT	MB	FFPE	1	2	-1	0	0	1
GSM2403323	469	HGNET, MN1	HGNET	FFPE	2	0	0	-1	2	0
GSM2403324	470	ETMR	ETMR	FFPE	1	1	-1	2	0	0
GSM2403325	471	MB, G4	MB	FFPE	2	1	1	-1	1	0
GSM2403326	472	MB, SHH INF	MB	FFPE	0	-1	2	0	2	0
GSM2403327	473	MB, G4	MB	FFPE	4	1	1	1	1	-1
GSM2403328	474	MB, SHH INF	MB	FFPE	2	2	1	-1	0	1
GSM2403329	475	MB, G4	MB	FFPE	2	0	1	-1	0	0
GSM2403330	476	MB, G3	MB	FFPE	1	2	-1	0	1	1
GSM2403331	477	MB, SHH CHL AD	MB	FFPE	0	-1	2	1	2	0
GSM2403332	478	MB, G4	MB	FFPE	4	2	1	1	1	-1
GSM2403333	479	MB, G3	MB	FFPE	2	2	1	-1	0	0
GSM2403334	480	MB, G3	MB	FFPE	4	0	1	2	1	-1
GSM2403335	481	MB, WNT	MB	FFPE	0	-1	0	2	1	2
GSM2403336	482	MB, WNT	MB	FFPE	0	-1	2	0	1	0
GSM2403337	483	MB, SHH INF	MB	FFPE	0	-1	2	1	1	0
GSM2403338	484	MB, G3	MB	FFPE	0	-1	1	0	1	1
GSM2403339	485	MB, SHH CHL AD	MB	FFPE	0	-1	1	1	0	2
GSM2403340	486	MB, G4	MB	FFPE	3	0	2	2	-1	2
GSM2403341	487	MB, SHH INF	MB	FFPE	1	0	-1	0	2	0
GSM2403342	488	MB, SHH INF	MB	FFPE	3	0	1	1	-1	2
GSM2403343	489	MB, G4	MB	FFPE	0	-1	0	0	1	1
GSM2403344	490	MB, G3	MB	FFPE	2	0	0	-1	0	2
GSM2403345	491	MB, SHH CHL AD	MB	FFPE	3	2	1	2	-1	2
GSM2403346	492	MB, G4	MB	FFPE	2	2	2	-1	2	0
GSM2403347	493	MB, G4	MB	FFPE	3	0	2	1	-1	0
GSM2403348	494	MB, G4	MB	FFPE	3	0	0	1	-1	0
GSM2403349	495	MB, WNT	MB	FFPE	2	2	1	-1	1	1
GSM2403350	496	MB, G4	MB	FFPE	0	-1	0	2	1	1
GSM2403351	497	MB, WNT	MB	FFPE	3	2	0	1	-1	1
GSM2403352	498	MB, G3	MB	FFPE	3	2	1	2	-1	1
GSM2403353	499	MB, G4	MB	FFPE	1	0	-1	1	2	0
GSM2403354	500	MB, SHH INF	MB	FFPE	2	0	1	-1	1	1
GSM2403355	501	MB, G4	MB	FFPE	4	1	1	0	0	-1
GSM2403356	502	MB, SHH CHL AD	MB	FFPE	4	2	2	1	0	-1
GSM2403357	503	MB, WNT	MB	FFPE	4	1	1	1	2	-1
GSM2403358	504	MB, SHH CHL AD	MB	FFPE	1	1	-1	0	2	2
GSM2403359	505	MB, G4	MB	FFPE	0	-1	2	0	0	1
GSM2403360	506	MB, G4	MB	FFPE	1	2	-1	0	1	0
GSM2403361	507	MB, G4	MB	FFPE	4	0	1	0	0	-1
GSM2403362	508	MB, SHH INF	MB	FFPE	4	1	2	2	1	-1
GSM2403363	509	MB, G3	MB	FFPE	2	0	2	-1	0	2
GSM2403364	510	MB, G4	MB	FFPE	1	1	-1	1	2	1
GSM2403365	511	MB, WNT	MB	FFPE	1	1	-1	1	0	2
GSM2403366	512	MB, G4	MB	FFPE	2	1	1	-1	2	1
GSM2403367	513	MB, G3	MB	FFPE	1	2	-1	1	1	1
GSM2403368	514	MB, G3	MB	FFPE	1	1	-1	1	0	0
GSM2403369	515	MB, G4	MB	FFPE	0	-1	2	2	0	0
GSM2403370	516	MB, G3	MB	FFPE	0	-1	1	1	0	2
GSM2403371	517	MB, G4	MB	FFPE	3	2	0	2	-1	2
GSM2403372	518	MB, G4	MB	FFPE	2	2	1	-1	1	1
GSM2403373	519	MB, G3	MB	FFPE	3	1	1	0	-1	0
GSM2403374	520	MB, WNT	MB	FFPE	3	0	0	0	-1	1
GSM2403375	521	MB, SHH CHL AD	MB	FFPE	2	0	2	-1	2	1
GSM2403376	522	MB, G4	MB	FFPE	3	1	0	0	-1	0
GSM2403377	523	MB, G4	MB	FFPE	1	2	-1	0	2	1
GSM2403378	524	MB, G3	MB	FFPE	4	2	0	1	1	-1
GSM2403379	525	MB, G4	MB	FFPE	2	2	2	-1	1	2
GSM2403380	526	MB, G4	MB	FFPE	0	-1	1	1	1	0
GSM2403381	527	MB, SHH INF	MB	FFPE	0	-1	1	0	1	2
GSM2403382	528	MB, G3	MB	FFPE	2	1	2	-1	2	1
GSM2403383	529	MB, SHH INF	MB	FFPE	2	2	2	-1	2	0
GSM2403384	530	MB, G4	MB	FFPE	2	0	0	-1	2	1
GSM2403385	531	MB, G3	MB	FFPE	0	-1	2	1	2	1
GSM2403386	532	MB, G4	MB	FFPE	4	0	2	1	1	-1
GSM2403387	533	MB, G4	MB	FFPE	0	-1	1	1	1	0
GSM2403388	534	MB, G4	MB	FFPE	3	0	1	2	-1	1
GSM2403389	535	MB, SHH INF	MB	FFPE	2	1	2	-1	2	0
GSM2403390	536	MB, G4	MB	FFPE	0	-1	2	0	0	0
GSM2403391	537	MB, G3	MB	FFPE	0	-1	1	0	0	2
GSM2403392	538	MB, SHH CHL AD	MB	FFPE	4	2	1	1	1	-1
GSM2403393	539	MB, G3	MB	FFPE	3	2	1	1	-1	0
GSM2403394	540	MB, SHH CHL AD	MB	FFPE	2	1	2	-1	0	1
GSM2403395	541	MB, G3	MB	FFPE	0	-1	0	0	1	1
GSM2403396	542	MB, G4	MB	FFPE	3	2	0	0	-1	1
GSM2403397	543	MB, G4	MB	FFPE	1	2	-1	0	2	1
GSM2403398	544	MB, G3	MB	FFPE	2	2	1	-1	1	0
GSM2403399	545	MB, G3	MB	FFPE	4	0	1	2	0	-1
GSM2403400	546	MB, G4	MB	FFPE	4	2	0	2	2	-1
GSM2403401	547	MB, G3	MB	FFPE	1	2	-1	2	2	0
GSM2403402	548	MB, G4	MB	FFPE	2	2	0	-1	1	2
GSM2403403	549	MB, G4	MB	Frozen	3	0	2	2	-1	2
GSM2403404	550	MB, G4	MB	Frozen	2	0	1	-1	2	2
GSM2403405	551	MB, G4	MB	Frozen	2	0	0	-1	0	2
GSM2403406	552	MB, SHH CHL AD	MB	Frozen	2	0	2	-1	1	2
GSM2403407	553	MB, SHH CHL AD	MB	Frozen	1	1	-1	0	2	0
GSM2403408	554	MB, G3	MB	Frozen	1	2	-1	0	1	1
GSM2403409	555	MB, SHH CHL AD	MB	Frozen	0	-1	2	1	0	1
GSM2403410	556	MB, SHH CHL AD	MB	Frozen	2	2	0	-1	2	0
GSM2403411	557	MB, G3	MB	Frozen	3	2	2	0	-1	0
GSM2403412	558	MB, G4	MB	Frozen	0	-1	0	1	1	1
GSM2403413	559	MB, G4	MB	Frozen	3	2	0	1	-1	1
GSM2403414	560	MB, SHH CHL AD	MB	Frozen	4	1	2	1	2	-1
GSM2403415	561	MB, SHH CHL AD	MB	Frozen	1	0	-1	1	0	0
GSM2403416	562	MB, SHH CHL AD	MB	Frozen	4	1	1	2	2	-1
GSM2403417	563	MB, G4	MB	Frozen	1	1	-1	1	2	1
GSM2403418	564	MB, SHH CHL AD	MB	Frozen	0	-1	0	0	0	0
GSM2403419	565	MB, SHH CHL AD	MB	Frozen	1	2	-1	1	1	1
GSM2403420	566	MB, SHH CHL AD	MB	Frozen	4	2	0	2	2	-1
GSM2403421	567	LGG, PA MID	LGG	Frozen	2	2	0	-1	0	0
GSM2403422	568	LGG, PA MID	LGG	Frozen	0	-1	1	2	2	2
GSM2403423	569	LGG, PA MID	LGG	Frozen	1	0	-1	1	1	0
GSM2403424	570	ETMR	ETMR	Frozen	1	2	-1	2	2	1
GSM2403425	571	GBM, G34	GBM	Frozen	1	2	-1	1	1	1
GSM2403426	572	MB, SHH CHL AD	MB	Frozen	2	2	1	-1	0	1
GSM2403427	573	MB, SHH CHL AD	MB	Frozen	3	1	2	0	-1	1
GSM2403428	574	MB, SHH CHL AD	MB	Frozen	0	-1	2	2	1	2
GSM2403429	575	MB, SHH CHL AD	MB	Frozen	4	2	2	1	2	-1
GSM2403430	576	MB, G3	MB	Frozen	4	2	0	2	0	-1
GSM2403431	577	MB, G4	MB	Frozen	4	0	2	1	1	-1
GSM2403432	578	MB, WNT	MB	Frozen	0	-1	0	2	2	1
GSM2403433	579	MB, G3	MB	Frozen	1	1	-1	2	2	0
GSM2403434	580	MB, SHH INF	MB	Frozen	3	1	0	2	-1	0
GSM2403435	581	MB, G4	MB	Frozen	4	2	0	2	2	-1
GSM2403436	582	MB, G3	MB	Frozen	3	0	0	2	-1	0
GSM2403437	583	MB, SHH CHL AD	MB	Frozen	2	0	0	-1	1	1
GSM2403438	584	MB, G4	MB	Frozen	0	-1	1	1	1	2
GSM2403439	585	MB, G3	MB	Frozen	0	-1	0	1	1	0
GSM2403440	586	MB, SHH INF	MB	Frozen	0	-1	1	2	2	1
GSM2403441	587	MB, G4	MB	Frozen	3	2	2	1	-1	2
GSM2403442	588	LGG, PA PF	LGG	Frozen	4	1	1	0	1	-1
GSM2403443	589	LGG, PA PF	LGG	Frozen	4	2	1	2	2	-1
GSM2403444	590	LGG, PA PF	LGG	Frozen	4	0	2	0	1	-1
GSM2403445	591	LGG, PA PF	LGG	Frozen	2	0	0	-1	0	0
GSM2403446	592	LGG, PA PF	LGG	Frozen	3	0	2	0	-1	2
GSM2403447	593	LGG, PA PF	LGG	Frozen	0	-1	0	0	0	2
GSM2403448	594	LGG, PA MID	LGG	Frozen	1	1	-1	2	0	0
GSM2403449	595	LGG, PA PF	LGG	Frozen	0	-1	0	1	0	2
GSM2403450	596	LGG, PA PF	LGG	Frozen	2	2	1	-1	2	0
GSM2403451	597	LGG, PA MID	LGG	Frozen	2	2	2	-1	0	0
GSM2403452	598	LGG, PA PF	LGG	Frozen	3	2	2	2	-1	1
GSM2403453	599	LGG, PA MID	LGG	Frozen	2	1	1	-1	0	1
GSM2403454	600	LGG, PA PF	LGG	Frozen	3	1	2	2	-1	0
GSM2403455	601	CONTR, REACT	CONTR	Frozen	1	0	-1	1	2	1
GSM2403456	602	LGG, PA PF	LGG	Frozen	4	2	0	2	0	-1
GSM2403457	603	LGG, PA PF	LGG	Frozen	3	0	2	2	-1	1
GSM2403458	604	LGG, PA PF	LGG	Frozen	2	1	1	-1	1	0
GSM2403459	605	LGG, PA PF	LGG	Frozen	4	2	2	1	2	-1
GSM2403460	606	LGG, PA MID	LGG	Frozen	0	-1	1	2	0	1
GSM2403461	607	LGG, PA PF	LGG	Frozen	0	-1	0	2	0	1
GSM2403462	608	EFT, CIC	EFT	Frozen	1	1	-1	1	0	1
GSM2403463	609	ATRT, MYC	ATRT	Frozen	1	1	-1	2	1	1
GSM2403464	610	MB, SHH CHL AD	MB	Frozen	1	0	-1	2	2	1
GSM2403465	611	MB, G4	MB	Frozen	0	-1	0	2	2	0
GSM2403466	612	MB, SHH CHL AD	MB	Frozen	4	2	1	0	2	-1
GSM2403467	613	ETMR	ETMR	Frozen	1	0	-1	2	0	0
GSM2403468	614	MB, G3	MB	Frozen	0	-1	2	0	1	0
GSM2403469	615	MB, G4	MB	Frozen	3	0	1	0	-1	1
GSM2403470	616	MB, G3	MB	Frozen	1	2	-1	0	0	2
GSM2403471	617	GBM, RTK II	GBM	Frozen	3	1	2	1	-1	0
GSM2403472	618	GBM, RTK II	GBM	Frozen	1	2	-1	1	2	2
GSM2403473	619	GBM, RTK I	GBM	Frozen	1	1	-1	0	2	2
GSM2403474	620	GBM, RTK II	GBM	Frozen	3	1	1	0	-1	2
GSM2403475	621	GBM, RTK I	GBM	Frozen	4	2	2	1	0	-1
GSM2403476	622	GBM, RTK II	GBM	Frozen	2	0	1	-1	2	1
GSM2403477	623	GBM, RTK II	GBM	Frozen	1	0	-1	1	0	2
GSM2403478	624	GBM, RTK I	GBM	Frozen	2	2	2	-1	0	2
GSM2403479	625	GBM, RTK II	GBM	Frozen	4	2	1	2	0	-1
GSM2403480	626	GBM, RTK I	GBM	Frozen	0	-1	0	0	1	1
GSM2403481	627	GBM, RTK II	GBM	Frozen	4	0	1	0	2	-1
GSM2403482	628	GBM, RTK II	GBM	Frozen	3	0	1	0	-1	1
GSM2403483	629	GBM, RTK I	GBM	Frozen	1	2	-1	1	0	1
GSM2403484	630	GBM, RTK II	GBM	Frozen	4	2	2	2	1	-1
GSM2403485	631	GBM, RTK II	GBM	Frozen	2	0	1	-1	2	2
GSM2403486	632	GBM, RTK II	GBM	Frozen	3	0	1	0	-1	0
GSM2403487	633	GBM, RTK I	GBM	Frozen	4	1	1	2	2	-1
GSM2403488	634	GBM, RTK II	GBM	Frozen	2	0	1	-1	2	1
GSM2403489	635	GBM, MID	GBM	Frozen	3	0	1	1	-1	2
GSM2403490	636	DMG, K27	DMG	Frozen	2	0	1	-1	2	0
GSM2403491	637	LGG, PA PF	LGG	Frozen	1	2	-1	2	1	1
GSM2403492	638	LGG, PA PF	LGG	Frozen	0	-1	0	0	1	1
GSM2403493	639	LGG, PA PF	LGG	Frozen	4	0	1	1	2	-1
GSM2403494	640	LGG, PA MID	LGG	Frozen	0	-1	0	1	1	2
GSM2403495	641	MB, SHH CHL AD	MB	Frozen	4	1	2	1	1	-1
GSM2403496	642	ATRT, SHH	ATRT	Frozen	3	1	2	1	-1	1
GSM2403497	643	EPN, RELA	EPN	Frozen	2	0	1	-1	1	2
GSM2403498	644	ETMR	ETMR	Frozen	4	0	1	0	1	-1
GSM2403499	645	CNS NB, FOXR2	CNS NB	Frozen	3	1	2	1	-1	2
GSM2403500	646	HGNET, BCOR	HGNET	Frozen	3	0	1	0	-1	0
GSM2403501	647	CNS NB, FOXR2	CNS NB	Frozen	2	2	0	-1	2	1
GSM2403502	648	HMB	HMB	FFPE	4	0	2	2	1	-1
GSM2403503	649	EPN, MPE	EPN	FFPE	4	1	1	2	0	-1
GSM2403504	650	SCHW	SCHW	FFPE	1	2	-1	2	0	1
GSM2403505	651	SCHW	SCHW	FFPE	2	0	2	-1	2	2
GSM2403506	652	LGG, SEGA	LGG	FFPE	1	2	-1	1	1	1
GSM2403507	653	O IDH	O IDH	FFPE	3	0	1	0	-1	2
GSM2403508	654	SCHW	SCHW	FFPE	4	0	0	1	2	-1
GSM2403509	655	LGG, PA/GG ST	LGG	FFPE	0	-1	0	2	0	0
GSM2403510	656	LGG, PA PF	LGG	FFPE	2	0	0	-1	2	0
GSM2403511	657	CONTR, REACT	CONTR	FFPE	2	2	0	-1	2	2
GSM2403512	658	CONTR, REACT	CONTR	FFPE	3	0	1	0	-1	2
GSM2403513	659	CONTR, REACT	CONTR	FFPE	2	2	0	-1	1	1
GSM2403514	660	CONTR, REACT	CONTR	FFPE	2	0	0	-1	1	1
GSM2403515	661	CNS NB, FOXR2	CNS NB	FFPE	1	2	-1	1	0	1
GSM2403516	662	A IDH, HG	A IDH	FFPE	0	-1	0	1	1	0
GSM2403517	663	ETMR	ETMR	FFPE	3	0	0	1	-1	1
GSM2403518	664	CNS NB, FOXR2	CNS NB	FFPE	1	2	-1	1	1	1
GSM2403519	665	CONTR, REACT	CONTR	FFPE	3	0	2	0	-1	0
GSM2403520	666	ETMR	ETMR	FFPE	0	-1	2	0	0	1
GSM2403521	667	ETMR	ETMR	FFPE	3	2	2	2	-1	1
GSM2403522	668	ETMR	ETMR	FFPE	1	0	-1	1	0	0
GSM2403523	669	MB, SHH INF	MB	FFPE	2	2	1	-1	0	2
GSM2403524	670	MB, G4	MB	FFPE	2	1	2	-1	1	2
GSM2403525	671	CNS NB, FOXR2	CNS NB	FFPE	3	0	2	0	-1	2
GSM2403526	672	CNS NB, FOXR2	CNS NB	FFPE	1	0	-1	2	1	2
GSM2403527	673	CNS NB, FOXR2	CNS NB	FFPE	3	2	0	0	-1	2
GSM2403528	674	ETMR	ETMR	FFPE	2	2	2	-1	1	2
GSM2403529	675	DMG, K27	DMG	Frozen	0	-1	0	0	2	1
GSM2403530	676	CONTR, HEMI	CONTR	Frozen	4	2	0	0	0	-1
GSM2403531	677	CONTR, HEMI	CONTR	Frozen	2	1	2	-1	0	1
GSM2403532	678	CONTR, HEMI	CONTR	Frozen	4	0	0	2	2	-1
GSM2403533	679	CONTR, HEMI	CONTR	Frozen	1	2	-1	1	1	2
GSM2403534	680	CONTR, HEMI	CONTR	Frozen	1	0	-1	2	1	0
GSM2403535	681	CONTR, HEMI	CONTR	Frozen	3	0	2	1	-1	2
GSM2403536	682	MNG	MNG	Frozen	2	1	0	-1	2	0
GSM2403537	683	MNG	MNG	Frozen	1	2	-1	0	0	0
GSM2403538	684	MNG	MNG	Frozen	0	-1	0	2	0	1
GSM2403539	685	MNG	MNG	Frozen	3	0	2	2	-1	2
GSM2403540	686	MNG	MNG	Frozen	0	-1	1	1	2	1
GSM2403541	687	MNG	MNG	Frozen	3	1	1	2	-1	1
GSM2403542	688	MNG	MNG	Frozen	4	0	2	2	1	-1
GSM2403543	689	MNG	MNG	Frozen	3	2	2	2	-1	0
GSM2403544	690	MNG	MNG	Frozen	1	2	-1	1	1	2
GSM2403545	691	MNG	MNG	Frozen	1	2	-1	2	0	2
GSM2403546	692	MNG	MNG	Frozen	1	0	-1	0	0	2
GSM2403547	693	MNG	MNG	Frozen	2	1	0	-1	1	0
GSM2403548	694	MNG	MNG	Frozen	1	1	-1	1	0	0
GSM2403549	695	MNG	MNG	Frozen	4	0	1	1	2	-1
GSM2403550	696	MNG	MNG	Frozen	2	2	0	-1	1	0
GSM2403551	697	MNG	MNG	Frozen	1	2	-1	1	0	2
GSM2403552	698	MNG	MNG	Frozen	0	-1	0	1	2	0
GSM2403553	699	MNG	MNG	Frozen	0	-1	1	2	2	1
GSM2403554	700	MNG	MNG	Frozen	3	0	1	1	-1	2
GSM2403555	701	MNG	MNG	Frozen	2	1	2	-1	2	2
GSM2403556	702	MNG	MNG	Frozen	4	1	1	0	1	-1
GSM2403557	703	MNG	MNG	Frozen	0	-1	2	1	1	2
GSM2403558	704	MNG	MNG	Frozen	0	-1	2	1	2	0
GSM2403559	705	MNG	MNG	Frozen	1	0	-1	1	0	1
GSM2403560	706	MNG	MNG	Frozen	2	2	0	-1	2	0
GSM2403561	707	MNG	MNG	Frozen	0	-1	1	0	2	0
GSM2403562	708	MNG	MNG	Frozen	1	1	-1	0	2	2
GSM2403563	709	MNG	MNG	Frozen	2	2	0	-1	0	0
GSM2403564	710	MNG	MNG	Frozen	3	0	1	2	-1	2
GSM2403565	711	MNG	MNG	Frozen	3	1	1	1	-1	1
GSM2403566	712	MNG	MNG	Frozen	1	0	-1	1	0	2
GSM2403567	713	MNG	MNG	Frozen	4	1	0	1	1	-1
GSM2403568	714	LGG, PA MID	LGG	Frozen	2	1	0	-1	1	1
GSM2403570	716	O IDH	O IDH	FFPE	4	2	1	1	0	-1
GSM2403571	717	O IDH	O IDH	FFPE	0	-1	1	2	2	0
GSM2403572	718	O IDH	O IDH	FFPE	2	0	1	-1	0	0
GSM2403573	719	LGG, MYB	LGG	FFPE	2	2	1	-1	2	2
GSM2403574	720	O IDH	O IDH	FFPE	1	1	-1	1	1	1
GSM2403575	721	LGG, MYB	LGG	FFPE	3	2	2	2	-1	0
GSM2403576	722	LGG, MYB	LGG	FFPE	3	2	1	1	-1	2
GSM2403577	723	LGG, MYB	LGG	FFPE	4	1	1	1	1	-1
GSM2403578	724	LGG, MYB	LGG	FFPE	0	-1	1	1	0	2
GSM2403579	725	LGG, MYB	LGG	FFPE	1	0	-1	0	1	0
GSM2403580	726	LGG, MYB	LGG	FFPE	4	2	0	0	2	-1
GSM2403581	727	LGG, MYB	LGG	FFPE	0	-1	2	2	2	1
GSM2403582	728	LGG, MYB	LGG	FFPE	0	-1	0	2	0	1
GSM2403583	729	LGG, PA MID	LGG	FFPE	2	1	1	-1	2	0
GSM2403584	730	MB, SHH CHL AD	MB	FFPE	4	2	1	2	0	-1
GSM2403585	731	EPN, MPE	EPN	FFPE	4	1	1	1	0	-1
GSM2403587	733	A IDH	A IDH	FFPE	0	-1	0	0	1	0
GSM2403588	734	A IDH	A IDH	FFPE	2	0	2	-1	1	1
GSM2403589	735	A IDH	A IDH	FFPE	4	1	2	0	0	-1
GSM2403590	736	A IDH, HG	A IDH	FFPE	3	0	2	2	-1	1
GSM2403591	737	A IDH	A IDH	FFPE	1	2	-1	1	2	1
GSM2403592	738	MNG	MNG	Frozen	2	1	1	-1	2	1
GSM2403593	739	MNG	MNG	Frozen	4	0	2	0	0	-1
GSM2403594	740	MNG	MNG	Frozen	0	-1	1	0	2	2
GSM2403595	741	MNG	MNG	Frozen	3	2	0	2	-1	2
GSM2403596	742	MNG	MNG	Frozen	1	1	-1	2	1	2
GSM2403597	743	GBM, RTK I	GBM	Frozen	3	1	0	0	-1	2
GSM2403598	744	GBM, RTK II	GBM	Frozen	4	1	0	2	2	-1
GSM2403599	745	EPN, PF A	EPN	Frozen	0	-1	1	2	0	1
GSM2403600	746	EPN, PF A	EPN	Frozen	3	1	1	1	-1	0
GSM2403601	747	EPN, RELA	EPN	Frozen	3	1	1	1	-1	1
GSM2403602	748	MB, SHH CHL AD	MB	Frozen	1	1	-1	1	1	1
GSM2403603	749	MB, G4	MB	Frozen	3	0	1	1	-1	0
GSM2403604	750	GBM, RTK II	GBM	Frozen	0	-1	2	1	0	1
GSM2403605	751	HGNET, MN1	HGNET	Frozen	4	1	1	2	1	-1
GSM2403606	752	EFT, CIC	EFT	Frozen	2	0	0	-1	2	2
GSM2403607	753	A IDH, HG	A IDH	FFPE	2	1	0	-1	2	0
GSM2403608	754	A IDH	A IDH	FFPE	2	0	2	-1	2	2
GSM2403609	755	A IDH	A IDH	FFPE	1	2	-1	2	0	0
GSM2403610	756	LGG, PA/GG ST	LGG	FFPE	1	0	-1	0	1	1
GSM2403611	757	LGG, PA PF	LGG	FFPE	4	1	1	1	2	-1
GSM2403612	758	CONTR, REACT	CONTR	FFPE	0	-1	2	2	2	0
GSM2403613	759	CONTR, REACT	CONTR	FFPE	1	1	-1	1	2	0
GSM2403614	760	CONTR, REACT	CONTR	FFPE	3	1	2	2	-1	0
GSM2403615	761	LGG, PA/GG ST	LGG	FFPE	3	1	0	2	-1	2
GSM2403616	762	O IDH	O IDH	FFPE	1	0	-1	0	2	2
GSM2403617	763	O IDH	O IDH	FFPE	3	1	0	1	-1	0
GSM2403618	764	MB, SHH CHL AD	MB	FFPE	3	0	1	1	-1	1
GSM2403619	765	ATRT, SHH	ATRT	FFPE	2	1	0	-1	1	1
GSM2403620	766	ETMR	ETMR	FFPE	2	2	1	-1	0	1
GSM2403621	767	CNS NB, FOXR2	CNS NB	FFPE	4	2	2	2	2	-1
GSM2403622	768	MB, SHH CHL AD	MB	FFPE	1	0	-1	2	2	0
GSM2403623	769	MB, SHH CHL AD	MB	FFPE	4	2	2	0	2	-1
GSM2403624	770	SUBEPN, ST	SUBEPN	FFPE	1	0	-1	1	1	0
GSM2403625	771	SUBEPN, ST	SUBEPN	FFPE	0	-1	2	0	2	0
GSM2403626	772	LGG, GG	LGG	FFPE	2	0	2	-1	1	0
GSM2403627	773	CN	CN	FFPE	0	-1	1	1	1	0
GSM2403628	774	SUBEPN, ST	SUBEPN	FFPE	2	1	2	-1	0	2
GSM2403629	775	CN	CN	FFPE	1	1	-1	0	2	0
GSM2403630	776	LGG, SEGA	LGG	FFPE	4	1	0	0	0	-1
GSM2403631	777	LGG, SEGA	LGG	FFPE	2	1	2	-1	2	2
GSM2403632	778	CN	CN	FFPE	0	-1	0	2	1	2
GSM2403633	779	CN	CN	FFPE	4	1	0	2	2	-1
GSM2403634	780	CN	CN	FFPE	3	2	2	0	-1	2
GSM2403635	781	CN	CN	FFPE	3	0	2	0	-1	1
GSM2403636	782	CN	CN	FFPE	4	0	2	2	0	-1
GSM2403637	783	CN	CN	FFPE	3	2	1	2	-1	2
GSM2403638	784	SUBEPN, ST	SUBEPN	FFPE	4	2	2	0	2	-1
GSM2403639	785	SUBEPN, ST	SUBEPN	FFPE	2	2	0	-1	2	1
GSM2403640	786	SUBEPN, ST	SUBEPN	FFPE	1	1	-1	1	0	1
GSM2403641	787	SUBEPN, SPINE	SUBEPN	FFPE	0	-1	1	2	2	2
GSM2403642	788	LGG, SEGA	LGG	FFPE	2	2	2	-1	1	0
GSM2403643	789	LGG, SEGA	LGG	FFPE	0	-1	2	2	2	0
GSM2403644	790	LYMPHO	LYMPHO	FFPE	4	1	1	1	0	-1
GSM2403645	791	LYMPHO	LYMPHO	FFPE	4	2	0	0	2	-1
GSM2403646	792	PIN T, PB B	PIN T	FFPE	2	2	2	-1	2	0
GSM2403647	793	LYMPHO	LYMPHO	FFPE	2	1	0	-1	0	2
GSM2403648	794	GBM, MES	GBM	Frozen	3	1	1	2	-1	0
GSM2403649	795	GBM, RTK I	GBM	Frozen	2	0	2	-1	0	2
GSM2403650	796	GBM, RTK II	GBM	Frozen	2	0	1	-1	1	0
GSM2403651	797	PXA	PXA	FFPE	3	2	0	1	-1	2
GSM2403652	798	PXA	PXA	FFPE	4	1	1	2	2	-1
GSM2403653	799	PXA	PXA	FFPE	0	-1	0	0	2	0
GSM2403654	800	PXA	PXA	FFPE	0	-1	2	0	1	2
GSM2403655	801	PXA	PXA	FFPE	3	2	2	2	-1	2
GSM2403656	802	PXA	PXA	FFPE	1	1	-1	0	1	2
GSM2403657	803	PXA	PXA	FFPE	0	-1	2	1	0	2
GSM2403658	804	LGG, PA/GG ST	LGG	FFPE	4	0	0	2	0	-1
GSM2403659	805	ANA PA	ANA PA	FFPE	1	2	-1	2	0	2
GSM2403660	806	LYMPHO	LYMPHO	FFPE	4	2	1	1	1	-1
GSM2403661	807	ETMR	ETMR	FFPE	4	2	2	0	1	-1
GSM2403662	808	ETMR	ETMR	FFPE	3	1	1	1	-1	2
GSM2403663	809	ETMR	ETMR	FFPE	3	0	0	2	-1	1
GSM2403664	810	ETMR	ETMR	FFPE	4	1	2	0	2	-1
GSM2403665	811	ETMR	ETMR	FFPE	3	1	1	0	-1	2
GSM2403666	812	ETMR	ETMR	FFPE	2	1	1	-1	2	0
GSM2403667	813	ETMR	ETMR	FFPE	1	0	-1	1	2	2
GSM2403668	814	GBM, MES	GBM	Frozen	2	1	1	-1	0	0
GSM2403669	815	GBM, RTK II	GBM	Frozen	2	0	2	-1	2	0
GSM2403670	816	GBM, RTK II	GBM	Frozen	0	-1	2	0	0	2
GSM2403671	817	GBM, RTK II	GBM	Frozen	2	1	0	-1	2	1
GSM2403672	818	GBM, RTK II	GBM	Frozen	3	0	1	1	-1	2
GSM2403673	819	GBM, RTK II	GBM	Frozen	2	1	0	-1	0	2
GSM2403674	820	GBM, RTK II	GBM	Frozen	2	2	2	-1	1	2
GSM2403675	821	GBM, MES	GBM	Frozen	1	1	-1	1	2	0
GSM2403676	822	GBM, RTK II	GBM	Frozen	2	2	2	-1	1	0
GSM2403677	823	GBM, RTK II	GBM	Frozen	3	0	1	1	-1	0
GSM2403678	824	GBM, RTK II	GBM	Frozen	0	-1	0	1	0	1
GSM2403679	825	GBM, RTK II	GBM	Frozen	1	0	-1	2	1	2
GSM2403680	826	GBM, RTK II	GBM	Frozen	0	-1	1	1	1	0
GSM2403681	827	CONTR, INFLAM	CONTR	Frozen	4	2	2	0	1	-1
GSM2403682	828	GBM, RTK II	GBM	Frozen	1	1	-1	1	0	0
GSM2403683	829	GBM, RTK II	GBM	Frozen	1	1	-1	0	1	0
GSM2403684	830	GBM, MES	GBM	Frozen	1	0	-1	0	2	2
GSM2403685	831	GBM, RTK II	GBM	Frozen	1	1	-1	2	0	2
GSM2403686	832	EFT, CIC	EFT	Frozen	0	-1	1	0	2	2
GSM2403687	833	EFT, CIC	EFT	Frozen	0	-1	0	0	0	0
GSM2403688	834	GBM, RTK I	GBM	Frozen	3	0	1	2	-1	1
GSM2403689	835	GBM, RTK II	GBM	Frozen	1	1	-1	0	2	2
GSM2403690	836	GBM, RTK I	GBM	Frozen	0	-1	1	2	1	2
GSM2403691	837	GBM, RTK II	GBM	Frozen	3	1	0	2	-1	1
GSM2403692	838	MB, SHH INF	MB	Frozen	1	0	-1	1	0	1
GSM2403693	839	GBM, RTK I	GBM	Frozen	0	-1	1	2	2	2
GSM2403694	840	HGNET, MN1	HGNET	Frozen	2	1	2	-1	2	2
GSM2403695	841	ETMR	ETMR	Frozen	4	2	0	2	2	-1
GSM2403696	842	GBM, RTK I	GBM	Frozen	2	1	1	-1	1	2
GSM2403697	843	GBM, RTK II	GBM	Frozen	0	-1	2	1	1	0
GSM2403698	844	MB, SHH INF	MB	Frozen	1	1	-1	1	1	2
GSM2403699	845	ETMR	ETMR	Frozen	0	-1	0	1	1	2
GSM2403700	846	MB, SHH INF	MB	Frozen	1	1	-1	0	1	2
GSM2403701	847	EFT, CIC	EFT	Frozen	4	0	1	2	1	-1
GSM2403702	848	HGNET, BCOR	HGNET	Frozen	2	2	2	-1	0	2
GSM2403703	849	LGG, PA/GG ST	LGG	FFPE	1	1	-1	1	0	0
GSM2403704	850	PTPR, B	PTPR	FFPE	2	0	1	-1	0	0
GSM2403705	851	LYMPHO	LYMPHO	FFPE	0	-1	1	2	2	1
GSM2403706	852	LYMPHO	LYMPHO	FFPE	1	0	-1	0	2	1
GSM2403707	853	LYMPHO	LYMPHO	FFPE	0	-1	2	2	1	1
GSM2403708	854	LGG, PA/GG ST	LGG	FFPE	1	0	-1	0	1	2
GSM2403709	855	LGG, PA/GG ST	LGG	FFPE	0	-1	1	2	2	2
GSM2403710	856	PIN T, PPT	PIN T	FFPE	0	-1	2	0	0	1
GSM2403711	857	PIN T, PPT	PIN T	FFPE	2	0	2	-1	0	2
GSM2403712	858	CPH, ADM	CPH	FFPE	1	0	-1	1	1	2
GSM2403713	859	CPH, ADM	CPH	FFPE	4	1	1	2	0	-1
GSM2403714	860	CPH, PAP	CPH	FFPE	4	1	2	0	2	-1
GSM2403715	861	CPH, PAP	CPH	FFPE	1	1	-1	2	2	0
GSM2403716	862	CPH, ADM	CPH	FFPE	2	0	0	-1	1	2
GSM2403717	863	CONTR, REACT	CONTR	FFPE	1	1	-1	0	1	1
GSM2403718	864	ETMR	ETMR	FFPE	4	2	0	1	2	-1
GSM2403719	865	ATRT, MYC	ATRT	FFPE	3	0	2	2	-1	1
GSM2403720	866	CNS NB, FOXR2	CNS NB	FFPE	3	2	1	0	-1	0
GSM2403721	867	EFT, CIC	EFT	FFPE	2	1	1	-1	1	0
GSM2403722	868	LGG, SEGA	LGG	FFPE	3	2	1	1	-1	1
GSM2403723	869	ENB, A	ENB	FFPE	1	1	-1	1	0	0
GSM2403724	870	GBM, RTK II	GBM	Frozen	2	1	0	-1	2	1
GSM2403725	871	O IDH	O IDH	FFPE	3	0	0	2	-1	2
GSM2403726	872	A IDH	A IDH	FFPE	1	0	-1	0	0	1
GSM2403727	873	PITUI	PITUI	FFPE	4	1	2	2	1	-1
GSM2403728	874	A IDH	A IDH	FFPE	1	0	-1	1	0	1
GSM2403729	875	GBM, RTK II	GBM	FFPE	3	2	0	0	-1	1
GSM2403730	876	A IDH	A IDH	FFPE	4	0	1	1	0	-1
GSM2403731	877	CONTR, PINEAL	CONTR	FFPE	1	2	-1	0	2	0
GSM2403732	878	EPN, MPE	EPN	FFPE	4	0	2	2	2	-1
GSM2403733	879	PGG, nC	PGG	FFPE	3	1	1	0	-1	0
GSM2403734	880	A IDH	A IDH	FFPE	2	1	1	-1	1	1
GSM2403735	881	A IDH, HG	A IDH	FFPE	1	0	-1	2	0	0
GSM2403736	882	A IDH, HG	A IDH	FFPE	0	-1	0	2	0	0
GSM2403737	883	EPN, MPE	EPN	FFPE	2	2	0	-1	2	2
GSM2403738	884	GBM, MES	GBM	FFPE	3	2	2	2	-1	0
GSM2403739	885	PGG, nC	PGG	FFPE	1	1	-1	2	2	1
GSM2403740	886	GBM, G34	GBM	FFPE	4	2	0	1	1	-1
GSM2403741	887	A IDH	A IDH	FFPE	4	2	1	2	0	-1
GSM2403742	888	PIN T, PPT	PIN T	FFPE	4	0	0	1	1	-1
GSM2403743	889	LGG, PA/GG ST	LGG	FFPE	2	2	1	-1	0	2
GSM2403744	890	PIN T, PPT	PIN T	FFPE	1	1	-1	2	0	0
GSM2403745	891	CONTR, PINEAL	CONTR	FFPE	4	2	0	1	1	-1
GSM2403746	892	PIN T, PPT	PIN T	FFPE	1	0	-1	1	2	1
GSM2403747	893	EPN, MPE	EPN	FFPE	2	0	0	-1	1	0
GSM2403748	894	GBM, G34	GBM	FFPE	4	2	2	1	0	-1
GSM2403749	895	DMG, K27	DMG	FFPE	2	2	1	-1	1	0
GSM2403750	896	A IDH, HG	A IDH	FFPE	3	0	0	2	-1	2
GSM2403751	897	HGNET, BCOR	HGNET	Frozen	4	2	2	1	1	-1
GSM2403752	898	HGNET, BCOR	HGNET	Frozen	2	1	1	-1	0	2
GSM2403753	899	LGG, DNT	LGG	FFPE	3	1	0	0	-1	2
GSM2403754	900	HGNET, BCOR	HGNET	FFPE	3	0	2	2	-1	1
GSM2403755	901	LGG, DNT	LGG	FFPE	2	2	1	-1	1	2
GSM2403756	902	LGG, DNT	LGG	FFPE	3	2	2	2	-1	1
GSM2403757	903	LGG, DNT	LGG	FFPE	0	-1	2	0	0	0
GSM2403758	904	LGG, RGNT	LGG	FFPE	1	1	-1	1	1	2
GSM2403759	905	A IDH	A IDH	FFPE	0	-1	0	2	1	2
GSM2403760	906	LGG, DNT	LGG	FFPE	4	2	2	2	1	-1
GSM2403761	907	DMG, K27	DMG	Frozen	3	1	2	2	-1	0
GSM2403762	908	DMG, K27	DMG	Frozen	1	0	-1	0	0	0
GSM2403763	909	DMG, K27	DMG	Frozen	0	-1	0	2	1	1
GSM2403764	910	CNS NB, FOXR2	CNS NB	Frozen	2	2	1	-1	0	1
GSM2403765	911	CNS NB, FOXR2	CNS NB	Frozen	3	0	1	1	-1	1
GSM2403766	912	CPH, ADM	CPH	FFPE	0	-1	0	1	2	2
GSM2403767	913	CPH, ADM	CPH	FFPE	3	1	2	0	-1	0
GSM2403768	914	CN	CN	FFPE	2	2	0	-1	2	1
GSM2403769	915	CN	CN	FFPE	4	0	2	0	0	-1
GSM2403770	916	CN	CN	FFPE	3	2	2	0	-1	1
GSM2403771	917	CN	CN	FFPE	3	2	1	2	-1	2
GSM2403772	918	CN	CN	FFPE	0	-1	2	1	1	1
GSM2403773	919	CN	CN	FFPE	1	0	-1	1	1	0
GSM2403774	920	CN	CN	FFPE	2	0	0	-1	1	0
GSM2403775	921	CN	CN	FFPE	4	2	1	0	0	-1
GSM2403776	922	CHGL	CHGL	FFPE	3	0	0	0	-1	0
GSM2403777	923	LGG, DNT	LGG	FFPE	4	0	2	0	0	-1
GSM2403778	924	MELAN	MELAN	FFPE	3	2	1	2	-1	2
GSM2403779	925	PLEX, AD	PLEX	FFPE	2	2	2	-1	0	2
GSM2403780	926	HGNET, MN1	HGNET	Frozen	0	-1	2	0	1	1
GSM2403781	927	EPN, PF A	EPN	FFPE	3	2	0	2	-1	2
GSM2403782	928	EPN, PF A	EPN	FFPE	1	2	-1	2	2	2
GSM2403783	929	EPN, PF A	EPN	FFPE	2	0	1	-1	0	0
GSM2403784	930	CPH, ADM	CPH	FFPE	2	2	1	-1	2	2
GSM2403785	931	CPH, ADM	CPH	FFPE	0	-1	1	0	2	0
GSM2403786	932	CPH, ADM	CPH	FFPE	2	2	2	-1	1	0
GSM2403787	933	CPH, PAP	CPH	FFPE	0	-1	0	1	1	2
GSM2403788	934	CPH, PAP	CPH	FFPE	1	1	-1	1	1	1
GSM2403789	935	CPH, ADM	CPH	FFPE	3	1	2	1	-1	0
GSM2403790	936	CPH, ADM	CPH	FFPE	4	0	0	2	0	-1
GSM2403791	937	EPN, RELA	EPN	FFPE	4	1	0	1	1	-1
GSM2403792	938	EPN, RELA	EPN	FFPE	1	2	-1	0	2	0
GSM2403793	939	EPN, RELA	EPN	FFPE	0	-1	2	1	1	1
GSM2403794	940	EPN, RELA	EPN	FFPE	3	1	1	0	-1	1
GSM2403795	941	EPN, RELA	EPN	FFPE	2	1	1	-1	1	0
GSM2403796	942	EPN, RELA	EPN	FFPE	1	2	-1	2	1	1
GSM2403797	943	EPN, RELA	EPN	FFPE	4	1	2	1	0	-1
GSM2403798	944	HGNET, MN1	HGNET	FFPE	2	2	0	-1	0	1
GSM2403799	945	EPN, RELA	EPN	FFPE	4	2	1	0	1	-1
GSM2403800	946	EPN, RELA	EPN	FFPE	2	1	2	-1	2	1
GSM2403801	947	EPN, RELA	EPN	FFPE	1	1	-1	2	0	2
GSM2403802	948	EPN, RELA	EPN	FFPE	3	0	0	1	-1	0
GSM2403803	949	EPN, RELA	EPN	FFPE	3	0	1	0	-1	2
GSM2403804	950	EPN, RELA	EPN	FFPE	0	-1	0	2	2	0
GSM2403805	951	EPN, RELA	EPN	FFPE	0	-1	1	2	0	0
GSM2403806	952	EPN, PF A	EPN	FFPE	4	0	2	0	0	-1
GSM2403807	953	EPN, YAP	EPN	FFPE	4	1	1	0	1	-1
GSM2403808	954	EPN, RELA	EPN	FFPE	4	2	1	1	2	-1
GSM2403809	955	EPN, RELA	EPN	FFPE	4	0	2	0	0	-1
GSM2403810	956	EPN, RELA	EPN	FFPE	3	1	1	2	-1	1
GSM2403811	957	EPN, RELA	EPN	FFPE	0	-1	0	0	2	0
GSM2403812	958	EPN, RELA	EPN	FFPE	1	2	-1	1	2	1
GSM2403813	959	EPN, RELA	EPN	FFPE	4	0	1	0	2	-1
GSM2403814	960	LGG, PA/GG ST	LGG	FFPE	4	0	1	2	2	-1
GSM2403815	961	LGG, GG	LGG	FFPE	3	1	0	0	-1	2
GSM2403816	962	EPN, PF A	EPN	FFPE	1	0	-1	0	2	0
GSM2403817	963	EPN, PF A	EPN	FFPE	0	-1	1	1	2	1
GSM2403818	964	EPN, PF A	EPN	FFPE	1	1	-1	0	2	0
GSM2403819	965	EPN, PF A	EPN	FFPE	1	1	-1	2	2	1
GSM2403820	966	EPN, PF A	EPN	FFPE	1	2	-1	1	2	1
GSM2403821	967	EPN, PF A	EPN	FFPE	4	2	2	1	1	-1
GSM2403822	968	EPN, PF A	EPN	FFPE	2	0	0	-1	0	2
GSM2403823	969	EPN, PF A	EPN	FFPE	4	0	2	1	1	-1
GSM2403824	970	MNG	MNG	FFPE	4	1	2	2	1	-1
GSM2403825	971	EPN, PF A	EPN	FFPE	3	1	0	2	-1	1
GSM2403826	972	DMG, K27	DMG	FFPE	2	2	0	-1	2	2
GSM2403827	973	A IDH, HG	A IDH	FFPE	0	-1	0	2	2	2
GSM2403828	974	EPN, MPE	EPN	FFPE	0	-1	2	0	1	1
GSM2403829	975	MB, SHH CHL AD	MB	Frozen	1	1	-1	0	0	2
GSM2403830	976	MB, SHH CHL AD	MB	Frozen	1	0	-1	2	0	0
GSM2403831	977	MB, SHH CHL AD	MB	Frozen	0	-1	1	0	0	2
GSM2403832	978	MB, SHH CHL AD	MB	Frozen	2	2	2	-1	0	0
GSM2403833	979	HGNET, BCOR	HGNET	Frozen	1	2	-1	0	0	0
GSM2403834	980	MNG	MNG	Frozen	3	2	2	2	-1	1
GSM2403835	981	MNG	MNG	Frozen	0	-1	1	2	0	1
GSM2403836	982	MB, SHH CHL AD	MB	Frozen	1	1	-1	0	2	0
GSM2403837	983	MB, SHH CHL AD	MB	Frozen	3	1	1	1	-1	2
GSM2403838	984	MB, SHH INF	MB	Frozen	1	2	-1	1	1	1
GSM2403839	985	ENB, B	ENB	FFPE	4	0	0	0	1	-1
GSM2403840	986	ENB, A	ENB	FFPE	2	1	0	-1	1	0
GSM2403841	987	A IDH, HG	A IDH	FFPE	1	2	-1	1	0	1
GSM2403842	988	LGG, DNT	LGG	FFPE	2	0	0	-1	1	2
GSM2403843	989	EPN, PF A	EPN	FFPE	1	0	-1	2	1	2
GSM2403844	990	LIPN	LIPN	FFPE	1	1	-1	2	2	1
GSM2403845	991	MB, G4	MB	FFPE	1	2	-1	2	2	1
GSM2403846	992	CPH, PAP	CPH	FFPE	2	2	2	-1	0	2
GSM2403847	993	EPN, MPE	EPN	FFPE	4	2	1	1	0	-1
GSM2403848	994	CPH, PAP	CPH	FFPE	3	2	0	2	-1	0
GSM2403849	995	CPH, PAP	CPH	FFPE	2	0	1	-1	1	0
GSM2403850	996	EPN, MPE	EPN	FFPE	0	-1	0	0	0	0
GSM2403851	997	PITUI	PITUI	FFPE	1	2	-1	0	1	0
GSM2403852	998	SCHW	SCHW	FFPE	0	-1	2	1	0	2
GSM2403853	999	EPN, RELA	EPN	FFPE	1	1	-1	1	0	0
GSM2403854	1000	EPN, PF B	EPN	FFPE	4	1	0	0	0	-1
GSM2403855	1001	EPN, PF A	EPN	FFPE	2	0	1	-1	0	0
GSM2403856	1002	EPN, RELA	EPN	FFPE	1	1	-1	2	1	2
GSM2403857	1003	EPN, PF A	EPN	FFPE	0	-1	0	0	0	0
GSM2403858	1004	EPN, YAP	EPN	FFPE	0	-1	0	2	1	2
GSM2403859	1005	EPN, PF A	EPN	FFPE	2	1	0	-1	2	2
GSM2403860	1006	EPN, PF A	EPN	FFPE	3	0	1	1	-1	0
GSM2403861	1007	EPN, PF B	EPN	FFPE	0	-1	2	2	2	1
GSM2403862	1008	EPN, PF A	EPN	FFPE	4	1	0	2	0	-1
GSM2403863	1009	EPN, YAP	EPN	FFPE	1	2	-1	1	2	1
GSM2403864	1010	EPN, PF A	EPN	FFPE	2	2	0	-1	0	2
GSM2403865	1011	EPN, PF A	EPN	FFPE	4	2	2	2	1	-1
GSM2403866	1012	EPN, PF A	EPN	FFPE	4	0	2	1	1	-1
GSM2403867	1013	EPN, PF B	EPN	FFPE	2	0	0	-1	1	2
GSM2403869	1015	EPN, RELA	EPN	FFPE	4	0	0	1	1	-1
GSM2403870	1016	EPN, PF A	EPN	FFPE	0	-1	2	2	1	2
GSM2403871	1017	EPN, PF A	EPN	FFPE	3	1	2	2	-1	2
GSM2403872	1018	EPN, PF A	EPN	FFPE	4	0	2	0	1	-1
GSM2403873	1019	EPN, PF A	EPN	FFPE	4	2	1	2	0	-1
GSM2403874	1020	EPN, PF A	EPN	FFPE	3	1	0	0	-1	0
GSM2403875	1021	EPN, PF A	EPN	FFPE	3	1	0	0	-1	2
GSM2403876	1022	EPN, PF A	EPN	FFPE	2	1	0	-1	2	2
GSM2403877	1023	EPN, PF A	EPN	FFPE	2	1	0	-1	1	1
GSM2403878	1024	EPN, PF A	EPN	FFPE	1	2	-1	0	1	2
GSM2403879	1025	EPN, PF A	EPN	FFPE	1	0	-1	0	0	2
GSM2403880	1026	EPN, PF A	EPN	FFPE	2	2	1	-1	0	2
GSM2403881	1027	EPN, PF A	EPN	FFPE	4	0	1	2	2	-1
GSM2403882	1028	EPN, PF A	EPN	FFPE	4	2	1	1	2	-1
GSM2403883	1029	EPN, PF A	EPN	FFPE	1	0	-1	0	2	0
GSM2403884	1030	EPN, PF A	EPN	FFPE	4	2	1	2	0	-1
GSM2403885	1031	EPN, PF A	EPN	FFPE	4	1	2	2	1	-1
GSM2403886	1032	EPN, PF A	EPN	FFPE	0	-1	2	2	2	2
GSM2403887	1033	EPN, PF A	EPN	FFPE	0	-1	2	2	1	1
GSM2403888	1034	EPN, PF A	EPN	FFPE	0	-1	0	1	0	0
GSM2403889	1035	EPN, PF A	EPN	FFPE	2	0	2	-1	2	1
GSM2403890	1036	EPN, PF A	EPN	FFPE	0	-1	1	0	0	1
GSM2403891	1037	MB, SHH INF	MB	Frozen	1	2	-1	0	0	1
GSM2403892	1038	MB, SHH CHL AD	MB	Frozen	1	2	-1	0	1	2
GSM2403893	1039	ATRT, TYR	ATRT	Frozen	2	1	2	-1	1	1
GSM2403894	1040	CNS NB, FOXR2	CNS NB	Frozen	1	1	-1	1	0	0
GSM2403895	1041	CNS NB, FOXR2	CNS NB	Frozen	4	0	2	1	1	-1
GSM2403896	1042	GBM, MYCN	GBM	Frozen	4	2	1	2	1	-1
GSM2403897	1043	EPN, MPE	EPN	FFPE	3	1	1	0	-1	0
GSM2403898	1044	EPN, MPE	EPN	FFPE	3	0	0	2	-1	0
GSM2403899	1045	CPH, PAP	CPH	FFPE	0	-1	2	0	2	1
GSM2403900	1046	CPH, PAP	CPH	FFPE	3	1	1	2	-1	2
GSM2403901	1047	SCHW	SCHW	FFPE	1	1	-1	2	0	0
GSM2403902	1048	EPN, MPE	EPN	FFPE	0	-1	2	2	2	2
GSM2403903	1049	CPH, PAP	CPH	FFPE	1	1	-1	0	0	0
GSM2403904	1050	EPN, SPINE	EPN	FFPE	3	0	0	1	-1	0
GSM2403905	1051	HMB	HMB	FFPE	1	2	-1	1	0	2
GSM2403906	1052	HMB	HMB	FFPE	0	-1	0	1	1	1
GSM2403907	1053	HMB	HMB	FFPE	2	2	2	-1	2	2
GSM2403908	1054	HMB	HMB	FFPE	3	2	1	2	-1	1
GSM2403909	1055	HMB	HMB	FFPE	2	0	0	-1	0	1
GSM2403910	1056	HMB	HMB	FFPE	2	2	2	-1	1	1
GSM2403911	1057	HMB	HMB	FFPE	1	1	-1	2	0	0
GSM2403912	1058	HMB	HMB	FFPE	3	1	0	0	-1	1
GSM2403913	1059	HMB	HMB	FFPE	2	0	2	-1	0	0
GSM2403914	1060	HMB	HMB	FFPE	1	1	-1	0	2	0
GSM2403915	1061	HMB	HMB	FFPE	0	-1	1	0	1	0
GSM2403916	1062	CPH, PAP	CPH	FFPE	1	0	-1	1	1	2
GSM2403917	1063	MB, SHH CHL AD	MB	Frozen	0	-1	1	0	2	0
GSM2403918	1064	MB, SHH INF	MB	Frozen	3	0	2	0	-1	0
GSM2403919	1065	MB, SHH CHL AD	MB	Frozen	1	0	-1	2	2	2
GSM2403920	1066	PTPR, B	PTPR	FFPE	1	1	-1	0	2	1
GSM2403921	1067	PTPR, A	PTPR	FFPE	4	0	1	0	1	-1
GSM2403922	1068	PTPR, A	PTPR	FFPE	0	-1	1	0	0	2
GSM2403923	1069	PTPR, B	PTPR	FFPE	1	0	-1	1	2	2
GSM2403924	1070	PTPR, B	PTPR	FFPE	0	-1	2	0	1	0
GSM2403925	1071	PTPR, A	PTPR	FFPE	2	2	0	-1	2	1
GSM2403926	1072	PTPR, A	PTPR	FFPE	3	0	2	1	-1	0
GSM2403927	1073	PTPR, B	PTPR	FFPE	3	2	0	2	-1	2
GSM2403928	1074	PTPR, B	PTPR	FFPE	3	2	1	0	-1	1
GSM2403929	1075	PTPR, A	PTPR	FFPE	1	1	-1	2	1	0
GSM2403930	1076	PTPR, B	PTPR	FFPE	0	-1	2	2	0	2
GSM2403931	1077	PTPR, B	PTPR	FFPE	4	1	0	1	0	-1
GSM2403932	1078	PTPR, B	PTPR	FFPE	4	2	2	0	1	-1
GSM2403933	1079	PTPR, B	PTPR	FFPE	4	1	0	1	1	-1
GSM2403934	1080	PTPR, B	PTPR	FFPE	2	0	0	-1	2	2
GSM2403935	1081	HMB	HMB	FFPE	4	0	1	1	1	-1
GSM2403936	1082	HMB	HMB	FFPE	0	-1	0	2	1	0
GSM2403937	1083	SCHW	SCHW	FFPE	4	0	1	2	0	-1
GSM2403938	1084	HMB	HMB	FFPE	0	-1	0	1	1	2
GSM2403939	1085	HMB	HMB	FFPE	4	0	2	0	2	-1
GSM2403940	1086	EPN, RELA	EPN	FFPE	0	-1	0	0	0	0
GSM2403941	1087	ETMR	ETMR	FFPE	2	1	0	-1	2	2
GSM2403942	1088	ETMR	ETMR	FFPE	0	-1	0	1	1	0
GSM2403943	1089	MNG	MNG	FFPE	0	-1	1	1	1	2
GSM2403944	1090	MNG	MNG	FFPE	0	-1	0	2	1	0
GSM2403945	1091	HMB	HMB	FFPE	3	0	2	1	-1	1
GSM2403946	1092	HMB	HMB	FFPE	2	0	1	-1	0	2
GSM2403947	1093	HMB	HMB	FFPE	4	1	2	2	2	-1
GSM2403948	1094	HMB	HMB	FFPE	4	2	0	1	0	-1
GSM2403949	1095	HMB	HMB	FFPE	1	2	-1	0	2	2
GSM2403950	1096	SFT HMPC	SFT HMPC	FFPE	2	1	0	-1	2	2
GSM2403951	1097	SFT HMPC	SFT HMPC	FFPE	3	0	1	1	-1	2
GSM2403952	1098	O IDH	O IDH	FFPE	1	0	-1	1	2	2
GSM2403953	1099	SCHW	SCHW	FFPE	3	0	2	1	-1	0
GSM2403954	1100	SCHW	SCHW	FFPE	3	2	1	0	-1	2
GSM2403955	1101	SCHW	SCHW	FFPE	1	2	-1	0	1	0
GSM2403956	1102	SCHW	SCHW	FFPE	3	2	2	2	-1	1
GSM2403957	1103	SCHW	SCHW	FFPE	2	2	1	-1	0	0
GSM2403958	1104	SCHW	SCHW	FFPE	0	-1	0	0	1	2
GSM2403959	1105	SCHW	SCHW	FFPE	2	1	1	-1	1	1
GSM2403960	1106	SCHW	SCHW	FFPE	4	2	2	1	1	-1
GSM2403961	1107	SCHW	SCHW	FFPE	4	0	1	1	1	-1
GSM2403962	1108	SCHW	SCHW	FFPE	4	2	2	0	2	-1
GSM2403963	1109	SUBEPN, PF	SUBEPN	FFPE	4	1	1	1	1	-1
GSM2403964	1110	MB, G3	MB	FFPE	0	-1	1	2	2	2
GSM2403965	1111	SFT HMPC	SFT HMPC	FFPE	2	2	1	-1	1	1
GSM2403966	1112	HMB	HMB	FFPE	3	2	1	0	-1	2
GSM2403967	1113	CONTR, REACT	CONTR	Frozen	4	1	0	2	0	-1
GSM2403968	1114	PXA	PXA	Frozen	3	2	2	2	-1	0
GSM2403969	1115	MB, G4	MB	Frozen	4	1	0	0	2	-1
GSM2403970	1116	EPN, YAP	EPN	Frozen	4	0	1	2	2	-1
GSM2403971	1117	EPN, PF B	EPN	Frozen	1	1	-1	0	1	2
GSM2403972	1118	EPN, PF A	EPN	Frozen	3	0	0	0	-1	0
GSM2403973	1119	EPN, PF B	EPN	Frozen	1	1	-1	0	2	0
GSM2403974	1120	EPN, PF A	EPN	Frozen	3	0	1	2	-1	1
GSM2403975	1121	EPN, PF A	EPN	Frozen	2	2	0	-1	0	2
GSM2403976	1122	EPN, PF A	EPN	Frozen	4	2	2	0	1	-1
GSM2403977	1123	EPN, PF B	EPN	Frozen	2	2	0	-1	0	0
GSM2403978	1124	EPN, PF A	EPN	Frozen	2	0	0	-1	2	1
GSM2403979	1125	EPN, PF B	EPN	Frozen	0	-1	1	0	1	2
GSM2403980	1126	EPN, PF B	EPN	Frozen	4	0	2	1	1	-1
GSM2403981	1127	EPN, RELA	EPN	Frozen	1	2	-1	1	1	1
GSM2403982	1128	EPN, PF B	EPN	Frozen	3	0	1	2	-1	0
GSM2403983	1129	EPN, PF A	EPN	Frozen	3	2	2	1	-1	2
GSM2403984	1130	EPN, PF A	EPN	Frozen	0	-1	1	1	2	2
GSM2403985	1131	EPN, PF A	EPN	Frozen	3	2	0	0	-1	0
GSM2403986	1132	EPN, PF A	EPN	Frozen	2	1	1	-1	1	2
GSM2403987	1133	EPN, PF A	EPN	Frozen	3	1	2	1	-1	1
GSM2403988	1134	EPN, PF A	EPN	Frozen	0	-1	2	0	2	1
GSM2403989	1135	PGG, nC	PGG	FFPE	1	0	-1	0	0	0
GSM2403990	1136	PGG, nC	PGG	FFPE	2	0	2	-1	0	2
GSM2403991	1137	PGG, nC	PGG	FFPE	3	1	1	2	-1	2
GSM2403992	1138	PGG, nC	PGG	FFPE	2	2	1	-1	1	1
GSM2403993	1139	PGG, nC	PGG	FFPE	1	2	-1	0	0	2
GSM2403994	1140	PGG, nC	PGG	FFPE	3	1	2	0	-1	2
GSM2403995	1141	PGG, nC	PGG	FFPE	4	0	0	2	0	-1
GSM2403996	1142	EPN, MPE	EPN	FFPE	1	0	-1	2	1	1
GSM2403997	1143	PITUI	PITUI	FFPE	0	-1	1	0	0	1
GSM2403998	1144	PXA	PXA	FFPE	0	-1	1	2	1	0
GSM2403999	1145	LGG, DNT	LGG	FFPE	0	-1	2	0	2	0
GSM2404000	1146	LGG, PA PF	LGG	FFPE	2	0	1	-1	1	1
GSM2404001	1147	CPH, ADM	CPH	FFPE	1	1	-1	0	0	0
GSM2404002	1148	MB, SHH CHL AD	MB	FFPE	3	1	0	2	-1	0
GSM2404003	1149	PGG, nC	PGG	FFPE	0	-1	0	0	0	1
GSM2404004	1150	EPN, MPE	EPN	FFPE	1	2	-1	2	1	1
GSM2404005	1151	PGG, nC	PGG	FFPE	4	1	2	1	2	-1
GSM2404006	1152	PGG, nC	PGG	FFPE	4	0	0	1	1	-1
GSM2404007	1153	PGG, nC	PGG	FFPE	0	-1	1	1	2	0
GSM2404008	1154	PGG, nC	PGG	FFPE	0	-1	0	1	2	1
GSM2404009	1155	SFT HMPC	SFT HMPC	FFPE	4	1	1	2	0	-1
GSM2404010	1156	HMB	HMB	FFPE	3	1	1	2	-1	2
GSM2404011	1157	PTPR, B	PTPR	FFPE	3	0	2	2	-1	2
GSM2404012	1158	PIN T, PPT	PIN T	FFPE	0	-1	0	1	2	2
GSM2404013	1159	PIN T, PPT	PIN T	FFPE	2	2	1	-1	0	0
GSM2404014	1160	PIN T, PB B	PIN T	FFPE	4	1	2	0	2	-1
GSM2404015	1161	PLEX, AD	PLEX	FFPE	1	2	-1	1	1	0
GSM2404016	1162	SFT HMPC	SFT HMPC	FFPE	4	0	0	0	2	-1
GSM2404017	1163	DMG, K27	DMG	FFPE	0	-1	2	0	2	2
GSM2404018	1164	SFT HMPC	SFT HMPC	FFPE	2	2	2	-1	1	2
GSM2404019	1165	PLEX, PED A	PLEX	FFPE	2	0	0	-1	0	2
GSM2404020	1166	HGNET, MN1	HGNET	FFPE	1	1	-1	1	0	1
GSM2404021	1167	MB, G3	MB	FFPE	4	1	0	0	2	-1
GSM2404022	1168	MB, G4	MB	FFPE	4	0	0	1	1	-1
GSM2404023	1169	GBM, RTK III	GBM	FFPE	4	2	0	2	2	-1
GSM2404024	1170	HGNET, MN1	HGNET	FFPE	4	2	0	1	1	-1
GSM2404025	1171	GBM, RTK III	GBM	FFPE	2	0	2	-1	0	2
GSM2404026	1172	GBM, MYCN	GBM	FFPE	1	1	-1	1	1	1
GSM2404027	1173	PXA	PXA	FFPE	1	1	-1	2	1	2
GSM2404028	1174	CONTR, REACT	CONTR	FFPE	0	-1	0	0	0	0
GSM2404029	1175	IHG	IHG	FFPE	0	-1	2	2	2	1
GSM2404030	1176	SFT HMPC	SFT HMPC	FFPE	3	2	2	0	-1	1
GSM2404031	1177	PLEX, AD	PLEX	FFPE	2	1	0	-1	1	0
GSM2404032	1178	PLEX, AD	PLEX	FFPE	3	1	0	2	-1	0
GSM2404033	1179	LGG, DNT	LGG	FFPE	1	2	-1	2	1	0
GSM2404034	1180	MELCYT	MELCYT	FFPE	3	2	1	0	-1	0
GSM2404035	1181	EPN, RELA	EPN	FFPE	4	2	2	2	1	-1
GSM2404036	1182	LGG, PA MID	LGG	FFPE	0	-1	0	1	1	0
GSM2404037	1183	DLGNT	DLGNT	FFPE	0	-1	2	0	1	0
GSM2404038	1184	PITUI	PITUI	FFPE	2	1	0	-1	2	2
GSM2404039	1185	PITUI	PITUI	FFPE	0	-1	0	0	0	1
GSM2404040	1186	LGG, PA/GG ST	LGG	FFPE	0	-1	2	2	2	2
GSM2404041	1187	DMG, K27	DMG	FFPE	1	1	-1	0	1	1
GSM2404042	1188	GBM, RTK II	GBM	FFPE	0	-1	1	0	2	1
GSM2404043	1189	SUBEPN, SPINE	SUBEPN	FFPE	3	1	2	1	-1	0
GSM2404044	1190	SUBEPN, SPINE	SUBEPN	FFPE	4	2	0	1	2	-1
GSM2404045	1191	MB, G4	MB	FFPE	4	1	2	2	2	-1
GSM2404046	1192	ATRT, SHH	ATRT	FFPE	3	1	2	0	-1	0
GSM2404047	1193	LGG, PA MID	LGG	FFPE	3	0	2	0	-1	2
GSM2404048	1194	EPN, YAP	EPN	FFPE	2	2	2	-1	1	2
GSM2404049	1195	EPN, RELA	EPN	FFPE	3	0	2	2	-1	2
GSM2404052	1198	EPN, RELA	EPN	FFPE	1	2	-1	1	2	2
GSM2404053	1199	EPN, RELA	EPN	FFPE	3	0	0	0	-1	2
GSM2404054	1200	EPN, PF B	EPN	FFPE	4	1	1	0	1	-1
GSM2404055	1201	EPN, RELA	EPN	FFPE	4	0	2	0	2	-1
GSM2404056	1202	GBM, RTK I	GBM	FFPE	0	-1	0	1	2	0
GSM2404057	1203	SUBEPN, PF	SUBEPN	FFPE	1	0	-1	0	2	1
GSM2404059	1205	O IDH	O IDH	FFPE	1	1	-1	2	0	0
GSM2404060	1206	CNS NB, FOXR2	CNS NB	FFPE	4	0	0	1	0	-1
GSM2404061	1207	SCHW	SCHW	FFPE	2	1	0	-1	2	1
GSM2404062	1208	O IDH	O IDH	FFPE	0	-1	2	2	1	1
GSM2404063	1209	EPN, PF A	EPN	FFPE	1	2	-1	0	2	0
GSM2404064	1210	MB, SHH INF	MB	Frozen	3	2	2	1	-1	2
GSM2404065	1211	MB, SHH INF	MB	Frozen	3	1	2	1	-1	0
GSM2404066	1212	MB, SHH INF	MB	Frozen	1	1	-1	1	2	2
GSM2404067	1213	GBM, MID	GBM	Frozen	1	1	-1	2	0	1
GSM2404068	1214	HGNET, BCOR	HGNET	Frozen	0	-1	0	1	0	1
GSM2404069	1215	ETMR	ETMR	FFPE	4	2	2	0	0	-1
GSM2404070	1216	ETMR	ETMR	FFPE	2	2	1	-1	1	0
GSM2404071	1217	ETMR	ETMR	FFPE	2	1	0	-1	0	1
GSM2404072	1218	EPN, PF A	EPN	FFPE	1	0	-1	1	1	2
GSM2404073	1219	CN	CN	FFPE	2	1	1	-1	2	2
GSM2404074	1220	MNG	MNG	FFPE	4	1	1	2	1	-1
GSM2404075	1221	MNG	MNG	FFPE	3	0	0	0	-1	1
GSM2404076	1222	MNG	MNG	FFPE	2	0	1	-1	2	0
GSM2404077	1223	MNG	MNG	FFPE	2	2	1	-1	1	0
GSM2404078	1224	MNG	MNG	FFPE	1	0	-1	0	1	2
GSM2404079	1225	MNG	MNG	FFPE	0	-1	2	0	0	2
GSM2404080	1226	MNG	MNG	FFPE	4	0	2	0	1	-1
GSM2404081	1227	MNG	MNG	FFPE	3	0	2	2	-1	2
GSM2404082	1228	MNG	MNG	FFPE	3	0	0	1	-1	0
GSM2404083	1229	MNG	MNG	FFPE	4	0	0	2	2	-1
GSM2404084	1230	MNG	MNG	FFPE	3	2	2	2	-1	0
GSM2404085	1231	MNG	MNG	FFPE	2	2	2	-1	0	1
GSM2404086	1232	MNG	MNG	FFPE	1	1	-1	2	0	1
GSM2404087	1233	MNG	MNG	FFPE	1	2	-1	1	0	2
GSM2404088	1234	MNG	MNG	FFPE	2	2	0	-1	2	1
GSM2404089	1235	MNG	MNG	FFPE	3	1	0	0	-1	0
GSM2404090	1236	MNG	MNG	FFPE	3	1	2	1	-1	2
GSM2404091	1237	MNG	MNG	FFPE	1	1	-1	2	1	1
GSM2404092	1238	MNG	MNG	FFPE	0	-1	2	2	0	0
GSM2404093	1239	EPN, RELA	EPN	FFPE	2	2	2	-1	1	2
GSM2404094	1240	MB, SHH CHL AD	MB	FFPE	0	-1	1	2	0	0
GSM2404095	1241	MB, WNT	MB	FFPE	2	1	2	-1	1	2
GSM2404096	1242	MB, SHH INF	MB	FFPE	4	1	0	1	0	-1
GSM2404097	1243	ATRT, TYR	ATRT	Frozen	0	-1	1	0	0	0
GSM2404098	1244	ATRT, TYR	ATRT	Frozen	2	1	0	-1	0	2
GSM2404099	1245	ATRT, TYR	ATRT	Frozen	4	1	1	2	1	-1
GSM2404100	1246	ATRT, SHH	ATRT	Frozen	0	-1	0	0	2	2
GSM2404101	1247	LGG, MYB	LGG	FFPE	3	0	1	2	-1	2
GSM2404102	1248	SUBEPN, ST	SUBEPN	FFPE	0	-1	2	2	1	2
GSM2404103	1249	SUBEPN, ST	SUBEPN	FFPE	0	-1	2	2	0	0
GSM2404104	1250	DMG, K27	DMG	FFPE	4	0	1	2	0	-1
GSM2404105	1251	A IDH	A IDH	FFPE	3	1	0	0	-1	2
GSM2404106	1252	A IDH	A IDH	FFPE	1	1	-1	1	1	1
GSM2404107	1253	A IDH	A IDH	FFPE	0	-1	1	0	1	2
GSM2404108	1254	O IDH	O IDH	FFPE	1	1	-1	1	1	0
GSM2404109	1255	SUBEPN, ST	SUBEPN	FFPE	4	2	0	1	1	-1
GSM2404110	1256	PGG, nC	PGG	FFPE	2	2	2	-1	0	2
GSM2404111	1257	LGG, MYB	LGG	FFPE	3	0	0	2	-1	0
GSM2404112	1258	ETMR	ETMR	FFPE	2	1	1	-1	2	2
GSM2404113	1259	PITAD, ACTH	PITAD	FFPE	0	-1	0	2	0	0
GSM2404114	1260	PITAD, STH DNS B	PITAD	FFPE	2	2	0	-1	2	0
GSM2404115	1261	ETMR	ETMR	Frozen	4	2	1	1	1	-1
GSM2404116	1262	EPN, PF A	EPN	Frozen	0	-1	2	0	2	0
GSM2404117	1263	A IDH, HG	A IDH	FFPE	1	0	-1	1	1	0
GSM2404118	1264	SFT HMPC	SFT HMPC	FFPE	0	-1	1	1	1	0
GSM2404119	1265	ATRT, MYC	ATRT	FFPE	4	0	0	0	1	-1
GSM2404120	1266	PITAD, ACTH	PITAD	FFPE	4	2	1	2	2	-1
GSM2404121	1267	LIPN	LIPN	FFPE	3	2	1	0	-1	0
GSM2404122	1268	EPN, SPINE	EPN	FFPE	4	0	2	2	2	-1
GSM2404123	1269	ATRT, SHH	ATRT	Frozen	1	1	-1	2	2	2
GSM2404124	1270	ATRT, MYC	ATRT	Frozen	0	-1	2	0	0	0
GSM2404125	1271	ATRT, SHH	ATRT	Frozen	3	1	2	0	-1	2
GSM2404126	1272	ATRT, SHH	ATRT	Frozen	2	2	0	-1	0	1
GSM2404127	1273	ATRT, TYR	ATRT	Frozen	3	2	1	2	-1	2
GSM2404128	1274	ATRT, MYC	ATRT	Frozen	1	0	-1	0	0	0
GSM2404129	1275	CNS NB, FOXR2	CNS NB	Frozen	4	1	1	0	0	-1
GSM2404130	1276	CNS NB, FOXR2	CNS NB	Frozen	2	0	0	-1	1	0
GSM2404131	1277	GBM, RTK III	GBM	FFPE	3	1	0	2	-1	0
GSM2404132	1278	GBM, G34	GBM	FFPE	0	-1	0	2	2	2
GSM2404133	1279	PLEX, AD	PLEX	FFPE	3	0	2	0	-1	2
GSM2404134	1280	A IDH	A IDH	FFPE	4	2	2	0	1	-1
GSM2404135	1281	SUBEPN, PF	SUBEPN	FFPE	2	2	2	-1	0	0
GSM2404136	1282	SUBEPN, PF	SUBEPN	FFPE	1	0	-1	1	2	2
GSM2404137	1283	GBM, G34	GBM	FFPE	3	1	0	2	-1	0
GSM2404138	1284	PITAD, ACTH	PITAD	FFPE	4	0	0	1	1	-1
GSM2404139	1285	PITAD, PRL	PITAD	FFPE	3	1	2	2	-1	0
GSM2404140	1286	O IDH	O IDH	FFPE	2	2	2	-1	2	0
GSM2404141	1287	PGG, nC	PGG	FFPE	2	2	1	-1	2	1
GSM2404142	1288	PITAD, FSH LH	PITAD	FFPE	0	-1	0	0	0	0
GSM2404143	1289	PITAD, FSH LH	PITAD	FFPE	2	0	2	-1	1	1
GSM2404144	1290	EPN, SPINE	EPN	FFPE	2	2	0	-1	1	1
GSM2404145	1291	CHGL	CHGL	FFPE	1	1	-1	1	2	1
GSM2404146	1292	SUBEPN, SPINE	SUBEPN	FFPE	0	-1	2	2	0	1
GSM2404147	1293	SUBEPN, PF	SUBEPN	FFPE	1	0	-1	1	0	1
GSM2404148	1294	ATRT, MYC	ATRT	FFPE	2	2	0	-1	1	0
GSM2404149	1295	ATRT, MYC	ATRT	FFPE	2	2	2	-1	2	2
GSM2404150	1296	ATRT, TYR	ATRT	FFPE	1	2	-1	1	2	0
GSM2404151	1297	ATRT, TYR	ATRT	FFPE	1	2	-1	1	1	1
GSM2404152	1298	ATRT, SHH	ATRT	FFPE	1	1	-1	2	2	2
GSM2404153	1299	ATRT, MYC	ATRT	FFPE	2	1	1	-1	1	2
GSM2404154	1300	ATRT, TYR	ATRT	FFPE	2	0	0	-1	0	2
GSM2404155	1301	ATRT, MYC	ATRT	FFPE	3	2	0	1	-1	1
GSM2404156	1302	ATRT, MYC	ATRT	FFPE	1	0	-1	0	2	2
GSM2404157	1303	ATRT, SHH	ATRT	FFPE	1	1	-1	2	1	0
GSM2404158	1304	ATRT, SHH	ATRT	FFPE	3	1	1	2	-1	0
GSM2404159	1305	ATRT, SHH	ATRT	FFPE	1	2	-1	0	1	0
GSM2404160	1306	ATRT, TYR	ATRT	FFPE	0	-1	2	2	2	2
GSM2404161	1307	ATRT, SHH	ATRT	FFPE	0	-1	1	0	0	1
GSM2404162	1308	ATRT, MYC	ATRT	FFPE	0	-1	1	1	0	0
GSM2404163	1309	ATRT, TYR	ATRT	FFPE	1	2	-1	0	2	1
GSM2404164	1310	ATRT, SHH	ATRT	FFPE	4	2	0	1	1	-1
GSM2404165	1311	ATRT, TYR	ATRT	FFPE	2	0	1	-1	0	2
GSM2404166	1312	ATRT, TYR	ATRT	FFPE	0	-1	2	2	2	1
GSM2404167	1313	ATRT, SHH	ATRT	FFPE	0	-1	0	2	1	1
GSM2404168	1314	ATRT, MYC	ATRT	FFPE	0	-1	1	0	0	0
GSM2404169	1315	CPH, ADM	CPH	FFPE	2	2	1	-1	0	2
GSM2404170	1316	CPH, ADM	CPH	FFPE	0	-1	2	0	1	1
GSM2404171	1317	CPH, ADM	CPH	FFPE	3	1	0	1	-1	2
GSM2404172	1318	CPH, PAP	CPH	FFPE	4	2	0	2	1	-1
GSM2404175	1321	CPH, PAP	CPH	FFPE	0	-1	1	1	2	1
GSM2404176	1322	CPH, ADM	CPH	FFPE	3	2	2	2	-1	1
GSM2404177	1323	CPH, ADM	CPH	FFPE	4	2	0	1	1	-1
GSM2404178	1324	EPN, PF A	EPN	FFPE	3	1	1	1	-1	1
GSM2404179	1325	EPN, PF B	EPN	FFPE	3	1	1	1	-1	2
GSM2404180	1326	SUBEPN, PF	SUBEPN	FFPE	0	-1	0	1	1	1
GSM2404181	1327	EPN, PF A	EPN	FFPE	1	0	-1	0	2	1
GSM2404182	1328	SUBEPN, PF	SUBEPN	FFPE	3	2	1	2	-1	2
GSM2404183	1329	SUBEPN, PF	SUBEPN	FFPE	3	0	0	2	-1	2
GSM2404184	1330	SUBEPN, PF	SUBEPN	FFPE	3	2	2	1	-1	2
GSM2404185	1331	SUBEPN, PF	SUBEPN	FFPE	1	1	-1	0	2	0
GSM2404186	1332	SUBEPN, PF	SUBEPN	FFPE	3	2	2	2	-1	2
GSM2404187	1333	SUBEPN, PF	SUBEPN	FFPE	0	-1	2	1	1	1
GSM2404188	1334	SUBEPN, PF	SUBEPN	FFPE	1	0	-1	1	2	2
GSM2404189	1335	LIPN	LIPN	FFPE	2	0	0	-1	0	0
GSM2404190	1336	LGG, PA MID	LGG	FFPE	1	0	-1	1	0	2
GSM2404191	1337	PLEX, PED B	PLEX	FFPE	1	0	-1	2	2	0
GSM2404192	1338	PLEX, PED B	PLEX	FFPE	4	1	0	0	1	-1
GSM2404193	1339	PLEX, PED A	PLEX	FFPE	3	2	0	0	-1	1
GSM2404194	1340	PLEX, AD	PLEX	FFPE	2	2	0	-1	2	1
GSM2404195	1341	EWS	EWS	FFPE	4	1	0	1	2	-1
GSM2404196	1342	SUBEPN, SPINE	SUBEPN	FFPE	4	1	0	1	1	-1
GSM2404197	1343	SUBEPN, ST	SUBEPN	FFPE	1	1	-1	1	2	0
GSM2404198	1344	EWS	EWS	FFPE	2	1	1	-1	0	1
GSM2404199	1345	SFT HMPC	SFT HMPC	FFPE	0	-1	2	2	2	0
GSM2404200	1346	GBM, RTK II	GBM	FFPE	3	0	2	2	-1	2
GSM2404201	1347	PITAD, STH DNS B	PITAD	FFPE	2	0	2	-1	0	0
GSM2404202	1348	LGG, DNT	LGG	FFPE	0	-1	2	2	2	2
GSM2404203	1349	PLEX, PED B	PLEX	FFPE	1	0	-1	1	2	2
GSM2404204	1350	LYMPHO	LYMPHO	FFPE	3	0	0	2	-1	2
GSM2404205	1351	DMG, K27	DMG	FFPE	4	2	1	2	1	-1
GSM2404206	1352	A IDH	A IDH	FFPE	3	2	1	1	-1	2
GSM2404207	1353	EPN, PF A	EPN	FFPE	2	2	2	-1	1	1
GSM2404208	1354	GBM, RTK I	GBM	FFPE	1	2	-1	0	0	0
GSM2404209	1355	O IDH	O IDH	FFPE	3	0	0	2	-1	2
GSM2404210	1356	A IDH	A IDH	FFPE	1	0	-1	2	2	1
GSM2404211	1357	O IDH	O IDH	FFPE	2	2	1	-1	2	1
GSM2404212	1358	A IDH, HG	A IDH	FFPE	2	2	1	-1	2	1
GSM2404213	1359	O IDH	O IDH	FFPE	0	-1	0	1	1	1
GSM2404214	1360	O IDH	O IDH	FFPE	0	-1	1	1	0	2
GSM2404215	1361	O IDH	O IDH	FFPE	2	1	2	-1	0	2
GSM2404216	1362	O IDH	O IDH	FFPE	3	2	2	1	-1	0
GSM2404217	1363	O IDH	O IDH	FFPE	3	0	2	0	-1	0
GSM2404218	1364	O IDH	O IDH	FFPE	0	-1	1	0	2	0
GSM2404219	1365	A IDH, HG	A IDH	FFPE	0	-1	0	1	1	1
GSM2404220	1366	O IDH	O IDH	FFPE	4	0	0	0	0	-1
GSM2404221	1367	A IDH, HG	A IDH	FFPE	0	-1	2	2	0	1
GSM2404222	1368	A IDH, HG	A IDH	FFPE	4	0	1	0	0	-1
GSM2404223	1369	O IDH	O IDH	FFPE	3	1	1	1	-1	2
GSM2404224	1370	A IDH, HG	A IDH	FFPE	0	-1	0	2	1	2
GSM2404225	1371	O IDH	O IDH	FFPE	4	2	1	0	0	-1
GSM2404226	1372	O IDH	O IDH	FFPE	3	0	1	0	-1	0
GSM2404227	1373	A IDH, HG	A IDH	FFPE	3	0	0	2	-1	1
GSM2404228	1374	A IDH, HG	A IDH	FFPE	2	1	1	-1	2	0
GSM2404229	1375	O IDH	O IDH	FFPE	2	2	2	-1	2	2
GSM2404230	1376	O IDH	O IDH	FFPE	0	-1	1	1	1	2
GSM2404231	1377	O IDH	O IDH	FFPE	4	2	0	0	0	-1
GSM2404232	1378	O IDH	O IDH	FFPE	2	2	0	-1	2	2
GSM2404233	1379	A IDH, HG	A IDH	FFPE	4	2	2	2	0	-1
GSM2404234	1380	O IDH	O IDH	FFPE	1	0	-1	2	2	1
GSM2404235	1381	O IDH	O IDH	FFPE	4	0	0	1	0	-1
GSM2404236	1382	A IDH, HG	A IDH	FFPE	3	0	2	1	-1	1
GSM2404237	1383	O IDH	O IDH	FFPE	2	2	1	-1	1	0
GSM2404238	1384	O IDH	O IDH	FFPE	2	1	1	-1	0	2
GSM2404239	1385	MELCYT	MELCYT	FFPE	0	-1	0	2	2	1
GSM2404240	1386	MELAN	MELAN	FFPE	4	1	0	1	1	-1
GSM2404241	1387	MELAN	MELAN	FFPE	2	1	1	-1	1	2
GSM2404242	1388	MELAN	MELAN	FFPE	0	-1	2	0	2	1
GSM2404243	1389	SCHW, MEL	SCHW	FFPE	3	2	2	2	-1	0
GSM2404244	1390	MELCYT	MELCYT	FFPE	4	0	1	1	1	-1
GSM2404245	1391	MELCYT	MELCYT	FFPE	4	2	1	2	2	-1
GSM2404246	1392	MELCYT	MELCYT	FFPE	2	1	0	-1	1	1
GSM2404247	1393	MELCYT	MELCYT	FFPE	0	-1	2	1	0	1
GSM2404248	1394	MELCYT	MELCYT	FFPE	1	2	-1	2	0	1
GSM2404249	1395	SCHW, MEL	SCHW	FFPE	2	1	1	-1	2	1
GSM2404250	1396	MELAN	MELAN	FFPE	1	2	-1	0	0	2
GSM2404251	1397	MELAN	MELAN	FFPE	0	-1	1	1	1	1
GSM2404252	1398	SCHW, MEL	SCHW	FFPE	3	2	0	0	-1	2
GSM2404253	1399	SCHW, MEL	SCHW	FFPE	2	0	1	-1	0	2
GSM2404254	1400	MELAN	MELAN	FFPE	0	-1	0	0	0	0
GSM2404255	1401	EPN, PF A	EPN	FFPE	2	1	1	-1	0	2
GSM2404256	1402	PITAD, PRL	PITAD	FFPE	0	-1	2	1	1	1
GSM2404257	1403	LYMPHO	LYMPHO	FFPE	0	-1	2	1	0	1
GSM2404258	1404	SUBEPN, PF	SUBEPN	FFPE	2	1	0	-1	0	0
GSM2404259	1405	SUBEPN, PF	SUBEPN	FFPE	1	2	-1	1	2	0
GSM2404260	1406	SUBEPN, PF	SUBEPN	FFPE	4	1	1	2	1	-1
GSM2404261	1407	SUBEPN, PF	SUBEPN	FFPE	4	2	2	2	2	-1
GSM2404262	1408	ENB, B	ENB	FFPE	3	1	1	0	-1	1
GSM2404263	1409	SCHW, MEL	SCHW	FFPE	1	2	-1	1	1	0
GSM2404264	1410	LGG, PA PF	LGG	FFPE	3	1	0	2	-1	2
GSM2404265	1411	CNS NB, FOXR2	CNS NB	Frozen	1	1	-1	2	2	1
GSM2404266	1412	MB, SHH CHL AD	MB	Frozen	3	2	2	0	-1	2
GSM2404267	1413	MB, SHH CHL AD	MB	Frozen	1	0	-1	2	2	2
GSM2404268	1414	MB, SHH CHL AD	MB	Frozen	2	1	1	-1	1	1
GSM2404269	1415	MB, SHH INF	MB	Frozen	1	0	-1	2	0	2
GSM2404270	1416	MB, SHH CHL AD	MB	Frozen	4	2	0	0	0	-1
GSM2404271	1417	MB, SHH CHL AD	MB	Frozen	0	-1	2	1	1	2
GSM2404272	1418	PGG, nC	PGG	FFPE	1	0	-1	2	1	0
GSM2404273	1419	PGG, nC	PGG	FFPE	0	-1	0	2	1	0
GSM2404274	1420	EPN, SPINE	EPN	FFPE	4	1	0	2	0	-1
GSM2404275	1421	EPN, SPINE	EPN	FFPE	3	2	2	0	-1	0
GSM2404276	1422	SUBEPN, SPINE	SUBEPN	FFPE	2	0	1	-1	0	2
GSM2404277	1423	EPN, SPINE	EPN	FFPE	0	-1	2	2	1	1
GSM2404278	1424	ENB, A	ENB	FFPE	4	1	2	2	2	-1
GSM2404279	1425	ENB, B	ENB	FFPE	0	-1	0	2	2	2
GSM2404280	1426	ENB, A	ENB	FFPE	4	2	1	0	0	-1
GSM2404281	1427	ENB, B	ENB	FFPE	4	2	1	2	2	-1
GSM2404282	1428	ENB, B	ENB	FFPE	3	2	1	1	-1	1
GSM2404283	1429	EPN, RELA	EPN	FFPE	3	0	1	2	-1	0
GSM2404284	1430	PGG, nC	PGG	FFPE	4	2	2	1	1	-1
GSM2404285	1431	SCHW, MEL	SCHW	Frozen	4	0	2	1	0	-1
GSM2404286	1432	O IDH	O IDH	FFPE	0	-1	0	2	2	0
GSM2404287	1433	GBM, MES	GBM	FFPE	0	-1	0	0	2	1
GSM2404288	1434	EPN, SPINE	EPN	FFPE	1	2	-1	1	2	2
GSM2404289	1435	EPN, SPINE	EPN	FFPE	0	-1	1	0	0	1
GSM2404290	1436	EPN, MPE	EPN	FFPE	0	-1	1	0	2	2
GSM2404291	1437	EPN, SPINE	EPN	FFPE	1	2	-1	0	2	1
GSM2404292	1438	EPN, MPE	EPN	FFPE	3	0	2	1	-1	1
GSM2404293	1439	LIPN	LIPN	FFPE	0	-1	2	1	2	1
GSM2404294	1440	EPN, SPINE	EPN	FFPE	1	0	-1	1	1	2
GSM2404295	1441	CONTR, ADENOPIT	CONTR	FFPE	0	-1	0	0	1	1
GSM2404296	1442	CONTR, ADENOPIT	CONTR	FFPE	3	2	1	2	-1	0
GSM2404297	1443	CONTR, ADENOPIT	CONTR	FFPE	2	2	2	-1	1	1
GSM2404298	1444	EPN, SPINE	EPN	FFPE	3	1	0	1	-1	0
GSM2404299	1445	LGG, DNT	LGG	FFPE	2	1	1	-1	0	0
GSM2404300	1446	MB, G3	MB	FFPE	4	0	0	2	2	-1
GSM2404301	1447	MB, G3	MB	FFPE	4	1	2	2	0	-1
GSM2404302	1448	LGG, SEGA	LGG	FFPE	4	2	0	0	2	-1
GSM2404303	1449	LGG, SEGA	LGG	FFPE	3	0	0	2	-1	2
GSM2404304	1450	LGG, SEGA	LGG	FFPE	3	1	1	2	-1	0
GSM2404305	1451	LGG, SEGA	LGG	FFPE	2	1	2	-1	0	1
GSM2404306	1452	LGG, DIG/DIA	LGG	FFPE	1	2	-1	0	1	0
GSM2404307	1453	LGG, DNT	LGG	FFPE	0	-1	1	0	0	1
GSM2404308	1454	EPN, PF A	EPN	Frozen	1	2	-1	2	2	0
GSM2404309	1455	EPN, PF A	EPN	Frozen	4	0	0	2	1	-1
GSM2404310	1456	EPN, PF A	EPN	Frozen	2	2	1	-1	2	0
GSM2404311	1457	EPN, PF A	EPN	Frozen	4	1	1	1	0	-1
GSM2404312	1458	EPN, PF A	EPN	Frozen	0	-1	2	2	0	2
GSM2404313	1459	EPN, PF A	EPN	Frozen	2	1	0	-1	0	0
GSM2404314	1460	EPN, PF A	EPN	Frozen	0	-1	2	2	1	1
GSM2404315	1461	SUBEPN, PF	SUBEPN	Frozen	0	-1	0	1	0	0
GSM2404316	1462	EPN, PF A	EPN	Frozen	3	2	2	0	-1	0
GSM2404317	1463	LGG, MYB	LGG	FFPE	1	1	-1	0	2	0
GSM2404318	1464	LGG, DNT	LGG	FFPE	4	2	0	2	1	-1
GSM2404319	1465	LGG, PA/GG ST	LGG	FFPE	0	-1	0	1	2	0
GSM2404320	1466	PXA	PXA	FFPE	3	1	2	0	-1	0
GSM2404321	1467	LGG, DNT	LGG	FFPE	1	2	-1	1	1	1
GSM2404322	1468	LGG, MYB	LGG	FFPE	0	-1	2	2	0	1
GSM2404323	1469	LGG, GG	LGG	FFPE	2	0	0	-1	1	1
GSM2404324	1470	LGG, GG	LGG	FFPE	3	2	0	2	-1	0
GSM2404325	1471	LGG, GG	LGG	FFPE	4	0	2	0	2	-1
GSM2404326	1472	LGG, DNT	LGG	FFPE	0	-1	0	1	1	0
GSM2404327	1473	LGG, GG	LGG	FFPE	4	1	2	2	2	-1
GSM2404328	1474	LGG, DNT	LGG	FFPE	2	0	1	-1	1	1
GSM2404329	1475	LGG, MYB	LGG	FFPE	2	0	1	-1	1	0
GSM2404330	1476	LGG, DNT	LGG	FFPE	4	1	2	2	2	-1
GSM2404331	1477	LGG, GG	LGG	FFPE	3	0	1	1	-1	1
GSM2404332	1478	LGG, GG	LGG	FFPE	1	2	-1	1	1	2
GSM2404333	1479	LGG, DNT	LGG	FFPE	4	2	1	1	0	-1
GSM2404334	1480	LGG, GG	LGG	FFPE	4	0	0	0	1	-1
GSM2404335	1481	LGG, PA/GG ST	LGG	FFPE	1	1	-1	0	1	2
GSM2404336	1482	LGG, GG	LGG	FFPE	2	1	0	-1	2	2
GSM2404337	1483	LGG, GG	LGG	FFPE	2	0	0	-1	1	2
GSM2404338	1484	LGG, GG	LGG	FFPE	1	2	-1	1	0	0
GSM2404339	1485	LGG, GG	LGG	FFPE	0	-1	1	1	2	1
GSM2404340	1486	LGG, GG	LGG	FFPE	3	2	2	0	-1	2
GSM2404341	1487	LGG, GG	LGG	FFPE	2	1	2	-1	2	1
GSM2404342	1488	A IDH	A IDH	FFPE	0	-1	1	2	2	1
GSM2404343	1489	A IDH, HG	A IDH	FFPE	4	2	2	0	0	-1
GSM2404344	1490	GBM, MES	GBM	FFPE	2	0	1	-1	2	2
GSM2404345	1491	PITAD, STH SPA	PITAD	FFPE	1	0	-1	1	2	0
GSM2404346	1492	PITAD, STH SPA	PITAD	FFPE	0	-1	2	0	1	0
GSM2404347	1493	PITAD, STH SPA	PITAD	FFPE	1	1	-1	2	1	0
GSM2404348	1494	PITAD, STH SPA	PITAD	FFPE	3	0	1	1	-1	1
GSM2404349	1495	PITAD, STH SPA	PITAD	FFPE	2	1	0	-1	0	1
GSM2404350	1496	PITAD, STH SPA	PITAD	FFPE	4	1	2	2	0	-1
GSM2404351	1497	PITAD, STH SPA	PITAD	FFPE	3	2	1	0	-1	0
GSM2404352	1498	PITAD, STH SPA	PITAD	FFPE	4	0	1	0	2	-1
GSM2404353	1499	PITAD, STH SPA	PITAD	FFPE	2	2	0	-1	1	2
GSM2404354	1500	PITAD, STH SPA	PITAD	FFPE	2	0	2	-1	1	0
GSM2404355	1501	PITAD, STH SPA	PITAD	FFPE	4	1	0	1	1	-1
GSM2404356	1502	PITAD, STH DNS B	PITAD	FFPE	4	1	1	2	0	-1
GSM2404357	1503	PITAD, STH SPA	PITAD	FFPE	2	2	0	-1	2	2
GSM2404358	1504	PITAD, STH SPA	PITAD	FFPE	0	-1	0	2	0	2
GSM2404359	1505	PITAD, STH SPA	PITAD	FFPE	3	2	1	2	-1	1
GSM2404360	1506	PITAD, STH DNS A	PITAD	FFPE	4	0	0	1	2	-1
GSM2404361	1507	PITAD, STH DNS A	PITAD	FFPE	2	2	2	-1	0	2
GSM2404362	1508	PITAD, STH DNS A	PITAD	FFPE	0	-1	2	2	1	1
GSM2404363	1509	PITAD, STH DNS A	PITAD	FFPE	3	1	2	2	-1	0
GSM2404364	1510	PITAD, STH DNS A	PITAD	FFPE	1	0	-1	0	1	2
GSM2404365	1511	CONTR, PINEAL	CONTR	FFPE	2	0	0	-1	1	0
GSM2404366	1512	GBM, G34	GBM	FFPE	0	-1	2	0	2	1
GSM2404367	1513	LGG, DIG/DIA	LGG	FFPE	0	-1	1	0	2	1
GSM2404368	1514	GBM, RTK I	GBM	FFPE	1	1	-1	2	2	2
GSM2404369	1515	PITAD, STH DNS B	PITAD	FFPE	0	-1	1	0	2	0
GSM2404370	1516	PITAD, STH DNS A	PITAD	FFPE	2	0	0	-1	0	0
GSM2404371	1517	PITAD, STH DNS B	PITAD	FFPE	1	2	-1	1	1	1
GSM2404372	1518	PITAD, STH DNS B	PITAD	FFPE	0	-1	2	2	2	2
GSM2404373	1519	PITAD, STH DNS B	PITAD	FFPE	1	0	-1	0	2	2
GSM2404374	1520	PITAD, STH DNS A	PITAD	FFPE	0	-1	1	0	2	1
GSM2404375	1521	PITAD, FSH LH	PITAD	FFPE	2	2	0	-1	2	1
GSM2404376	1522	MB, WNT	MB	FFPE	2	2	1	-1	2	2
GSM2404377	1523	LGG, PA PF	LGG	FFPE	4	1	0	1	1	-1
GSM2404378	1524	MB, SHH CHL AD	MB	FFPE	2	0	0	-1	1	2
GSM2404379	1525	ATRT, MYC	ATRT	FFPE	1	1	-1	2	1	1
GSM2404380	1526	EPN, SPINE	EPN	Frozen	4	1	0	2	0	-1
GSM2404381	1527	EPN, SPINE	EPN	Frozen	4	0	1	2	0	-1
GSM2404382	1528	EPN, SPINE	EPN	Frozen	0	-1	2	1	2	1
GSM2404383	1529	EPN, SPINE	EPN	Frozen	2	0	2	-1	1	2
GSM2404384	1530	EPN, SPINE	EPN	Frozen	2	1	2	-1	2	2
GSM2404385	1531	EPN, SPINE	EPN	Frozen	0	-1	2	1	1	1
GSM2404386	1532	EPN, SPINE	EPN	Frozen	4	1	1	1	2	-1
GSM2404387	1533	HGNET, MN1	HGNET	Frozen	3	0	1	0	-1	2
GSM2404388	1534	EPN, PF B	EPN	Frozen	2	0	0	-1	1	0
GSM2404389	1535	EPN, PF A	EPN	Frozen	1	0	-1	2	0	1
GSM2404390	1536	EPN, PF A	EPN	Frozen	0	-1	1	1	1	1
GSM2404391	1537	SUBEPN, PF	SUBEPN	Frozen	4	2	1	2	1	-1
GSM2404392	1538	SUBEPN, PF	SUBEPN	Frozen	4	0	0	0	0	-1
GSM2404393	1539	EPN, PF B	EPN	Frozen	0	-1	2	1	0	0
GSM2404394	1540	EPN, PF A	EPN	Frozen	2	0	0	-1	1	1
GSM2404395	1541	SUBEPN, PF	SUBEPN	Frozen	0	-1	0	1	1	1
GSM2404396	1542	EPN, PF B	EPN	Frozen	4	0	0	2	0	-1
GSM2404397	1543	EPN, PF A	EPN	Frozen	1	1	-1	0	0	2
GSM2404398	1544	EPN, PF A	EPN	Frozen	1	1	-1	1	2	1
GSM2404399	1545	EPN, PF A	EPN	Frozen	4	2	1	1	2	-1
GSM2404400	1546	EPN, RELA	EPN	Frozen	0	-1	0	0	0	1
GSM2404401	1547	EPN, PF A	EPN	Frozen	0	-1	2	1	1	0
GSM2404402	1548	EPN, PF B	EPN	Frozen	2	1	0	-1	0	2
GSM2404403	1549	EPN, PF A	EPN	Frozen	0	-1	0	0	1	1
GSM2404404	1550	EPN, RELA	EPN	Frozen	0	-1	0	0	0	1
GSM2404405	1551	LGG, GG	LGG	FFPE	1	2	-1	2	0	2
GSM2404406	1552	PITAD, STH DNS B	PITAD	FFPE	3	0	0	2	-1	1
GSM2404407	1553	PITAD, FSH LH	PITAD	FFPE	3	0	1	2	-1	0
GSM2404408	1554	PITAD, FSH LH	PITAD	FFPE	1	0	-1	0	0	0
GSM2404409	1555	PITAD, FSH LH	PITAD	FFPE	2	1	1	-1	0	0
GSM2404410	1556	PITAD, FSH LH	PITAD	FFPE	1	2	-1	2	1	0
GSM2404411	1557	PITAD, FSH LH	PITAD	FFPE	3	1	0	1	-1	1
GSM2404412	1558	PITAD, FSH LH	PITAD	FFPE	2	0	1	-1	1	2
GSM2404413	1559	PITAD, FSH LH	PITAD	FFPE	4	2	2	0	2	-1
GSM2404414	1560	PITAD, FSH LH	PITAD	FFPE	3	2	2	2	-1	2
GSM2404415	1561	PITAD, FSH LH	PITAD	FFPE	0	-1	2	1	1	2
GSM2404416	1562	PITAD, FSH LH	PITAD	FFPE	4	0	0	1	2	-1
GSM2404417	1563	PITAD, FSH LH	PITAD	FFPE	4	2	1	1	1	-1
GSM2404418	1564	PITAD, FSH LH	PITAD	FFPE	0	-1	0	2	0	2
GSM2404419	1565	PITAD, FSH LH	PITAD	FFPE	4	1	2	0	0	-1
GSM2404420	1566	PITAD, ACTH	PITAD	FFPE	0	-1	1	0	0	0
GSM2404421	1567	PITAD, PRL	PITAD	FFPE	1	2	-1	2	1	0
GSM2404422	1568	PITAD, STH DNS B	PITAD	FFPE	4	1	2	1	1	-1
GSM2404423	1569	PITAD, STH SPA	PITAD	FFPE	1	1	-1	0	0	1
GSM2404424	1570	PITAD, PRL	PITAD	FFPE	3	0	1	0	-1	2
GSM2404425	1571	PITAD, STH SPA	PITAD	FFPE	0	-1	1	1	2	2
GSM2404426	1572	PITAD, PRL	PITAD	FFPE	4	2	1	0	2	-1
GSM2404427	1573	PITAD, ACTH	PITAD	FFPE	2	1	2	-1	1	1
GSM2404428	1574	PITAD, ACTH	PITAD	FFPE	4	1	2	1	1	-1
GSM2404429	1575	PITAD, PRL	PITAD	FFPE	0	-1	0	1	0	1
GSM2404430	1576	EWS	EWS	FFPE	2	0	0	-1	2	1
GSM2404431	1577	EPN, RELA	EPN	FFPE	2	0	1	-1	1	2
GSM2404432	1578	O IDH	O IDH	FFPE	4	2	0	1	2	-1
GSM2404433	1579	MELAN	MELAN	FFPE	2	0	2	-1	2	1
GSM2404434	1580	MELAN	MELAN	FFPE	3	1	2	1	-1	0
GSM2404435	1581	O IDH	O IDH	Frozen	0	-1	2	0	1	2
GSM2404436	1582	MELCYT	MELCYT	FFPE	3	1	2	0	-1	2
GSM2404437	1583	PITUI	PITUI	FFPE	3	0	1	1	-1	0
GSM2404438	1584	LGG, DNT	LGG	FFPE	3	0	2	1	-1	0
GSM2404439	1585	LGG, PA PF	LGG	FFPE	1	2	-1	2	2	0
GSM2404440	1586	PTPR, A	PTPR	FFPE	3	1	0	2	-1	1
GSM2404441	1587	PITUI	PITUI	FFPE	3	0	2	1	-1	1
GSM2404442	1588	PITUI	PITUI	FFPE	2	2	1	-1	1	2
GSM2404443	1589	PITUI	PITUI	FFPE	0	-1	1	2	2	0
GSM2404444	1590	PITUI	PITUI	FFPE	2	2	2	-1	0	1
GSM2404445	1591	CONTR, WM	CONTR	FFPE	0	-1	0	0	1	2
GSM2404446	1592	CONTR, WM	CONTR	FFPE	0	-1	1	0	1	1
GSM2404447	1593	CONTR, WM	CONTR	FFPE	2	0	1	-1	2	0
GSM2404448	1594	PXA	PXA	FFPE	1	1	-1	2	0	0
GSM2404449	1595	SCHW	SCHW	FFPE	2	0	0	-1	2	0
GSM2404450	1596	EPN, SPINE	EPN	FFPE	2	1	0	-1	1	2
GSM2404451	1597	CONTR, PINEAL	CONTR	FFPE	1	1	-1	0	0	2
GSM2404452	1598	CONTR, ADENOPIT	CONTR	FFPE	1	0	-1	1	0	1
GSM2404453	1599	CONTR, ADENOPIT	CONTR	FFPE	3	0	2	0	-1	2
GSM2404454	1600	CONTR, ADENOPIT	CONTR	FFPE	2	0	1	-1	2	0
GSM2404455	1601	PLASMA	PLASMA	FFPE	0	-1	2	2	2	0
GSM2404456	1602	PIN T, PPT	PIN T	FFPE	3	1	1	0	-1	0
GSM2404457	1603	DMG, K27	DMG	FFPE	0	-1	2	0	2	2
GSM2404458	1604	PIN T, PPT	PIN T	FFPE	2	1	0	-1	1	2
GSM2404459	1605	PIN T, PB B	PIN T	FFPE	1	2	-1	1	0	2
GSM2404460	1606	PIN T, PB B	PIN T	FFPE	2	1	1	-1	0	0
GSM2404461	1607	EPN, PF A	EPN	Frozen	3	2	0	1	-1	0
GSM2404462	1608	EPN, PF B	EPN	Frozen	3	2	1	1	-1	2
GSM2404463	1609	EPN, SPINE	EPN	Frozen	2	2	2	-1	0	1
GSM2404464	1610	EPN, PF A	EPN	Frozen	4	0	1	1	0	-1
GSM2404465	1611	MNG	MNG	FFPE	4	2	2	0	2	-1
GSM2404466	1612	MNG	MNG	FFPE	4	2	1	1	1	-1
GSM2404467	1613	MNG	MNG	FFPE	3	0	0	0	-1	0
GSM2404468	1614	MNG	MNG	FFPE	0	-1	1	1	1	2
GSM2404469	1615	MNG	MNG	FFPE	3	1	0	0	-1	0
GSM2404470	1616	MNG	MNG	FFPE	2	1	1	-1	1	0
GSM2404471	1617	MNG	MNG	FFPE	4	0	2	2	2	-1
GSM2404472	1618	SCHW	SCHW	FFPE	3	1	1	2	-1	0
GSM2404473	1619	SCHW	SCHW	FFPE	0	-1	0	1	2	1
GSM2404474	1620	SCHW	SCHW	FFPE	0	-1	0	0	1	2
GSM2404475	1621	SCHW	SCHW	FFPE	3	1	2	2	-1	2
GSM2404476	1622	LGG, PA/GG ST	LGG	FFPE	3	2	1	1	-1	1
GSM2404477	1623	LGG, GG	LGG	FFPE	0	-1	1	2	0	1
GSM2404478	1624	PITAD, PRL	PITAD	FFPE	2	1	1	-1	0	2
GSM2404479	1625	A IDH	A IDH	FFPE	3	1	0	0	-1	2
GSM2404480	1626	GBM, G34	GBM	FFPE	1	0	-1	1	2	2
GSM2404481	1627	DMG, K27	DMG	FFPE	3	2	1	0	-1	0
GSM2404482	1628	LGG, DNT	LGG	FFPE	4	1	0	2	2	-1
GSM2404483	1629	ATRT, TYR	ATRT	FFPE	3	0	0	2	-1	0
GSM2404484	1630	PLEX, PED A	PLEX	FFPE	0	-1	2	1	2	0
GSM2404485	1631	CONTR, REACT	CONTR	FFPE	3	1	0	2	-1	1
GSM2404486	1632	GBM, MYCN	GBM	FFPE	1	0	-1	1	2	1
GSM2404487	1633	GBM, MYCN	GBM	FFPE	2	0	1	-1	1	0
GSM2404488	1634	GBM, G34	GBM	FFPE	0	-1	0	1	2	1
GSM2404489	1635	GBM, G34	GBM	FFPE	3	1	1	1	-1	1
GSM2404490	1636	HGNET, BCOR	HGNET	FFPE	4	0	0	1	2	-1
GSM2404491	1637	GBM, G34	GBM	FFPE	2	1	1	-1	1	1
GSM2404492	1638	PXA	PXA	FFPE	4	0	1	2	2	-1
GSM2404493	1639	GBM, MYCN	GBM	FFPE	1	1	-1	1	0	0
GSM2404494	1640	DMG, K27	DMG	FFPE	0	-1	0	2	0	1
GSM2404495	1641	DMG, K27	DMG	FFPE	0	-1	0	1	1	2
GSM2404496	1642	DMG, K27	DMG	FFPE	3	2	0	1	-1	2
GSM2404497	1643	DMG, K27	DMG	FFPE	4	0	1	0	0	-1
GSM2404498	1644	PXA	PXA	FFPE	2	2	2	-1	1	1
GSM2404499	1645	GBM, RTK III	GBM	FFPE	2	0	1	-1	1	1
GSM2404500	1646	GBM, G34	GBM	FFPE	0	-1	0	1	2	2
GSM2404501	1647	DMG, K27	DMG	FFPE	1	2	-1	1	1	0
GSM2404502	1648	DMG, K27	DMG	FFPE	3	0	1	1	-1	1
GSM2404503	1649	PXA	PXA	FFPE	3	2	0	1	-1	1
GSM2404504	1650	PXA	PXA	FFPE	4	0	0	0	2	-1
GSM2404505	1651	DMG, K27	DMG	FFPE	1	1	-1	2	1	0
GSM2404506	1652	DMG, K27	DMG	FFPE	3	0	1	2	-1	0
GSM2404507	1653	DMG, K27	DMG	FFPE	1	1	-1	0	2	1
GSM2404508	1654	DMG, K27	DMG	FFPE	1	2	-1	2	1	0
GSM2404509	1655	DMG, K27	DMG	FFPE	4	1	1	0	1	-1
GSM2404510	1656	ENB, A	ENB	FFPE	0	-1	0	2	0	1
GSM2404511	1657	ENB, A	ENB	FFPE	4	2	1	2	0	-1
GSM2404512	1658	HGNET, MN1	HGNET	FFPE	3	0	1	2	-1	1
GSM2404513	1659	PLEX, AD	PLEX	FFPE	2	2	2	-1	0	2
GSM2404514	1660	LGG, DNT	LGG	FFPE	3	1	1	1	-1	0
GSM2404515	1661	LGG, DNT	LGG	FFPE	2	1	2	-1	2	2
GSM2404516	1662	LGG, DNT	LGG	FFPE	1	0	-1	1	0	2
GSM2404517	1663	O IDH	O IDH	FFPE	2	1	2	-1	1	1
GSM2404518	1664	GBM, G34	GBM	FFPE	3	0	2	2	-1	2
GSM2404519	1665	ATRT, SHH	ATRT	FFPE	3	0	1	0	-1	1
GSM2404520	1666	MB, SHH INF	MB	FFPE	1	2	-1	0	0	1
GSM2404521	1667	LGG, MYB	LGG	FFPE	1	1	-1	0	1	2
GSM2404522	1668	PTPR, B	PTPR	FFPE	3	2	1	2	-1	1
GSM2404523	1669	LGG, DNT	LGG	FFPE	4	1	2	1	0	-1
GSM2404524	1670	EPN, PF A	EPN	FFPE	3	1	0	1	-1	1
GSM2404525	1671	LGG, DNT	LGG	FFPE	4	2	1	2	2	-1
GSM2404526	1672	MB, G4	MB	FFPE	0	-1	0	0	0	2
GSM2404527	1673	GBM, RTK II	GBM	FFPE	4	0	2	1	0	-1
GSM2404528	1674	GBM, RTK II	GBM	Frozen	0	-1	2	0	0	2
GSM2404529	1675	ANA PA	ANA PA	FFPE	3	1	0	0	-1	2
GSM2404530	1676	PIN T, PB B	PIN T	FFPE	1	2	-1	0	2	1
GSM2404531	1677	LGG, DNT	LGG	FFPE	0	-1	1	0	2	2
GSM2404532	1678	CONTR, PINEAL	CONTR	FFPE	3	0	1	2	-1	0
GSM2404533	1679	EPN, MPE	EPN	FFPE	2	2	0	-1	2	2
GSM2404534	1680	DMG, K27	DMG	FFPE	1	0	-1	2	0	2
GSM2404535	1681	A IDH	A IDH	FFPE	4	1	0	2	0	-1
GSM2404536	1682	PXA	PXA	FFPE	1	2	-1	0	0	1
GSM2404537	1683	CHORDM	CHORDM	FFPE	1	1	-1	2	1	1
GSM2404538	1684	CHORDM	CHORDM	FFPE	2	1	2	-1	2	2
GSM2404539	1685	GBM, RTK II	GBM	Frozen	0	-1	1	1	0	2
GSM2404540	1686	EPN, PF B	EPN	FFPE	1	1	-1	1	2	0
GSM2404541	1687	MELCYT	MELCYT	FFPE	3	1	0	1	-1	2
GSM2404542	1688	MELCYT	MELCYT	FFPE	2	1	0	-1	2	0
GSM2404543	1689	SCHW, MEL	SCHW	FFPE	4	1	1	0	1	-1
GSM2404544	1690	MELCYT	MELCYT	FFPE	0	-1	1	1	2	2
GSM2404545	1691	SCHW, MEL	SCHW	FFPE	0	-1	0	2	2	1
GSM2404546	1692	GBM, MES	GBM	FFPE	4	2	0	1	1	-1
GSM2404547	1693	PIN T, PPT	PIN T	FFPE	3	2	2	0	-1	0
GSM2404548	1694	PLEX, PED A	PLEX	FFPE	4	0	2	1	0	-1
GSM2404549	1695	LGG, PA PF	LGG	FFPE	2	0	0	-1	0	2
GSM2404550	1696	LGG, PA MID	LGG	FFPE	3	1	1	1	-1	1
GSM2404551	1697	PIN T, PB A	PIN T	FFPE	4	1	1	1	2	-1
GSM2404552	1698	LGG, RGNT	LGG	FFPE	2	1	1	-1	1	1
GSM2404553	1699	PIN T, PPT	PIN T	FFPE	2	1	2	-1	0	1
GSM2404554	1700	LIPN	LIPN	FFPE	2	0	1	-1	0	2
GSM2404555	1701	CONTR, ADENOPIT	CONTR	FFPE	1	1	-1	2	2	2
GSM2404556	1702	IHG	IHG	FFPE	3	0	0	2	-1	2
GSM2404557	1703	LGG, SEGA	LGG	FFPE	4	1	1	0	0	-1
GSM2404558	1704	LGG, SEGA	LGG	FFPE	0	-1	1	0	1	1
GSM2404559	1705	LGG, SEGA	LGG	FFPE	1	2	-1	1	0	2
GSM2404560	1706	LGG, SEGA	LGG	FFPE	1	0	-1	1	1	0
GSM2404561	1707	CONTR, PINEAL	CONTR	FFPE	0	-1	1	2	2	1
GSM2404562	1708	O IDH	O IDH	FFPE	2	1	0	-1	1	1
GSM2404563	1709	PXA	PXA	FFPE	2	0	1	-1	0	2
GSM2404564	1710	CHGL	CHGL	FFPE	0	-1	1	1	0	0
GSM2404565	1711	LIPN	LIPN	FFPE	0	-1	2	0	1	2
GSM2404566	1712	EWS	EWS	FFPE	4	2	0	2	1	-1
GSM2404567	1713	LGG, PA PF	LGG	FFPE	3	1	2	1	-1	1
GSM2404568	1714	CONTR, INFLAM	CONTR	Frozen	3	1	0	1	-1	2
GSM2404569	1715	GBM, RTK II	GBM	Frozen	4	2	0	2	1	-1
GSM2404570	1716	GBM, MES	GBM	Frozen	2	2	2	-1	0	2
GSM2404571	1717	GBM, RTK I	GBM	Frozen	3	1	0	0	-1	0
GSM2404572	1718	CONTR, INFLAM	CONTR	Frozen	3	0	1	0	-1	1
GSM2404573	1719	GBM, RTK II	GBM	Frozen	1	2	-1	0	0	1
GSM2404574	1720	GBM, RTK II	GBM	Frozen	0	-1	1	2	1	0
GSM2404575	1721	CONTR, INFLAM	CONTR	Frozen	4	0	2	0	0	-1
GSM2404576	1722	CONTR, INFLAM	CONTR	Frozen	1	2	-1	1	2	2
GSM2404577	1723	GBM, RTK II	GBM	Frozen	2	1	0	-1	2	2
GSM2404578	1724	CONTR, INFLAM	CONTR	Frozen	0	-1	1	1	0	1
GSM2404579	1725	GBM, RTK II	GBM	Frozen	4	0	1	0	1	-1
GSM2404580	1726	GBM, RTK I	GBM	Frozen	0	-1	2	2	2	0
GSM2404581	1727	CONTR, INFLAM	CONTR	Frozen	2	0	2	-1	2	1
GSM2404582	1728	GBM, MES	GBM	Frozen	0	-1	2	2	0	2
GSM2404583	1729	LGG, PA/GG ST	LGG	FFPE	4	0	2	0	2	-1
GSM2404584	1730	EPN, PF A	EPN	FFPE	1	1	-1	1	1	0
GSM2404585	1731	CNS NB, FOXR2	CNS NB	FFPE	0	-1	0	2	2	2
GSM2404586	1732	A IDH	A IDH	FFPE	0	-1	2	0	1	1
GSM2404587	1733	LGG, SEGA	LGG	FFPE	0	-1	0	0	0	0
GSM2404588	1734	MB, G4	MB	FFPE	1	0	-1	1	0	1
GSM2404589	1735	PIN T, PB A	PIN T	FFPE	2	1	2	-1	2	2
GSM2404590	1736	HGNET, MN1	HGNET	FFPE	0	-1	0	2	0	2
GSM2404591	1737	SUBEPN, PF	SUBEPN	FFPE	0	-1	2	2	0	1
GSM2404592	1738	GBM, RTK II	GBM	Frozen	4	2	0	2	2	-1
GSM2404593	1739	GBM, RTK II	GBM	Frozen	0	-1	0	0	1	1
GSM2404594	1740	CONTR, INFLAM	CONTR	Frozen	3	2	1	0	-1	2
GSM2404595	1741	CONTR, INFLAM	CONTR	Frozen	4	1	0	2	1	-1
GSM2404596	1742	CONTR, INFLAM	CONTR	Frozen	1	1	-1	1	0	0
GSM2404597	1743	GBM, RTK II	GBM	Frozen	3	1	0	1	-1	0
GSM2404598	1744	GBM, MES	GBM	Frozen	1	1	-1	2	0	0
GSM2404599	1745	CONTR, INFLAM	CONTR	Frozen	0	-1	1	2	1	1
GSM2404600	1746	GBM, RTK I	GBM	Frozen	1	1	-1	1	1	0
GSM2404601	1747	CONTR, INFLAM	CONTR	Frozen	2	0	0	-1	2	2
GSM2404602	1748	GBM, RTK II	GBM	Frozen	2	1	2	-1	0	1
GSM2404603	1749	GBM, RTK II	GBM	Frozen	1	0	-1	2	2	2
GSM2404604	1750	GBM, MES	GBM	Frozen	4	0	1	1	2	-1
GSM2404605	1751	CPH, PAP	CPH	FFPE	2	2	0	-1	0	0
GSM2404606	1752	CPH, ADM	CPH	FFPE	4	2	2	2	2	-1
GSM2404607	1753	ANA PA	ANA PA	FFPE	4	0	2	0	2	-1
GSM2404608	1754	CONTR, WM	CONTR	FFPE	3	1	0	2	-1	2
GSM2404609	1755	CONTR, WM	CONTR	FFPE	3	1	2	1	-1	0
GSM2404610	1756	CHORDM	CHORDM	FFPE	2	2	0	-1	0	0
GSM2404611	1757	CONTR, PINEAL	CONTR	FFPE	0	-1	1	0	0	1
GSM2404612	1758	MELCYT	MELCYT	FFPE	1	0	-1	0	1	2
GSM2404613	1759	GBM, MYCN	GBM	FFPE	0	-1	2	0	1	2
GSM2404614	1760	GBM, G34	GBM	FFPE	4	2	0	0	0	-1
GSM2404615	1761	DMG, K27	DMG	FFPE	2	2	1	-1	2	1
GSM2404616	1762	IHG	IHG	FFPE	1	1	-1	1	1	2
GSM2404617	1763	GBM, RTK III	GBM	FFPE	2	0	1	-1	0	0
GSM2404618	1764	DMG, K27	DMG	FFPE	4	1	2	2	2	-1
GSM2404619	1765	LGG, SEGA	LGG	FFPE	2	0	2	-1	2	2
GSM2404620	1766	PLEX, AD	PLEX	FFPE	1	0	-1	2	0	0
GSM2404621	1767	PLEX, AD	PLEX	FFPE	4	1	0	1	0	-1
GSM2404622	1768	PLEX, AD	PLEX	FFPE	3	2	0	1	-1	0
GSM2404623	1769	PLEX, AD	PLEX	FFPE	1	0	-1	0	0	2
GSM2404624	1770	PLEX, PED B	PLEX	FFPE	1	0	-1	0	0	0
GSM2404625	1771	PLEX, AD	PLEX	FFPE	0	-1	1	1	2	0
GSM2404626	1772	PLEX, AD	PLEX	FFPE	1	0	-1	0	2	1
GSM2404627	1773	HGNET, MN1	HGNET	FFPE	0	-1	0	1	0	0
GSM2404628	1774	GBM, RTK II	GBM	FFPE	3	0	2	2	-1	2
GSM2404629	1775	PTPR, B	PTPR	FFPE	2	2	0	-1	1	0
GSM2404630	1776	CONTR, INFLAM	CONTR	Frozen	3	2	1	1	-1	2
GSM2404631	1777	GBM, RTK I	GBM	Frozen	2	2	2	-1	0	1
GSM2404632	1778	GBM, RTK I	GBM	Frozen	1	0	-1	0	1	1
GSM2404633	1779	GBM, RTK II	GBM	Frozen	4	1	2	1	0	-1
GSM2404634	1780	GBM, MES	GBM	Frozen	0	-1	1	2	1	2
GSM2404635	1781	GBM, RTK II	GBM	Frozen	3	2	2	1	-1	1
GSM2404636	1782	GBM, MES	GBM	Frozen	3	1	0	1	-1	1
GSM2404637	1783	GBM, RTK I	GBM	Frozen	4	0	1	2	0	-1
GSM2404638	1784	CONTR, INFLAM	CONTR	Frozen	0	-1	0	0	2	2
GSM2404639	1785	CONTR, INFLAM	CONTR	Frozen	1	1	-1	2	0	0
GSM2404640	1786	GBM, RTK II	GBM	Frozen	4	1	0	1	1	-1
GSM2404641	1787	GBM, RTK II	GBM	Frozen	1	1	-1	0	1	2
GSM2404642	1788	GBM, RTK II	GBM	Frozen	3	2	0	2	-1	1
GSM2404643	1789	CONTR, INFLAM	CONTR	Frozen	1	2	-1	2	2	0
GSM2404644	1790	CONTR, INFLAM	CONTR	Frozen	2	0	2	-1	1	0
GSM2404645	1791	GBM, RTK II	GBM	Frozen	2	2	0	-1	1	2
GSM2404646	1792	CONTR, INFLAM	CONTR	Frozen	0	-1	2	2	2	0
GSM2404647	1793	GBM, RTK I	GBM	Frozen	3	2	2	1	-1	2
GSM2404648	1794	GBM, G34	GBM	FFPE	0	-1	1	1	2	2
GSM2404649	1795	PLASMA	PLASMA	FFPE	2	0	1	-1	1	2
GSM2404650	1796	A IDH, HG	A IDH	FFPE	3	2	2	0	-1	0
GSM2404651	1797	SFT HMPC	SFT HMPC	FFPE	1	1	-1	1	0	0
GSM2404652	1798	GBM, G34	GBM	FFPE	4	1	2	1	0	-1
GSM2404653	1799	DMG, K27	DMG	FFPE	0	-1	0	1	0	2
GSM2404654	1800	GBM, MID	GBM	FFPE	2	1	2	-1	1	0
GSM2404655	1801	DMG, K27	DMG	FFPE	1	1	-1	2	2	1
GSM2404656	1802	DMG, K27	DMG	FFPE	4	2	0	1	1	-1
GSM2404657	1803	DMG, K27	DMG	FFPE	3	1	0	2	-1	2
GSM2404658	1804	DMG, K27	DMG	FFPE	0	-1	1	2	1	2
GSM2404659	1805	GBM, RTK III	GBM	FFPE	0	-1	1	0	2	2
GSM2404660	1806	DMG, K27	DMG	FFPE	2	0	0	-1	2	0
GSM2404661	1807	GBM, RTK III	GBM	FFPE	3	0	2	1	-1	2
GSM2404662	1808	GBM, G34	GBM	FFPE	2	0	2	-1	2	2
GSM2404663	1809	DMG, K27	DMG	FFPE	4	2	2	2	1	-1
GSM2404664	1810	DMG, K27	DMG	FFPE	1	1	-1	1	1	2
GSM2404665	1811	DMG, K27	DMG	FFPE	4	1	1	0	0	-1
GSM2404666	1812	GBM, MYCN	GBM	FFPE	3	2	0	1	-1	1
GSM2404667	1813	GBM, RTK III	GBM	FFPE	3	2	0	0	-1	2
GSM2404668	1814	DMG, K27	DMG	FFPE	1	1	-1	2	2	0
GSM2404669	1815	PXA	PXA	FFPE	1	2	-1	0	0	2
GSM2404670	1816	GBM, MYCN	GBM	FFPE	4	0	0	2	2	-1
GSM2404671	1817	GBM, G34	GBM	FFPE	4	2	0	2	1	-1
GSM2404672	1818	GBM, MID	GBM	FFPE	4	2	1	2	1	-1
GSM2404673	1819	DMG, K27	DMG	FFPE	3	1	1	1	-1	1
GSM2404674	1820	GBM, RTK III	GBM	FFPE	4	2	1	1	0	-1
GSM2404675	1821	DMG, K27	DMG	FFPE	2	2	2	-1	2	2
GSM2404676	1822	DMG, K27	DMG	FFPE	3	1	0	1	-1	2
GSM2404677	1823	DMG, K27	DMG	FFPE	0	-1	2	0	0	0
GSM2404678	1824	DMG, K27	DMG	FFPE	4	2	0	2	1	-1
GSM2404679	1825	DMG, K27	DMG	FFPE	4	0	0	2	0	-1
GSM2404680	1826	O IDH	O IDH	FFPE	2	0	1	-1	1	0
GSM2404681	1827	O IDH	O IDH	FFPE	4	2	1	2	1	-1
GSM2404682	1828	PIN T, PPT	PIN T	FFPE	1	2	-1	0	1	2
GSM2404683	1829	A IDH	A IDH	FFPE	2	2	2	-1	2	0
GSM2404684	1830	A IDH	A IDH	FFPE	3	0	0	0	-1	0
GSM2404685	1831	GBM, RTK I	GBM	Frozen	3	2	1	0	-1	2
GSM2404686	1832	GBM, RTK II	GBM	FFPE	0	-1	0	1	1	1
GSM2404687	1833	GBM, RTK II	GBM	FFPE	4	0	2	2	1	-1
GSM2404688	1834	O IDH	O IDH	FFPE	1	1	-1	2	2	0
GSM2404689	1835	MELCYT	MELCYT	FFPE	4	2	2	0	0	-1
GSM2404690	1836	EPN, SPINE	EPN	FFPE	3	1	1	0	-1	0
GSM2404691	1837	CONTR, PINEAL	CONTR	FFPE	2	2	2	-1	1	2
GSM2404692	1838	CONTR, WM	CONTR	FFPE	4	2	2	1	1	-1
GSM2404693	1839	MELAN	MELAN	FFPE	4	0	0	2	2	-1
GSM2404694	1840	EFT, CIC	EFT	Frozen	0	-1	0	0	2	2
GSM2404695	1841	CNS NB, FOXR2	CNS NB	Frozen	0	-1	1	1	1	1
GSM2404696	1842	CNS NB, FOXR2	CNS NB	Frozen	2	2	1	-1	0	2
GSM2404697	1843	DMG, K27	DMG	FFPE	2	1	0	-1	0	2
GSM2404698	1844	A IDH, HG	A IDH	FFPE	3	2	0	0	-1	0
GSM2404699	1845	MB, WNT	MB	FFPE	4	0	1	1	2	-1
GSM2404700	1846	A IDH, HG	A IDH	FFPE	3	0	2	0	-1	2
GSM2404701	1847	GBM, MES	GBM	FFPE	2	0	2	-1	0	1
GSM2404702	1848	GBM, RTK II	GBM	FFPE	4	1	1	0	2	-1
GSM2404703	1849	DMG, K27	DMG	FFPE	3	1	0	1	-1	0
GSM2404704	1850	PXA	PXA	FFPE	1	0	-1	1	1	0
GSM2404705	1851	PXA	PXA	FFPE	1	1	-1	0	1	0
GSM2404706	1852	PXA	PXA	FFPE	3	2	0	1	-1	1
GSM2404707	1853	CHGL	CHGL	FFPE	4	1	2	2	1	-1
GSM2404708	1854	DMG, K27	DMG	FFPE	2	2	2	-1	0	1
GSM2404709	1855	PXA	PXA	FFPE	0	-1	2	2	0	1
GSM2404710	1856	PXA	PXA	FFPE	2	1	0	-1	2	1
GSM2404711	1857	IHG	IHG	FFPE	4	0	2	0	2	-1
GSM2404712	1858	ENB, A	ENB	FFPE	2	2	0	-1	1	2
GSM2404713	1859	EPN, MPE	EPN	FFPE	0	-1	1	1	2	2
GSM2404714	1860	GBM, RTK II	GBM	FFPE	1	0	-1	2	0	2
GSM2404715	1861	GBM, RTK I	GBM	FFPE	2	0	2	-1	1	2
GSM2404716	1862	GBM, RTK II	GBM	FFPE	0	-1	0	1	0	1
GSM2404717	1863	CNS NB, FOXR2	CNS NB	FFPE	0	-1	1	2	0	2
GSM2404718	1864	MB, G3	MB	FFPE	3	1	2	2	-1	2
GSM2404719	1865	ENB, B	ENB	FFPE	1	1	-1	1	1	2
GSM2404720	1866	EWS	EWS	Frozen	3	2	1	0	-1	2
GSM2404721	1867	LGG, MYB	LGG	FFPE	2	1	0	-1	1	0
GSM2404722	1868	ENB, A	ENB	FFPE	2	2	2	-1	0	2
GSM2404723	1869	ENB, A	ENB	FFPE	1	2	-1	2	2	2
GSM2404724	1870	LIPN	LIPN	FFPE	4	0	2	0	1	-1
GSM2404725	1871	ENB, B	ENB	FFPE	1	2	-1	1	0	0
GSM2404726	1872	ENB, B	ENB	FFPE	3	2	1	1	-1	1
GSM2404727	1873	ENB, B	ENB	FFPE	0	-1	2	2	2	0
GSM2404728	1874	ENB, A	ENB	FFPE	1	0	-1	2	1	0
GSM2404729	1875	ENB, B	ENB	FFPE	1	1	-1	0	0	0
GSM2404730	1876	ENB, A	ENB	FFPE	3	2	0	0	-1	2
GSM2404731	1877	ENB, B	ENB	FFPE	2	0	2	-1	0	0
GSM2404732	1878	CHORDM	CHORDM	FFPE	1	2	-1	1	2	2
GSM2404733	1879	LGG, DIG/DIA	LGG	FFPE	2	0	1	-1	0	0
GSM2404734	1880	LGG, SEGA	LGG	FFPE	1	0	-1	2	1	1
GSM2404735	1881	EPN, MPE	EPN	FFPE	1	2	-1	0	0	1
GSM2404736	1882	GBM, RTK II	GBM	FFPE	1	0	-1	0	1	2
GSM2404737	1883	A IDH, HG	A IDH	FFPE	2	2	2	-1	2	1
GSM2404738	1884	GBM, RTK I	GBM	FFPE	4	0	0	0	2	-1
GSM2404739	1885	ETMR	ETMR	FFPE	3	1	1	1	-1	0
GSM2404740	1886	ETMR	ETMR	FFPE	3	0	1	2	-1	0
GSM2404741	1887	HGNET, BCOR	HGNET	Frozen	2	1	0	-1	2	0
GSM2404742	1888	MB, SHH INF	MB	Frozen	2	1	1	-1	1	1
GSM2404743	1889	MB, SHH INF	MB	Frozen	4	1	1	1	1	-1
GSM2404744	1890	MB, SHH INF	MB	Frozen	4	0	2	1	0	-1
GSM2404745	1891	MB, SHH CHL AD	MB	Frozen	2	1	1	-1	0	0
GSM2404746	1892	MB, SHH CHL AD	MB	Frozen	0	-1	0	2	2	0
GSM2404747	1893	MB, SHH INF	MB	Frozen	0	-1	0	0	1	1
GSM2404748	1894	A IDH	A IDH	Frozen	2	0	1	-1	2	2
GSM2404749	1895	A IDH	A IDH	Frozen	0	-1	2	0	0	0
GSM2404750	1896	A IDH	A IDH	Frozen	2	2	0	-1	0	0
GSM2404751	1897	A IDH	A IDH	Frozen	3	1	0	1	-1	2
GSM2404752	1898	A IDH	A IDH	Frozen	0	-1	1	2	2	0
GSM2404753	1899	A IDH	A IDH	Frozen	4	2	2	2	0	-1
GSM2404754	1900	A IDH	A IDH	Frozen	0	-1	2	2	2	0
GSM2404755	1901	A IDH	A IDH	Frozen	4	2	0	2	1	-1
GSM2404756	1902	O IDH	O IDH	Frozen	3	2	2	0	-1	1
GSM2404757	1903	A IDH	A IDH	Frozen	4	1	2	1	0	-1
GSM2404758	1904	EWS	EWS	Frozen	0	-1	2	0	2	2
GSM2404759	1905	EPN, PF B	EPN	FFPE	1	1	-1	2	0	2
GSM2404760	1906	EPN, PF B	EPN	FFPE	2	1	0	-1	0	1
GSM2404761	1907	MB, G3	MB	FFPE	4	0	2	2	0	-1
GSM2404762	1908	PTPR, A	PTPR	FFPE	2	2	2	-1	0	2
GSM2404763	1909	O IDH	O IDH	FFPE	1	2	-1	1	1	2
GSM2404764	1910	A IDH	A IDH	FFPE	0	-1	0	2	1	1
GSM2404765	1911	EWS	EWS	FFPE	4	0	0	0	0	-1
GSM2404766	1912	DMG, K27	DMG	FFPE	1	0	-1	0	1	1
GSM2404767	1913	DMG, K27	DMG	FFPE	4	0	1	0	2	-1
GSM2404768	1914	LGG, DNT	LGG	FFPE	0	-1	0	2	2	0
GSM2404769	1915	LGG, PA/GG ST	LGG	FFPE	1	1	-1	2	0	1
GSM2404770	1916	LGG, PA MID	LGG	FFPE	0	-1	1	0	1	2
GSM2404771	1917	LGG, PA/GG ST	LGG	FFPE	3	2	1	1	-1	0
GSM2404772	1918	LGG, SEGA	LGG	FFPE	0	-1	0	1	2	0
GSM2404773	1919	CN	CN	FFPE	2	1	1	-1	2	0
GSM2404774	1920	MB, G3	MB	FFPE	3	0	0	2	-1	1
GSM2404775	1921	ATRT, TYR	ATRT	Frozen	1	1	-1	1	1	2
GSM2404776	1922	ATRT, MYC	ATRT	Frozen	2	0	2	-1	2	2
GSM2404777	1923	EFT, CIC	EFT	Frozen	4	0	1	2	0	-1
GSM2404778	1924	PXA	PXA	FFPE	2	0	0	-1	2	1
GSM2404779	1925	A IDH	A IDH	FFPE	2	1	0	-1	2	0
GSM2404780	1926	MELCYT	MELCYT	FFPE	1	0	-1	2	1	0
GSM2404781	1927	O IDH	O IDH	FFPE	0	-1	1	1	2	1
GSM2404782	1928	CN	CN	FFPE	1	1	-1	1	2	0
GSM2404783	1929	PIN T, PPT	PIN T	FFPE	3	2	1	2	-1	1
GSM2404784	1930	CN	CN	FFPE	1	1	-1	2	0	1
GSM2404785	1931	MB, G4	MB	FFPE	3	2	2	0	-1	1
GSM2404786	1932	LGG, PA PF	LGG	FFPE	1	1	-1	2	0	2
GSM2404787	1933	PXA	PXA	FFPE	1	2	-1	0	2	1
GSM2404788	1934	DMG, K27	DMG	FFPE	2	2	2	-1	2	1
GSM2404789	1935	SUBEPN, PF	SUBEPN	FFPE	2	1	2	-1	0	2
GSM2404790	1936	A IDH	A IDH	FFPE	3	2	1	1	-1	2
GSM2404791	1937	LGG, PA PF	LGG	Frozen	1	2	-1	0	1	2
GSM2404792	1938	EPN, MPE	EPN	Frozen	3	2	0	0	-1	2
GSM2404793	1939	SUBEPN, ST	SUBEPN	Frozen	3	0	1	2	-1	2
GSM2404794	1940	SUBEPN, ST	SUBEPN	Frozen	0	-1	1	0	1	2
GSM2404795	1941	SUBEPN, PF	SUBEPN	Frozen	0	-1	1	0	0	1
GSM2404796	1942	SUBEPN, SPINE	SUBEPN	Frozen	1	2	-1	0	0	0
GSM2404797	1943	SUBEPN, PF	SUBEPN	Frozen	3	1	2	0	-1	0
GSM2404798	1944	SUBEPN, PF	SUBEPN	Frozen	1	1	-1	2	2	0
GSM2404799	1945	SUBEPN, ST	SUBEPN	Frozen	2	0	0	-1	2	0
GSM2404800	1946	SUBEPN, PF	SUBEPN	Frozen	2	1	1	-1	2	1
GSM2404801	1947	SUBEPN, PF	SUBEPN	Frozen	3	0	0	0	-1	1
GSM2404802	1948	EPN, MPE	EPN	Frozen	1	1	-1	1	2	1
GSM2404803	1949	EPN, MPE	EPN	Frozen	2	1	0	-1	1	2
GSM2404804	1950	EPN, MPE	EPN	Frozen	1	1	-1	0	2	1
GSM2404805	1951	EPN, MPE	EPN	Frozen	4	2	2	2	1	-1
GSM2404806	1952	EPN, MPE	EPN	Frozen	0	-1	2	0	0	0
GSM2404807	1953	SUBEPN, PF	SUBEPN	Frozen	4	0	2	0	2	-1
GSM2404808	1954	SUBEPN, PF	SUBEPN	Frozen	1	2	-1	0	1	2
GSM2404809	1955	CONTR, REACT	CONTR	Frozen	4	0	2	1	1	-1
GSM2404810	1956	CNS NB, FOXR2	CNS NB	Frozen	4	2	2	0	1	-1
GSM2404811	1957	EWS	EWS	Frozen	0	-1	2	1	1	0
GSM2404812	1958	DMG, K27	DMG	FFPE	2	1	2	-1	0	0
GSM2404813	1959	DMG, K27	DMG	FFPE	0	-1	2	0	1	1
GSM2404814	1960	DMG, K27	DMG	FFPE	2	0	2	-1	1	0
GSM2404815	1961	GBM, MYCN	GBM	FFPE	0	-1	2	0	0	2
GSM2404816	1962	DMG, K27	DMG	FFPE	4	2	0	0	2	-1
GSM2404817	1963	EPN, PF B	EPN	FFPE	0	-1	1	0	0	1
GSM2404818	1964	EPN, PF B	EPN	FFPE	4	2	1	0	0	-1
GSM2404819	1965	ENB, B	ENB	FFPE	0	-1	0	2	1	0
GSM2404820	1966	MELCYT	MELCYT	FFPE	2	0	2	-1	0	0
GSM2404821	1967	EWS	EWS	FFPE	1	0	-1	1	0	2
GSM2404822	1968	MB, G3	MB	FFPE	1	2	-1	1	2	0
GSM2404823	1969	HGNET, MN1	HGNET	FFPE	0	-1	2	0	2	2
GSM2404824	1970	DMG, K27	DMG	FFPE	0	-1	2	0	1	0
GSM2404825	1971	DMG, K27	DMG	FFPE	3	2	1	1	-1	1
GSM2404826	1972	MB, G3	MB	FFPE	3	1	2	1	-1	2
GSM2404827	1973	GBM, RTK II	GBM	FFPE	3	1	2	1	-1	2
GSM2404828	1974	SUBEPN, PF	SUBEPN	FFPE	3	1	1	2	-1	2
GSM2404829	1975	GBM, MES	GBM	FFPE	2	0	0	-1	0	1
GSM2404830	1976	GBM, MES	GBM	FFPE	1	0	-1	0	0	1
GSM2404831	1977	LGG, PA PF	LGG	FFPE	2	1	0	-1	1	2
GSM2404832	1978	EPN, SPINE	EPN	FFPE	0	-1	1	0	1	0
GSM2404833	1979	ATRT, SHH	ATRT	FFPE	2	2	2	-1	2	2
GSM2404834	1980	ATRT, SHH	ATRT	FFPE	2	0	0	-1	1	0
GSM2404835	1981	ATRT, TYR	ATRT	FFPE	1	0	-1	0	1	1
GSM2404836	1982	ATRT, MYC	ATRT	FFPE	0	-1	1	1	2	2
GSM2404837	1983	ATRT, SHH	ATRT	FFPE	0	-1	1	1	0	0
GSM2404838	1984	ATRT, TYR	ATRT	FFPE	4	0	0	1	1	-1
GSM2404839	1985	ATRT, SHH	ATRT	FFPE	4	2	0	1	0	-1
GSM2404840	1986	ATRT, SHH	ATRT	FFPE	0	-1	2	2	0	1
GSM2404841	1987	ATRT, TYR	ATRT	FFPE	2	0	2	-1	1	1
GSM2404842	1988	ATRT, MYC	ATRT	FFPE	1	1	-1	2	2	1
GSM2404843	1989	ATRT, SHH	ATRT	FFPE	1	2	-1	1	2	2
GSM2404844	1990	ATRT, SHH	ATRT	FFPE	4	2	1	1	2	-1
GSM2404845	1991	A IDH	A IDH	FFPE	0	-1	1	2	0	0
GSM2404846	1992	GBM, RTK I	GBM	FFPE	0	-1	0	1	1	2
GSM2404847	1993	LGG, PA/GG ST	LGG	FFPE	2	0	2	-1	0	0
GSM2404848	1994	GBM, MID	GBM	FFPE	2	0	1	-1	0	0
GSM2404849	1995	SUBEPN, SPINE	SUBEPN	FFPE	1	0	-1	0	1	1
GSM2404850	1996	LGG, DNT	LGG	FFPE	3	2	0	0	-1	2
GSM2404851	1997	EPN, SPINE	EPN	FFPE	1	0	-1	2	0	0
GSM2404852	1998	SFT HMPC	SFT HMPC	FFPE	1	1	-1	2	1	0
GSM2404853	1999	MB, SHH INF	MB	Frozen	3	2	2	0	-1	1
GSM2404854	2000	ATRT, SHH	ATRT	FFPE	4	2	1	2	2	-1
GSM2404855	2001	EPN, PF B	EPN	FFPE	2	2	1	-1	2	2
GSM2404857	2003	SUBEPN, PF	SUBEPN	FFPE	0	-1	0	0	1	0
GSM2404858	2004	SUBEPN, PF	SUBEPN	FFPE	4	0	1	0	0	-1
GSM2404859	2005	EPN, PF B	EPN	FFPE	1	0	-1	2	1	0
GSM2404860	2006	EPN, PF B	EPN	FFPE	4	0	1	0	2	-1
GSM2404861	2007	EPN, PF B	EPN	FFPE	3	0	1	2	-1	2
GSM2404862	2008	SUBEPN, PF	SUBEPN	FFPE	0	-1	0	2	1	2
GSM2404863	2009	EPN, PF B	EPN	FFPE	4	0	2	0	1	-1
GSM2404864	2010	SUBEPN, PF	SUBEPN	FFPE	2	1	1	-1	0	0
GSM2404865	2011	EPN, PF B	EPN	FFPE	0	-1	2	1	0	0
GSM2404866	2012	EPN, PF B	EPN	FFPE	0	-1	2	1	1	0
GSM2404867	2013	A IDH	A IDH	FFPE	2	2	0	-1	1	0
GSM2404868	2014	GBM, RTK II	GBM	FFPE	0	-1	1	2	0	1
GSM2404869	2015	GBM, RTK I	GBM	FFPE	3	0	0	2	-1	1
GSM2404870	2016	GBM, MES	GBM	FFPE	1	0	-1	1	2	1
GSM2404871	2017	LGG, DNT	LGG	FFPE	2	2	2	-1	2	1
GSM2404872	2018	GBM, RTK II	GBM	FFPE	1	1	-1	0	0	0
GSM2404873	2019	LGG, PA PF	LGG	FFPE	4	1	2	1	2	-1
GSM2404874	2020	GBM, RTK II	GBM	FFPE	1	2	-1	0	2	0
GSM2404875	2021	EPN, PF A	EPN	FFPE	3	2	1	0	-1	0
GSM2404876	2022	GBM, G34	GBM	FFPE	1	1	-1	0	1	1
GSM2404877	2023	LGG, PA PF	LGG	FFPE	1	2	-1	2	2	2
GSM2404878	2024	A IDH	A IDH	FFPE	2	0	1	-1	0	1
GSM2404879	2025	O IDH	O IDH	FFPE	0	-1	2	0	1	1
GSM2404880	2026	ATRT, MYC	ATRT	Frozen	3	2	1	2	-1	2
GSM2404881	2027	ATRT, SHH	ATRT	Frozen	0	-1	0	1	1	2
GSM2404882	2028	ATRT, MYC	ATRT	Frozen	2	2	0	-1	1	1
GSM2404883	2029	LGG, SEGA	LGG	FFPE	4	2	0	2	1	-1
GSM2404884	2030	O IDH	O IDH	FFPE	2	2	1	-1	0	0
GSM2404885	2031	A IDH	A IDH	FFPE	2	2	1	-1	2	2
GSM2404886	2032	O IDH	O IDH	FFPE	0	-1	0	1	0	1
GSM2404887	2033	A IDH	A IDH	FFPE	2	0	1	-1	2	0
GSM2404888	2034	A IDH	A IDH	FFPE	4	1	1	1	0	-1
GSM2404889	2035	A IDH	A IDH	FFPE	3	2	1	1	-1	2
GSM2404890	2036	DMG, K27	DMG	FFPE	0	-1	0	1	0	2
GSM2404891	2037	GBM, RTK II	GBM	FFPE	2	0	2	-1	0	0
GSM2404892	2038	EPN, PF B	EPN	Frozen	4	0	1	2	2	-1
GSM2404893	2039	EPN, YAP	EPN	Frozen	0	-1	0	1	0	0
GSM2404894	2040	HGNET, BCOR	HGNET	Frozen	0	-1	2	0	1	2
GSM2404895	2041	HGNET, MN1	HGNET	Frozen	3	2	1	1	-1	0
GSM2404896	2042	SUBEPN, PF	SUBEPN	Frozen	2	0	1	-1	1	0
GSM2404897	2043	EPN, PF B	EPN	Frozen	3	2	2	2	-1	2
GSM2404898	2044	EPN, PF B	EPN	Frozen	2	2	0	-1	2	1
GSM2404900	2045	EPN, PF B	EPN	Frozen	1	2	-1	1	2	1
GSM2404901	2046	EPN, PF B	EPN	Frozen	1	1	-1	1	1	0
GSM2404902	2047	EPN, PF B	EPN	Frozen	4	0	0	2	1	-1
GSM2404903	2048	LGG, SEGA	LGG	FFPE	2	1	2	-1	2	2
GSM2404905	2049	GBM, MES	GBM	FFPE	4	2	2	1	1	-1
GSM2404907	2050	HGNET, BCOR	HGNET	FFPE	3	0	2	2	-1	0
GSM2404908	2051	O IDH	O IDH	FFPE	4	1	0	2	1	-1
GSM2404909	2052	O IDH	O IDH	FFPE	0	-1	1	1	0	0
GSM2404910	2053	O IDH	O IDH	FFPE	3	1	0	2	-1	1
GSM2404911	2054	GBM, RTK II	GBM	FFPE	0	-1	0	1	0	2
GSM2404912	2055	GBM, MES	GBM	FFPE	4	1	0	2	0	-1
GSM2404913	2056	SUBEPN, SPINE	SUBEPN	FFPE	2	1	0	-1	1	2
GSM2404914	2057	EWS	EWS	FFPE	3	1	2	1	-1	0
GSM2404915	2058	O IDH	O IDH	FFPE	2	2	2	-1	0	1
GSM2404916	2059	LGG, PA PF	LGG	FFPE	2	1	0	-1	2	0
GSM2404917	2060	MB, WNT	MB	FFPE	3	0	1	0	-1	2
GSM2404918	2061	PXA	PXA	FFPE	0	-1	1	2	1	2
GSM2404919	2062	HGNET, BCOR	HGNET	FFPE	2	2	0	-1	1	1
GSM2404920	2063	O IDH	O IDH	FFPE	2	2	0	-1	2	2
GSM2404921	2064	DMG, K27	DMG	FFPE	0	-1	2	1	0	1
GSM2404922	2065	O IDH	O IDH	FFPE	4	2	2	2	2	-1
GSM2404923	2066	GBM, RTK I	GBM	FFPE	1	1	-1	2	1	0
GSM2404924	2067	EPN, YAP	EPN	Frozen	2	0	2	-1	2	1
GSM2404925	2068	SFT HMPC	SFT HMPC	Frozen	4	0	2	0	2	-1
GSM2404926	2069	ATRT, TYR	ATRT	Frozen	4	1	2	0	0	-1
GSM2404927	2070	ATRT, SHH	ATRT	Frozen	4	0	2	2	1	-1
GSM2404928	2071	EPN, PF B	EPN	Frozen	1	1	-1	0	0	2
GSM2404929	2072	EPN, PF B	EPN	Frozen	2	2	2	-1	2	0
GSM2404930	2073	EPN, PF B	EPN	Frozen	2	1	0	-1	2	1
GSM2404931	2074	EPN, PF B	EPN	Frozen	0	-1	2	0	0	0
GSM2404932	2075	EPN, PF B	EPN	Frozen	0	-1	0	1	1	0
GSM2404933	2076	PLEX, PED B	PLEX	FFPE	4	1	1	2	0	-1
GSM2404934	2077	PLEX, PED B	PLEX	FFPE	0	-1	2	1	1	0
GSM2404935	2078	PLEX, PED B	PLEX	FFPE	0	-1	2	1	1	2
GSM2404936	2079	PLEX, PED B	PLEX	FFPE	2	2	2	-1	2	1
GSM2404938	2081	PLEX, AD	PLEX	FFPE	3	0	2	1	-1	2
GSM2404939	2082	PLEX, PED B	PLEX	FFPE	3	2	0	0	-1	0
GSM2404940	2083	PLEX, PED A	PLEX	FFPE	1	2	-1	1	2	2
GSM2404942	2085	PLEX, PED B	PLEX	FFPE	2	1	1	-1	2	1
GSM2404943	2086	PLEX, PED B	PLEX	FFPE	2	2	1	-1	1	2
GSM2404944	2087	PLEX, PED B	PLEX	FFPE	1	2	-1	0	0	2
GSM2404945	2088	PLEX, PED A	PLEX	FFPE	0	-1	1	0	0	1
GSM2404947	2090	PLEX, PED B	PLEX	FFPE	1	0	-1	1	0	0
GSM2404948	2091	PLEX, PED B	PLEX	FFPE	2	1	0	-1	0	0
GSM2404949	2092	PLEX, AD	PLEX	FFPE	0	-1	2	2	2	1
GSM2404950	2093	PLEX, PED A	PLEX	FFPE	4	2	1	2	1	-1
GSM2404951	2094	PLEX, PED B	PLEX	FFPE	0	-1	0	0	0	2
GSM2404952	2095	PLEX, PED A	PLEX	FFPE	1	1	-1	2	2	2
GSM2404953	2096	PLEX, PED B	PLEX	FFPE	4	1	1	0	1	-1
GSM2404954	2097	PLEX, AD	PLEX	FFPE	0	-1	1	2	1	1
GSM2404956	2099	PLEX, PED B	PLEX	FFPE	0	-1	1	1	1	0
GSM2404957	2100	PLEX, PED B	PLEX	FFPE	2	0	0	-1	2	2
GSM2404958	2101	PLEX, PED B	PLEX	FFPE	4	2	2	2	0	-1
GSM2404959	2102	PLEX, PED B	PLEX	FFPE	4	0	2	2	0	-1
GSM2404961	2104	PLEX, PED A	PLEX	FFPE	2	1	2	-1	1	1
GSM2404962	2105	PLEX, PED A	PLEX	FFPE	0	-1	0	2	0	1
GSM2404964	2107	PLEX, PED B	PLEX	FFPE	3	2	1	0	-1	1
GSM2404966	2109	PLEX, AD	PLEX	FFPE	4	1	1	2	2	-1
GSM2404967	2110	PLEX, PED B	PLEX	FFPE	3	1	0	1	-1	1
GSM2404968	2111	PLEX, PED B	PLEX	FFPE	2	2	0	-1	0	1
GSM2404970	2113	PLEX, PED B	PLEX	FFPE	4	1	2	0	2	-1
GSM2404971	2114	PLEX, PED B	PLEX	FFPE	1	0	-1	0	1	2
GSM2404972	2115	PLEX, PED B	PLEX	FFPE	0	-1	2	2	2	2
GSM2404973	2116	PLEX, PED B	PLEX	FFPE	0	-1	1	2	1	1
GSM2404974	2117	PLEX, PED B	PLEX	FFPE	0	-1	2	2	2	2
GSM2404975	2118	PLEX, PED A	PLEX	FFPE	1	0	-1	1	1	0
GSM2404976	2119	PLEX, PED A	PLEX	FFPE	3	1	1	0	-1	0
GSM2404978	2121	PLEX, PED B	PLEX	FFPE	3	1	1	0	-1	0
GSM2404979	2122	PLEX, AD	PLEX	FFPE	4	1	1	1	1	-1
GSM2404981	2124	PLEX, PED B	PLEX	FFPE	3	0	2	1	-1	2
GSM2404982	2125	PLEX, AD	PLEX	FFPE	2	2	0	-1	0	2
GSM2404983	2126	PLEX, AD	PLEX	FFPE	0	-1	2	2	2	1
GSM2404984	2127	PLEX, PED B	PLEX	FFPE	3	2	0	1	-1	0
GSM2404985	2128	PLEX, AD	PLEX	FFPE	1	1	-1	0	1	1
GSM2404986	2129	PLEX, PED B	PLEX	FFPE	1	2	-1	2	2	1
GSM2404987	2130	PLEX, PED B	PLEX	FFPE	4	1	0	2	1	-1
GSM2404989	2132	PLEX, PED B	PLEX	FFPE	2	2	0	-1	0	1
GSM2404990	2133	PLEX, AD	PLEX	FFPE	4	0	1	0	1	-1
GSM2404993	2136	PLEX, PED B	PLEX	FFPE	2	1	1	-1	1	0
GSM2404994	2137	PLEX, PED B	PLEX	FFPE	3	0	1	1	-1	1
GSM2404995	2138	GBM, RTK I	GBM	FFPE	1	1	-1	1	2	0
GSM2404996	2139	EPN, SPINE	EPN	FFPE	1	2	-1	0	2	0
GSM2404997	2140	MB, G3	MB	FFPE	4	0	0	1	1	-1
GSM2404998	2141	GBM, RTK II	GBM	FFPE	4	0	0	2	1	-1
GSM2404999	2142	GBM, RTK I	GBM	FFPE	3	2	1	2	-1	1
GSM2405000	2143	GBM, RTK I	GBM	FFPE	0	-1	1	2	0	1
GSM2405001	2144	GBM, RTK II	GBM	FFPE	3	2	1	0	-1	2
GSM2405002	2145	A IDH	A IDH	FFPE	4	0	1	0	1	-1
GSM2405003	2146	GBM, MES	GBM	FFPE	1	1	-1	0	1	2
GSM2405004	2147	DLGNT	DLGNT	FFPE	4	2	1	2	1	-1
GSM2405005	2148	GBM, RTK III	GBM	FFPE	1	2	-1	0	2	1
GSM2405006	2149	GBM, MYCN	GBM	FFPE	4	2	1	2	0	-1
GSM2405007	2150	GBM, MYCN	GBM	FFPE	2	1	1	-1	2	1
GSM2405009	2152	GBM, RTK III	GBM	FFPE	4	1	2	2	1	-1
GSM2405010	2153	ATRT, SHH	ATRT	Frozen	2	2	0	-1	1	2
GSM2405011	2154	ATRT, SHH	ATRT	Frozen	2	2	2	-1	0	2
GSM2405012	2155	ATRT, TYR	ATRT	Frozen	0	-1	2	2	0	0
GSM2405013	2156	ATRT, MYC	ATRT	Frozen	4	0	0	0	2	-1
GSM2405014	2157	ATRT, TYR	ATRT	Frozen	4	2	1	0	2	-1
GSM2405015	2158	ATRT, SHH	ATRT	Frozen	4	0	2	2	0	-1
GSM2405016	2159	ATRT, MYC	ATRT	Frozen	4	2	0	0	0	-1
GSM2405017	2160	ATRT, TYR	ATRT	Frozen	2	2	0	-1	2	0
GSM2405018	2161	PTPR, B	PTPR	FFPE	3	1	1	2	-1	2
GSM2405019	2162	PTPR, B	PTPR	FFPE	0	-1	2	0	0	1
GSM2405020	2163	PTPR, B	PTPR	FFPE	4	0	1	1	2	-1
GSM2405021	2164	EPN, PF B	EPN	FFPE	3	2	0	2	-1	1
GSM2405022	2165	PITUI	PITUI	FFPE	1	1	-1	2	2	0
GSM2405023	2166	EPN, PF B	EPN	FFPE	3	2	2	2	-1	2
GSM2405024	2167	EPN, PF B	EPN	FFPE	0	-1	2	1	2	1
GSM2405025	2168	GBM, MES	GBM	FFPE	2	2	0	-1	0	0
GSM2405026	2169	GBM, G34	GBM	FFPE	2	1	2	-1	1	1
GSM2405027	2170	GBM, MID	GBM	FFPE	1	0	-1	0	2	2
GSM2405028	2171	GBM, RTK II	GBM	FFPE	3	2	2	1	-1	0
GSM2405029	2172	O IDH	O IDH	FFPE	1	0	-1	2	0	1
GSM2405030	2173	GBM, RTK II	GBM	FFPE	3	0	0	1	-1	1
GSM2405031	2174	GBM, MES	GBM	FFPE	3	0	0	0	-1	0
GSM2405032	2175	PXA	PXA	FFPE	0	-1	1	2	2	2
GSM2405033	2176	PXA	PXA	FFPE	4	2	1	1	0	-1
GSM2405034	2177	PXA	PXA	FFPE	4	0	2	1	0	-1
GSM2405035	2178	A IDH, HG	A IDH	FFPE	2	1	1	-1	1	1
GSM2405036	2179	GBM, RTK I	GBM	FFPE	4	1	2	0	1	-1
GSM2405037	2180	GBM, MES	GBM	FFPE	3	1	1	2	-1	2
GSM2405038	2181	PIN T, PPT	PIN T	FFPE	0	-1	0	2	2	0
GSM2405039	2182	EPN, SPINE	EPN	FFPE	3	0	1	2	-1	2
GSM2405040	2183	O IDH	O IDH	FFPE	2	1	0	-1	1	1
GSM2405041	2184	A IDH	A IDH	FFPE	4	0	2	1	2	-1
GSM2405042	2185	CNS NB, FOXR2	CNS NB	FFPE	0	-1	1	0	0	2
GSM2405043	2186	ATRT, SHH	ATRT	FFPE	3	0	1	0	-1	0
GSM2405044	2187	CPH, ADM	CPH	Frozen	1	1	-1	1	2	0
GSM2405045	2188	CPH, ADM	CPH	Frozen	2	0	0	-1	2	1
GSM2405046	2189	CPH, ADM	CPH	Frozen	1	0	-1	2	0	1
GSM2405047	2190	CPH, ADM	CPH	Frozen	0	-1	0	1	2	1
GSM2405048	2191	CPH, PAP	CPH	Frozen	0	-1	2	2	0	1
GSM2405049	2192	CPH, ADM	CPH	Frozen	3	0	1	0	-1	2
GSM2405050	2193	CPH, ADM	CPH	Frozen	1	1	-1	0	0	1
GSM2405051	2194	CPH, ADM	CPH	Frozen	4	0	1	2	1	-1
GSM2405052	2195	CPH, PAP	CPH	Frozen	2	0	0	-1	2	2
GSM2405053	2196	CPH, PAP	CPH	Frozen	4	0	2	0	0	-1
GSM2405054	2197	PXA	PXA	FFPE	4	0	0	1	2	-1
GSM2405055	2198	GBM, MID	GBM	FFPE	1	1	-1	0	2	2
GSM2405056	2199	GBM, RTK II	GBM	FFPE	2	1	0	-1	1	0
GSM2405057	2200	O IDH	O IDH	FFPE	0	-1	2	1	0	1
GSM2405058	2201	GBM, RTK II	GBM	FFPE	4	2	1	1	1	-1
GSM2405059	2202	GBM, RTK II	GBM	FFPE	2	1	2	-1	2	0
GSM2405061	2204	EFT, CIC	EFT	FFPE	3	2	2	2	-1	0
GSM2405062	2205	MB, SHH INF	MB	Frozen	3	0	1	2	-1	1
GSM2405063	2206	LGG, MYB	LGG	FFPE	2	2	2	-1	0	1
GSM2405064	2207	LGG, DIG/DIA	LGG	FFPE	4	0	0	2	0	-1
GSM2405065	2208	HGNET, BCOR	HGNET	FFPE	1	1	-1	1	2	0
GSM2405066	2209	A IDH	A IDH	FFPE	4	1	1	1	2	-1
GSM2405067	2210	GBM, RTK II	GBM	FFPE	2	2	2	-1	1	1
GSM2405068	2211	EPN, MPE	EPN	FFPE	1	0	-1	1	0	0
GSM2405069	2212	GBM, MES	GBM	FFPE	0	-1	1	1	1	1
GSM2405070	2213	MELAN	MELAN	FFPE	4	0	1	0	1	-1
GSM2405071	2214	ETMR	ETMR	FFPE	2	2	0	-1	2	2
GSM2405072	2215	A IDH	A IDH	FFPE	0	-1	0	2	0	1
GSM2405073	2216	CONTR, REACT	CONTR	FFPE	4	1	1	0	1	-1
GSM2405074	2217	GBM, RTK I	GBM	FFPE	0	-1	1	1	1	1
GSM2405075	2218	HGNET, BCOR	HGNET	FFPE	0	-1	1	0	1	0
GSM2405076	2219	PXA	PXA	FFPE	0	-1	1	1	2	1
GSM2405077	2220	GBM, MES	GBM	FFPE	1	0	-1	0	2	1
GSM2405078	2221	EPN, PF A	EPN	Frozen	2	1	2	-1	1	0
GSM2405079	2222	EPN, PF A	EPN	Frozen	0	-1	2	0	0	2
GSM2405080	2223	EPN, RELA	EPN	Frozen	1	1	-1	2	2	2
GSM2405081	2224	ATRT, TYR	ATRT	Frozen	3	2	2	1	-1	1
GSM2405082	2225	MB, SHH INF	MB	Frozen	2	0	0	-1	0	2
GSM2405083	2226	PTPR, B	PTPR	Frozen	0	-1	0	1	0	1
GSM2405084	2227	A IDH	A IDH	FFPE	4	2	0	0	2	-1
GSM2405085	2228	LGG, DNT	LGG	FFPE	3	0	1	1	-1	0
GSM2405086	2229	PIN T, PPT	PIN T	FFPE	4	2	1	0	2	-1
GSM2405087	2230	GBM, RTK II	GBM	FFPE	2	0	2	-1	1	0
GSM2405088	2231	GBM, RTK I	GBM	FFPE	0	-1	0	2	1	2
GSM2405089	2232	O IDH	O IDH	FFPE	3	0	1	1	-1	1
GSM2405090	2233	EFT, CIC	EFT	FFPE	1	2	-1	1	2	1
GSM2405091	2234	A IDH	A IDH	FFPE	1	0	-1	1	2	0
GSM2405092	2235	O IDH	O IDH	FFPE	1	1	-1	2	1	1
GSM2405093	2236	PLASMA	PLASMA	FFPE	2	1	1	-1	0	0
GSM2405094	2237	SFT HMPC	SFT HMPC	FFPE	3	0	0	1	-1	2
GSM2405095	2238	LGG, RGNT	LGG	FFPE	4	2	0	0	0	-1
GSM2405096	2239	O IDH	O IDH	Frozen	3	1	1	2	-1	0
GSM2405097	2240	A IDH	A IDH	Frozen	1	1	-1	0	2	0
GSM2405098	2241	A IDH	A IDH	Frozen	1	1	-1	0	1	2
GSM2405099	2242	A IDH	A IDH	Frozen	1	1	-1	1	1	1
GSM2405100	2243	A IDH	A IDH	Frozen	1	2	-1	2	1	2
GSM2405101	2244	A IDH	A IDH	Frozen	3	0	2	1	-1	1
GSM2405102	2245	A IDH	A IDH	Frozen	0	-1	0	1	0	2
GSM2405103	2246	EPN, SPINE	EPN	FFPE	4	2	0	2	0	-1
GSM2405104	2247	GBM, RTK II	GBM	FFPE	2	2	2	-1	2	0
GSM2405105	2248	A IDH, HG	A IDH	FFPE	4	1	0	2	0	-1
GSM2405106	2249	EFT, CIC	EFT	FFPE	3	1	2	2	-1	1
GSM2405107	2250	PLASMA	PLASMA	FFPE	3	2	0	0	-1	2
GSM2405108	2251	EPN, SPINE	EPN	FFPE	0	-1	1	0	0	2
GSM2405109	2252	O IDH	O IDH	FFPE	1	0	-1	0	0	2
GSM2405110	2253	GBM, RTK II	GBM	FFPE	0	-1	1	1	1	1
GSM2405111	2254	GBM, MID	GBM	FFPE	0	-1	2	2	1	1
GSM2405112	2255	GBM, RTK II	GBM	FFPE	3	2	2	0	-1	1
GSM2405113	2256	PLASMA	PLASMA	FFPE	4	2	0	2	0	-1
GSM2405114	2257	LGG, PA MID	LGG	FFPE	4	0	2	1	2	-1
GSM2405115	2258	GBM, RTK I	GBM	FFPE	1	1	-1	2	1	2
GSM2405116	2259	O IDH	O IDH	FFPE	4	1	0	0	1	-1
GSM2405117	2260	PIN T, PB A	PIN T	FFPE	0	-1	2	2	0	2
GSM2405118	2261	MB, G4	MB	FFPE	4	0	2	2	0	-1
GSM2405119	2262	LGG, PA PF	LGG	FFPE	0	-1	2	0	1	2
GSM2405120	2263	A IDH	A IDH	FFPE	0	-1	1	0	2	2
GSM2405121	2264	HGNET, MN1	HGNET	FFPE	1	0	-1	2	2	2
GSM2405122	2265	HMB	HMB	FFPE	0	-1	0	0	2	1
GSM2405123	2266	HMB	HMB	FFPE	1	1	-1	1	0	0
GSM2405124	2267	A IDH	A IDH	FFPE	2	0	2	-1	1	1
GSM2405125	2268	ANA PA	ANA PA	FFPE	0	-1	1	1	2	0
GSM2405126	2269	CHORDM	CHORDM	FFPE	0	-1	1	0	0	0
GSM2405127	2270	CHORDM	CHORDM	FFPE	3	2	1	0	-1	1
GSM2405128	2271	CHORDM	CHORDM	FFPE	4	0	2	1	1	-1
GSM2405129	2272	MB, G4	MB	FFPE	1	2	-1	0	2	2
GSM2405130	2273	GBM, MES	GBM	FFPE	2	2	1	-1	1	2
GSM2405131	2274	GBM, RTK I	GBM	Frozen	2	2	2	-1	1	2
GSM2405132	2275	GBM, RTK I	GBM	Frozen	4	2	2	0	2	-1
GSM2405133	2276	GBM, RTK II	GBM	Frozen	1	1	-1	1	1	0
GSM2405134	2277	GBM, RTK II	GBM	Frozen	1	2	-1	0	2	0
GSM2405135	2278	GBM, RTK I	GBM	Frozen	0	-1	2	1	2	0
GSM2405136	2279	GBM, MES	GBM	Frozen	1	0	-1	2	0	1
GSM2405137	2280	CONTR, INFLAM	CONTR	Frozen	4	1	0	0	1	-1
GSM2405138	2281	GBM, RTK II	GBM	Frozen	2	2	2	-1	2	2
GSM2405139	2282	CONTR, INFLAM	CONTR	Frozen	3	2	2	1	-1	1
GSM2405140	2283	GBM, MES	GBM	Frozen	3	2	0	2	-1	1
GSM2405141	2284	EWS	EWS	Frozen	1	2	-1	2	1	2
GSM2405142	2285	GBM, RTK II	GBM	FFPE	0	-1	2	2	1	2
GSM2405143	2286	GBM, RTK I	GBM	FFPE	4	2	2	0	0	-1
GSM2405144	2287	MB, G4	MB	FFPE	1	1	-1	1	1	2
GSM2405145	2288	LGG, PA/GG ST	LGG	FFPE	4	2	1	1	2	-1
GSM2405146	2289	A IDH	A IDH	FFPE	0	-1	2	0	0	2
GSM2405147	2290	A IDH, HG	A IDH	FFPE	0	-1	1	0	2	0
GSM2405148	2291	GBM, MID	GBM	FFPE	2	0	1	-1	2	0
GSM2405149	2292	GBM, RTK I	GBM	FFPE	3	0	0	1	-1	0
GSM2405150	2293	GBM, RTK I	GBM	FFPE	2	1	1	-1	0	1
GSM2405151	2294	GBM, RTK II	GBM	FFPE	0	-1	1	0	0	0
GSM2405152	2295	O IDH	O IDH	FFPE	0	-1	2	2	2	0
GSM2405153	2296	PXA	PXA	FFPE	2	0	2	-1	1	2
GSM2405154	2297	LGG, PA PF	LGG	FFPE	1	2	-1	2	0	2
GSM2405155	2298	O IDH	O IDH	FFPE	3	1	0	0	-1	1
GSM2405156	2299	PLASMA	PLASMA	FFPE	4	1	2	1	2	-1
GSM2405157	2300	GBM, MES	GBM	FFPE	3	0	2	1	-1	0
GSM2405158	2301	EPN, MPE	EPN	FFPE	2	1	1	-1	1	1
GSM2405159	2302	LYMPHO	LYMPHO	FFPE	1	0	-1	2	1	0
GSM2405160	2303	O IDH	O IDH	FFPE	0	-1	0	2	2	2
GSM2405161	2304	PIN T, PPT	PIN T	FFPE	4	1	2	2	1	-1
GSM2405162	2305	GBM, RTK I	GBM	Frozen	3	2	1	1	-1	1
GSM2405163	2306	GBM, RTK II	GBM	Frozen	1	0	-1	0	1	1
GSM2405164	2307	GBM, MES	GBM	Frozen	0	-1	0	0	0	0
GSM2405165	2308	GBM, RTK I	GBM	Frozen	4	1	2	0	2	-1
GSM2405166	2309	GBM, RTK I	GBM	Frozen	3	0	1	0	-1	0
GSM2405167	2310	GBM, RTK I	GBM	Frozen	2	0	1	-1	0	0
GSM2405168	2311	GBM, RTK II	GBM	Frozen	4	0	1	0	0	-1
GSM2405169	2312	GBM, RTK II	GBM	Frozen	4	0	0	0	1	-1
GSM2405170	2313	A IDH	A IDH	Frozen	3	1	0	2	-1	0
GSM2405171	2314	A IDH	A IDH	Frozen	1	0	-1	0	0	0
GSM2405172	2315	O IDH	O IDH	Frozen	4	1	0	0	0	-1
GSM2405173	2316	O IDH	O IDH	Frozen	4	0	0	0	1	-1
GSM2405174	2317	O IDH	O IDH	Frozen	0	-1	2	2	2	2
GSM2405175	2318	PIN T, PB B	PIN T	Frozen	0	-1	0	2	0	1
GSM2405176	2319	GBM, RTK I	GBM	FFPE	4	2	2	0	0	-1
GSM2405177	2320	GBM, RTK II	GBM	FFPE	3	2	1	2	-1	1
GSM2405178	2321	CONTR, INFLAM	CONTR	Frozen	4	2	1	2	1	-1
GSM2405179	2322	GBM, RTK I	GBM	Frozen	4	1	1	0	0	-1
GSM2405180	2323	GBM, RTK II	GBM	FFPE	3	2	1	2	-1	1
GSM2405181	2324	EPN, MPE	EPN	FFPE	3	1	1	1	-1	0
GSM2405182	2325	CHORDM	CHORDM	FFPE	3	0	0	2	-1	2
GSM2405183	2326	CHORDM	CHORDM	FFPE	0	-1	1	2	2	1
GSM2405184	2327	PLASMA	PLASMA	FFPE	3	0	1	1	-1	1
GSM2405185	2328	PLASMA	PLASMA	FFPE	1	2	-1	0	1	1
GSM2405186	2329	LGG, RGNT	LGG	FFPE	3	0	2	1	-1	1
GSM2405187	2330	GBM, RTK I	GBM	FFPE	4	1	0	2	0	-1
GSM2405188	2331	GBM, RTK II	GBM	FFPE	1	0	-1	1	0	2
GSM2405189	2332	GBM, RTK I	GBM	Frozen	2	2	1	-1	2	0
GSM2405190	2333	GBM, MES	GBM	Frozen	2	2	2	-1	1	2
GSM2405191	2334	CONTR, INFLAM	CONTR	Frozen	0	-1	0	2	0	1
GSM2405192	2335	CONTR, INFLAM	CONTR	Frozen	2	0	1	-1	1	0
GSM2405193	2336	DMG, K27	DMG	Frozen	3	1	1	1	-1	0
GSM2405194	2337	GBM, G34	GBM	Frozen	2	2	2	-1	1	2
GSM2405195	2338	O IDH	O IDH	Frozen	1	0	-1	0	0	1
GSM2405196	2339	O IDH	O IDH	Frozen	3	0	2	0	-1	2
GSM2405197	2340	A IDH	A IDH	Frozen	3	1	2	0	-1	1
GSM2405198	2341	A IDH	A IDH	Frozen	2	1	0	-1	1	0
GSM2405199	2342	A IDH, HG	A IDH	Frozen	0	-1	0	0	0	2
GSM2405200	2343	GBM, RTK I	GBM	Frozen	2	1	1	-1	0	1
GSM2405201	2344	EPN, PF B	EPN	Frozen	1	1	-1	1	1	1
GSM2405202	2345	ETMR	ETMR	Frozen	0	-1	0	0	0	0
GSM2405203	2346	PXA	PXA	FFPE	0	-1	1	2	0	1
GSM2405204	2347	HGNET, BCOR	HGNET	FFPE	4	1	1	2	0	-1
GSM2405205	2348	O IDH	O IDH	FFPE	4	0	2	2	1	-1
GSM2405206	2349	LYMPHO	LYMPHO	FFPE	3	2	2	0	-1	0
GSM2405207	2350	O IDH	O IDH	FFPE	1	2	-1	0	2	0
GSM2405208	2351	PIN T, PB A	PIN T	FFPE	3	1	0	0	-1	1
GSM2405209	2352	MB, G4	MB	FFPE	1	1	-1	0	1	1
GSM2405210	2353	ATRT, MYC	ATRT	FFPE	4	0	1	2	2	-1
GSM2405211	2354	ATRT, TYR	ATRT	FFPE	3	2	1	1	-1	0
GSM2405212	2355	GBM, MES	GBM	FFPE	3	0	1	1	-1	0
GSM2405213	2356	GBM, RTK III	GBM	Frozen	1	1	-1	1	1	1
GSM2405214	2357	GBM, RTK II	GBM	FFPE	2	1	2	-1	2	1
GSM2405215	2358	HGNET, BCOR	HGNET	FFPE	4	0	1	2	1	-1
GSM2405216	2359	LGG, PA MID	LGG	FFPE	2	2	0	-1	0	2
GSM2405217	2360	GBM, RTK I	GBM	FFPE	4	0	0	1	0	-1
GSM2405218	2361	SFT HMPC	SFT HMPC	FFPE	4	1	0	2	2	-1
GSM2405219	2362	A IDH	A IDH	FFPE	4	0	1	1	2	-1
GSM2405220	2363	IHG	IHG	Frozen	2	0	0	-1	2	0
GSM2405221	2364	HGNET, BCOR	HGNET	Frozen	1	2	-1	0	1	1
GSM2405222	2365	GBM, RTK II	GBM	FFPE	4	2	2	2	0	-1
GSM2405223	2366	CONTR, INFLAM	CONTR	FFPE	1	1	-1	0	0	0
GSM2405224	2367	RETB	RETB	Frozen	2	2	1	-1	0	2
GSM2405225	2368	RETB	RETB	Frozen	1	2	-1	1	0	1
GSM2405226	2369	RETB	RETB	Frozen	0	-1	0	1	1	2
GSM2405227	2370	GBM, MES	GBM	FFPE	3	2	1	2	-1	1
GSM2405228	2371	LGG, DNT	LGG	FFPE	1	0	-1	1	1	2
GSM2405229	2372	RETB	RETB	Frozen	3	1	1	0	-1	1
GSM2405230	2373	RETB	RETB	Frozen	2	0	1	-1	2	0
GSM2405231	2374	RETB	RETB	Frozen	0	-1	2	1	1	2
GSM2405232	2375	RETB	RETB	Frozen	1	1	-1	0	2	0
GSM2405233	2376	RETB	RETB	Frozen	4	2	0	0	0	-1
GSM2405234	2377	RETB	RETB	Frozen	1	1	-1	0	0	0
GSM2405235	2378	RETB	RETB	Frozen	0	-1	2	2	1	1
GSM2405236	2379	RETB	RETB	Frozen	1	0	-1	0	2	0
GSM2405237	2380	RETB	RETB	Frozen	2	0	2	-1	1	1
GSM2405238	2381	RETB	RETB	Frozen	4	1	2	2	0	-1
GSM2405239	2382	RETB	RETB	Frozen	3	2	2	1	-1	1
GSM2405240	2383	ANA PA	ANA PA	FFPE	0	-1	1	1	0	1
GSM2405241	2384	ANA PA	ANA PA	FFPE	2	2	2	-1	1	1
GSM2405242	2385	ENB, A	ENB	FFPE	3	1	1	1	-1	2
GSM2405243	2386	ENB, B	ENB	FFPE	3	2	2	0	-1	2
GSM2405244	2387	ENB, A	ENB	FFPE	0	-1	0	1	0	0
GSM2405245	2388	GBM, RTK I	GBM	FFPE	2	0	0	-1	2	0
GSM2405246	2389	GBM, RTK II	GBM	FFPE	4	2	0	1	0	-1
GSM2405247	2390	CPH, PAP	CPH	FFPE	3	2	1	1	-1	1
GSM2405248	2391	O IDH	O IDH	FFPE	4	0	2	1	0	-1
GSM2405249	2392	A IDH	A IDH	FFPE	0	-1	1	2	1	0
GSM2405250	2393	LGG, PA/GG ST	LGG	FFPE	4	0	2	0	2	-1
GSM2405251	2394	ATRT, MYC	ATRT	FFPE	4	2	2	1	0	-1
GSM2405252	2395	LGG, PA MID	LGG	FFPE	4	2	0	2	0	-1
GSM2405253	2396	A IDH	A IDH	Frozen	1	1	-1	1	1	2
GSM2405254	2397	RETB	RETB	Frozen	2	2	1	-1	0	2
GSM2405255	2398	RETB	RETB	Frozen	3	1	0	2	-1	0
GSM2405256	2399	RETB	RETB	Frozen	4	0	0	1	1	-1
GSM2405257	2400	RETB	RETB	Frozen	0	-1	0	2	2	2
GSM2405258	2401	RETB	RETB	Frozen	4	0	1	2	2	-1
GSM2405259	2402	ENB, B	ENB	FFPE	2	1	2	-1	2	2
GSM2405260	2403	ENB, B	ENB	FFPE	2	0	1	-1	0	1
GSM2405261	2404	ENB, A	ENB	FFPE	4	0	1	1	2	-1
GSM2405262	2405	ENB, A	ENB	FFPE	0	-1	0	0	2	1
GSM2405263	2406	ENB, B	ENB	FFPE	4	0	0	2	1	-1
GSM2405264	2407	ENB, A	ENB	FFPE	4	0	2	0	1	-1
GSM2405265	2408	GBM, RTK II	GBM	FFPE	1	2	-1	0	1	1
GSM2405266	2409	CPH, PAP	CPH	FFPE	3	0	1	0	-1	0
GSM2405267	2410	MB, G4	MB	FFPE	2	0	0	-1	1	2
GSM2405268	2411	LGG, DNT	LGG	FFPE	1	0	-1	0	1	2
GSM2405269	2412	ANA PA	ANA PA	FFPE	1	2	-1	1	2	0
GSM2405270	2413	GBM, RTK II	GBM	FFPE	0	-1	0	0	2	2
GSM2405271	2414	CN	CN	FFPE	0	-1	0	1	0	1
GSM2405272	2415	GBM, RTK II	GBM	FFPE	0	-1	0	1	2	2
GSM2405273	2416	GBM, RTK I	GBM	FFPE	0	-1	2	2	2	0
GSM2405274	2417	LGG, PA MID	LGG	FFPE	4	0	0	0	1	-1
GSM2405275	2418	ANA PA	ANA PA	FFPE	2	2	0	-1	1	0
GSM2405276	2419	A IDH, HG	A IDH	FFPE	2	1	2	-1	2	2
GSM2405277	2420	MB, G4	MB	Frozen	2	2	2	-1	0	1
GSM2405278	2421	EWS	EWS	Frozen	1	1	-1	2	0	0
GSM2405279	2422	A IDH, HG	A IDH	FFPE	4	2	2	0	1	-1
GSM2405280	2423	GBM, RTK II	GBM	FFPE	0	-1	2	1	2	0
GSM2405281	2424	GBM, RTK I	GBM	FFPE	3	2	0	0	-1	1
GSM2405282	2425	O IDH	O IDH	FFPE	1	0	-1	1	2	1
GSM2405283	2426	CONTR, REACT	CONTR	FFPE	0	-1	2	1	2	1
GSM2405284	2427	LGG, PA/GG ST	LGG	FFPE	3	2	0	0	-1	1
GSM2405285	2428	LGG, DNT	LGG	FFPE	0	-1	0	0	2	1
GSM2405286	2429	A IDH	A IDH	FFPE	0	-1	0	0	1	0
GSM2405287	2430	A IDH	A IDH	FFPE	3	1	0	2	-1	2
GSM2405288	2431	O IDH	O IDH	FFPE	2	2	1	-1	0	0
GSM2405289	2432	CONTR, REACT	CONTR	FFPE	0	-1	1	2	0	2
GSM2405290	2433	GBM, RTK II	GBM	FFPE	0	-1	2	2	1	1
GSM2405291	2434	O IDH	O IDH	FFPE	3	2	2	1	-1	1
GSM2405292	2435	MB, SHH CHL AD	MB	FFPE	1	0	-1	2	2	0
GSM2405293	2436	DMG, K27	DMG	Frozen	0	-1	0	0	0	0
GSM2405294	2437	DMG, K27	DMG	Frozen	1	0	-1	1	2	1
GSM2405295	2438	DMG, K27	DMG	Frozen	2	2	0	-1	1	2
GSM2405296	2439	GBM, RTK I	GBM	FFPE	3	0	2	1	-1	1
GSM2405297	2440	GBM, RTK II	GBM	FFPE	3	2	2	0	-1	0
GSM2405298	2441	A IDH	A IDH	FFPE	3	1	2	1	-1	2
GSM2405299	2442	A IDH, HG	A IDH	FFPE	1	1	-1	1	2	0
GSM2405300	2443	O IDH	O IDH	FFPE	1	1	-1	2	1	2
GSM2405301	2444	LGG, PA PF	LGG	FFPE	3	2	1	1	-1	2
GSM2405302	2445	A IDH	A IDH	FFPE	2	1	2	-1	0	1
GSM2405303	2446	MB, SHH CHL AD	MB	FFPE	4	2	0	0	2	-1
GSM2405304	2447	SFT HMPC	SFT HMPC	FFPE	0	-1	0	2	0	1
GSM2405305	2448	A IDH, HG	A IDH	FFPE	4	2	1	2	1	-1
GSM2405306	2449	GBM, MES	GBM	FFPE	4	2	1	1	2	-1
GSM2405307	2450	MB, SHH CHL AD	MB	FFPE	4	0	0	1	0	-1
GSM2405308	2451	IHG	IHG	FFPE	4	2	1	2	1	-1
GSM2405309	2452	GBM, RTK II	GBM	FFPE	1	0	-1	2	1	1
GSM2405310	2453	ANA PA	ANA PA	FFPE	4	1	1	2	1	-1
GSM2405311	2454	GBM, MYCN	GBM	FFPE	3	1	2	0	-1	2
GSM2405312	2455	IHG	IHG	FFPE	2	1	1	-1	0	0
GSM2405313	2456	GBM, RTK II	GBM	FFPE	4	2	2	1	2	-1
GSM2405314	2457	SFT HMPC	SFT HMPC	FFPE	1	2	-1	0	0	1
GSM2405315	2458	MB, G3	MB	FFPE	4	2	0	0	1	-1
GSM2405316	2459	A IDH	A IDH	FFPE	1	0	-1	1	0	0
GSM2405317	2460	GBM, MES	GBM	FFPE	4	0	0	1	2	-1
GSM2405318	2461	LGG, DNT	LGG	FFPE	1	1	-1	1	2	1
GSM2405319	2462	MB, WNT	MB	FFPE	0	-1	1	1	1	2
GSM2405320	2463	GBM, RTK II	GBM	FFPE	1	0	-1	2	0	1
GSM2405321	2464	MB, G4	MB	FFPE	2	2	0	-1	0	0
GSM2405322	2465	EWS	EWS	Frozen	3	0	2	2	-1	1
GSM2405323	2466	MB, G4	MB	FFPE	0	-1	1	2	1	2
GSM2405324	2467	GBM, RTK II	GBM	FFPE	2	1	0	-1	2	2
GSM2405325	2468	GBM, RTK II	GBM	FFPE	3	1	2	0	-1	0
GSM2405326	2469	A IDH, HG	A IDH	FFPE	4	0	0	0	1	-1
GSM2405327	2470	O IDH	O IDH	FFPE	3	1	0	0	-1	2
GSM2405328	2471	GBM, RTK II	GBM	FFPE	1	1	-1	2	1	0
GSM2405329	2472	GBM, MES	GBM	FFPE	1	0	-1	0	1	1
GSM2405330	2473	LGG, PA/GG ST	LGG	FFPE	3	2	0	0	-1	1
GSM2405331	2474	GBM, MID	GBM	FFPE	4	1	0	0	0	-1
GSM2405332	2475	ANA PA	ANA PA	FFPE	2	1	2	-1	0	1
GSM2405333	2476	GBM, MID	GBM	FFPE	3	2	0	1	-1	2
GSM2405334	2477	LGG, PA/GG ST	LGG	FFPE	0	-1	2	1	1	2
GSM2405335	2478	SCHW	SCHW	FFPE	1	1	-1	0	0	1
GSM2405336	2479	PXA	PXA	FFPE	1	0	-1	0	0	1
GSM2405337	2480	PXA	PXA	FFPE	4	1	0	1	0	-1
GSM2405338	2481	HGNET, BCOR	HGNET	FFPE	0	-1	1	2	2	2
GSM2405339	2482	MNG	MNG	FFPE	1	2	-1	0	0	1
GSM2405340	2483	O IDH	O IDH	FFPE	4	2	2	0	2	-1
GSM2405341	2484	EPN, MPE	EPN	FFPE	4	0	2	2	0	-1
GSM2405342	2485	A IDH, HG	A IDH	FFPE	4	1	1	0	2	-1
GSM2405343	2486	MNG	MNG	Frozen	2	2	2	-1	2	1
GSM2405344	2487	MNG	MNG	Frozen	4	2	2	0	1	-1
GSM2405345	2488	MNG	MNG	Frozen	2	1	2	-1	0	1
GSM2405346	2489	MNG	MNG	Frozen	0	-1	1	0	2	1
GSM2405347	2490	MNG	MNG	Frozen	4	2	0	0	0	-1
GSM2405348	2491	MNG	MNG	Frozen	2	1	1	-1	0	1
GSM2405349	2492	MNG	MNG	Frozen	4	0	2	1	1	-1
GSM2405350	2493	MNG	MNG	FFPE	0	-1	1	0	1	0
GSM2405351	2494	MNG	MNG	FFPE	2	1	2	-1	2	0
GSM2405352	2495	MNG	MNG	Frozen	1	0	-1	0	1	1
GSM2405353	2496	MNG	MNG	Frozen	2	2	0	-1	2	2
GSM2405354	2497	MNG	MNG	Frozen	0	-1	2	2	1	1
GSM2405355	2498	MNG	MNG	FFPE	1	2	-1	1	0	1
GSM2405356	2499	MNG	MNG	FFPE	2	0	0	-1	0	1
GSM2405357	2500	MNG	MNG	FFPE	4	2	0	0	0	-1
GSM2405358	2501	MNG	MNG	FFPE	3	1	0	0	-1	1
GSM2405359	2502	MNG	MNG	FFPE	0	-1	0	1	0	0
GSM2405360	2503	MNG	MNG	FFPE	1	1	-1	1	2	2
GSM2405361	2504	MNG	MNG	FFPE	3	0	0	2	-1	2
GSM2405362	2505	MNG	MNG	FFPE	4	0	1	0	2	-1
GSM2405363	2506	MNG	MNG	FFPE	4	0	1	1	2	-1
GSM2405364	2507	PIN T, PPT	PIN T	FFPE	4	0	2	1	2	-1
GSM2405365	2508	PIN T, PPT	PIN T	FFPE	0	-1	1	2	1	2
GSM2405366	2509	PTPR, B	PTPR	FFPE	1	2	-1	0	0	0
GSM2405367	2510	PTPR, B	PTPR	FFPE	1	1	-1	1	2	0
GSM2405368	2511	LGG, RGNT	LGG	FFPE	0	-1	0	0	2	2
GSM2405369	2512	LGG, RGNT	LGG	FFPE	0	-1	1	2	1	0
GSM2405370	2513	EWS	EWS	FFPE	0	-1	1	0	2	1
GSM2405371	2514	MB, SHH INF	MB	FFPE	4	0	0	2	1	-1
GSM2405372	2515	ATRT, TYR	ATRT	FFPE	4	1	0	2	2	-1
GSM2405373	2516	GBM, RTK II	GBM	FFPE	4	0	1	0	2	-1
GSM2405374	2517	PXA	PXA	FFPE	2	1	0	-1	0	2
GSM2405375	2518	GBM, RTK I	GBM	FFPE	3	2	0	2	-1	1
GSM2405376	2519	GBM, RTK II	GBM	FFPE	0	-1	0	2	0	1
GSM2405377	2520	GBM, RTK II	GBM	FFPE	2	2	0	-1	2	0
GSM2405378	2521	LGG, PA MID	LGG	Frozen	3	0	2	2	-1	2
GSM2405379	2522	ANA PA	ANA PA	FFPE	2	0	2	-1	2	1
GSM2405380	2523	GBM, RTK III	GBM	FFPE	0	-1	2	0	1	0
GSM2405381	2524	A IDH, HG	A IDH	FFPE	3	1	1	1	-1	0
GSM2405382	2525	ANA PA	ANA PA	FFPE	4	1	1	1	2	-1
GSM2405383	2526	GBM, RTK II	GBM	FFPE	1	1	-1	0	2	1
GSM2405384	2527	MB, G4	MB	FFPE	3	2	1	1	-1	1
GSM2405385	2528	A IDH	A IDH	FFPE	1	0	-1	2	2	1
GSM2405386	2529	A IDH	A IDH	FFPE	4	2	2	2	1	-1
GSM2405387	2530	LGG, GG	LGG	FFPE	4	2	1	1	0	-1
GSM2405388	2531	GBM, MES	GBM	FFPE	2	2	2	-1	2	0
GSM2405389	2532	A IDH	A IDH	FFPE	2	2	2	-1	2	2
GSM2405390	2533	CONTR, ADENOPIT	CONTR	FFPE	4	1	0	2	0	-1
GSM2405391	2534	CONTR, PONS	CONTR	FFPE	2	1	0	-1	2	0
GSM2405392	2535	CONTR, PONS	CONTR	FFPE	3	0	1	0	-1	1
GSM2405393	2536	CONTR, WM	CONTR	FFPE	4	2	0	0	0	-1
GSM2405394	2537	CONTR, PINEAL	CONTR	FFPE	3	1	2	2	-1	1
GSM2405395	2538	CONTR, PINEAL	CONTR	FFPE	4	0	2	1	2	-1
GSM2405396	2539	CONTR, PONS	CONTR	FFPE	1	2	-1	2	1	2
GSM2405397	2540	CONTR, PONS	CONTR	FFPE	1	0	-1	1	1	2
GSM2405398	2541	CONTR, WM	CONTR	FFPE	1	1	-1	1	2	0
GSM2405399	2542	CONTR, PONS	CONTR	FFPE	2	0	0	-1	1	1
GSM2405400	2543	CONTR, PONS	CONTR	FFPE	4	1	2	1	2	-1
GSM2405401	2544	CONTR, PONS	CONTR	FFPE	4	2	1	1	0	-1
GSM2405404	2547	CONTR, PINEAL	CONTR	FFPE	3	1	0	1	-1	2
GSM2405405	2548	CONTR, PONS	CONTR	FFPE	3	1	0	0	-1	1
GSM2405406	2549	CONTR, PONS	CONTR	FFPE	0	-1	2	0	0	2
GSM2405407	2550	CONTR, PONS	CONTR	FFPE	0	-1	1	2	2	0
GSM2405408	2551	CONTR, ADENOPIT	CONTR	FFPE	0	-1	2	1	2	2
GSM2405409	2552	CNS NB, FOXR2	CNS NB	FFPE	4	2	2	1	1	-1
GSM2405410	2553	PIN T, PB A	PIN T	FFPE	3	2	1	0	-1	1
GSM2405411	2554	PIN T, PB B	PIN T	FFPE	0	-1	2	0	2	2
GSM2405412	2555	CNS NB, FOXR2	CNS NB	FFPE	0	-1	1	2	2	0
GSM2405413	2556	CNS NB, FOXR2	CNS NB	FFPE	3	0	1	0	-1	2
GSM2405414	2557	HGNET, BCOR	HGNET	FFPE	3	0	2	0	-1	1
GSM2405415	2558	CNS NB, FOXR2	CNS NB	FFPE	4	1	0	0	1	-1
GSM2405416	2559	CNS NB, FOXR2	CNS NB	FFPE	2	1	2	-1	2	1
GSM2405417	2560	PIN T, PB B	PIN T	FFPE	3	0	2	2	-1	2
GSM2405418	2561	CNS NB, FOXR2	CNS NB	FFPE	3	0	0	1	-1	1
GSM2405419	2562	PIN T, PB B	PIN T	FFPE	4	2	2	1	1	-1
GSM2405420	2563	PIN T, PB B	PIN T	FFPE	3	0	0	2	-1	1
GSM2405421	2564	PIN T, PB B	PIN T	FFPE	4	2	1	1	1	-1
GSM2405422	2565	PIN T, PB B	PIN T	FFPE	3	0	1	0	-1	0
GSM2405423	2566	CNS NB, FOXR2	CNS NB	FFPE	0	-1	1	0	1	2
GSM2405424	2567	PIN T, PB A	PIN T	FFPE	2	0	0	-1	1	0
GSM2405425	2568	PIN T, PB B	PIN T	FFPE	2	1	1	-1	0	2
GSM2405426	2569	LGG, PA MID	LGG	FFPE	1	0	-1	0	0	0
GSM2405427	2570	GBM, RTK II	GBM	FFPE	4	1	0	2	2	-1
GSM2405428	2571	GBM, MID	GBM	FFPE	0	-1	0	1	2	1
GSM2405429	2572	PITAD, PRL	PITAD	FFPE	4	0	0	0	2	-1
GSM2405430	2573	PITUI	PITUI	FFPE	3	0	1	1	-1	2
GSM2405431	2574	PITUI	PITUI	FFPE	2	2	2	-1	1	2
GSM2405432	2575	PITUI	PITUI	FFPE	4	1	0	2	0	-1
GSM2405433	2576	GBM, RTK I	GBM	FFPE	1	0	-1	1	1	2
GSM2405434	2577	LGG, RGNT	LGG	FFPE	4	2	2	2	0	-1
GSM2405435	2578	IHG	IHG	Frozen	3	2	0	1	-1	1
GSM2405436	2579	A IDH, HG	A IDH	FFPE	1	1	-1	0	2	2
GSM2405437	2580	GBM, RTK I	GBM	FFPE	2	2	0	-1	1	0
GSM2405438	2581	ATRT, SHH	ATRT	FFPE	4	0	2	0	2	-1
GSM2405439	2582	GBM, MES	GBM	FFPE	0	-1	0	2	0	2
GSM2405440	2583	CHGL	CHGL	FFPE	4	1	0	1	0	-1
GSM2405441	2584	CHGL	CHGL	FFPE	2	0	1	-1	1	2
GSM2405442	2585	CHGL	CHGL	FFPE	1	2	-1	0	1	1
GSM2405443	2586	GBM, RTK II	GBM	FFPE	1	1	-1	0	2	1
GSM2405445	2588	GBM, RTK II	GBM	FFPE	0	-1	1	0	2	1
GSM2405446	2589	GBM, RTK II	GBM	FFPE	3	2	1	0	-1	2
GSM2405447	2590	A IDH, HG	A IDH	FFPE	4	2	1	0	1	-1
GSM2405448	2591	ATRT, TYR	ATRT	FFPE	2	0	2	-1	2	0
GSM2405449	2592	ATRT, MYC	ATRT	FFPE	3	1	0	2	-1	0
GSM2405450	2593	ATRT, MYC	ATRT	FFPE	3	1	2	1	-1	2
GSM2405451	2594	ANA PA	ANA PA	FFPE	0	-1	1	0	1	0
GSM2405452	2595	A IDH, HG	A IDH	FFPE	0	-1	2	1	2	2
GSM2405453	2596	GBM, MID	GBM	FFPE	3	2	2	2	-1	0
GSM2405454	2597	LGG, DNT	LGG	FFPE	1	2	-1	2	0	1
GSM2405455	2598	LGG, DNT	LGG	FFPE	3	0	1	0	-1	1
GSM2405456	2599	LGG, MYB	LGG	FFPE	1	2	-1	0	0	2
GSM2405457	2600	GBM, MES	GBM	FFPE	0	-1	1	2	1	0
GSM2405458	2601	ANA PA	ANA PA	FFPE	4	0	0	0	0	-1
GSM2405459	2602	LGG, PA PF	LGG	FFPE	3	0	2	1	-1	0
GSM2405460	2603	LGG, PA PF	LGG	FFPE	4	2	1	0	1	-1
GSM2405461	2604	LGG, DNT	LGG	FFPE	0	-1	1	0	0	0
GSM2405462	2605	LGG, DNT	LGG	FFPE	3	0	0	1	-1	0
GSM2405463	2606	GBM, RTK II	GBM	FFPE	1	1	-1	1	1	1
GSM2405464	2607	PIN T, PB B	PIN T	FFPE	3	1	0	0	-1	1
GSM2405465	2608	GBM, RTK II	GBM	FFPE	1	0	-1	1	2	0
GSM2405466	2609	GBM, RTK II	GBM	FFPE	0	-1	1	0	0	2
GSM2405467	2610	GBM, MES	GBM	FFPE	3	2	2	2	-1	0
GSM2405468	2611	LGG, MYB	LGG	FFPE	0	-1	2	1	2	1
GSM2405469	2612	LGG, DNT	LGG	FFPE	3	2	0	2	-1	2
GSM2405470	2613	GBM, MES	GBM	Frozen	0	-1	0	2	2	0
GSM2405471	2614	PITUI	PITUI	FFPE	2	1	2	-1	2	0
GSM2405472	2615	GBM, RTK I	GBM	FFPE	1	0	-1	0	0	2
GSM2405473	2616	GBM, RTK II	GBM	FFPE	2	0	1	-1	0	2
GSM2405474	2617	A IDH, HG	A IDH	FFPE	2	0	2	-1	1	1
GSM2405475	2618	PITUI	PITUI	FFPE	1	1	-1	1	1	2
GSM2405476	2619	LGG, MYB	LGG	FFPE	4	1	2	1	2	-1
GSM2405477	2620	GBM, RTK II	GBM	FFPE	3	2	2	2	-1	0
GSM2405478	2621	GBM, MES	GBM	FFPE	1	1	-1	0	2	2
GSM2405479	2622	CONTR, REACT	CONTR	FFPE	1	2	-1	1	1	0
GSM2405480	2623	PXA	PXA	FFPE	2	0	1	-1	1	0
GSM2405481	2624	PXA	PXA	FFPE	3	0	2	0	-1	0
GSM2405482	2625	PXA	PXA	FFPE	4	1	2	1	1	-1
GSM2405483	2626	PXA	PXA	FFPE	3	2	2	1	-1	1
GSM2405484	2627	PXA	PXA	FFPE	2	1	0	-1	1	0
GSM2405485	2628	PXA	PXA	FFPE	3	1	1	0	-1	0
GSM2405486	2629	PXA	PXA	FFPE	4	2	0	2	2	-1
GSM2405487	2630	HGNET, MN1	HGNET	FFPE	4	1	0	1	1	-1
GSM2405488	2631	HGNET, MN1	HGNET	FFPE	1	2	-1	1	2	0
GSM2405489	2632	GBM, RTK II	GBM	FFPE	4	2	1	1	2	-1
GSM2405490	2633	GBM, MES	GBM	FFPE	0	-1	1	1	1	2
GSM2405491	2634	LGG, PA/GG ST	LGG	FFPE	2	1	1	-1	1	0
GSM2405492	2635	CHGL	CHGL	FFPE	2	2	1	-1	2	2
GSM2405493	2636	PITUI	PITUI	FFPE	2	2	1	-1	2	0
GSM2405494	2637	PITUI	PITUI	FFPE	0	-1	0	2	2	1
GSM2405495	2638	PITUI	PITUI	FFPE	1	0	-1	0	1	1
GSM2405496	2639	PITUI	PITUI	FFPE	4	2	0	0	0	-1
GSM2405497	2640	A IDH, HG	A IDH	FFPE	1	1	-1	1	1	1
GSM2405498	2641	GBM, RTK I	GBM	FFPE	1	0	-1	1	2	0
GSM2405499	2642	GBM, RTK II	GBM	FFPE	2	2	0	-1	0	0
GSM2405500	2643	GBM, MES	GBM	Frozen	4	1	2	0	2	-1
GSM2405501	2644	DLGNT	DLGNT	FFPE	1	0	-1	1	0	1
GSM2405502	2645	O IDH	O IDH	FFPE	4	0	2	1	1	-1
GSM2405503	2646	GBM, RTK II	GBM	FFPE	2	0	1	-1	2	2
GSM2405504	2647	HGNET, MN1	HGNET	FFPE	2	1	2	-1	0	1
GSM2405505	2648	GBM, MYCN	GBM	Frozen	2	2	2	-1	0	0
GSM2405506	2649	A IDH	A IDH	FFPE	3	2	0	2	-1	2
GSM2405507	2650	LGG, PA MID	LGG	FFPE	3	1	2	2	-1	2
GSM2405508	2651	A IDH, HG	A IDH	FFPE	1	2	-1	1	0	2
GSM2405509	2652	A IDH, HG	A IDH	FFPE	1	0	-1	1	2	1
GSM2405510	2653	A IDH, HG	A IDH	FFPE	1	2	-1	2	0	2
GSM2405511	2654	A IDH	A IDH	FFPE	1	2	-1	0	2	1
GSM2405512	2655	CONTR, REACT	CONTR	FFPE	3	0	2	2	-1	2
GSM2405513	2656	CHGL	CHGL	FFPE	3	1	0	0	-1	2
GSM2405514	2657	A IDH	A IDH	FFPE	3	0	2	2	-1	0
GSM2405515	2658	O IDH	O IDH	FFPE	1	1	-1	2	0	0
GSM2405516	2659	LGG, PA PF	LGG	FFPE	0	-1	1	1	2	1
GSM2405517	2660	A IDH, HG	A IDH	FFPE	2	0	1	-1	0	2
GSM2405518	2661	A IDH, HG	A IDH	FFPE	2	1	1	-1	1	2
GSM2405519	2662	A IDH	A IDH	FFPE	3	2	1	1	-1	1
GSM2405520	2663	ATRT, TYR	ATRT	FFPE	2	0	1	-1	1	2
GSM2405521	2664	ATRT, SHH	ATRT	FFPE	2	2	0	-1	0	1
GSM2405522	2665	ATRT, TYR	ATRT	FFPE	3	1	0	0	-1	2
GSM2405523	2666	CNS NB, FOXR2	CNS NB	FFPE	1	1	-1	2	0	1
GSM2405524	2667	CNS NB, FOXR2	CNS NB	FFPE	0	-1	0	1	2	0
GSM2405525	2668	CNS NB, FOXR2	CNS NB	FFPE	2	1	0	-1	2	0
GSM2405528	2671	LGG, DNT	LGG	FFPE	1	1	-1	1	0	1
GSM2405529	2672	LGG, DNT	LGG	FFPE	4	0	2	0	2	-1
GSM2405530	2673	LGG, GG	LGG	FFPE	1	1	-1	0	1	0
GSM2405531	2674	LGG, MYB	LGG	FFPE	1	0	-1	0	1	1
GSM2405532	2675	LGG, GG	LGG	FFPE	0	-1	2	1	0	1
GSM2405533	2676	LGG, DNT	LGG	FFPE	2	1	1	-1	1	2
GSM2405534	2677	PTPR, A	PTPR	FFPE	1	0	-1	1	2	0
GSM2405535	2678	CNS NB, FOXR2	CNS NB	FFPE	2	1	0	-1	1	0
GSM2405536	2679	HGNET, BCOR	HGNET	FFPE	2	2	0	-1	2	1
GSM2405537	2680	HGNET, MN1	HGNET	FFPE	1	2	-1	0	1	0
GSM2405538	2681	EFT, CIC	EFT	FFPE	1	0	-1	1	1	1
GSM2405539	2682	DLGNT	DLGNT	FFPE	3	1	2	0	-1	1
GSM2405540	2683	DLGNT	DLGNT	FFPE	2	2	1	-1	2	0
GSM2405541	2684	LGG, GG	LGG	FFPE	0	-1	1	2	0	0
GSM2405542	2685	LGG, DNT	LGG	FFPE	1	0	-1	2	0	1
GSM2405543	2686	LGG, DNT	LGG	FFPE	2	1	0	-1	1	0
GSM2405544	2687	GBM, MYCN	GBM	FFPE	3	0	0	0	-1	2
GSM2405545	2688	PITAD, STH SPA	PITAD	FFPE	3	2	2	1	-1	1
GSM2405546	2689	PITUI	PITUI	FFPE	3	1	0	1	-1	2
GSM2405547	2690	DLGNT	DLGNT	FFPE	0	-1	0	2	0	2
GSM2405548	2691	DLGNT	DLGNT	FFPE	1	0	-1	1	2	2
GSM2405549	2692	PITAD, ACTH	PITAD	FFPE	1	0	-1	2	2	2
GSM2405550	2693	PITAD, ACTH	PITAD	FFPE	2	2	1	-1	0	2
GSM2405551	2694	PITAD, ACTH	PITAD	FFPE	2	2	1	-1	1	1
GSM2405552	2695	PITAD, ACTH	PITAD	FFPE	4	0	0	2	2	-1
GSM2405553	2696	PITAD, ACTH	PITAD	FFPE	3	0	1	0	-1	2
GSM2405554	2697	PITAD, ACTH	PITAD	FFPE	1	1	-1	2	1	0
GSM2405555	2698	PITAD, ACTH	PITAD	FFPE	3	1	2	0	-1	0
GSM2405556	2699	PITAD, ACTH	PITAD	FFPE	0	-1	0	1	0	2
GSM2405557	2700	PITAD, ACTH	PITAD	FFPE	1	0	-1	1	0	1
GSM2405558	2701	PITUI	PITUI	FFPE	0	-1	1	2	0	2
GSM2405559	2702	GBM, RTK II	GBM	Frozen	4	0	0	2	1	-1
GSM2405560	2703	GBM, RTK II	GBM	Frozen	0	-1	0	0	1	2
GSM2405561	2704	GBM, MES	GBM	FFPE	0	-1	2	0	1	2
GSM2405563	2706	PITUI	PITUI	FFPE	4	0	2	0	2	-1
GSM2405564	2707	PITUI	PITUI	FFPE	1	0	-1	0	0	0
GSM2405565	2708	PITUI	PITUI	FFPE	3	2	2	1	-1	1
GSM2405566	2709	PITAD, ACTH	PITAD	FFPE	3	2	2	1	-1	1
GSM2405567	2710	PITAD, ACTH	PITAD	FFPE	0	-1	0	0	2	0
GSM2405568	2711	PITAD, ACTH	PITAD	FFPE	3	1	2	0	-1	1
GSM2405569	2712	PITAD, STH DNS B	PITAD	FFPE	1	2	-1	0	0	1
GSM2405570	2713	PITAD, STH DNS B	PITAD	FFPE	2	1	0	-1	1	2
GSM2405571	2714	PITAD, STH DNS A	PITAD	FFPE	4	2	1	2	2	-1
GSM2405572	2715	PITAD, STH DNS B	PITAD	FFPE	3	2	1	1	-1	2
GSM2405573	2716	PITAD, STH DNS A	PITAD	FFPE	1	1	-1	1	0	2
GSM2405574	2717	ANA PA	ANA PA	FFPE	1	1	-1	1	0	2
GSM2405575	2718	ANA PA	ANA PA	FFPE	3	1	0	2	-1	1
GSM2405576	2719	ANA PA	ANA PA	FFPE	0	-1	2	1	1	2
GSM2405577	2720	PITUI	PITUI	FFPE	4	0	0	1	1	-1
GSM2405578	2721	MB, G3	MB	FFPE	2	1	1	-1	2	0
GSM2405579	2722	CHGL	CHGL	FFPE	2	0	0	-1	0	1
GSM2405580	2723	GBM, G34	GBM	FFPE	2	1	1	-1	2	0
GSM2405581	2724	GBM, G34	GBM	FFPE	0	-1	1	2	1	2
GSM2405582	2725	GBM, G34	GBM	FFPE	1	1	-1	2	0	0
GSM2405583	2726	GBM, G34	GBM	FFPE	3	0	0	2	-1	0
GSM2405584	2727	GBM, G34	GBM	FFPE	4	0	1	2	0	-1
GSM2405585	2728	PITAD, FSH LH	PITAD	FFPE	1	1	-1	1	1	2
GSM2405586	2729	PITAD, FSH LH	PITAD	FFPE	0	-1	2	0	2	1
GSM2405587	2730	PITAD, FSH LH	PITAD	FFPE	1	2	-1	2	2	0
GSM2405588	2731	PITAD, FSH LH	PITAD	FFPE	1	1	-1	1	2	1
GSM2405589	2732	PITAD, FSH LH	PITAD	FFPE	3	0	1	2	-1	1
GSM2405590	2733	CNS NB, FOXR2	CNS NB	FFPE	1	0	-1	2	2	2
GSM2405591	2734	DMG, K27	DMG	Frozen	4	2	1	0	2	-1
GSM2405592	2735	LIPN	LIPN	FFPE	4	2	0	1	0	-1
GSM2405593	2736	PIN T, PB B	PIN T	FFPE	4	0	1	1	0	-1
GSM2405594	2737	PIN T, PB B	PIN T	FFPE	1	0	-1	0	1	0
GSM2405595	2738	PIN T, PB B	PIN T	FFPE	0	-1	0	1	2	0
GSM2405598	2741	PIN T, PB B	PIN T	FFPE	0	-1	0	2	1	1
GSM2405599	2742	PIN T, PPT	PIN T	FFPE	3	0	0	1	-1	1
GSM2405600	2743	PIN T, PB B	PIN T	FFPE	1	0	-1	2	2	2
GSM2405602	2745	LGG, DIG/DIA	LGG	FFPE	0	-1	0	1	1	2
GSM2405603	2746	CONTR, CEBM	CONTR	FFPE	2	2	0	-1	1	1
GSM2405604	2747	CONTR, HEMI	CONTR	FFPE	0	-1	1	2	2	1
GSM2405605	2748	DLGNT	DLGNT	FFPE	2	1	0	-1	1	2
GSM2405606	2749	CONTR, HYPTHAL	CONTR	FFPE	2	2	0	-1	0	0
GSM2405607	2750	CONTR, HYPTHAL	CONTR	FFPE	4	1	1	2	0	-1
GSM2405608	2751	CONTR, HYPTHAL	CONTR	FFPE	1	0	-1	1	2	0
GSM2405609	2752	CONTR, HYPTHAL	CONTR	FFPE	0	-1	0	0	0	1
GSM2405610	2753	CONTR, HYPTHAL	CONTR	FFPE	3	0	2	2	-1	1
GSM2405611	2754	CONTR, HYPTHAL	CONTR	FFPE	1	2	-1	0	2	2
GSM2405612	2755	CONTR, HYPTHAL	CONTR	FFPE	3	2	2	0	-1	2
GSM2405613	2756	CONTR, HYPTHAL	CONTR	FFPE	0	-1	2	2	1	0
GSM2405614	2757	CONTR, HYPTHAL	CONTR	FFPE	4	1	1	1	1	-1
GSM2405615	2758	CHGL	CHGL	FFPE	0	-1	2	2	2	0
GSM2405616	2759	LIPN	LIPN	FFPE	3	1	0	1	-1	2
GSM2405617	2760	PITAD, TSH	PITAD	FFPE	2	0	1	-1	2	0
GSM2405618	2761	PITAD, TSH	PITAD	FFPE	3	1	0	0	-1	1
GSM2405619	2762	PITAD, TSH	PITAD	FFPE	4	1	1	2	1	-1
GSM2405620	2763	PITAD, TSH	PITAD	FFPE	1	2	-1	1	2	2
GSM2405621	2764	PITAD, TSH	PITAD	FFPE	4	1	0	0	1	-1
GSM2405622	2765	PITAD, TSH	PITAD	FFPE	0	-1	2	1	1	1
GSM2405623	2766	PITAD, TSH	PITAD	FFPE	1	0	-1	2	0	2
GSM2405624	2767	PITAD, TSH	PITAD	FFPE	2	0	2	-1	2	0
GSM2405625	2768	PITAD, TSH	PITAD	FFPE	3	2	0	2	-1	1
GSM2405626	2769	PITAD, TSH	PITAD	FFPE	0	-1	1	1	0	2
GSM2405627	2770	LYMPHO	LYMPHO	FFPE	1	1	-1	0	1	2
GSM2405628	2771	LGG, DIG/DIA	LGG	Frozen	3	2	2	2	-1	1
GSM2405629	2772	IHG	IHG	Frozen	1	1	-1	0	0	1
GSM2405630	2773	IHG	IHG	Frozen	0	-1	1	1	0	0
GSM2405631	2774	LGG, DIG/DIA	LGG	Frozen	1	1	-1	0	2	2
GSM2405632	2775	MELAN	MELAN	FFPE	1	2	-1	2	0	0
GSM2405633	2776	HGNET, MN1	HGNET	FFPE	4	2	1	0	2	-1
GSM2405634	2777	HGNET, MN1	HGNET	FFPE	0	-1	2	2	1	2
GSM2405635	2778	HGNET, MN1	HGNET	FFPE	3	0	2	0	-1	0
GSM2405636	2779	HGNET, BCOR	HGNET	FFPE	3	2	0	1	-1	2
GSM2405637	2780	LGG, RGNT	LGG	FFPE	1	0	-1	2	0	0
GSM2405638	2781	CONTR, WM	CONTR	FFPE	1	0	-1	2	0	1
GSM2405639	2782	CHGL	CHGL	FFPE	3	2	2	2	-1	1
GSM2405640	2783	ETMR	ETMR	FFPE	0	-1	2	2	2	1
GSM2405641	2784	LIPN	LIPN	FFPE	1	1	-1	2	1	0
GSM2405642	2785	GBM, MYCN	GBM	FFPE	3	2	0	2	-1	0
GSM2405643	2786	PIN T, PB B	PIN T	FFPE	2	1	1	-1	1	0
GSM2405644	2787	ENB, A	ENB	FFPE	0	-1	1	0	0	1
GSM2405645	2788	ENB, A	ENB	FFPE	1	1	-1	1	2	1
GSM2405646	2789	ENB, A	ENB	FFPE	3	0	1	0	-1	0
GSM2405647	2790	ENB, A	ENB	FFPE	1	0	-1	2	1	2
GSM2405648	2791	ENB, A	ENB	FFPE	0	-1	2	1	1	0
GSM2405649	2792	ENB, A	ENB	FFPE	3	0	2	2	-1	1
GSM2405650	2793	ENB, A	ENB	FFPE	2	1	2	-1	2	1
GSM2405651	2794	A IDH, HG	A IDH	Frozen	3	1	1	1	-1	0
GSM2405652	2795	LGG, DIG/DIA	LGG	FFPE	4	1	2	1	0	-1
GSM2405653	2796	PIN T, PB A	PIN T	FFPE	4	0	2	1	1	-1
GSM2405654	2797	ANA PA	ANA PA	FFPE	2	2	2	-1	0	0
GSM2405655	2798	ANA PA	ANA PA	FFPE	1	0	-1	2	2	1
GSM2405656	2799	ANA PA	ANA PA	FFPE	3	0	0	0	-1	0
GSM2405657	2800	ANA PA	ANA PA	FFPE	3	0	0	2	-1	2
