geo_accession	mc_class	mc_family	material	outer_fold	inner_fold_o0	inner_fold_o1	inner_fold_o2	inner_fold_o3	inner_fold_o4
GSM2402854	GBM, G34	GBM	Frozen	2	2	2	-1	2	1
GSM2402855	DMG, K27	DMG	Frozen	3	2	2	0	-1	1
GSM2402856	DMG, K27	DMG	Frozen	3	1	2	1	-1	2
GSM2402857	DMG, K27	DMG	Frozen	1	0	-1	2	1	0
GSM2402858	DMG, K27	DMG	Frozen	2	2	1	-1	0	2
GSM2402859	GBM, G34	GBM	Frozen	1	1	-1	0	2	0
GSM2402860	GBM, G34	GBM	Frozen	0	-1	1	0	0	2
GSM2402861	DMG, K27	DMG	Frozen	4	0	2	1	0	-1
GSM2402862	GBM, G34	GBM	Frozen	3	0	2	2	-1	0
GSM2402863	DMG, K27	DMG	Frozen	3	1	0	1	-1	1
GSM2402864	DMG, K27	DMG	Frozen	3	0	1	2	-1	1
GSM2402865	DMG, K27	DMG	Frozen	2	0	0	-1	2	2
GSM2402866	ATRT, SHH	ATRT	Frozen	0	-1	1	0	2	1
GSM2402867	GBM, G34	GBM	Frozen	0	-1	0	0	1	1
GSM2402868	CONTR, CEBM	CONTR	Frozen	0	-1	2	2	2	1
GSM2402869	CONTR, CEBM	CONTR	Frozen	1	1	-1	1	1	2
GSM2402870	GBM, MYCN	GBM	Frozen	0	-1	0	0	2	1
GSM2402871	DMG, K27	DMG	Frozen	4	0	2	1	1	-1
GSM2402872	CONTR, CEBM	CONTR	Frozen	0	-1	2	0	0	2
GSM2402873	CONTR, CEBM	CONTR	Frozen	2	0	1	-1	0	0
GSM2402874	CONTR, CEBM	CONTR	Frozen	4	0	0	1	2	-1
GSM2402875	DMG, K27	DMG	Frozen	1	1	-1	0	0	1
GSM2402876	GBM, G34	GBM	Frozen	4	1	2	1	1	-1
GSM2402877	GBM, G34	GBM	Frozen	2	0	1	-1	0	1
GSM2402878	GBM, G34	GBM	Frozen	4	0	1	0	0	-1
GSM2402879	DMG, K27	DMG	Frozen	2	0	2	-1	0	0
GSM2402880	GBM, G34	GBM	Frozen	3	0	1	2	-1	0
GSM2402881	DMG, K27	DMG	Frozen	1	0	-1	1	0	2
GSM2402882	GBM, G34	GBM	Frozen	0	-1	1	2	0	0
GSM2402883	GBM, G34	GBM	Frozen	3	2	2	0	-1	2
GSM2402884	LGG, PA PF	LGG	Frozen	0	-1	2	0	1	1
GSM2402885	LGG, PA PF	LGG	Frozen	0	-1	0	1	2	0
GSM2402886	CONTR, REACT	CONTR	Frozen	4	2	2	2	0	-1
GSM2402887	LGG, PA PF	LGG	Frozen	0	-1	1	1	2	1
GSM2402888	LGG, PA PF	LGG	Frozen	0	-1	1	2	0	2
GSM2402889	LGG, PA PF	LGG	Frozen	3	0	1	0	-1	0
GSM2402890	LGG, PA PF	LGG	Frozen	0	-1	1	2	2	1
GSM2402891	LGG, PA PF	LGG	Frozen	2	1	2	-1	1	1
GSM2402892	LGG, PA MID	LGG	Frozen	0	-1	1	0	0	1
GSM2402893	LGG, PA PF	LGG	Frozen	3	1	2	2	-1	0
GSM2402894	LGG, PA PF	LGG	Frozen	1	0	-1	1	0	1
GSM2402895	LGG, PA MID	LGG	Frozen	3	2	2	0	-1	2
GSM2402896	LGG, PA PF	LGG	Frozen	4	2	1	2	0	-1
GSM2402897	LGG, PA MID	LGG	Frozen	1	1	-1	0	2	0
GSM2402898	LGG, PA PF	LGG	Frozen	2	2	0	-1	2	0
GSM2402899	LGG, PA PF	LGG	Frozen	0	-1	2	0	2	2
GSM2402900	LGG, PA PF	LGG	Frozen	1	0	-1	2	1	0
GSM2402901	LGG, PA PF	LGG	Frozen	2	1	2	-1	0	2
GSM2402902	LGG, PA PF	LGG	Frozen	0	-1	1	0	0	0
GSM2402903	LGG, PA PF	LGG	Frozen	0	-1	2	2	1	0
GSM2402904	LGG, PA PF	LGG	Frozen	0	-1	2	2	1	2
GSM2402905	LGG, PA MID	LGG	Frozen	1	0	-1	2	2	1
GSM2402906	LGG, PA PF	LGG	Frozen	4	2	2	1	1	-1
GSM2402907	LGG, PA PF	LGG	Frozen	1	1	-1	1	0	2
GSM2402908	LGG, RGNT	LGG	Frozen	2	1	0	-1	2	1
GSM2402909	LGG, PA PF	LGG	Frozen	1	0	-1	0	2	0
GSM2402910	MB, WNT	MB	Frozen	0	-1	1	2	1	2
GSM2402911	MB, WNT	MB	Frozen	1	1	-1	0	0	0
GSM2402912	MB, WNT	MB	Frozen	2	2	2	-1	2	2
GSM2402913	MB, WNT	MB	Frozen	3	0	2	2	-1	1
GSM2402914	MB, WNT	MB	Frozen	0	-1	2	1	2	0
GSM2402915	ATRT, MYC	ATRT	Frozen	4	1	2	1	0	-1
GSM2402916	ATRT, SHH	ATRT	Frozen	4	1	1	2	1	-1
GSM2402917	ATRT, SHH	ATRT	Frozen	3	0	2	0	-1	0
GSM2402918	ATRT, TYR	ATRT	Frozen	1	1	-1	1	1	1
GSM2402919	ATRT, TYR	ATRT	Frozen	3	2	1	0	-1	2
GSM2402920	ATRT, TYR	ATRT	Frozen	1	1	-1	1	0	0
GSM2402921	ATRT, MYC	ATRT	Frozen	0	-1	2	1	1	1
GSM2402922	LGG, PA/GG ST	LGG	Frozen	2	1	2	-1	1	1
GSM2402923	LGG, PA PF	LGG	Frozen	3	2	1	1	-1	0
GSM2402924	LGG, PA PF	LGG	Frozen	2	2	1	-1	0	2
GSM2402925	LGG, SEGA	LGG	Frozen	3	0	1	0	-1	1
GSM2402926	LGG, PA PF	LGG	Frozen	3	1	2	1	-1	1
GSM2402927	LGG, PA PF	LGG	Frozen	4	2	2	0	0	-1
GSM2402928	CONTR, REACT	CONTR	Frozen	2	2	1	-1	0	2
GSM2402929	LGG, PA MID	LGG	Frozen	2	2	1	-1	2	0
GSM2402930	LGG, PA MID	LGG	Frozen	1	2	-1	1	2	1
GSM2402931	LGG, PA PF	LGG	Frozen	2	0	1	-1	0	1
GSM2402932	LGG, PA PF	LGG	Frozen	4	1	0	0	1	-1
GSM2402933	MB, WNT	MB	Frozen	3	0	2	0	-1	0
GSM2402934	MB, WNT	MB	Frozen	1	1	-1	2	2	2
GSM2402935	MB, WNT	MB	Frozen	4	2	0	2	2	-1
GSM2402936	MB, WNT	MB	Frozen	3	1	0	0	-1	1
GSM2402937	MB, WNT	MB	Frozen	2	0	1	-1	1	0
GSM2402938	MB, G4	MB	Frozen	2	2	2	-1	0	1
GSM2402939	MB, G4	MB	Frozen	3	2	2	2	-1	0
GSM2402940	MB, SHH INF	MB	Frozen	2	2	0	-1	2	0
GSM2402941	MB, SHH CHL AD	MB	Frozen	0	-1	1	0	0	1
GSM2402942	MB, SHH INF	MB	Frozen	3	0	0	0	-1	1
GSM2402943	MB, G3	MB	Frozen	4	1	0	0	1	-1
GSM2402944	MB, G3	MB	Frozen	2	1	1	-1	2	0
GSM2402945	MB, G4	MB	Frozen	2	2	1	-1	0	2
GSM2402946	MB, G3	MB	Frozen	2	0	2	-1	1	2
GSM2402947	MB, WNT	MB	Frozen	3	0	2	0	-1	0
GSM2402948	MB, G4	MB	Frozen	3	1	0	0	-1	2
GSM2402949	MB, G3	MB	Frozen	3	1	2	1	-1	1
GSM2402950	MB, G4	MB	Frozen	3	0	0	2	-1	1
GSM2402951	MB, G4	MB	Frozen	3	2	0	0	-1	0
GSM2402952	MB, G3	MB	Frozen	2	2	1	-1	1	2
GSM2402953	ATRT, TYR	ATRT	Frozen	1	0	-1	0	2	0
GSM2402954	ATRT, TYR	ATRT	Frozen	4	1	0	2	0	-1
GSM2402955	ATRT, SHH	ATRT	Frozen	3	2	1	1	-1	0
GSM2402956	ATRT, TYR	ATRT	Frozen	4	2	0	0	0	-1
GSM2402957	ATRT, SHH	ATRT	Frozen	1	1	-1	1	2	2
GSM2402958	ATRT, TYR	ATRT	Frozen	0	-1	2	2	1	0
GSM2402959	ATRT, SHH	ATRT	Frozen	3	0	2	0	-1	0
GSM2402960	ATRT, TYR	ATRT	Frozen	0	-1	0	1	0	2
GSM2402961	ATRT, TYR	ATRT	Frozen	3	0	1	2	-1	1
GSM2402962	ATRT, SHH	ATRT	Frozen	0	-1	2	2	2	1
GSM2402963	ATRT, TYR	ATRT	Frozen	0	-1	2	1	2	1
GSM2402964	LGG, PA PF	LGG	Frozen	4	0	2	2	1	-1
GSM2402965	LGG, PA PF	LGG	Frozen	4	1	1	1	1	-1
GSM2402966	CONTR, REACT	CONTR	Frozen	4	2	1	0	0	-1
GSM2402967	LGG, PA PF	LGG	Frozen	1	2	-1	1	1	1
GSM2402968	LGG, PA PF	LGG	Frozen	4	1	0	1	1	-1
GSM2402969	LGG, PA PF	LGG	Frozen	3	1	1	1	-1	2
GSM2402970	LGG, PA PF	LGG	Frozen	0	-1	0	0	2	1
GSM2402971	LGG, PA MID	LGG	Frozen	0	-1	2	2	1	1
GSM2402972	LGG, PA PF	LGG	Frozen	4	0	0	1	1	-1
GSM2402973	LGG, PA MID	LGG	Frozen	3	2	2	2	-1	1
GSM2402974	ATRT, MYC	ATRT	Frozen	2	0	1	-1	1	1
GSM2402975	ATRT, MYC	ATRT	Frozen	3	1	0	2	-1	0
GSM2402976	EPN, RELA	EPN	Frozen	0	-1	0	0	0	2
GSM2402977	ATRT, SHH	ATRT	Frozen	1	1	-1	1	0	1
GSM2402978	PIN T, PB A	PIN T	Frozen	1	1	-1	1	0	0
GSM2402979	EPN, RELA	EPN	Frozen	3	1	1	0	-1	0
GSM2402980	EPN, RELA	EPN	Frozen	4	2	0	0	2	-1
GSM2402981	MB, SHH CHL AD	MB	Frozen	2	1	0	-1	1	0
GSM2402982	MB, G3	MB	Frozen	3	0	0	1	-1	1
GSM2402983	MB, G4	MB	Frozen	2	1	1	-1	0	2
GSM2402984	MB, G3	MB	Frozen	2	0	0	-1	1	1
GSM2402985	MB, G3	MB	Frozen	0	-1	2	0	0	0
GSM2402986	MB, G3	MB	Frozen	3	0	1	2	-1	2
GSM2402987	MB, G3	MB	Frozen	3	1	1	0	-1	0
GSM2402988	MB, SHH CHL AD	MB	Frozen	3	1	2	2	-1	2
GSM2402989	SUBEPN, PF	SUBEPN	Frozen	4	0	1	1	2	-1
GSM2402990	PTPR, B	PTPR	Frozen	2	2	2	-1	2	0
GSM2402991	SUBEPN, ST	SUBEPN	Frozen	3	0	2	1	-1	2
GSM2402992	EPN, YAP	EPN	Frozen	3	2	2	1	-1	1
GSM2402993	EPN, PF A	EPN	Frozen	3	0	1	2	-1	1
GSM2402994	MB, SHH CHL AD	MB	Frozen	3	0	0	2	-1	2
GSM2402995	EPN, PF A	EPN	Frozen	1	0	-1	1	2	2
GSM2402996	EPN, PF B	EPN	Frozen	4	2	1	1	1	-1
GSM2402997	EFT, CIC	EFT	Frozen	4	2	1	2	1	-1
GSM2402998	EPN, RELA	EPN	Frozen	1	2	-1	2	2	1
GSM2402999	ETMR	ETMR	Frozen	2	0	2	-1	1	2
GSM2403000	CNS NB, FOXR2	CNS NB	Frozen	3	0	2	0	-1	1
GSM2403001	ETMR	ETMR	Frozen	4	0	2	0	2	-1
GSM2403002	ETMR	ETMR	Frozen	0	-1	2	1	0	0
GSM2403003	MB, WNT	MB	Frozen	4	0	0	2	1	-1
GSM2403004	MB, SHH CHL AD	MB	Frozen	4	1	1	2	0	-1
GSM2403005	MB, SHH CHL AD	MB	Frozen	3	2	0	2	-1	1
GSM2403006	MB, SHH INF	MB	Frozen	0	-1	1	2	1	2
GSM2403007	MB, G4	MB	Frozen	3	1	2	2	-1	0
GSM2403008	MB, SHH CHL AD	MB	Frozen	3	0	0	1	-1	1
GSM2403009	MB, WNT	MB	Frozen	1	2	-1	0	0	1
GSM2403010	LYMPHO	LYMPHO	Frozen	2	2	2	-1	2	2
GSM2403011	MB, SHH CHL AD	MB	Frozen	2	1	0	-1	1	0
GSM2403012	MB, G4	MB	Frozen	1	0	-1	1	1	1
GSM2403013	MB, G4	MB	Frozen	2	0	1	-1	1	0
GSM2403014	MB, SHH CHL AD	MB	Frozen	1	2	-1	2	2	1
GSM2403015	MB, SHH CHL AD	MB	Frozen	0	-1	2	1	1	2
GSM2403016	MB, SHH CHL AD	MB	Frozen	1	1	-1	0	0	1
GSM2403017	MB, SHH CHL AD	MB	Frozen	4	1	0	0	2	-1
GSM2403018	MB, G4	MB	Frozen	1	2	-1	2	2	0
GSM2403019	MB, G4	MB	Frozen	3	1	0	1	-1	2
GSM2403020	MB, SHH CHL AD	MB	Frozen	2	0	0	-1	1	0
GSM2403021	MB, SHH CHL AD	MB	Frozen	1	0	-1	1	1	2
GSM2403022	MB, SHH CHL AD	MB	Frozen	3	0	0	0	-1	0
GSM2403023	MB, G4	MB	Frozen	0	-1	2	0	1	1
GSM2403024	MB, G4	MB	Frozen	1	0	-1	2	1	1
GSM2403025	MB, G4	MB	Frozen	0	-1	2	0	0	1
GSM2403026	ATRT, SHH	ATRT	Frozen	0	-1	0	0	2	1
GSM2403027	ATRT, SHH	ATRT	Frozen	4	0	2	1	0	-1
GSM2403028	ETMR	ETMR	Frozen	1	0	-1	0	1	2
GSM2403029	LGG, PA PF	LGG	FFPE	1	1	-1	0	0	0
GSM2403030	LGG, PA MID	LGG	FFPE	3	0	2	1	-1	1
GSM2403031	LGG, PA PF	LGG	FFPE	4	0	0	0	0	-1
GSM2403032	MB, G4	MB	Frozen	4	1	2	1	1	-1
GSM2403033	MB, G4	MB	Frozen	4	1	2	2	1	-1
GSM2403034	MB, SHH INF	MB	Frozen	0	-1	2	2	1	2
GSM2403035	MB, SHH CHL AD	MB	Frozen	3	0	2	0	-1	0
GSM2403036	MB, SHH CHL AD	MB	Frozen	0	-1	2	1	0	0
GSM2403037	MB, SHH INF	MB	Frozen	4	1	1	2	2	-1
GSM2403038	MB, G4	MB	Frozen	4	1	0	0	0	-1
GSM2403039	MB, G3	MB	Frozen	0	-1	1	0	0	2
GSM2403040	MB, G3	MB	Frozen	3	2	0	0	-1	0
GSM2403041	MB, G4	MB	Frozen	4	1	0	2	2	-1
GSM2403042	MB, G4	MB	Frozen	4	0	0	0	1	-1
GSM2403043	MB, SHH CHL AD	MB	Frozen	2	0	0	-1	1	1
GSM2403044	MB, G4	MB	Frozen	0	-1	1	1	2	1
GSM2403045	MB, G3	MB	Frozen	4	1	0	1	2	-1
GSM2403046	MB, G4	MB	Frozen	4	2	2	1	0	-1
GSM2403047	CNS NB, FOXR2	CNS NB	Frozen	1	1	-1	1	2	2
GSM2403048	ETMR	ETMR	Frozen	1	1	-1	0	0	0
GSM2403049	MB, G4	MB	Frozen	0	-1	1	2	2	2
GSM2403050	MB, G4	MB	Frozen	4	1	1	2	0	-1
GSM2403051	MB, G4	MB	Frozen	4	1	0	0	2	-1
GSM2403052	MB, G4	MB	Frozen	1	1	-1	0	1	0
GSM2403053	MB, SHH INF	MB	Frozen	2	2	1	-1	2	0
GSM2403054	MB, G3	MB	Frozen	0	-1	2	1	1	1
GSM2403055	MB, G3	MB	Frozen	2	0	2	-1	0	1
GSM2403056	MB, G4	MB	Frozen	1	2	-1	1	2	2
GSM2403057	MB, G4	MB	Frozen	0	-1	1	0	0	0
GSM2403058	MB, G3	MB	Frozen	0	-1	1	0	2	1
GSM2403059	MB, G3	MB	Frozen	0	-1	2	2	0	0
GSM2403060	MB, G4	MB	Frozen	0	-1	1	2	1	0
GSM2403061	CNS NB, FOXR2	CNS NB	Frozen	2	0	2	-1	0	2
GSM2403062	ETMR	ETMR	Frozen	0	-1	2	1	1	2
GSM2403063	ATRT, SHH	ATRT	Frozen	2	0	0	-1	0	2
GSM2403064	EPN, RELA	EPN	Frozen	4	0	0	1	0	-1
GSM2403065	ETMR	ETMR	Frozen	1	1	-1	2	0	1
GSM2403066	ETMR	ETMR	Frozen	3	0	0	0	-1	1
GSM2403067	CNS NB, FOXR2	CNS NB	Frozen	0	-1	2	2	1	0
GSM2403068	ATRT, SHH	ATRT	Frozen	4	0	1	2	1	-1
GSM2403069	HGNET, BCOR	HGNET	Frozen	4	1	0	1	2	-1
GSM2403070	ATRT, MYC	ATRT	Frozen	0	-1	1	0	0	0
GSM2403071	ETMR	ETMR	Frozen	3	1	1	0	-1	1
GSM2403072	ATRT, SHH	ATRT	Frozen	1	1	-1	2	1	0
GSM2403073	ATRT, SHH	ATRT	Frozen	1	0	-1	1	0	0
GSM2403074	ETMR	ETMR	Frozen	4	2	0	1	1	-1
GSM2403075	ETMR	ETMR	Frozen	0	-1	2	0	0	0
GSM2403076	ATRT, SHH	ATRT	Frozen	2	2	1	-1	2	2
GSM2403077	MB, SHH CHL AD	MB	Frozen	3	0	1	0	-1	2
GSM2403078	MB, SHH CHL AD	MB	Frozen	0	-1	0	2	1	2
GSM2403079	MB, SHH CHL AD	MB	Frozen	3	2	1	2	-1	2
GSM2403080	MB, SHH CHL AD	MB	Frozen	0	-1	0	1	2	0
GSM2403081	MB, SHH CHL AD	MB	Frozen	0	-1	2	1	1	1
GSM2403082	MB, G4	MB	Frozen	0	-1	1	2	1	0
GSM2403083	MB, G3	MB	Frozen	4	0	0	1	2	-1
GSM2403084	LGG, PA PF	LGG	Frozen	4	0	0	1	2	-1
GSM2403085	LGG, PA MID	LGG	Frozen	4	1	1	0	1	-1
GSM2403086	LGG, PA PF	LGG	Frozen	2	2	2	-1	0	0
GSM2403087	GBM, MES	GBM	Frozen	4	0	1	1	0	-1
GSM2403088	GBM, RTK II	GBM	Frozen	3	0	1	1	-1	1
GSM2403089	GBM, RTK II	GBM	Frozen	3	1	1	2	-1	0
GSM2403090	GBM, RTK I	GBM	Frozen	1	0	-1	0	0	0
GSM2403091	GBM, MES	GBM	Frozen	1	1	-1	0	0	1
GSM2403092	GBM, MES	GBM	Frozen	1	2	-1	2	1	2
GSM2403093	GBM, MES	GBM	Frozen	3	2	2	1	-1	2
GSM2403094	GBM, MES	GBM	Frozen	2	1	1	-1	2	2
GSM2403095	GBM, RTK II	GBM	Frozen	1	1	-1	2	0	1
GSM2403096	GBM, MES	GBM	Frozen	2	2	2	-1	1	1
GSM2403097	GBM, RTK II	GBM	Frozen	2	0	0	-1	0	0
GSM2403098	GBM, RTK II	GBM	Frozen	2	0	1	-1	2	0
GSM2403099	GBM, MES	GBM	Frozen	4	1	0	0	2	-1
GSM2403100	GBM, RTK II	GBM	Frozen	4	0	0	0	2	-1
GSM2403101	GBM, RTK II	GBM	Frozen	0	-1	1	0	2	0
GSM2403102	GBM, RTK II	GBM	Frozen	3	2	2	1	-1	2
GSM2403103	GBM, RTK II	GBM	Frozen	4	1	2	0	2	-1
GSM2403104	GBM, RTK II	GBM	Frozen	1	0	-1	0	1	1
GSM2403105	GBM, MES	GBM	Frozen	4	1	2	0	1	-1
GSM2403106	GBM, MES	GBM	Frozen	3	1	0	1	-1	2
GSM2403107	GBM, RTK II	GBM	Frozen	0	-1	2	0	0	0
GSM2403108	GBM, RTK II	GBM	Frozen	4	2	1	0	1	-1
GSM2403109	GBM, RTK II	GBM	Frozen	4	2	1	2	2	-1
GSM2403110	GBM, RTK I	GBM	Frozen	2	0	0	-1	2	0
GSM2403111	GBM, RTK II	GBM	Frozen	0	-1	0	0	0	0
GSM2403112	DMG, K27	DMG	Frozen	3	1	1	0	-1	2
GSM2403113	GBM, G34	GBM	Frozen	1	2	-1	1	0	1
GSM2403114	GBM, G34	GBM	Frozen	2	0	0	-1	2	0
GSM2403115	DMG, K27	DMG	Frozen	0	-1	1	2	0	1
GSM2403116	GBM, G34	GBM	Frozen	1	2	-1	0	0	0
GSM2403117	DMG, K27	DMG	Frozen	1	2	-1	1	2	0
GSM2403118	GBM, G34	GBM	Frozen	1	0	-1	0	1	2
GSM2403119	DMG, K27	DMG	Frozen	2	0	2	-1	2	2
GSM2403120	GBM, RTK II	GBM	FFPE	4	0	0	0	0	-1
GSM2403121	GBM, RTK II	GBM	FFPE	1	1	-1	2	2	1
GSM2403122	GBM, RTK II	GBM	FFPE	0	-1	2	2	1	2
GSM2403123	GBM, RTK II	GBM	FFPE	3	2	0	2	-1	0
GSM2403124	GBM, RTK I	GBM	FFPE	3	1	0	2	-1	0
GSM2403125	GBM, RTK II	GBM	FFPE	2	1	0	-1	1	0
GSM2403126	EPN, RELA	EPN	FFPE	3	0	0	2	-1	1
GSM2403127	EPN, PF B	EPN	FFPE	0	-1	2	0	2	0
GSM2403128	EPN, PF B	EPN	FFPE	1	2	-1	0	2	2
GSM2403129	MB, SHH CHL AD	MB	Frozen	3	1	2	0	-1	1
GSM2403130	MB, SHH CHL AD	MB	Frozen	4	2	1	0	0	-1
GSM2403131	MB, G3	MB	Frozen	0	-1	2	1	0	2
GSM2403132	MB, WNT	MB	Frozen	2	2	2	-1	2	0
GSM2403133	MB, G4	MB	Frozen	1	1	-1	2	0	1
GSM2403134	MB, G4	MB	Frozen	3	1	1	1	-1	0
GSM2403135	MB, WNT	MB	Frozen	0	-1	1	1	1	1
GSM2403136	MB, WNT	MB	Frozen	3	2	2	2	-1	1
GSM2403137	MB, G4	MB	Frozen	4	0	2	1	2	-1
GSM2403138	MB, G4	MB	Frozen	2	1	1	-1	0	2
GSM2403139	LGG, PA PF	LGG	Frozen	3	0	0	1	-1	1
GSM2403140	LGG, PA PF	LGG	Frozen	1	1	-1	1	0	2
GSM2403141	LGG, PA PF	LGG	Frozen	1	1	-1	0	2	0
GSM2403142	LGG, PA PF	LGG	Frozen	1	1	-1	0	1	0
GSM2403143	MB, WNT	MB	Frozen	4	2	0	1	0	-1
GSM2403144	MB, G4	MB	Frozen	1	0	-1	2	2	0
GSM2403145	MB, G4	MB	Frozen	1	0	-1	0	2	2
GSM2403146	MB, G4	MB	Frozen	4	0	2	0	0	-1
GSM2403147	MB, WNT	MB	Frozen	1	1	-1	1	0	0
GSM2403148	MB, WNT	MB	Frozen	2	1	0	-1	0	2
GSM2403149	LGG, PA PF	LGG	Frozen	0	-1	1	0	0	0
GSM2403150	LGG, PA PF	LGG	Frozen	1	0	-1	2	1	0
GSM2403151	LGG, PA MID	LGG	Frozen	3	1	2	1	-1	2
GSM2403152	LGG, PA PF	LGG	Frozen	1	2	-1	1	1	2
GSM2403153	LGG, PA PF	LGG	Frozen	3	0	0	2	-1	1
GSM2403154	LGG, PA PF	LGG	Frozen	3	2	1	0	-1	2
GSM2403155	LGG, PA MID	LGG	Frozen	4	2	0	2	2	-1
GSM2403156	LGG, PA PF	LGG	Frozen	2	2	1	-1	0	2
GSM2403157	LGG, PA PF	LGG	Frozen	0	-1	0	0	0	1
GSM2403158	LGG, PA PF	LGG	Frozen	4	0	1	1	2	-1
GSM2403159	LGG, PA PF	LGG	Frozen	1	2	-1	1	0	1
GSM2403160	LGG, PA PF	LGG	Frozen	1	0	-1	2	0	0
GSM2403161	LGG, PA PF	LGG	Frozen	1	2	-1	0	2	1
GSM2403162	LGG, PA PF	LGG	Frozen	4	2	1	0	2	-1
GSM2403163	LGG, PA PF	LGG	Frozen	0	-1	1	0	0	0
GSM2403164	LGG, PA PF	LGG	Frozen	3	0	2	1	-1	1
GSM2403165	LGG, PA MID	LGG	Frozen	4	1	1	1	2	-1
GSM2403166	LGG, PA PF	LGG	Frozen	2	1	2	-1	1	1
GSM2403167	LGG, PA PF	LGG	Frozen	2	1	2	-1	2	2
GSM2403168	LGG, PA PF	LGG	Frozen	2	0	0	-1	0	2
GSM2403169	LGG, PA PF	LGG	Frozen	1	1	-1	0	1	0
GSM2403170	LGG, PA MID	LGG	Frozen	4	0	0	0	1	-1
GSM2403171	LGG, PA PF	LGG	Frozen	3	0	0	2	-1	1
GSM2403172	LGG, PA PF	LGG	Frozen	1	0	-1	1	1	0
GSM2403173	LGG, PA PF	LGG	Frozen	2	2	0	-1	2	1
GSM2403174	LGG, PA PF	LGG	Frozen	2	1	1	-1	2	2
GSM2403175	LGG, PA PF	LGG	Frozen	0	-1	2	2	2	2
GSM2403176	LGG, PA PF	LGG	Frozen	3	0	0	0	-1	0
GSM2403177	LGG, PA PF	LGG	Frozen	3	0	1	1	-1	0
GSM2403178	LGG, PA PF	LGG	Frozen	0	-1	0	0	2	2
GSM2403179	LGG, PA PF	LGG	Frozen	0	-1	0	0	2	0
GSM2403180	LGG, PA PF	LGG	Frozen	2	2	1	-1	1	1
GSM2403181	LGG, PA PF	LGG	Frozen	4	2	1	2	2	-1
GSM2403182	EPN, RELA	EPN	Frozen	1	1	-1	2	2	0
GSM2403183	EPN, RELA	EPN	Frozen	1	0	-1	2	0	2
GSM2403184	EPN, RELA	EPN	Frozen	0	-1	0	2	0	1
GSM2403185	EPN, RELA	EPN	Frozen	0	-1	2	1	1	1
GSM2403186	EPN, PF A	EPN	Frozen	4	1	2	2	0	-1
GSM2403187	SUBEPN, ST	SUBEPN	Frozen	2	1	0	-1	0	1
GSM2403188	EPN, PF A	EPN	Frozen	3	1	0	1	-1	0
GSM2403189	HGNET, BCOR	HGNET	Frozen	1	1	-1	2	0	1
GSM2403190	GBM, G34	GBM	Frozen	3	1	0	0	-1	0
GSM2403191	EPN, RELA	EPN	Frozen	2	2	2	-1	1	2
GSM2403192	EPN, RELA	EPN	Frozen	1	0	-1	2	1	2
GSM2403193	EPN, RELA	EPN	Frozen	2	1	2	-1	0	2
GSM2403194	EPN, RELA	EPN	Frozen	0	-1	2	1	0	2
GSM2403195	EPN, RELA	EPN	Frozen	4	1	0	1	1	-1
GSM2403196	SUBEPN, ST	SUBEPN	Frozen	4	2	0	2	2	-1
GSM2403197	EPN, RELA	EPN	Frozen	2	1	2	-1	2	2
GSM2403198	SUBEPN, ST	SUBEPN	Frozen	3	1	1	0	-1	1
GSM2403199	PTPR, B	PTPR	Frozen	3	1	0	2	-1	1
GSM2403200	EPN, RELA	EPN	Frozen	4	0	2	2	1	-1
GSM2403201	EPN, RELA	EPN	Frozen	2	1	1	-1	0	0
GSM2403202	EPN, RELA	EPN	Frozen	3	0	1	0	-1	0
GSM2403203	EPN, YAP	EPN	Frozen	2	0	1	-1	0	0
GSM2403204	EPN, RELA	EPN	Frozen	2	1	0	-1	0	1
GSM2403205	SUBEPN, ST	SUBEPN	Frozen	4	1	1	0	0	-1
GSM2403206	EPN, RELA	EPN	Frozen	3	2	2	1	-1	1
GSM2403207	SUBEPN, ST	SUBEPN	Frozen	1	1	-1	2	2	0
GSM2403208	EPN, RELA	EPN	Frozen	2	2	2	-1	1	1
GSM2403209	LGG, MYB	LGG	Frozen	4	0	0	1	2	-1
GSM2403210	EPN, RELA	EPN	Frozen	3	2	0	2	-1	0
GSM2403211	EPN, YAP	EPN	Frozen	2	1	1	-1	1	2
GSM2403212	EPN, RELA	EPN	Frozen	2	2	2	-1	0	0
GSM2403213	EPN, RELA	EPN	Frozen	0	-1	0	2	1	1
GSM2403214	EPN, RELA	EPN	Frozen	3	0	2	0	-1	2
GSM2403215	EPN, RELA	EPN	Frozen	2	1	1	-1	1	0
GSM2403216	EPN, RELA	EPN	Frozen	0	-1	1	1	1	1
GSM2403217	LGG, PA PF	LGG	Frozen	1	2	-1	2	2	1
GSM2403218	LGG, PA PF	LGG	Frozen	0	-1	2	2	0	2
GSM2403219	LGG, PA MID	LGG	Frozen	1	0	-1	0	1	0
GSM2403220	LGG, PA PF	LGG	Frozen	3	0	2	2	-1	2
GSM2403221	LGG, PA PF	LGG	Frozen	2	2	0	-1	1	1
GSM2403222	LGG, PA PF	LGG	Frozen	2	1	2	-1	0	2
GSM2403223	CONTR, REACT	CONTR	Frozen	0	-1	1	1	2	2
GSM2403224	LGG, PA PF	LGG	Frozen	3	1	2	2	-1	1
GSM2403225	LGG, PA MID	LGG	Frozen	2	2	0	-1	2	0
GSM2403226	EPN, PF B	EPN	FFPE	2	0	0	-1	2	2
GSM2403227	EPN, PF B	EPN	FFPE	3	2	2	0	-1	1
GSM2403228	EPN, RELA	EPN	FFPE	2	1	2	-1	2	0
GSM2403229	EPN, PF B	EPN	Frozen	3	2	0	0	-1	2
GSM2403230	EPN, PF A	EPN	Frozen	0	-1	1	0	0	2
GSM2403231	EPN, RELA	EPN	Frozen	1	0	-1	0	1	1
GSM2403232	EPN, PF B	EPN	Frozen	3	0	2	2	-1	0
GSM2403233	CONTR, CEBM	CONTR	Frozen	3	1	1	2	-1	0
GSM2403234	CONTR, CEBM	CONTR	Frozen	1	2	-1	0	0	0
GSM2403235	CONTR, HEMI	CONTR	Frozen	4	0	2	0	2	-1
GSM2403236	CONTR, HEMI	CONTR	Frozen	2	2	1	-1	0	1
GSM2403237	CONTR, HEMI	CONTR	Frozen	3	2	1	0	-1	2
GSM2403238	CONTR, HEMI	CONTR	Frozen	1	1	-1	1	1	0
GSM2403239	CONTR, HEMI	CONTR	Frozen	2	1	0	-1	2	1
GSM2403240	CONTR, HEMI	CONTR	Frozen	0	-1	2	2	1	0
GSM2403241	MB, SHH INF	MB	FFPE	3	2	1	0	-1	0
GSM2403242	MB, G4	MB	FFPE	0	-1	2	0	1	2
GSM2403243	MB, G3	MB	FFPE	3	2	2	0	-1	2
GSM2403244	MB, WNT	MB	FFPE	4	1	1	0	2	-1
GSM2403245	MB, G4	MB	FFPE	2	0	0	-1	0	2
GSM2403246	MB, G4	MB	FFPE	3	1	0	2	-1	2
GSM2403247	MB, G4	MB	FFPE	4	1	1	2	2	-1
GSM2403248	MB, SHH CHL AD	MB	FFPE	0	-1	2	2	1	1
GSM2403249	MB, G3	MB	FFPE	4	2	0	1	2	-1
GSM2403250	MB, G4	MB	FFPE	1	1	-1	2	0	2
GSM2403251	MB, SHH INF	MB	FFPE	4	0	0	0	2	-1
GSM2403252	MB, G4	MB	FFPE	3	0	2	1	-1	1
GSM2403253	MB, G4	MB	FFPE	3	2	0	2	-1	1
GSM2403254	MB, G4	MB	FFPE	3	2	1	0	-1	2
GSM2403255	MB, SHH INF	MB	FFPE	0	-1	1	0	0	2
GSM2403256	MB, WNT	MB	FFPE	4	2	0	1	0	-1
GSM2403257	MB, SHH INF	MB	FFPE	0	-1	0	1	0	2
GSM2403258	MB, SHH INF	MB	FFPE	1	2	-1	2	2	1
GSM2403259	MB, SHH CHL AD	MB	FFPE	2	2	1	-1	1	1
GSM2403260	MB, G4	MB	FFPE	2	1	1	-1	0	0
GSM2403261	MB, SHH INF	MB	FFPE	1	2	-1	0	1	0
GSM2403262	MB, G4	MB	FFPE	1	2	-1	1	2	2
GSM2403263	MB, G3	MB	FFPE	1	1	-1	1	0	2
GSM2403264	MB, G3	MB	FFPE	3	0	0	2	-1	2
GSM2403265	MB, G4	MB	FFPE	0	-1	2	2	1	0
GSM2403266	MB, G3	MB	FFPE	2	1	1	-1	0	2
GSM2403267	MB, G3	MB	FFPE	3	0	2	0	-1	1
GSM2403268	MB, G4	MB	FFPE	0	-1	2	0	2	2
GSM2403269	MB, G4	MB	FFPE	4	2	0	0	0	-1
GSM2403270	MB, G3	MB	FFPE	1	1	-1	0	2	2
GSM2403271	MB, SHH INF	MB	FFPE	2	2	0	-1	0	0
GSM2403272	MB, G4	MB	FFPE	3	1	2	1	-1	1
GSM2403273	MB, G4	MB	FFPE	4	0	1	0	0	-1
GSM2403274	MB, G4	MB	FFPE	4	2	2	2	1	-1
GSM2403275	MB, G3	MB	FFPE	1	2	-1	1	0	1
GSM2403276	MB, G4	MB	FFPE	0	-1	2	2	0	2
GSM2403277	MB, G4	MB	FFPE	1	2	-1	1	1	0
GSM2403278	MB, SHH INF	MB	FFPE	0	-1	0	2	0	1
GSM2403279	MB, G4	MB	FFPE	0	-1	1	1	0	2
GSM2403280	MB, G4	MB	FFPE	3	0	1	1	-1	1
GSM2403281	MB, G4	MB	FFPE	3	1	2	0	-1	2
GSM2403282	MB, G3	MB	FFPE	1	2	-1	2	0	1
GSM2403283	MB, WNT	MB	FFPE	0	-1	2	2	2	0
GSM2403284	MB, G4	MB	FFPE	1	0	-1	0	1	2
GSM2403285	MB, G4	MB	FFPE	2	1	0	-1	0	1
GSM2403286	MB, G4	MB	FFPE	1	1	-1	0	2	2
GSM2403287	MB, G3	MB	FFPE	1	0	-1	2	0	1
GSM2403288	MB, SHH INF	MB	FFPE	4	1	0	2	2	-1
GSM2403289	MB, G4	MB	FFPE	1	0	-1	1	0	0
GSM2403290	MB, G4	MB	FFPE	2	0	0	-1	2	0
GSM2403291	MB, G4	MB	FFPE	4	1	1	2	2	-1
GSM2403292	MB, G4	MB	FFPE	4	2	0	0	2	-1
GSM2403293	MB, SHH INF	MB	FFPE	2	0	2	-1	0	0
GSM2403294	MB, SHH CHL AD	MB	FFPE	3	1	0	1	-1	1
GSM2403295	MB, G3	MB	FFPE	2	0	2	-1	2	0
GSM2403296	MB, SHH CHL AD	MB	FFPE	2	1	1	-1	1	1
GSM2403297	MB, G4	MB	FFPE	1	1	-1	2	2	0
GSM2403298	MB, G3	MB	FFPE	1	1	-1	2	1	2
GSM2403299	MB, G3	MB	FFPE	2	0	2	-1	1	2
GSM2403300	MB, WNT	MB	FFPE	1	0	-1	0	0	0
GSM2403301	MB, G4	MB	FFPE	2	0	0	-1	0	0
GSM2403302	MB, G3	MB	FFPE	4	2	0	2	1	-1
GSM2403303	MB, G4	MB	FFPE	0	-1	0	2	2	0
GSM2403304	MB, G3	MB	FFPE	1	0	-1	2	2	2
GSM2403305	MB, G4	MB	FFPE	2	0	1	-1	0	1
GSM2403306	MB, SHH CHL AD	MB	FFPE	3	0	0	2	-1	2
GSM2403307	MB, SHH CHL AD	MB	FFPE	4	2	1	1	0	-1
GSM2403308	MB, G4	MB	FFPE	2	1	2	-1	0	0
GSM2403309	MB, G4	MB	FFPE	0	-1	2	0	0	2
GSM2403310	MB, G4	MB	FFPE	1	2	-1	1	1	0
GSM2403311	MB, G4	MB	FFPE	0	-1	2	1	2	2
GSM2403312	MB, WNT	MB	FFPE	4	1	1	1	0	-1
GSM2403313	MB, G4	MB	FFPE	2	2	1	-1	2	1
GSM2403314	MB, SHH INF	MB	FFPE	3	1	2	2	-1	2
GSM2403315	MB, G3	MB	FFPE	2	1	1	-1	2	1
GSM2403316	MB, G3	MB	FFPE	2	1	1	-1	2	0
GSM2403317	MB, G3	MB	FFPE	0	-1	2	1	2	0
GSM2403318	MB, SHH INF	MB	FFPE	4	1	0	1	2	-1
GSM2403319	MB, WNT	MB	FFPE	1	0	-1	2	1	2
GSM2403320	MB, G4	MB	FFPE	0	-1	0	2	0	0
GSM2403321	MB, SHH INF	MB	FFPE	4	0	2	1	2	-1
GSM2403322	MB, WNT	MB	FFPE	1	2	-1	0	0	1
GSM2403323	HGNET, MN1	HGNET	FFPE	2	2	0	-1	1	1
GSM2403324	ETMR	ETMR	FFPE	1	1	-1	2	0	1
GSM2403325	MB, G4	MB	FFPE	2	1	1	-1	1	0
GSM2403326	MB, SHH INF	MB	FFPE	0	-1	2	0	2	0
GSM2403327	MB, G4	MB	FFPE	4	1	1	1	1	-1
GSM2403328	MB, SHH INF	MB	FFPE	2	2	1	-1	0	1
GSM2403329	MB, G4	MB	FFPE	2	0	1	-1	0	0
GSM2403330	MB, G3	MB	FFPE	1	2	-1	0	1	1
GSM2403331	MB, SHH CHL AD	MB	FFPE	0	-1	2	1	2	0
GSM2403332	MB, G4	MB	FFPE	4	2	1	1	1	-1
GSM2403333	MB, G3	MB	FFPE	2	2	1	-1	0	0
GSM2403334	MB, G3	MB	FFPE	4	0	1	2	1	-1
GSM2403335	MB, WNT	MB	FFPE	0	-1	0	2	1	2
GSM2403336	MB, WNT	MB	FFPE	0	-1	2	0	1	0
GSM2403337	MB, SHH INF	MB	FFPE	0	-1	2	1	1	0
GSM2403338	MB, G3	MB	FFPE	0	-1	1	0	1	1
GSM2403339	MB, SHH CHL AD	MB	FFPE	0	-1	1	1	0	2
GSM2403340	MB, G4	MB	FFPE	3	0	2	2	-1	2
GSM2403341	MB, SHH INF	MB	FFPE	1	0	-1	0	2	0
GSM2403342	MB, SHH INF	MB	FFPE	3	0	1	1	-1	2
GSM2403343	MB, G4	MB	FFPE	0	-1	0	0	1	1
GSM2403344	MB, G3	MB	FFPE	2	0	0	-1	0	2
GSM2403345	MB, SHH CHL AD	MB	FFPE	3	1	1	2	-1	2
GSM2403346	MB, G4	MB	FFPE	2	2	2	-1	2	0
GSM2403347	MB, G4	MB	FFPE	3	0	2	1	-1	0
GSM2403348	MB, G4	MB	FFPE	3	0	0	1	-1	0
GSM2403349	MB, WNT	MB	FFPE	2	2	1	-1	1	1
GSM2403350	MB, G4	MB	FFPE	0	-1	0	2	1	1
GSM2403351	MB, WNT	MB	FFPE	3	2	0	1	-1	1
GSM2403352	MB, G3	MB	FFPE	3	2	1	2	-1	1
GSM2403353	MB, G4	MB	FFPE	1	0	-1	1	2	0
GSM2403354	MB, SHH INF	MB	FFPE	2	0	1	-1	1	1
GSM2403355	MB, G4	MB	FFPE	4	1	1	0	0	-1
GSM2403356	MB, SHH CHL AD	MB	FFPE	4	1	2	1	0	-1
GSM2403357	MB, WNT	MB	FFPE	4	1	1	1	2	-1
GSM2403358	MB, SHH CHL AD	MB	FFPE	1	1	-1	0	2	2
GSM2403359	MB, G4	MB	FFPE	0	-1	2	0	0	1
GSM2403360	MB, G4	MB	FFPE	1	2	-1	0	1	0
GSM2403361	MB, G4	MB	FFPE	4	0	1	0	0	-1
GSM2403362	MB, SHH INF	MB	FFPE	4	1	2	2	1	-1
GSM2403363	MB, G3	MB	FFPE	2	0	2	-1	0	2
GSM2403364	MB, G4	MB	FFPE	1	1	-1	1	2	1
GSM2403365	MB, WNT	MB	FFPE	1	1	-1	1	0	2
GSM2403366	MB, G4	MB	FFPE	2	1	1	-1	2	1
GSM2403367	MB, G3	MB	FFPE	1	2	-1	1	1	1
GSM2403368	MB, G3	MB	FFPE	1	1	-1	1	0	0
GSM2403369	MB, G4	MB	FFPE	0	-1	2	2	0	0
GSM2403370	MB, G3	MB	FFPE	0	-1	1	1	0	2
GSM2403371	MB, G4	MB	FFPE	3	2	0	2	-1	2
GSM2403372	MB, G4	MB	FFPE	2	2	1	-1	1	1
GSM2403373	MB, G3	MB	FFPE	3	1	1	0	-1	0
GSM2403374	MB, WNT	MB	FFPE	3	0	0	0	-1	1
GSM2403375	MB, SHH CHL AD	MB	FFPE	2	2	2	-1	2	1
GSM2403376	MB, G4	MB	FFPE	3	1	0	0	-1	0
GSM2403377	MB, G4	MB	FFPE	1	2	-1	0	2	1
GSM2403378	MB, G3	MB	FFPE	4	2	0	1	1	-1
GSM2403379	MB, G4	MB	FFPE	2	2	2	-1	1	2
GSM2403380	MB, G4	MB	FFPE	0	-1	1	1	1	0
GSM2403381	MB, SHH INF	MB	FFPE	0	-1	1	0	1	2
GSM2403382	MB, G3	MB	FFPE	2	1	2	-1	2	1
GSM2403383	MB, SHH INF	MB	FFPE	2	2	2	-1	2	0
GSM2403384	MB, G4	MB	FFPE	2	0	0	-1	2	1
GSM2403385	MB, G3	MB	FFPE	0	-1	2	1	2	1
GSM2403386	MB, G4	MB	FFPE	4	0	2	1	1	-1
GSM2403387	MB, G4	MB	FFPE	0	-1	1	1	1	0
GSM2403388	MB, G4	MB	FFPE	3	0	1	2	-1	1
GSM2403389	MB, SHH INF	MB	FFPE	2	1	2	-1	2	0
GSM2403390	MB, G4	MB	FFPE	0	-1	2	0	0	0
GSM2403391	MB, G3	MB	FFPE	0	-1	1	0	0	2
GSM2403392	MB, SHH CHL AD	MB	FFPE	4	0	1	1	1	-1
GSM2403393	MB, G3	MB	FFPE	3	2	1	1	-1	0
GSM2403394	MB, SHH CHL AD	MB	FFPE	2	0	2	-1	0	1
GSM2403395	MB, G3	MB	FFPE	0	-1	0	0	1	1
GSM2403396	MB, G4	MB	FFPE	3	2	0	0	-1	1
GSM2403397	MB, G4	MB	FFPE	1	2	-1	0	2	1
GSM2403398	MB, G3	MB	FFPE	2	2	1	-1	1	0
GSM2403399	MB, G3	MB	FFPE	4	0	1	2	0	-1
GSM2403400	MB, G4	MB	FFPE	4	2	0	2	2	-1
GSM2403401	MB, G3	MB	FFPE	1	2	-1	2	2	0
GSM2403402	MB, G4	MB	FFPE	2	2	0	-1	1	2
GSM2403403	MB, G4	MB	Frozen	3	0	2	2	-1	2
GSM2403404	MB, G4	MB	Frozen	2	0	1	-1	2	2
GSM2403405	MB, G4	MB	Frozen	2	0	0	-1	0	2
GSM2403406	MB, SHH CHL AD	MB	Frozen	2	1	2	-1	1	2
GSM2403407	MB, SHH CHL AD	MB	Frozen	1	2	-1	0	2	0
GSM2403408	MB, G3	MB	Frozen	1	2	-1	0	1	1
GSM2403409	MB, SHH CHL AD	MB	Frozen	0	-1	2	1	0	1
GSM2403410	MB, SHH CHL AD	MB	Frozen	2	0	0	-1	2	0
GSM2403411	MB, G3	MB	Frozen	3	2	2	0	-1	0
GSM2403412	MB, G4	MB	Frozen	0	-1	0	1	1	1
GSM2403413	MB, G4	MB	Frozen	3	2	0	1	-1	1
GSM2403414	MB, SHH CHL AD	MB	Frozen	4	1	2	1	2	-1
GSM2403415	MB, SHH CHL AD	MB	Frozen	1	2	-1	1	0	0
GSM2403416	MB, SHH CHL AD	MB	Frozen	4	2	1	2	2	-1
GSM2403417	MB, G4	MB	Frozen	1	1	-1	1	2	1
GSM2403418	MB, SHH CHL AD	MB	Frozen	0	-1	0	0	0	0
GSM2403419	MB, SHH CHL AD	MB	Frozen	1	2	-1	1	1	1
GSM2403420	MB, SHH CHL AD	MB	Frozen	4	2	0	2	2	-1
GSM2403421	LGG, PA MID	LGG	Frozen	2	2	0	-1	0	0
GSM2403422	LGG, PA MID	LGG	Frozen	0	-1	1	2	2	2
GSM2403423	LGG, PA MID	LGG	Frozen	1	0	-1	1	1	0
GSM2403424	ETMR	ETMR	Frozen	1	2	-1	2	2	2
GSM2403425	GBM, G34	GBM	Frozen	1	2	-1	1	1	1
GSM2403426	MB, SHH CHL AD	MB	Frozen	2	2	1	-1	0	1
GSM2403427	MB, SHH CHL AD	MB	Frozen	3	0	2	0	-1	1
GSM2403428	MB, SHH CHL AD	MB	Frozen	0	-1	2	2	1	2
GSM2403429	MB, SHH CHL AD	MB	Frozen	4	0	2	1	2	-1
GSM2403430	MB, G3	MB	Frozen	4	2	0	2	0	-1
GSM2403431	MB, G4	MB	Frozen	4	0	2	1	1	-1
GSM2403432	MB, WNT	MB	Frozen	0	-1	0	2	2	1
GSM2403433	MB, G3	MB	Frozen	1	1	-1	2	2	0
GSM2403434	MB, SHH INF	MB	Frozen	3	1	0	2	-1	0
GSM2403435	MB, G4	MB	Frozen	4	2	0	2	2	-1
GSM2403436	MB, G3	MB	Frozen	3	0	0	2	-1	0
GSM2403437	MB, SHH CHL AD	MB	Frozen	2	2	0	-1	1	1
GSM2403438	MB, G4	MB	Frozen	0	-1	1	1	1	2
GSM2403439	MB, G3	MB	Frozen	0	-1	0	1	1	0
GSM2403440	MB, SHH INF	MB	Frozen	0	-1	1	2	2	1
GSM2403441	MB, G4	MB	Frozen	3	2	2	1	-1	2
GSM2403442	LGG, PA PF	LGG	Frozen	4	1	1	0	1	-1
GSM2403443	LGG, PA PF	LGG	Frozen	4	2	1	2	2	-1
GSM2403444	LGG, PA PF	LGG	Frozen	4	0	2	0	1	-1
GSM2403445	LGG, PA PF	LGG	Frozen	2	0	0	-1	0	0
GSM2403446	LGG, PA PF	LGG	Frozen	3	0	2	0	-1	2
GSM2403447	LGG, PA PF	LGG	Frozen	0	-1	0	0	0	2
GSM2403448	LGG, PA MID	LGG	Frozen	1	1	-1	2	0	0
GSM2403449	LGG, PA PF	LGG	Frozen	0	-1	0	1	0	2
GSM2403450	LGG, PA PF	LGG	Frozen	2	2	1	-1	2	0
GSM2403451	LGG, PA MID	LGG	Frozen	2	2	2	-1	0	0
GSM2403452	LGG, PA PF	LGG	Frozen	3	2	2	2	-1	1
GSM2403453	LGG, PA MID	LGG	Frozen	2	1	1	-1	0	1
GSM2403454	LGG, PA PF	LGG	Frozen	3	1	2	2	-1	0
GSM2403455	CONTR, REACT	CONTR	Frozen	1	0	-1	1	2	1
GSM2403456	LGG, PA PF	LGG	Frozen	4	2	0	2	0	-1
GSM2403457	LGG, PA PF	LGG	Frozen	3	0	2	2	-1	1
GSM2403458	LGG, PA PF	LGG	Frozen	2	1	1	-1	1	0
GSM2403459	LGG, PA PF	LGG	Frozen	4	2	2	1	2	-1
GSM2403460	LGG, PA MID	LGG	Frozen	0	-1	1	2	0	1
GSM2403461	LGG, PA PF	LGG	Frozen	0	-1	0	2	0	1
GSM2403462	EFT, CIC	EFT	Frozen	1	1	-1	2	2	0
GSM2403463	ATRT, MYC	ATRT	Frozen	1	1	-1	2	1	1
GSM2403464	MB, SHH CHL AD	MB	Frozen	1	1	-1	2	2	1
GSM2403465	MB, G4	MB	Frozen	0	-1	0	2	2	0
GSM2403466	MB, SHH CHL AD	MB	Frozen	4	2	1	0	2	-1
GSM2403467	ETMR	ETMR	Frozen	1	0	-1	2	1	0
GSM2403468	MB, G3	MB	Frozen	0	-1	2	0	1	0
GSM2403469	MB, G4	MB	Frozen	3	0	1	0	-1	1
GSM2403470	MB, G3	MB	Frozen	1	2	-1	0	0	2
GSM2403471	GBM, RTK II	GBM	Frozen	3	1	2	1	-1	1
GSM2403472	GBM, RTK II	GBM	Frozen	1	2	-1	1	1	2
GSM2403473	GBM, RTK I	GBM	Frozen	4	1	2	1	1	-1
GSM2403474	GBM, RTK II	GBM	Frozen	3	2	1	2	-1	0
GSM2403475	GBM, RTK I	GBM	Frozen	4	1	1	1	2	-1
GSM2403476	GBM, RTK II	GBM	Frozen	2	0	1	-1	0	2
GSM2403477	GBM, RTK II	GBM	Frozen	1	2	-1	2	2	0
GSM2403478	GBM, RTK I	GBM	Frozen	1	0	-1	2	1	0
GSM2403479	GBM, RTK II	GBM	Frozen	4	0	1	0	1	-1
GSM2403480	GBM, RTK I	GBM	Frozen	2	1	0	-1	0	0
GSM2403481	GBM, RTK II	GBM	Frozen	4	0	1	1	0	-1
GSM2403482	GBM, RTK II	GBM	Frozen	3	1	1	1	-1	1
GSM2403483	GBM, RTK I	GBM	Frozen	0	-1	1	0	2	1
GSM2403484	GBM, RTK II	GBM	Frozen	4	0	2	0	1	-1
GSM2403485	GBM, RTK II	GBM	Frozen	2	1	1	-1	2	2
GSM2403486	GBM, RTK II	GBM	Frozen	3	1	1	1	-1	2
GSM2403487	GBM, RTK I	GBM	Frozen	0	-1	0	1	0	1
GSM2403488	GBM, RTK II	GBM	Frozen	2	1	1	-1	0	2
GSM2403489	GBM, MID	GBM	Frozen	3	1	2	2	-1	2
GSM2403490	DMG, K27	DMG	Frozen	2	0	1	-1	2	0
GSM2403491	LGG, PA PF	LGG	Frozen	1	2	-1	2	1	1
GSM2403492	LGG, PA PF	LGG	Frozen	0	-1	0	0	1	1
GSM2403493	LGG, PA PF	LGG	Frozen	4	0	1	1	2	-1
GSM2403494	LGG, PA MID	LGG	Frozen	0	-1	0	1	1	2
GSM2403495	MB, SHH CHL AD	MB	Frozen	4	1	2	1	1	-1
GSM2403496	ATRT, SHH	ATRT	Frozen	3	1	2	1	-1	1
GSM2403497	EPN, RELA	EPN	Frozen	0	-1	0	0	0	0
GSM2403498	ETMR	ETMR	Frozen	4	0	1	0	0	-1
GSM2403499	CNS NB, FOXR2	CNS NB	Frozen	3	1	2	1	-1	1
GSM2403500	HGNET, BCOR	HGNET	Frozen	3	0	1	0	-1	2
GSM2403501	CNS NB, FOXR2	CNS NB	Frozen	2	2	0	-1	2	1
GSM2403502	HMB	HMB	FFPE	4	0	1	0	1	-1
GSM2403503	EPN, MPE	EPN	FFPE	4	0	1	0	2	-1
GSM2403504	SCHW	SCHW	FFPE	1	2	-1	2	2	0
GSM2403505	SCHW	SCHW	FFPE	2	0	2	-1	0	1
GSM2403506	LGG, SEGA	LGG	FFPE	1	2	-1	1	2	1
GSM2403507	O IDH	O IDH	FFPE	3	0	2	1	-1	2
GSM2403508	SCHW	SCHW	FFPE	3	2	2	1	-1	2
GSM2403509	LGG, PA/GG ST	LGG	FFPE	0	-1	0	0	0	0
GSM2403510	LGG, PA PF	LGG	FFPE	2	0	0	-1	2	0
GSM2403511	CONTR, REACT	CONTR	FFPE	2	2	0	-1	2	2
GSM2403512	CONTR, REACT	CONTR	FFPE	3	0	1	0	-1	2
GSM2403513	CONTR, REACT	CONTR	FFPE	2	2	0	-1	1	1
GSM2403514	CONTR, REACT	CONTR	FFPE	2	0	0	-1	1	1
GSM2403515	CNS NB, FOXR2	CNS NB	FFPE	1	2	-1	1	0	0
GSM2403516	A IDH, HG	A IDH	FFPE	0	-1	0	0	2	0
GSM2403517	ETMR	ETMR	FFPE	3	0	2	2	-1	0
GSM2403518	CNS NB, FOXR2	CNS NB	FFPE	1	2	-1	0	1	0
GSM2403519	CONTR, REACT	CONTR	FFPE	3	0	2	0	-1	0
GSM2403520	ETMR	ETMR	FFPE	0	-1	2	1	2	0
GSM2403521	ETMR	ETMR	FFPE	3	2	0	2	-1	2
GSM2403522	ETMR	ETMR	FFPE	1	0	-1	0	2	2
GSM2403523	MB, SHH INF	MB	FFPE	2	2	1	-1	0	2
GSM2403524	MB, G4	MB	FFPE	2	1	2	-1	1	2
GSM2403525	CNS NB, FOXR2	CNS NB	FFPE	3	0	2	0	-1	0
GSM2403526	CNS NB, FOXR2	CNS NB	FFPE	1	0	-1	1	2	1
GSM2403527	CNS NB, FOXR2	CNS NB	FFPE	3	2	0	2	-1	1
GSM2403528	ETMR	ETMR	FFPE	2	2	2	-1	0	0
GSM2403529	DMG, K27	DMG	Frozen	0	-1	0	0	2	1
GSM2403530	CONTR, HEMI	CONTR	Frozen	3	1	1	2	-1	1
GSM2403531	CONTR, HEMI	CONTR	Frozen	1	0	-1	1	1	0
GSM2403532	CONTR, HEMI	CONTR	Frozen	4	0	0	0	0	-1
GSM2403533	CONTR, HEMI	CONTR	Frozen	1	1	-1	2	1	0
GSM2403534	CONTR, HEMI	CONTR	Frozen	0	-1	2	0	0	2
GSM2403535	CONTR, HEMI	CONTR	Frozen	2	2	0	-1	2	1
GSM2403536	MNG	MNG	Frozen	2	0	0	-1	0	0
GSM2403537	MNG	MNG	Frozen	1	1	-1	1	2	0
GSM2403538	MNG	MNG	Frozen	0	-1	0	2	1	1
GSM2403539	MNG	MNG	Frozen	3	1	2	1	-1	2
GSM2403540	MNG	MNG	Frozen	0	-1	0	1	0	1
GSM2403541	MNG	MNG	Frozen	3	0	1	0	-1	1
GSM2403542	MNG	MNG	Frozen	4	2	2	0	0	-1
GSM2403543	MNG	MNG	Frozen	3	1	1	2	-1	0
GSM2403544	MNG	MNG	Frozen	1	2	-1	1	1	2
GSM2403545	MNG	MNG	Frozen	1	2	-1	2	2	2
GSM2403546	MNG	MNG	Frozen	1	2	-1	1	0	2
GSM2403547	MNG	MNG	Frozen	2	2	2	-1	0	0
GSM2403548	MNG	MNG	Frozen	1	2	-1	1	2	0
GSM2403549	MNG	MNG	Frozen	4	0	1	0	0	-1
GSM2403550	MNG	MNG	Frozen	2	2	0	-1	1	0
GSM2403551	MNG	MNG	Frozen	1	1	-1	2	0	2
GSM2403552	MNG	MNG	Frozen	0	-1	2	2	0	0
GSM2403553	MNG	MNG	Frozen	0	-1	1	2	2	1
GSM2403554	MNG	MNG	Frozen	3	0	1	0	-1	2
GSM2403555	MNG	MNG	Frozen	2	2	1	-1	0	2
GSM2403556	MNG	MNG	Frozen	4	0	1	1	2	-1
GSM2403557	MNG	MNG	Frozen	0	-1	1	0	1	2
GSM2403558	MNG	MNG	Frozen	0	-1	0	0	1	0
GSM2403559	MNG	MNG	Frozen	1	0	-1	0	2	1
GSM2403560	MNG	MNG	Frozen	2	1	1	-1	1	0
GSM2403561	MNG	MNG	Frozen	0	-1	0	0	2	0
GSM2403562	MNG	MNG	Frozen	1	2	-1	2	1	2
GSM2403563	MNG	MNG	Frozen	2	1	2	-1	0	0
GSM2403564	MNG	MNG	Frozen	3	0	2	2	-1	2
GSM2403565	MNG	MNG	Frozen	3	0	0	2	-1	1
GSM2403566	MNG	MNG	Frozen	1	0	-1	2	2	2
GSM2403567	MNG	MNG	Frozen	4	1	2	2	2	-1
GSM2403568	LGG, PA MID	LGG	Frozen	2	1	0	-1	1	1
GSM2403569	A IDH, HG	A IDH	FFPE	3	2	0	2	-1	2
GSM2403570	O IDH	O IDH	FFPE	4	0	2	1	1	-1
GSM2403571	O IDH	O IDH	FFPE	0	-1	0	2	1	2
GSM2403572	O IDH	O IDH	FFPE	2	0	1	-1	2	1
GSM2403573	LGG, MYB	LGG	FFPE	2	0	2	-1	1	2
GSM2403574	O IDH	O IDH	FFPE	1	1	-1	2	0	0
GSM2403575	LGG, MYB	LGG	FFPE	3	0	0	2	-1	0
GSM2403576	LGG, MYB	LGG	FFPE	3	1	2	2	-1	2
GSM2403577	LGG, MYB	LGG	FFPE	4	1	1	2	2	-1
GSM2403578	LGG, MYB	LGG	FFPE	1	2	-1	1	1	2
GSM2403579	LGG, MYB	LGG	FFPE	1	1	-1	0	0	0
GSM2403580	LGG, MYB	LGG	FFPE	4	2	1	1	0	-1
GSM2403581	LGG, MYB	LGG	FFPE	0	-1	0	2	1	1
GSM2403582	LGG, MYB	LGG	FFPE	0	-1	1	1	0	1
GSM2403583	LGG, PA MID	LGG	FFPE	2	1	1	-1	2	0
GSM2403584	MB, SHH CHL AD	MB	FFPE	4	0	1	2	0	-1
GSM2403585	EPN, MPE	EPN	FFPE	4	1	1	1	2	-1
GSM2403586	A IDH	A IDH	FFPE	4	0	1	0	1	-1
GSM2403587	A IDH	A IDH	FFPE	0	-1	2	2	0	0
GSM2403588	A IDH	A IDH	FFPE	2	2	1	-1	1	1
GSM2403589	A IDH	A IDH	FFPE	3	2	2	2	-1	1
GSM2403590	A IDH, HG	A IDH	FFPE	2	0	0	-1	2	2
GSM2403591	A IDH	A IDH	FFPE	3	0	0	1	-1	2
GSM2403592	MNG	MNG	Frozen	2	2	2	-1	2	1
GSM2403593	MNG	MNG	Frozen	4	2	0	0	1	-1
GSM2403594	MNG	MNG	Frozen	0	-1	2	0	0	2
GSM2403595	MNG	MNG	Frozen	3	2	1	1	-1	2
GSM2403596	MNG	MNG	Frozen	1	0	-1	2	0	2
GSM2403597	GBM, RTK I	GBM	Frozen	0	-1	2	1	2	2
GSM2403598	GBM, RTK II	GBM	Frozen	4	2	0	1	1	-1
GSM2403599	EPN, PF A	EPN	Frozen	0	-1	1	0	1	2
GSM2403600	EPN, PF A	EPN	Frozen	3	2	0	0	-1	2
GSM2403601	EPN, RELA	EPN	Frozen	4	0	1	1	1	-1
GSM2403602	MB, SHH CHL AD	MB	Frozen	1	0	-1	1	1	1
GSM2403603	MB, G4	MB	Frozen	3	0	1	1	-1	0
GSM2403604	GBM, RTK II	GBM	Frozen	0	-1	2	1	1	2
GSM2403605	HGNET, MN1	HGNET	Frozen	4	2	0	1	1	-1
GSM2403606	EFT, CIC	EFT	Frozen	2	0	0	-1	0	2
GSM2403607	A IDH, HG	A IDH	FFPE	1	0	-1	1	1	2
GSM2403608	A IDH	A IDH	FFPE	3	1	1	0	-1	0
GSM2403609	A IDH	A IDH	FFPE	3	1	2	0	-1	1
GSM2403610	LGG, PA/GG ST	LGG	FFPE	1	0	-1	0	1	1
GSM2403611	LGG, PA PF	LGG	FFPE	4	1	1	1	2	-1
GSM2403612	CONTR, REACT	CONTR	FFPE	0	-1	2	2	2	0
GSM2403613	CONTR, REACT	CONTR	FFPE	1	1	-1	1	2	0
GSM2403614	CONTR, REACT	CONTR	FFPE	3	1	2	2	-1	0
GSM2403615	LGG, PA/GG ST	LGG	FFPE	3	1	0	0	-1	2
GSM2403616	O IDH	O IDH	FFPE	1	2	-1	0	0	2
GSM2403617	O IDH	O IDH	FFPE	3	1	0	1	-1	2
GSM2403618	MB, SHH CHL AD	MB	FFPE	3	2	1	1	-1	1
GSM2403619	ATRT, SHH	ATRT	FFPE	2	1	0	-1	1	1
GSM2403620	ETMR	ETMR	FFPE	2	2	1	-1	2	0
GSM2403621	CNS NB, FOXR2	CNS NB	FFPE	4	2	2	2	2	-1
GSM2403622	MB, SHH CHL AD	MB	FFPE	1	1	-1	2	2	0
GSM2403623	MB, SHH CHL AD	MB	FFPE	4	0	2	0	2	-1
GSM2403624	SUBEPN, ST	SUBEPN	FFPE	1	2	-1	0	1	2
GSM2403625	SUBEPN, ST	SUBEPN	FFPE	0	-1	2	0	0	0
GSM2403626	LGG, GG	LGG	FFPE	2	1	2	-1	0	0
GSM2403627	CN	CN	FFPE	0	-1	1	1	2	1
GSM2403628	SUBEPN, ST	SUBEPN	FFPE	2	0	0	-1	2	1
GSM2403629	CN	CN	FFPE	1	2	-1	0	0	2
GSM2403630	LGG, SEGA	LGG	FFPE	4	1	0	0	2	-1
GSM2403631	LGG, SEGA	LGG	FFPE	2	1	2	-1	1	2
GSM2403632	CN	CN	FFPE	0	-1	0	2	2	2
GSM2403633	CN	CN	FFPE	4	1	0	2	1	-1
GSM2403634	CN	CN	FFPE	3	2	2	1	-1	0
GSM2403635	CN	CN	FFPE	3	1	2	0	-1	2
GSM2403636	CN	CN	FFPE	4	2	2	1	1	-1
GSM2403637	CN	CN	FFPE	3	1	1	1	-1	1
GSM2403638	SUBEPN, ST	SUBEPN	FFPE	4	0	1	2	0	-1
GSM2403639	SUBEPN, ST	SUBEPN	FFPE	2	0	2	-1	1	2
GSM2403640	SUBEPN, ST	SUBEPN	FFPE	1	2	-1	2	2	0
GSM2403641	SUBEPN, SPINE	SUBEPN	FFPE	0	-1	1	0	0	2
GSM2403642	LGG, SEGA	LGG	FFPE	2	2	2	-1	1	0
GSM2403643	LGG, SEGA	LGG	FFPE	0	-1	2	2	2	0
GSM2403644	LYMPHO	LYMPHO	FFPE	4	1	1	1	0	-1
GSM2403645	LYMPHO	LYMPHO	FFPE	4	2	0	2	1	-1
GSM2403646	PIN T, PB B	PIN T	FFPE	1	0	-1	2	0	0
GSM2403647	LYMPHO	LYMPHO	FFPE	2	1	0	-1	0	0
GSM2403648	GBM, MES	GBM	Frozen	2	1	1	-1	1	0
GSM2403649	GBM, RTK I	GBM	Frozen	1	0	-1	2	0	1
GSM2403650	GBM, RTK II	GBM	Frozen	2	2	1	-1	1	1
GSM2403651	PXA	PXA	FFPE	2	0	0	-1	1	2
GSM2403652	PXA	PXA	FFPE	4	0	1	2	1	-1
GSM2403653	PXA	PXA	FFPE	0	-1	2	2	0	2
GSM2403654	PXA	PXA	FFPE	3	2	0	2	-1	0
GSM2403655	PXA	PXA	FFPE	3	2	0	0	-1	1
GSM2403656	PXA	PXA	FFPE	0	-1	0	2	2	0
GSM2403657	PXA	PXA	FFPE	1	1	-1	1	2	0
GSM2403658	LGG, PA/GG ST	LGG	FFPE	4	0	0	0	0	-1
GSM2403659	ANA PA	ANA PA	FFPE	3	1	1	0	-1	1
GSM2403660	LYMPHO	LYMPHO	FFPE	4	2	1	0	2	-1
GSM2403661	ETMR	ETMR	FFPE	4	2	2	2	0	-1
GSM2403662	ETMR	ETMR	FFPE	3	1	2	2	-1	1
GSM2403663	ETMR	ETMR	FFPE	3	0	2	0	-1	0
GSM2403664	ETMR	ETMR	FFPE	4	1	1	1	1	-1
GSM2403665	ETMR	ETMR	FFPE	3	1	0	0	-1	1
GSM2403666	ETMR	ETMR	FFPE	2	1	1	-1	1	0
GSM2403667	ETMR	ETMR	FFPE	1	0	-1	2	1	1
GSM2403668	GBM, MES	GBM	Frozen	1	1	-1	2	0	0
GSM2403669	GBM, RTK II	GBM	Frozen	2	0	2	-1	0	1
GSM2403670	GBM, RTK II	GBM	Frozen	0	-1	2	2	1	1
GSM2403671	GBM, RTK II	GBM	Frozen	2	0	0	-1	1	0
GSM2403672	GBM, RTK II	GBM	Frozen	3	1	1	0	-1	0
GSM2403673	GBM, RTK II	GBM	Frozen	2	1	0	-1	2	1
GSM2403674	GBM, RTK II	GBM	Frozen	2	0	2	-1	0	2
GSM2403675	GBM, MES	GBM	Frozen	0	-1	1	0	2	0
GSM2403676	GBM, RTK II	GBM	Frozen	2	0	2	-1	2	2
GSM2403677	GBM, RTK II	GBM	Frozen	3	2	1	0	-1	2
GSM2403678	GBM, RTK II	GBM	Frozen	0	-1	0	1	1	2
GSM2403679	GBM, RTK II	GBM	Frozen	2	2	1	-1	0	2
GSM2403680	GBM, RTK II	GBM	Frozen	0	-1	0	2	0	2
GSM2403681	CONTR, INFLAM	CONTR	Frozen	4	0	2	1	0	-1
GSM2403682	GBM, RTK II	GBM	Frozen	1	1	-1	0	2	1
GSM2403683	GBM, RTK II	GBM	Frozen	1	0	-1	2	2	1
GSM2403684	GBM, MES	GBM	Frozen	4	0	1	1	2	-1
GSM2403685	GBM, RTK II	GBM	Frozen	1	0	-1	1	2	0
GSM2403686	EFT, CIC	EFT	Frozen	0	-1	2	0	2	2
GSM2403687	EFT, CIC	EFT	Frozen	0	-1	1	2	0	2
GSM2403688	GBM, RTK I	GBM	Frozen	3	2	2	2	-1	0
GSM2403689	GBM, RTK II	GBM	Frozen	1	1	-1	2	0	2
GSM2403690	GBM, RTK I	GBM	Frozen	2	1	2	-1	1	2
GSM2403691	GBM, RTK II	GBM	Frozen	3	1	2	2	-1	2
GSM2403692	MB, SHH INF	MB	Frozen	1	0	-1	1	0	1
GSM2403693	GBM, RTK I	GBM	Frozen	3	2	1	1	-1	0
GSM2403694	HGNET, MN1	HGNET	Frozen	2	0	2	-1	1	2
GSM2403695	ETMR	ETMR	Frozen	4	2	1	1	0	-1
GSM2403696	GBM, RTK I	GBM	Frozen	0	-1	1	0	1	0
GSM2403697	GBM, RTK II	GBM	Frozen	0	-1	0	2	0	0
GSM2403698	MB, SHH INF	MB	Frozen	1	1	-1	1	1	2
GSM2403699	ETMR	ETMR	Frozen	0	-1	1	1	1	1
GSM2403700	MB, SHH INF	MB	Frozen	1	1	-1	0	1	2
GSM2403701	EFT, CIC	EFT	Frozen	4	0	0	1	1	-1
GSM2403702	HGNET, BCOR	HGNET	Frozen	2	2	2	-1	0	1
GSM2403703	LGG, PA/GG ST	LGG	FFPE	1	1	-1	1	0	0
GSM2403704	PTPR, B	PTPR	FFPE	1	0	-1	1	2	0
GSM2403705	LYMPHO	LYMPHO	FFPE	0	-1	1	0	2	2
GSM2403706	LYMPHO	LYMPHO	FFPE	1	0	-1	2	1	2
GSM2403707	LYMPHO	LYMPHO	FFPE	0	-1	2	1	0	2
GSM2403708	LGG, PA/GG ST	LGG	FFPE	1	0	-1	1	1	2
GSM2403709	LGG, PA/GG ST	LGG	FFPE	0	-1	1	1	2	2
GSM2403710	PIN T, PPT	PIN T	FFPE	1	0	-1	0	0	1
GSM2403711	PIN T, PPT	PIN T	FFPE	3	2	2	2	-1	0
GSM2403712	CPH, ADM	CPH	FFPE	2	1	2	-1	0	0
GSM2403713	CPH, ADM	CPH	FFPE	3	0	2	1	-1	2
GSM2403714	CPH, PAP	CPH	FFPE	0	-1	2	2	0	0
GSM2403715	CPH, PAP	CPH	FFPE	1	1	-1	0	0	2
GSM2403716	CPH, ADM	CPH	FFPE	0	-1	1	2	0	2
GSM2403717	CONTR, REACT	CONTR	FFPE	1	1	-1	0	1	1
GSM2403718	ETMR	ETMR	FFPE	4	2	0	2	2	-1
GSM2403719	ATRT, MYC	ATRT	FFPE	3	0	2	2	-1	1
GSM2403720	CNS NB, FOXR2	CNS NB	FFPE	3	2	1	1	-1	1
GSM2403721	EFT, CIC	EFT	FFPE	2	1	2	-1	0	1
GSM2403722	LGG, SEGA	LGG	FFPE	3	2	1	1	-1	1
GSM2403723	ENB, A	ENB	FFPE	0	-1	0	1	1	2
GSM2403724	GBM, RTK II	GBM	Frozen	2	1	0	-1	1	2
GSM2403725	O IDH	O IDH	FFPE	3	1	2	0	-1	2
GSM2403726	A IDH	A IDH	FFPE	1	0	-1	0	2	1
GSM2403727	PITUI	PITUI	FFPE	2	2	1	-1	1	0
GSM2403728	A IDH	A IDH	FFPE	1	1	-1	2	1	1
GSM2403729	GBM, RTK II	GBM	FFPE	3	1	1	2	-1	2
GSM2403730	A IDH	A IDH	FFPE	4	1	1	1	0	-1
GSM2403731	CONTR, PINEAL	CONTR	FFPE	3	2	2	0	-1	2
GSM2403732	EPN, MPE	EPN	FFPE	4	1	2	0	0	-1
GSM2403733	PGG, nC	PGG	FFPE	0	-1	2	2	0	1
GSM2403734	A IDH	A IDH	FFPE	1	0	-1	0	1	2
GSM2403735	A IDH, HG	A IDH	FFPE	0	-1	1	2	2	1
GSM2403736	A IDH, HG	A IDH	FFPE	3	1	2	2	-1	1
GSM2403737	EPN, MPE	EPN	FFPE	3	2	0	1	-1	2
GSM2403738	GBM, MES	GBM	FFPE	3	2	2	2	-1	1
GSM2403739	PGG, nC	PGG	FFPE	1	2	-1	0	2	2
GSM2403740	GBM, G34	GBM	FFPE	4	2	0	1	1	-1
GSM2403741	A IDH	A IDH	FFPE	4	1	0	2	2	-1
GSM2403742	PIN T, PPT	PIN T	FFPE	0	-1	2	1	1	0
GSM2403743	LGG, PA/GG ST	LGG	FFPE	2	2	1	-1	0	2
GSM2403744	PIN T, PPT	PIN T	FFPE	2	0	0	-1	2	1
GSM2403745	CONTR, PINEAL	CONTR	FFPE	2	2	1	-1	0	1
GSM2403746	PIN T, PPT	PIN T	FFPE	1	2	-1	1	0	1
GSM2403747	EPN, MPE	EPN	FFPE	2	2	0	-1	0	1
GSM2403748	GBM, G34	GBM	FFPE	4	2	2	1	0	-1
GSM2403749	DMG, K27	DMG	FFPE	2	2	1	-1	1	0
GSM2403750	A IDH, HG	A IDH	FFPE	0	-1	0	2	2	0
GSM2403751	HGNET, BCOR	HGNET	Frozen	4	1	2	1	1	-1
GSM2403752	HGNET, BCOR	HGNET	Frozen	2	0	1	-1	0	2
GSM2403753	LGG, DNT	LGG	FFPE	1	1	-1	1	2	0
GSM2403754	HGNET, BCOR	HGNET	FFPE	3	0	2	0	-1	0
GSM2403755	LGG, DNT	LGG	FFPE	4	2	0	1	2	-1
GSM2403756	LGG, DNT	LGG	FFPE	3	2	1	2	-1	2
GSM2403757	LGG, DNT	LGG	FFPE	4	2	2	2	1	-1
GSM2403758	LGG, RGNT	LGG	FFPE	1	1	-1	2	1	2
GSM2403759	A IDH	A IDH	FFPE	0	-1	0	2	1	2
GSM2403760	LGG, DNT	LGG	FFPE	4	1	2	0	2	-1
GSM2403761	DMG, K27	DMG	Frozen	3	1	2	2	-1	0
GSM2403762	DMG, K27	DMG	Frozen	1	0	-1	0	0	0
GSM2403763	DMG, K27	DMG	Frozen	0	-1	0	2	1	1
GSM2403764	CNS NB, FOXR2	CNS NB	Frozen	2	2	1	-1	0	2
GSM2403765	CNS NB, FOXR2	CNS NB	Frozen	3	0	1	1	-1	1
GSM2403766	CPH, ADM	CPH	FFPE	1	0	-1	0	2	2
GSM2403767	CPH, ADM	CPH	FFPE	3	1	0	2	-1	0
GSM2403768	CN	CN	FFPE	2	2	0	-1	0	0
GSM2403769	CN	CN	FFPE	4	0	2	1	1	-1
GSM2403770	CN	CN	FFPE	3	2	2	2	-1	2
GSM2403771	CN	CN	FFPE	4	0	1	2	0	-1
GSM2403772	CN	CN	FFPE	0	-1	2	1	2	0
GSM2403773	CN	CN	FFPE	1	1	-1	0	1	0
GSM2403774	CN	CN	FFPE	2	2	0	-1	0	2
GSM2403775	CN	CN	FFPE	4	1	1	0	0	-1
GSM2403776	CHGL	CHGL	FFPE	3	0	1	0	-1	2
GSM2403777	LGG, DNT	LGG	FFPE	2	0	1	-1	2	2
GSM2403778	MELAN	MELAN	FFPE	2	2	2	-1	1	1
GSM2403779	PLEX, AD	PLEX	FFPE	1	1	-1	1	2	2
GSM2403780	HGNET, MN1	HGNET	Frozen	0	-1	1	0	1	0
GSM2403781	EPN, PF A	EPN	FFPE	3	0	0	1	-1	1
GSM2403782	EPN, PF A	EPN	FFPE	1	0	-1	0	2	0
GSM2403783	EPN, PF A	EPN	FFPE	2	2	2	-1	0	1
GSM2403784	CPH, ADM	CPH	FFPE	1	2	-1	2	2	2
GSM2403785	CPH, ADM	CPH	FFPE	1	1	-1	2	0	2
GSM2403786	CPH, ADM	CPH	FFPE	0	-1	1	2	1	1
GSM2403787	CPH, PAP	CPH	FFPE	2	2	2	-1	2	0
GSM2403788	CPH, PAP	CPH	FFPE	1	2	-1	0	0	2
GSM2403789	CPH, ADM	CPH	FFPE	2	2	0	-1	0	0
GSM2403790	CPH, ADM	CPH	FFPE	3	2	1	0	-1	0
GSM2403791	EPN, RELA	EPN	FFPE	2	0	1	-1	1	2
GSM2403792	EPN, RELA	EPN	FFPE	3	1	1	1	-1	0
GSM2403793	EPN, RELA	EPN	FFPE	4	2	0	1	2	-1
GSM2403794	EPN, RELA	EPN	FFPE	1	0	-1	0	2	2
GSM2403795	EPN, RELA	EPN	FFPE	0	-1	2	1	2	1
GSM2403796	EPN, RELA	EPN	FFPE	4	1	1	0	2	-1
GSM2403797	EPN, RELA	EPN	FFPE	2	2	1	-1	1	0
GSM2403798	HGNET, MN1	HGNET	FFPE	2	0	2	-1	2	2
GSM2403799	EPN, RELA	EPN	FFPE	1	2	-1	2	0	1
GSM2403800	EPN, RELA	EPN	FFPE	1	0	-1	1	2	1
GSM2403801	EPN, RELA	EPN	FFPE	2	2	2	-1	0	1
GSM2403802	EPN, RELA	EPN	FFPE	2	1	1	-1	2	2
GSM2403803	EPN, RELA	EPN	FFPE	1	2	-1	0	0	0
GSM2403804	EPN, RELA	EPN	FFPE	3	1	2	2	-1	2
GSM2403805	EPN, RELA	EPN	FFPE	3	1	0	1	-1	0
GSM2403806	EPN, PF A	EPN	FFPE	4	0	1	1	2	-1
GSM2403807	EPN, YAP	EPN	FFPE	1	0	-1	2	0	0
GSM2403808	EPN, RELA	EPN	FFPE	4	1	1	0	2	-1
GSM2403809	EPN, RELA	EPN	FFPE	4	0	0	2	2	-1
GSM2403810	EPN, RELA	EPN	FFPE	0	-1	1	2	0	0
GSM2403811	EPN, RELA	EPN	FFPE	0	-1	1	1	1	1
GSM2403812	EPN, RELA	EPN	FFPE	3	0	2	0	-1	0
GSM2403813	EPN, RELA	EPN	FFPE	4	2	1	2	1	-1
GSM2403814	LGG, PA/GG ST	LGG	FFPE	4	0	1	1	2	-1
GSM2403815	LGG, GG	LGG	FFPE	3	1	0	1	-1	2
GSM2403816	EPN, PF A	EPN	FFPE	1	0	-1	2	1	2
GSM2403817	EPN, PF A	EPN	FFPE	0	-1	2	0	2	0
GSM2403818	EPN, PF A	EPN	FFPE	1	1	-1	0	2	2
GSM2403819	EPN, PF A	EPN	FFPE	1	1	-1	1	0	1
GSM2403820	EPN, PF A	EPN	FFPE	1	2	-1	0	1	2
GSM2403821	EPN, PF A	EPN	FFPE	4	2	0	2	1	-1
GSM2403822	EPN, PF A	EPN	FFPE	2	1	0	-1	2	1
GSM2403823	EPN, PF A	EPN	FFPE	4	2	2	0	2	-1
GSM2403824	MNG	MNG	FFPE	4	1	1	1	2	-1
GSM2403825	EPN, PF A	EPN	FFPE	3	0	2	2	-1	1
GSM2403826	DMG, K27	DMG	FFPE	2	2	0	-1	2	2
GSM2403827	A IDH, HG	A IDH	FFPE	1	0	-1	0	1	2
GSM2403828	EPN, MPE	EPN	FFPE	0	-1	2	0	2	0
GSM2403829	MB, SHH CHL AD	MB	Frozen	1	2	-1	0	0	2
GSM2403830	MB, SHH CHL AD	MB	Frozen	1	1	-1	2	0	0
GSM2403831	MB, SHH CHL AD	MB	Frozen	0	-1	1	0	0	2
GSM2403832	MB, SHH CHL AD	MB	Frozen	2	1	2	-1	0	0
GSM2403833	HGNET, BCOR	HGNET	Frozen	1	2	-1	1	0	2
GSM2403834	MNG	MNG	Frozen	3	2	1	1	-1	1
GSM2403835	MNG	MNG	Frozen	0	-1	0	2	0	1
GSM2403836	MB, SHH CHL AD	MB	Frozen	1	2	-1	0	2	0
GSM2403837	MB, SHH CHL AD	MB	Frozen	3	0	1	1	-1	2
GSM2403838	MB, SHH INF	MB	Frozen	1	2	-1	1	1	1
GSM2403839	ENB, B	ENB	FFPE	1	0	-1	1	2	0
GSM2403840	ENB, A	ENB	FFPE	4	2	1	0	1	-1
GSM2403841	A IDH, HG	A IDH	FFPE	1	1	-1	2	0	1
GSM2403842	LGG, DNT	LGG	FFPE	1	0	-1	0	0	1
GSM2403843	EPN, PF A	EPN	FFPE	1	1	-1	0	0	0
GSM2403844	LIPN	LIPN	FFPE	0	-1	1	2	1	0
GSM2403845	MB, G4	MB	FFPE	1	2	-1	2	2	1
GSM2403846	CPH, PAP	CPH	FFPE	2	2	0	-1	1	1
GSM2403847	EPN, MPE	EPN	FFPE	4	1	1	2	2	-1
GSM2403848	CPH, PAP	CPH	FFPE	2	1	0	-1	1	2
GSM2403849	CPH, PAP	CPH	FFPE	4	1	2	1	0	-1
GSM2403850	EPN, MPE	EPN	FFPE	0	-1	0	2	1	2
GSM2403851	PITUI	PITUI	FFPE	2	2	2	-1	1	0
GSM2403852	SCHW	SCHW	FFPE	0	-1	1	1	1	0
GSM2403853	EPN, RELA	EPN	FFPE	4	2	0	0	0	-1
GSM2403854	EPN, PF B	EPN	FFPE	4	2	1	1	1	-1
GSM2403855	EPN, PF A	EPN	FFPE	2	0	1	-1	0	2
GSM2403856	EPN, RELA	EPN	FFPE	3	0	1	1	-1	1
GSM2403857	EPN, PF A	EPN	FFPE	0	-1	0	1	2	1
GSM2403858	EPN, YAP	EPN	FFPE	4	1	0	1	0	-1
GSM2403859	EPN, PF A	EPN	FFPE	2	1	1	-1	1	1
GSM2403860	EPN, PF A	EPN	FFPE	3	1	2	1	-1	1
GSM2403861	EPN, PF B	EPN	FFPE	0	-1	0	2	1	2
GSM2403862	EPN, PF A	EPN	FFPE	4	1	1	1	0	-1
GSM2403863	EPN, YAP	EPN	FFPE	0	-1	0	2	2	2
GSM2403864	EPN, PF A	EPN	FFPE	2	0	2	-1	1	0
GSM2403865	EPN, PF A	EPN	FFPE	4	2	1	1	0	-1
GSM2403866	EPN, PF A	EPN	FFPE	4	0	0	2	0	-1
GSM2403867	EPN, PF B	EPN	FFPE	2	0	2	-1	0	1
GSM2403868	EPN, RELA	EPN	FFPE	0	-1	0	0	1	0
GSM2403869	EPN, RELA	EPN	FFPE	1	1	-1	1	1	2
GSM2403870	EPN, PF A	EPN	FFPE	0	-1	0	0	2	0
GSM2403871	EPN, PF A	EPN	FFPE	3	1	0	0	-1	2
GSM2403872	EPN, PF A	EPN	FFPE	4	1	1	1	0	-1
GSM2403873	EPN, PF A	EPN	FFPE	4	2	0	1	2	-1
GSM2403874	EPN, PF A	EPN	FFPE	3	2	0	0	-1	1
GSM2403875	EPN, PF A	EPN	FFPE	3	1	1	2	-1	0
GSM2403876	EPN, PF A	EPN	FFPE	2	0	0	-1	0	1
GSM2403877	EPN, PF A	EPN	FFPE	2	2	0	-1	1	1
GSM2403878	EPN, PF A	EPN	FFPE	1	0	-1	0	0	2
GSM2403879	EPN, PF A	EPN	FFPE	1	2	-1	1	0	0
GSM2403880	EPN, PF A	EPN	FFPE	2	0	1	-1	0	1
GSM2403881	EPN, PF A	EPN	FFPE	4	2	2	0	2	-1
GSM2403882	EPN, PF A	EPN	FFPE	4	1	1	1	1	-1
GSM2403883	EPN, PF A	EPN	FFPE	1	0	-1	0	2	1
GSM2403884	EPN, PF A	EPN	FFPE	4	2	0	2	2	-1
GSM2403885	EPN, PF A	EPN	FFPE	4	0	0	1	1	-1
GSM2403886	EPN, PF A	EPN	FFPE	0	-1	1	1	1	0
GSM2403887	EPN, PF A	EPN	FFPE	0	-1	2	2	1	0
GSM2403888	EPN, PF A	EPN	FFPE	0	-1	1	0	1	0
GSM2403889	EPN, PF A	EPN	FFPE	2	2	2	-1	0	2
GSM2403890	EPN, PF A	EPN	FFPE	0	-1	1	2	1	1
GSM2403891	MB, SHH INF	MB	Frozen	1	2	-1	0	0	1
GSM2403892	MB, SHH CHL AD	MB	Frozen	1	1	-1	0	1	2
GSM2403893	ATRT, TYR	ATRT	Frozen	2	1	2	-1	1	1
GSM2403894	CNS NB, FOXR2	CNS NB	Frozen	1	1	-1	0	0	1
GSM2403895	CNS NB, FOXR2	CNS NB	Frozen	4	0	2	2	1	-1
GSM2403896	GBM, MYCN	GBM	Frozen	4	1	1	2	1	-1
GSM2403897	EPN, MPE	EPN	FFPE	3	2	1	2	-1	2
GSM2403898	EPN, MPE	EPN	FFPE	3	2	0	2	-1	1
GSM2403899	CPH, PAP	CPH	FFPE	3	2	2	2	-1	1
GSM2403900	CPH, PAP	CPH	FFPE	4	0	2	1	2	-1
GSM2403901	SCHW	SCHW	FFPE	1	1	-1	0	1	2
GSM2403902	EPN, MPE	EPN	FFPE	0	-1	2	2	0	0
GSM2403903	CPH, PAP	CPH	FFPE	3	1	1	1	-1	0
GSM2403904	EPN, SPINE	EPN	FFPE	2	1	0	-1	0	2
GSM2403905	HMB	HMB	FFPE	1	2	-1	0	0	1
GSM2403906	HMB	HMB	FFPE	0	-1	0	2	1	1
GSM2403907	HMB	HMB	FFPE	2	2	2	-1	0	0
GSM2403908	HMB	HMB	FFPE	3	1	1	2	-1	2
GSM2403909	HMB	HMB	FFPE	2	2	0	-1	1	2
GSM2403910	HMB	HMB	FFPE	2	0	2	-1	2	0
GSM2403911	HMB	HMB	FFPE	1	1	-1	1	2	2
GSM2403912	HMB	HMB	FFPE	3	1	0	1	-1	0
GSM2403913	HMB	HMB	FFPE	2	0	2	-1	0	2
GSM2403914	HMB	HMB	FFPE	1	1	-1	0	0	0
GSM2403915	HMB	HMB	FFPE	0	-1	1	1	2	0
GSM2403916	CPH, PAP	CPH	FFPE	4	0	1	1	1	-1
GSM2403917	MB, SHH CHL AD	MB	Frozen	0	-1	1	0	2	0
GSM2403918	MB, SHH INF	MB	Frozen	3	0	2	0	-1	0
GSM2403919	MB, SHH CHL AD	MB	Frozen	1	0	-1	2	2	2
GSM2403920	PTPR, B	PTPR	FFPE	1	0	-1	2	2	1
GSM2403921	PTPR, A	PTPR	FFPE	0	-1	1	0	1	2
GSM2403922	PTPR, A	PTPR	FFPE	2	0	2	-1	2	1
GSM2403923	PTPR, B	PTPR	FFPE	1	0	-1	0	1	2
GSM2403924	PTPR, B	PTPR	FFPE	0	-1	1	0	0	2
GSM2403925	PTPR, A	PTPR	FFPE	1	2	-1	1	2	1
GSM2403926	PTPR, A	PTPR	FFPE	2	1	1	-1	2	0
GSM2403927	PTPR, B	PTPR	FFPE	2	2	2	-1	1	1
GSM2403928	PTPR, B	PTPR	FFPE	3	1	1	1	-1	0
GSM2403929	PTPR, A	PTPR	FFPE	3	0	0	2	-1	2
GSM2403930	PTPR, B	PTPR	FFPE	0	-1	0	0	1	1
GSM2403931	PTPR, B	PTPR	FFPE	4	0	1	2	2	-1
GSM2403932	PTPR, B	PTPR	FFPE	2	0	2	-1	2	2
GSM2403933	PTPR, B	PTPR	FFPE	0	-1	1	1	0	1
GSM2403934	PTPR, B	PTPR	FFPE	1	1	-1	1	1	0
GSM2403935	HMB	HMB	FFPE	4	0	1	2	1	-1
GSM2403936	HMB	HMB	FFPE	0	-1	0	2	2	1
GSM2403937	SCHW	SCHW	FFPE	4	0	0	0	2	-1
GSM2403938	HMB	HMB	FFPE	0	-1	0	0	0	1
GSM2403939	HMB	HMB	FFPE	4	0	2	1	0	-1
GSM2403940	EPN, RELA	EPN	FFPE	4	2	0	1	2	-1
GSM2403941	ETMR	ETMR	FFPE	2	1	0	-1	2	1
GSM2403942	ETMR	ETMR	FFPE	0	-1	0	1	2	2
GSM2403943	MNG	MNG	FFPE	0	-1	1	2	2	2
GSM2403944	MNG	MNG	FFPE	0	-1	0	1	0	0
GSM2403945	HMB	HMB	FFPE	3	0	2	1	-1	0
GSM2403946	HMB	HMB	FFPE	2	2	1	-1	1	2
GSM2403947	HMB	HMB	FFPE	4	1	2	1	1	-1
GSM2403948	HMB	HMB	FFPE	4	2	0	2	2	-1
GSM2403949	HMB	HMB	FFPE	1	2	-1	1	2	1
GSM2403950	SFT HMPC	SFT HMPC	FFPE	3	1	1	1	-1	1
GSM2403951	SFT HMPC	SFT HMPC	FFPE	2	2	2	-1	1	0
GSM2403952	O IDH	O IDH	FFPE	1	1	-1	2	0	1
GSM2403953	SCHW	SCHW	FFPE	3	0	2	2	-1	2
GSM2403954	SCHW	SCHW	FFPE	3	0	1	1	-1	2
GSM2403955	SCHW	SCHW	FFPE	1	1	-1	0	2	0
GSM2403956	SCHW	SCHW	FFPE	3	2	1	2	-1	2
GSM2403957	SCHW	SCHW	FFPE	1	1	-1	1	1	1
GSM2403958	SCHW	SCHW	FFPE	0	-1	0	1	0	1
GSM2403959	SCHW	SCHW	FFPE	2	0	0	-1	2	0
GSM2403960	SCHW	SCHW	FFPE	4	1	1	0	2	-1
GSM2403961	SCHW	SCHW	FFPE	4	2	0	2	1	-1
GSM2403962	SCHW	SCHW	FFPE	4	0	1	0	1	-1
GSM2403963	SUBEPN, PF	SUBEPN	FFPE	1	0	-1	2	1	0
GSM2403964	MB, G3	MB	FFPE	0	-1	1	2	2	2
GSM2403965	SFT HMPC	SFT HMPC	FFPE	0	-1	0	1	0	1
GSM2403966	HMB	HMB	FFPE	3	1	1	0	-1	2
GSM2403967	CONTR, REACT	CONTR	Frozen	4	1	0	2	0	-1
GSM2403968	PXA	PXA	Frozen	1	1	-1	0	0	0
GSM2403969	MB, G4	MB	Frozen	4	1	0	0	2	-1
GSM2403970	EPN, YAP	EPN	Frozen	1	2	-1	1	2	0
GSM2403971	EPN, PF B	EPN	Frozen	1	1	-1	1	0	1
GSM2403972	EPN, PF A	EPN	Frozen	3	2	2	1	-1	0
GSM2403973	EPN, PF B	EPN	Frozen	1	1	-1	2	2	1
GSM2403974	EPN, PF A	EPN	Frozen	3	0	0	2	-1	1
GSM2403975	EPN, PF A	EPN	Frozen	2	2	2	-1	2	1
GSM2403976	EPN, PF A	EPN	Frozen	4	2	1	2	0	-1
GSM2403977	EPN, PF B	EPN	Frozen	2	2	0	-1	0	1
GSM2403978	EPN, PF A	EPN	Frozen	2	1	0	-1	0	1
GSM2403979	EPN, PF B	EPN	Frozen	0	-1	0	0	0	0
GSM2403980	EPN, PF B	EPN	Frozen	4	0	1	1	2	-1
GSM2403981	EPN, RELA	EPN	Frozen	1	0	-1	1	2	0
GSM2403982	EPN, PF B	EPN	Frozen	3	0	1	0	-1	0
GSM2403983	EPN, PF A	EPN	Frozen	3	1	1	1	-1	0
GSM2403984	EPN, PF A	EPN	Frozen	0	-1	0	2	1	1
GSM2403985	EPN, PF A	EPN	Frozen	2	2	2	-1	0	1
GSM2403986	EPN, PF A	EPN	Frozen	2	0	0	-1	2	0
GSM2403987	EPN, PF A	EPN	Frozen	3	1	2	0	-1	2
GSM2403988	EPN, PF A	EPN	Frozen	0	-1	1	2	0	2
GSM2403989	PGG, nC	PGG	FFPE	3	0	1	0	-1	2
GSM2403990	PGG, nC	PGG	FFPE	4	2	0	2	0	-1
GSM2403991	PGG, nC	PGG	FFPE	4	2	1	2	2	-1
GSM2403992	PGG, nC	PGG	FFPE	0	-1	1	1	1	2
GSM2403993	PGG, nC	PGG	FFPE	0	-1	2	2	0	0
GSM2403994	PGG, nC	PGG	FFPE	1	2	-1	2	1	1
GSM2403995	PGG, nC	PGG	FFPE	3	0	1	1	-1	2
GSM2403996	EPN, MPE	EPN	FFPE	1	0	-1	2	0	1
GSM2403997	PITUI	PITUI	FFPE	3	0	0	0	-1	0
GSM2403998	PXA	PXA	FFPE	0	-1	2	1	2	0
GSM2403999	LGG, DNT	LGG	FFPE	2	1	2	-1	1	2
GSM2404000	LGG, PA PF	LGG	FFPE	2	0	1	-1	1	1
GSM2404001	CPH, ADM	CPH	FFPE	4	2	2	1	1	-1
GSM2404002	MB, SHH CHL AD	MB	FFPE	3	1	0	2	-1	0
GSM2404003	PGG, nC	PGG	FFPE	2	1	2	-1	2	0
GSM2404004	EPN, MPE	EPN	FFPE	2	1	1	-1	0	2
GSM2404005	PGG, nC	PGG	FFPE	2	1	0	-1	0	0
GSM2404006	PGG, nC	PGG	FFPE	2	1	0	-1	1	0
GSM2404007	PGG, nC	PGG	FFPE	1	1	-1	0	2	1
GSM2404008	PGG, nC	PGG	FFPE	3	0	2	0	-1	1
GSM2404009	SFT HMPC	SFT HMPC	FFPE	3	0	2	2	-1	0
GSM2404010	HMB	HMB	FFPE	3	0	1	2	-1	0
GSM2404011	PTPR, B	PTPR	FFPE	1	2	-1	0	2	2
GSM2404012	PIN T, PPT	PIN T	FFPE	3	1	0	2	-1	2
GSM2404013	PIN T, PPT	PIN T	FFPE	0	-1	1	0	2	2
GSM2404014	PIN T, PB B	PIN T	FFPE	3	1	1	0	-1	2
GSM2404015	PLEX, AD	PLEX	FFPE	0	-1	2	2	2	1
GSM2404016	SFT HMPC	SFT HMPC	FFPE	1	1	-1	2	1	2
GSM2404017	DMG, K27	DMG	FFPE	0	-1	2	0	2	2
GSM2404018	SFT HMPC	SFT HMPC	FFPE	4	2	1	0	2	-1
GSM2404019	PLEX, PED A	PLEX	FFPE	3	2	2	1	-1	0
GSM2404020	HGNET, MN1	HGNET	FFPE	1	0	-1	0	0	0
GSM2404021	MB, G3	MB	FFPE	4	1	0	0	2	-1
GSM2404022	MB, G4	MB	FFPE	4	0	0	1	1	-1
GSM2404023	GBM, RTK III	GBM	FFPE	0	-1	1	1	2	0
GSM2404024	HGNET, MN1	HGNET	FFPE	4	0	1	1	0	-1
GSM2404025	GBM, RTK III	GBM	FFPE	4	2	0	0	0	-1
GSM2404026	GBM, MYCN	GBM	FFPE	1	2	-1	1	1	1
GSM2404027	PXA	PXA	FFPE	1	0	-1	1	1	1
GSM2404028	CONTR, REACT	CONTR	FFPE	0	-1	0	0	0	0
GSM2404029	IHG	IHG	FFPE	3	1	2	1	-1	2
GSM2404030	SFT HMPC	SFT HMPC	FFPE	3	1	0	0	-1	1
GSM2404031	PLEX, AD	PLEX	FFPE	3	2	2	2	-1	1
GSM2404032	PLEX, AD	PLEX	FFPE	3	2	2	2	-1	2
GSM2404033	LGG, DNT	LGG	FFPE	2	2	1	-1	1	2
GSM2404034	MELCYT	MELCYT	FFPE	1	2	-1	1	0	0
GSM2404035	EPN, RELA	EPN	FFPE	1	1	-1	0	1	1
GSM2404036	LGG, PA MID	LGG	FFPE	0	-1	0	1	1	0
GSM2404037	DLGNT	DLGNT	FFPE	2	0	2	-1	2	1
GSM2404038	PITUI	PITUI	FFPE	1	0	-1	1	0	1
GSM2404039	PITUI	PITUI	FFPE	0	-1	1	2	2	0
GSM2404040	LGG, PA/GG ST	LGG	FFPE	0	-1	2	1	2	2
GSM2404041	DMG, K27	DMG	FFPE	1	1	-1	0	1	1
GSM2404042	GBM, RTK II	GBM	FFPE	0	-1	2	0	2	0
GSM2404043	SUBEPN, SPINE	SUBEPN	FFPE	3	2	2	2	-1	0
GSM2404044	SUBEPN, SPINE	SUBEPN	FFPE	4	1	0	2	1	-1
GSM2404045	MB, G4	MB	FFPE	4	1	2	2	2	-1
GSM2404046	ATRT, SHH	ATRT	FFPE	3	1	2	0	-1	0
GSM2404047	LGG, PA MID	LGG	FFPE	3	0	2	0	-1	2
GSM2404048	EPN, YAP	EPN	FFPE	3	1	0	0	-1	2
GSM2404049	EPN, RELA	EPN	FFPE	4	1	2	1	0	-1
GSM2404050	EPN, YAP	EPN	FFPE	4	2	2	0	1	-1
GSM2404051	EPN, RELA	EPN	FFPE	0	-1	2	2	0	2
GSM2404052	EPN, RELA	EPN	FFPE	1	0	-1	2	1	2
GSM2404053	EPN, RELA	EPN	FFPE	3	2	0	1	-1	2
GSM2404054	EPN, PF B	EPN	FFPE	4	1	2	2	0	-1
GSM2404055	EPN, RELA	EPN	FFPE	4	2	2	0	2	-1
GSM2404056	GBM, RTK I	GBM	FFPE	0	-1	0	0	0	1
GSM2404057	SUBEPN, PF	SUBEPN	FFPE	2	2	0	-1	2	1
GSM2404058	CONTR, PINEAL	CONTR	FFPE	2	0	0	-1	0	1
GSM2404059	O IDH	O IDH	FFPE	1	1	-1	1	0	0
GSM2404060	CNS NB, FOXR2	CNS NB	FFPE	4	0	0	0	0	-1
GSM2404061	SCHW	SCHW	FFPE	2	1	1	-1	0	1
GSM2404062	O IDH	O IDH	FFPE	0	-1	1	1	2	2
GSM2404063	EPN, PF A	EPN	FFPE	1	0	-1	0	1	0
GSM2404064	MB, SHH INF	MB	Frozen	3	2	2	1	-1	2
GSM2404065	MB, SHH INF	MB	Frozen	3	1	2	1	-1	0
GSM2404066	MB, SHH INF	MB	Frozen	1	1	-1	1	2	2
GSM2404067	GBM, MID	GBM	Frozen	1	1	-1	2	2	2
GSM2404068	HGNET, BCOR	HGNET	Frozen	0	-1	0	2	0	0
GSM2404069	ETMR	ETMR	FFPE	4	2	0	1	1	-1
GSM2404070	ETMR	ETMR	FFPE	2	2	0	-1	0	2
GSM2404071	ETMR	ETMR	FFPE	2	1	2	-1	2	2
GSM2404072	EPN, PF A	EPN	FFPE	1	2	-1	1	2	0
GSM2404073	CN	CN	FFPE	2	0	1	-1	2	0
GSM2404074	MNG	MNG	FFPE	4	1	1	0	2	-1
GSM2404075	MNG	MNG	FFPE	3	2	2	1	-1	1
GSM2404076	MNG	MNG	FFPE	2	2	1	-1	2	0
GSM2404077	MNG	MNG	FFPE	2	1	0	-1	1	0
GSM2404078	MNG	MNG	FFPE	1	1	-1	1	2	2
GSM2404079	MNG	MNG	FFPE	0	-1	0	2	1	2
GSM2404080	MNG	MNG	FFPE	4	0	1	1	0	-1
GSM2404081	MNG	MNG	FFPE	3	1	2	0	-1	2
GSM2404082	MNG	MNG	FFPE	3	2	0	1	-1	0
GSM2404083	MNG	MNG	FFPE	4	2	0	0	0	-1
GSM2404084	MNG	MNG	FFPE	3	0	2	0	-1	0
GSM2404085	MNG	MNG	FFPE	2	0	2	-1	1	1
GSM2404086	MNG	MNG	FFPE	1	2	-1	0	1	1
GSM2404087	MNG	MNG	FFPE	1	0	-1	0	1	2
GSM2404088	MNG	MNG	FFPE	2	0	2	-1	2	1
GSM2404089	MNG	MNG	FFPE	3	1	1	2	-1	0
GSM2404090	MNG	MNG	FFPE	3	0	2	0	-1	2
GSM2404091	MNG	MNG	FFPE	1	0	-1	0	0	1
GSM2404092	MNG	MNG	FFPE	0	-1	1	1	2	0
GSM2404093	EPN, RELA	EPN	FFPE	3	2	1	0	-1	2
GSM2404094	MB, SHH CHL AD	MB	FFPE	0	-1	1	2	0	0
GSM2404095	MB, WNT	MB	FFPE	2	1	2	-1	1	2
GSM2404096	MB, SHH INF	MB	FFPE	4	1	0	1	0	-1
GSM2404097	ATRT, TYR	ATRT	Frozen	0	-1	1	0	0	0
GSM2404098	ATRT, TYR	ATRT	Frozen	2	1	0	-1	0	2
GSM2404099	ATRT, TYR	ATRT	Frozen	4	1	1	2	1	-1
GSM2404100	ATRT, SHH	ATRT	Frozen	0	-1	0	0	2	2
GSM2404101	LGG, MYB	LGG	FFPE	4	2	2	1	0	-1
GSM2404102	SUBEPN, ST	SUBEPN	FFPE	0	-1	2	1	0	1
GSM2404103	SUBEPN, ST	SUBEPN	FFPE	0	-1	0	0	1	2
GSM2404104	DMG, K27	DMG	FFPE	4	0	1	2	0	-1
GSM2404105	A IDH	A IDH	FFPE	0	-1	2	2	1	2
GSM2404106	A IDH	A IDH	FFPE	4	2	2	2	2	-1
GSM2404107	A IDH	A IDH	FFPE	1	1	-1	2	0	2
GSM2404108	O IDH	O IDH	FFPE	1	2	-1	1	0	1
GSM2404109	SUBEPN, ST	SUBEPN	FFPE	4	2	1	1	1	-1
GSM2404110	PGG, nC	PGG	FFPE	0	-1	1	0	0	0
GSM2404111	LGG, MYB	LGG	FFPE	3	1	1	0	-1	0
GSM2404112	ETMR	ETMR	FFPE	2	0	1	-1	1	1
GSM2404113	PITAD, ACTH	PITAD	FFPE	0	-1	0	2	2	1
GSM2404114	PITAD, STH DNS B	PITAD	FFPE	3	1	1	2	-1	2
GSM2404115	ETMR	ETMR	Frozen	4	2	0	2	0	-1
GSM2404116	EPN, PF A	EPN	Frozen	0	-1	1	1	0	0
GSM2404117	A IDH, HG	A IDH	FFPE	2	1	2	-1	0	0
GSM2404118	SFT HMPC	SFT HMPC	FFPE	2	2	0	-1	2	2
GSM2404119	ATRT, MYC	ATRT	FFPE	4	0	0	0	1	-1
GSM2404120	PITAD, ACTH	PITAD	FFPE	4	0	2	2	1	-1
GSM2404121	LIPN	LIPN	FFPE	2	1	2	-1	1	1
GSM2404122	EPN, SPINE	EPN	FFPE	1	1	-1	2	0	1
GSM2404123	ATRT, SHH	ATRT	Frozen	1	1	-1	2	2	2
GSM2404124	ATRT, MYC	ATRT	Frozen	0	-1	2	0	0	0
GSM2404125	ATRT, SHH	ATRT	Frozen	3	1	2	0	-1	2
GSM2404126	ATRT, SHH	ATRT	Frozen	2	2	0	-1	0	1
GSM2404127	ATRT, TYR	ATRT	Frozen	3	2	1	2	-1	2
GSM2404128	ATRT, MYC	ATRT	Frozen	1	0	-1	0	0	0
GSM2404129	CNS NB, FOXR2	CNS NB	Frozen	4	1	1	2	0	-1
GSM2404130	CNS NB, FOXR2	CNS NB	Frozen	2	1	0	-1	1	0
GSM2404131	GBM, RTK III	GBM	FFPE	3	0	1	1	-1	2
GSM2404132	GBM, G34	GBM	FFPE	0	-1	0	2	2	2
GSM2404133	PLEX, AD	PLEX	FFPE	4	0	2	0	2	-1
GSM2404134	A IDH	A IDH	FFPE	0	-1	1	1	2	2
GSM2404135	SUBEPN, PF	SUBEPN	FFPE	1	1	-1	0	1	1
GSM2404136	SUBEPN, PF	SUBEPN	FFPE	1	0	-1	0	0	2
GSM2404137	GBM, G34	GBM	FFPE	3	1	0	2	-1	0
GSM2404138	PITAD, ACTH	PITAD	FFPE	2	0	1	-1	2	0
GSM2404139	PITAD, PRL	PITAD	FFPE	1	1	-1	1	2	0
GSM2404140	O IDH	O IDH	FFPE	2	0	1	-1	1	0
GSM2404141	PGG, nC	PGG	FFPE	3	2	0	1	-1	2
GSM2404142	PITAD, FSH LH	PITAD	FFPE	3	1	2	0	-1	0
GSM2404143	PITAD, FSH LH	PITAD	FFPE	3	0	2	0	-1	1
GSM2404144	EPN, SPINE	EPN	FFPE	4	2	2	2	1	-1
GSM2404145	CHGL	CHGL	FFPE	1	1	-1	0	0	0
GSM2404146	SUBEPN, SPINE	SUBEPN	FFPE	0	-1	2	1	1	2
GSM2404147	SUBEPN, PF	SUBEPN	FFPE	1	1	-1	2	1	2
GSM2404148	ATRT, MYC	ATRT	FFPE	2	2	0	-1	1	0
GSM2404149	ATRT, MYC	ATRT	FFPE	2	2	2	-1	2	2
GSM2404150	ATRT, TYR	ATRT	FFPE	1	2	-1	1	2	0
GSM2404151	ATRT, TYR	ATRT	FFPE	1	2	-1	1	1	1
GSM2404152	ATRT, SHH	ATRT	FFPE	1	1	-1	2	2	2
GSM2404153	ATRT, MYC	ATRT	FFPE	2	1	1	-1	1	2
GSM2404154	ATRT, TYR	ATRT	FFPE	2	0	0	-1	0	2
GSM2404155	ATRT, MYC	ATRT	FFPE	3	2	0	1	-1	1
GSM2404156	ATRT, MYC	ATRT	FFPE	1	0	-1	0	2	2
GSM2404157	ATRT, SHH	ATRT	FFPE	1	1	-1	2	1	0
GSM2404158	ATRT, SHH	ATRT	FFPE	3	1	1	2	-1	0
GSM2404159	ATRT, SHH	ATRT	FFPE	1	2	-1	0	1	0
GSM2404160	ATRT, TYR	ATRT	FFPE	0	-1	2	2	2	2
GSM2404161	ATRT, SHH	ATRT	FFPE	0	-1	1	0	0	1
GSM2404162	ATRT, MYC	ATRT	FFPE	0	-1	1	1	0	0
GSM2404163	ATRT, TYR	ATRT	FFPE	1	2	-1	0	2	1
GSM2404164	ATRT, SHH	ATRT	FFPE	4	2	0	1	1	-1
GSM2404165	ATRT, TYR	ATRT	FFPE	2	0	1	-1	0	2
GSM2404166	ATRT, TYR	ATRT	FFPE	0	-1	2	2	2	1
GSM2404167	ATRT, SHH	ATRT	FFPE	0	-1	0	2	1	1
GSM2404168	ATRT, MYC	ATRT	FFPE	0	-1	1	0	0	0
GSM2404169	CPH, ADM	CPH	FFPE	4	1	0	1	2	-1
GSM2404170	CPH, ADM	CPH	FFPE	1	1	-1	1	2	2
GSM2404171	CPH, ADM	CPH	FFPE	1	1	-1	1	0	0
GSM2404172	CPH, PAP	CPH	FFPE	0	-1	1	2	2	0
GSM2404173	CPH, PAP	CPH	FFPE	0	-1	1	0	0	2
GSM2404174	CPH, ADM	CPH	FFPE	2	0	1	-1	1	2
GSM2404175	CPH, PAP	CPH	FFPE	1	0	-1	0	1	2
GSM2404176	CPH, ADM	CPH	FFPE	3	0	1	0	-1	1
GSM2404177	CPH, ADM	CPH	FFPE	0	-1	1	0	2	0
GSM2404178	EPN, PF A	EPN	FFPE	3	1	0	0	-1	0
GSM2404179	EPN, PF B	EPN	FFPE	3	1	1	0	-1	1
GSM2404180	SUBEPN, PF	SUBEPN	FFPE	3	1	0	1	-1	0
GSM2404181	EPN, PF A	EPN	FFPE	1	0	-1	2	1	2
GSM2404182	SUBEPN, PF	SUBEPN	FFPE	0	-1	2	0	2	0
GSM2404183	SUBEPN, PF	SUBEPN	FFPE	2	2	2	-1	0	0
GSM2404184	SUBEPN, PF	SUBEPN	FFPE	3	2	1	0	-1	1
GSM2404185	SUBEPN, PF	SUBEPN	FFPE	3	1	0	0	-1	0
GSM2404186	SUBEPN, PF	SUBEPN	FFPE	2	0	2	-1	0	2
GSM2404187	SUBEPN, PF	SUBEPN	FFPE	3	0	0	2	-1	2
GSM2404188	SUBEPN, PF	SUBEPN	FFPE	0	-1	2	0	2	1
GSM2404189	LIPN	LIPN	FFPE	4	2	0	1	2	-1
GSM2404190	LGG, PA MID	LGG	FFPE	1	0	-1	1	0	2
GSM2404191	PLEX, PED B	PLEX	FFPE	0	-1	0	1	1	2
GSM2404192	PLEX, PED B	PLEX	FFPE	2	1	1	-1	2	1
GSM2404193	PLEX, PED A	PLEX	FFPE	0	-1	0	0	2	0
GSM2404194	PLEX, AD	PLEX	FFPE	3	2	1	0	-1	0
GSM2404195	EWS	EWS	FFPE	0	-1	0	0	0	1
GSM2404196	SUBEPN, SPINE	SUBEPN	FFPE	3	1	0	0	-1	2
GSM2404197	SUBEPN, ST	SUBEPN	FFPE	2	0	1	-1	1	0
GSM2404198	EWS	EWS	FFPE	4	2	1	1	1	-1
GSM2404199	SFT HMPC	SFT HMPC	FFPE	1	0	-1	1	0	2
GSM2404200	GBM, RTK II	GBM	FFPE	3	2	2	2	-1	2
GSM2404201	PITAD, STH DNS B	PITAD	FFPE	0	-1	1	1	1	1
GSM2404202	LGG, DNT	LGG	FFPE	2	0	2	-1	2	0
GSM2404203	PLEX, PED B	PLEX	FFPE	0	-1	2	2	0	0
GSM2404204	LYMPHO	LYMPHO	FFPE	3	0	0	1	-1	0
GSM2404205	DMG, K27	DMG	FFPE	4	2	1	2	1	-1
GSM2404206	A IDH	A IDH	FFPE	2	0	0	-1	0	2
GSM2404207	EPN, PF A	EPN	FFPE	2	2	1	-1	1	2
GSM2404208	GBM, RTK I	GBM	FFPE	3	2	2	0	-1	2
GSM2404209	O IDH	O IDH	FFPE	3	0	0	0	-1	1
GSM2404210	A IDH	A IDH	FFPE	2	0	0	-1	2	1
GSM2404211	O IDH	O IDH	FFPE	2	0	2	-1	1	0
GSM2404212	A IDH, HG	A IDH	FFPE	0	-1	2	2	0	1
GSM2404213	O IDH	O IDH	FFPE	0	-1	0	2	0	1
GSM2404214	O IDH	O IDH	FFPE	0	-1	1	2	2	0
GSM2404215	O IDH	O IDH	FFPE	2	1	1	-1	2	0
GSM2404216	O IDH	O IDH	FFPE	3	0	2	2	-1	0
GSM2404217	O IDH	O IDH	FFPE	3	1	2	1	-1	2
GSM2404218	O IDH	O IDH	FFPE	0	-1	1	1	0	1
GSM2404219	A IDH, HG	A IDH	FFPE	0	-1	1	2	0	2
GSM2404220	O IDH	O IDH	FFPE	4	2	0	0	2	-1
GSM2404221	A IDH, HG	A IDH	FFPE	4	2	1	0	0	-1
GSM2404222	A IDH, HG	A IDH	FFPE	0	-1	2	0	2	1
GSM2404223	O IDH	O IDH	FFPE	3	2	2	1	-1	2
GSM2404224	A IDH, HG	A IDH	FFPE	2	2	0	-1	1	0
GSM2404225	O IDH	O IDH	FFPE	4	0	2	0	2	-1
GSM2404226	O IDH	O IDH	FFPE	3	2	2	1	-1	2
GSM2404227	A IDH, HG	A IDH	FFPE	2	2	2	-1	2	1
GSM2404228	A IDH, HG	A IDH	FFPE	3	0	1	0	-1	0
GSM2404229	O IDH	O IDH	FFPE	2	1	1	-1	0	1
GSM2404230	O IDH	O IDH	FFPE	0	-1	2	0	2	0
GSM2404231	O IDH	O IDH	FFPE	4	0	0	2	0	-1
GSM2404232	O IDH	O IDH	FFPE	2	2	1	-1	1	2
GSM2404233	A IDH, HG	A IDH	FFPE	3	2	2	1	-1	2
GSM2404234	O IDH	O IDH	FFPE	1	2	-1	1	0	0
GSM2404235	O IDH	O IDH	FFPE	4	2	2	0	1	-1
GSM2404236	A IDH, HG	A IDH	FFPE	4	2	0	1	2	-1
GSM2404237	O IDH	O IDH	FFPE	2	2	0	-1	2	2
GSM2404238	O IDH	O IDH	FFPE	2	1	2	-1	0	2
GSM2404239	MELCYT	MELCYT	FFPE	0	-1	0	2	0	0
GSM2404240	MELAN	MELAN	FFPE	0	-1	0	1	2	0
GSM2404241	MELAN	MELAN	FFPE	1	1	-1	0	1	0
GSM2404242	MELAN	MELAN	FFPE	2	2	0	-1	0	1
GSM2404243	SCHW, MEL	SCHW	FFPE	0	-1	2	0	1	1
GSM2404244	MELCYT	MELCYT	FFPE	3	0	2	2	-1	2
GSM2404245	MELCYT	MELCYT	FFPE	3	0	1	0	-1	2
GSM2404246	MELCYT	MELCYT	FFPE	2	2	0	-1	1	1
GSM2404247	MELCYT	MELCYT	FFPE	0	-1	0	2	0	2
GSM2404248	MELCYT	MELCYT	FFPE	1	1	-1	0	2	1
GSM2404249	SCHW, MEL	SCHW	FFPE	1	2	-1	0	1	1
GSM2404250	MELAN	MELAN	FFPE	3	2	2	2	-1	2
GSM2404251	MELAN	MELAN	FFPE	0	-1	1	0	0	1
GSM2404252	SCHW, MEL	SCHW	FFPE	1	1	-1	0	0	0
GSM2404253	SCHW, MEL	SCHW	FFPE	3	1	2	1	-1	2
GSM2404254	MELAN	MELAN	FFPE	1	1	-1	2	0	2
GSM2404255	EPN, PF A	EPN	FFPE	2	1	2	-1	2	2
GSM2404256	PITAD, PRL	PITAD	FFPE	1	0	-1	2	2	1
GSM2404257	LYMPHO	LYMPHO	FFPE	0	-1	2	1	1	0
GSM2404258	SUBEPN, PF	SUBEPN	FFPE	2	1	2	-1	1	1
GSM2404259	SUBEPN, PF	SUBEPN	FFPE	3	1	0	1	-1	2
GSM2404260	SUBEPN, PF	SUBEPN	FFPE	2	2	1	-1	0	0
GSM2404261	SUBEPN, PF	SUBEPN	FFPE	3	2	0	1	-1	2
GSM2404262	ENB, B	ENB	FFPE	3	1	2	0	-1	2
GSM2404263	SCHW, MEL	SCHW	FFPE	4	2	1	2	2	-1
GSM2404264	LGG, PA PF	LGG	FFPE	3	1	0	2	-1	2
GSM2404265	CNS NB, FOXR2	CNS NB	Frozen	1	1	-1	0	2	2
GSM2404266	MB, SHH CHL AD	MB	Frozen	3	2	2	0	-1	2
GSM2404267	MB, SHH CHL AD	MB	Frozen	1	0	-1	2	2	2
GSM2404268	MB, SHH CHL AD	MB	Frozen	2	1	1	-1	1	1
GSM2404269	MB, SHH INF	MB	Frozen	1	0	-1	2	0	2
GSM2404270	MB, SHH CHL AD	MB	Frozen	4	0	0	0	0	-1
GSM2404271	MB, SHH CHL AD	MB	Frozen	0	-1	2	1	1	2
GSM2404272	PGG, nC	PGG	FFPE	1	0	-1	1	1	1
GSM2404273	PGG, nC	PGG	FFPE	4	1	0	1	2	-1
GSM2404274	EPN, SPINE	EPN	FFPE	4	1	1	2	2	-1
GSM2404275	EPN, SPINE	EPN	FFPE	0	-1	0	2	2	2
GSM2404276	SUBEPN, SPINE	SUBEPN	FFPE	2	2	1	-1	2	0
GSM2404277	EPN, SPINE	EPN	FFPE	0	-1	2	1	1	1
GSM2404278	ENB, A	ENB	FFPE	0	-1	1	1	0	0
GSM2404279	ENB, B	ENB	FFPE	4	2	2	0	0	-1
GSM2404280	ENB, A	ENB	FFPE	1	0	-1	2	0	1
GSM2404281	ENB, B	ENB	FFPE	2	1	1	-1	2	2
GSM2404282	ENB, B	ENB	FFPE	0	-1	1	1	1	1
GSM2404283	EPN, RELA	EPN	FFPE	3	0	1	2	-1	0
GSM2404284	PGG, nC	PGG	FFPE	4	0	2	2	1	-1
GSM2404285	SCHW, MEL	SCHW	Frozen	4	0	0	1	2	-1
GSM2404286	O IDH	O IDH	FFPE	0	-1	1	0	1	1
GSM2404287	GBM, MES	GBM	FFPE	3	0	0	0	-1	2
GSM2404288	EPN, SPINE	EPN	FFPE	1	2	-1	1	2	1
GSM2404289	EPN, SPINE	EPN	FFPE	3	2	0	1	-1	1
GSM2404290	EPN, MPE	EPN	FFPE	0	-1	2	1	1	0
GSM2404291	EPN, SPINE	EPN	FFPE	3	2	2	2	-1	0
GSM2404292	EPN, MPE	EPN	FFPE	3	2	0	2	-1	1
GSM2404293	LIPN	LIPN	FFPE	3	1	1	2	-1	0
GSM2404294	EPN, SPINE	EPN	FFPE	3	0	0	2	-1	1
GSM2404295	CONTR, ADENOPIT	CONTR	FFPE	2	2	0	-1	2	0
GSM2404296	CONTR, ADENOPIT	CONTR	FFPE	3	1	2	0	-1	2
GSM2404297	CONTR, ADENOPIT	CONTR	FFPE	2	1	1	-1	2	2
GSM2404298	EPN, SPINE	EPN	FFPE	1	2	-1	2	2	0
GSM2404299	LGG, DNT	LGG	FFPE	1	2	-1	2	2	2
GSM2404300	MB, G3	MB	FFPE	4	0	0	2	2	-1
GSM2404301	MB, G3	MB	FFPE	4	1	2	2	0	-1
GSM2404302	LGG, SEGA	LGG	FFPE	4	2	0	0	0	-1
GSM2404303	LGG, SEGA	LGG	FFPE	3	0	0	2	-1	2
GSM2404304	LGG, SEGA	LGG	FFPE	3	1	1	2	-1	0
GSM2404305	LGG, SEGA	LGG	FFPE	2	1	2	-1	0	1
GSM2404306	LGG, DIG/DIA	LGG	FFPE	2	1	1	-1	0	2
GSM2404307	LGG, DNT	LGG	FFPE	1	1	-1	0	2	2
GSM2404308	EPN, PF A	EPN	Frozen	1	1	-1	1	2	0
GSM2404309	EPN, PF A	EPN	Frozen	4	0	2	2	2	-1
GSM2404310	EPN, PF A	EPN	Frozen	2	0	2	-1	1	1
GSM2404311	EPN, PF A	EPN	Frozen	4	2	2	2	1	-1
GSM2404312	EPN, PF A	EPN	Frozen	0	-1	2	2	2	1
GSM2404313	EPN, PF A	EPN	Frozen	2	2	2	-1	1	0
GSM2404314	EPN, PF A	EPN	Frozen	0	-1	1	0	0	0
GSM2404315	SUBEPN, PF	SUBEPN	Frozen	4	1	0	0	2	-1
GSM2404316	EPN, PF A	EPN	Frozen	3	1	2	2	-1	0
GSM2404317	LGG, MYB	LGG	FFPE	2	1	0	-1	2	0
GSM2404318	LGG, DNT	LGG	FFPE	3	1	1	0	-1	1
GSM2404319	LGG, PA/GG ST	LGG	FFPE	0	-1	0	0	2	0
GSM2404320	PXA	PXA	FFPE	4	2	0	1	0	-1
GSM2404321	LGG, DNT	LGG	FFPE	2	0	2	-1	0	2
GSM2404322	LGG, MYB	LGG	FFPE	0	-1	2	0	2	1
GSM2404323	LGG, GG	LGG	FFPE	3	2	0	1	-1	1
GSM2404324	LGG, GG	LGG	FFPE	3	0	0	0	-1	0
GSM2404325	LGG, GG	LGG	FFPE	4	0	2	2	0	-1
GSM2404326	LGG, DNT	LGG	FFPE	2	2	2	-1	1	1
GSM2404327	LGG, GG	LGG	FFPE	4	2	2	2	0	-1
GSM2404328	LGG, DNT	LGG	FFPE	3	1	2	1	-1	1
GSM2404329	LGG, MYB	LGG	FFPE	2	0	1	-1	1	0
GSM2404330	LGG, DNT	LGG	FFPE	3	1	0	1	-1	0
GSM2404331	LGG, GG	LGG	FFPE	3	2	1	2	-1	1
GSM2404332	LGG, GG	LGG	FFPE	1	0	-1	2	2	2
GSM2404333	LGG, DNT	LGG	FFPE	1	0	-1	0	0	0
GSM2404334	LGG, GG	LGG	FFPE	4	2	0	0	2	-1
GSM2404335	LGG, PA/GG ST	LGG	FFPE	1	1	-1	2	1	2
GSM2404336	LGG, GG	LGG	FFPE	2	2	0	-1	1	2
GSM2404337	LGG, GG	LGG	FFPE	2	0	0	-1	2	2
GSM2404338	LGG, GG	LGG	FFPE	1	0	-1	1	0	0
GSM2404339	LGG, GG	LGG	FFPE	0	-1	1	1	1	1
GSM2404340	LGG, GG	LGG	FFPE	3	2	2	2	-1	2
GSM2404341	LGG, GG	LGG	FFPE	2	1	2	-1	1	0
GSM2404342	A IDH	A IDH	FFPE	0	-1	0	2	0	2
GSM2404343	A IDH, HG	A IDH	FFPE	3	0	0	1	-1	1
GSM2404344	GBM, MES	GBM	FFPE	3	2	1	0	-1	1
GSM2404345	PITAD, STH SPA	PITAD	FFPE	4	1	2	0	1	-1
GSM2404346	PITAD, STH SPA	PITAD	FFPE	0	-1	1	0	2	1
GSM2404347	PITAD, STH SPA	PITAD	FFPE	2	0	2	-1	2	0
GSM2404348	PITAD, STH SPA	PITAD	FFPE	0	-1	1	2	0	2
GSM2404349	PITAD, STH SPA	PITAD	FFPE	3	2	0	1	-1	1
GSM2404350	PITAD, STH SPA	PITAD	FFPE	4	1	2	2	2	-1
GSM2404351	PITAD, STH SPA	PITAD	FFPE	1	0	-1	0	0	1
GSM2404352	PITAD, STH SPA	PITAD	FFPE	4	0	2	0	0	-1
GSM2404353	PITAD, STH SPA	PITAD	FFPE	4	1	2	2	0	-1
GSM2404354	PITAD, STH SPA	PITAD	FFPE	1	2	-1	2	1	1
GSM2404355	PITAD, STH SPA	PITAD	FFPE	0	-1	0	1	1	2
GSM2404356	PITAD, STH DNS B	PITAD	FFPE	1	1	-1	1	0	0
GSM2404357	PITAD, STH SPA	PITAD	FFPE	2	2	1	-1	1	0
GSM2404358	PITAD, STH SPA	PITAD	FFPE	3	1	0	1	-1	0
GSM2404359	PITAD, STH SPA	PITAD	FFPE	3	2	0	0	-1	2
GSM2404360	PITAD, STH DNS A	PITAD	FFPE	2	1	1	-1	1	2
GSM2404361	PITAD, STH DNS A	PITAD	FFPE	3	2	0	1	-1	0
GSM2404362	PITAD, STH DNS A	PITAD	FFPE	1	1	-1	2	2	1
GSM2404363	PITAD, STH DNS A	PITAD	FFPE	2	0	2	-1	1	0
GSM2404364	PITAD, STH DNS A	PITAD	FFPE	3	0	2	0	-1	0
GSM2404365	CONTR, PINEAL	CONTR	FFPE	4	1	1	1	1	-1
GSM2404366	GBM, G34	GBM	FFPE	0	-1	2	0	2	1
GSM2404367	LGG, DIG/DIA	LGG	FFPE	1	0	-1	0	0	2
GSM2404368	GBM, RTK I	GBM	FFPE	1	1	-1	1	2	2
GSM2404369	PITAD, STH DNS B	PITAD	FFPE	1	0	-1	1	2	0
GSM2404370	PITAD, STH DNS A	PITAD	FFPE	4	2	0	1	0	-1
GSM2404371	PITAD, STH DNS B	PITAD	FFPE	3	0	1	2	-1	1
GSM2404372	PITAD, STH DNS B	PITAD	FFPE	0	-1	1	0	0	0
GSM2404373	PITAD, STH DNS B	PITAD	FFPE	4	0	0	1	0	-1
GSM2404374	PITAD, STH DNS A	PITAD	FFPE	1	0	-1	1	2	2
GSM2404375	PITAD, FSH LH	PITAD	FFPE	1	0	-1	1	0	2
GSM2404376	MB, WNT	MB	FFPE	2	2	1	-1	2	2
GSM2404377	LGG, PA PF	LGG	FFPE	4	1	0	1	1	-1
GSM2404378	MB, SHH CHL AD	MB	FFPE	2	2	0	-1	1	2
GSM2404379	ATRT, MYC	ATRT	FFPE	1	1	-1	2	1	1
GSM2404380	EPN, SPINE	EPN	Frozen	4	2	1	1	1	-1
GSM2404381	EPN, SPINE	EPN	Frozen	2	1	2	-1	1	0
GSM2404382	EPN, SPINE	EPN	Frozen	0	-1	1	1	1	0
GSM2404383	EPN, SPINE	EPN	Frozen	1	0	-1	1	2	0
GSM2404384	EPN, SPINE	EPN	Frozen	3	0	0	0	-1	1
GSM2404385	EPN, SPINE	EPN	Frozen	3	1	2	1	-1	2
GSM2404386	EPN, SPINE	EPN	Frozen	4	0	1	0	0	-1
GSM2404387	HGNET, MN1	HGNET	Frozen	3	0	0	1	-1	1
GSM2404388	EPN, PF B	EPN	Frozen	2	0	1	-1	0	0
GSM2404389	EPN, PF A	EPN	Frozen	1	1	-1	1	1	1
GSM2404390	EPN, PF A	EPN	Frozen	0	-1	2	0	2	2
GSM2404391	SUBEPN, PF	SUBEPN	Frozen	2	2	1	-1	0	1
GSM2404392	SUBEPN, PF	SUBEPN	Frozen	0	-1	2	2	1	1
GSM2404393	EPN, PF B	EPN	Frozen	0	-1	0	0	1	1
GSM2404394	EPN, PF A	EPN	Frozen	2	0	1	-1	2	2
GSM2404395	SUBEPN, PF	SUBEPN	Frozen	4	0	2	2	0	-1
GSM2404396	EPN, PF B	EPN	Frozen	4	0	0	1	0	-1
GSM2404397	EPN, PF A	EPN	Frozen	1	2	-1	2	1	2
GSM2404398	EPN, PF A	EPN	Frozen	1	2	-1	2	1	2
GSM2404399	EPN, PF A	EPN	Frozen	4	0	0	2	0	-1
GSM2404400	EPN, RELA	EPN	Frozen	0	-1	0	0	2	1
GSM2404401	EPN, PF A	EPN	Frozen	0	-1	0	2	2	1
GSM2404402	EPN, PF B	EPN	Frozen	2	1	1	-1	2	2
GSM2404403	EPN, PF A	EPN	Frozen	0	-1	2	1	1	2
GSM2404404	EPN, RELA	EPN	Frozen	0	-1	0	0	2	1
GSM2404405	LGG, GG	LGG	FFPE	1	0	-1	0	2	2
GSM2404406	PITAD, STH DNS B	PITAD	FFPE	3	2	2	0	-1	2
GSM2404407	PITAD, FSH LH	PITAD	FFPE	2	2	1	-1	2	1
GSM2404408	PITAD, FSH LH	PITAD	FFPE	2	1	0	-1	0	2
GSM2404409	PITAD, FSH LH	PITAD	FFPE	1	2	-1	2	1	0
GSM2404410	PITAD, FSH LH	PITAD	FFPE	0	-1	0	0	1	0
GSM2404411	PITAD, FSH LH	PITAD	FFPE	4	2	0	2	1	-1
GSM2404412	PITAD, FSH LH	PITAD	FFPE	1	0	-1	0	2	2
GSM2404413	PITAD, FSH LH	PITAD	FFPE	3	1	1	1	-1	0
GSM2404414	PITAD, FSH LH	PITAD	FFPE	4	1	0	2	0	-1
GSM2404415	PITAD, FSH LH	PITAD	FFPE	2	0	0	-1	0	1
GSM2404416	PITAD, FSH LH	PITAD	FFPE	2	2	2	-1	2	2
GSM2404417	PITAD, FSH LH	PITAD	FFPE	3	2	2	2	-1	1
GSM2404418	PITAD, FSH LH	PITAD	FFPE	0	-1	2	0	0	2
GSM2404419	PITAD, FSH LH	PITAD	FFPE	0	-1	0	1	1	0
GSM2404420	PITAD, ACTH	PITAD	FFPE	0	-1	0	0	0	0
GSM2404421	PITAD, PRL	PITAD	FFPE	4	2	1	0	1	-1
GSM2404422	PITAD, STH DNS B	PITAD	FFPE	4	2	2	0	2	-1
GSM2404423	PITAD, STH SPA	PITAD	FFPE	0	-1	1	2	1	2
GSM2404424	PITAD, PRL	PITAD	FFPE	2	1	2	-1	1	0
GSM2404425	PITAD, STH SPA	PITAD	FFPE	1	0	-1	1	2	0
GSM2404426	PITAD, PRL	PITAD	FFPE	0	-1	2	1	0	2
GSM2404427	PITAD, ACTH	PITAD	FFPE	2	1	1	-1	0	1
GSM2404428	PITAD, ACTH	PITAD	FFPE	2	2	0	-1	2	1
GSM2404429	PITAD, PRL	PITAD	FFPE	3	2	0	2	-1	0
GSM2404430	EWS	EWS	FFPE	3	1	0	2	-1	1
GSM2404431	EPN, RELA	EPN	FFPE	2	2	1	-1	2	2
GSM2404432	O IDH	O IDH	FFPE	4	0	1	1	0	-1
GSM2404433	MELAN	MELAN	FFPE	4	0	1	2	2	-1
GSM2404434	MELAN	MELAN	FFPE	4	1	0	0	1	-1
GSM2404435	O IDH	O IDH	Frozen	0	-1	1	1	1	0
GSM2404436	MELCYT	MELCYT	FFPE	4	2	2	1	1	-1
GSM2404437	PITUI	PITUI	FFPE	4	2	0	1	2	-1
GSM2404438	LGG, DNT	LGG	FFPE	0	-1	1	0	0	0
GSM2404439	LGG, PA PF	LGG	FFPE	1	2	-1	2	2	0
GSM2404440	PTPR, A	PTPR	FFPE	4	1	0	1	0	-1
GSM2404441	PITUI	PITUI	FFPE	0	-1	2	0	0	2
GSM2404442	PITUI	PITUI	FFPE	3	1	1	2	-1	2
GSM2404443	PITUI	PITUI	FFPE	0	-1	0	1	1	1
GSM2404444	PITUI	PITUI	FFPE	0	-1	2	1	0	1
GSM2404445	CONTR, WM	CONTR	FFPE	2	1	1	-1	0	0
GSM2404446	CONTR, WM	CONTR	FFPE	3	2	1	2	-1	2
GSM2404447	CONTR, WM	CONTR	FFPE	1	2	-1	1	1	1
GSM2404448	PXA	PXA	FFPE	3	1	2	1	-1	2
GSM2404449	SCHW	SCHW	FFPE	2	2	0	-1	0	1
GSM2404450	EPN, SPINE	EPN	FFPE	2	0	0	-1	0	2
GSM2404451	CONTR, PINEAL	CONTR	FFPE	3	1	0	0	-1	1
GSM2404452	CONTR, ADENOPIT	CONTR	FFPE	1	0	-1	1	1	1
GSM2404453	CONTR, ADENOPIT	CONTR	FFPE	0	-1	2	2	0	0
GSM2404454	CONTR, ADENOPIT	CONTR	FFPE	4	0	0	0	1	-1
GSM2404455	PLASMA	PLASMA	FFPE	3	2	1	0	-1	0
GSM2404456	PIN T, PPT	PIN T	FFPE	3	1	2	2	-1	2
GSM2404457	DMG, K27	DMG	FFPE	0	-1	2	0	2	2
GSM2404458	PIN T, PPT	PIN T	FFPE	0	-1	1	0	2	0
GSM2404459	PIN T, PB B	PIN T	FFPE	4	1	0	1	1	-1
GSM2404460	PIN T, PB B	PIN T	FFPE	1	1	-1	1	0	1
GSM2404461	EPN, PF A	EPN	Frozen	3	1	1	1	-1	2
GSM2404462	EPN, PF B	EPN	Frozen	3	2	0	1	-1	2
GSM2404463	EPN, SPINE	EPN	Frozen	1	0	-1	0	0	2
GSM2404464	EPN, PF A	EPN	Frozen	4	1	1	0	0	-1
GSM2404465	MNG	MNG	FFPE	4	0	0	0	1	-1
GSM2404466	MNG	MNG	FFPE	4	2	2	2	1	-1
GSM2404467	MNG	MNG	FFPE	3	1	2	2	-1	0
GSM2404468	MNG	MNG	FFPE	0	-1	2	1	0	2
GSM2404469	MNG	MNG	FFPE	3	1	2	1	-1	0
GSM2404470	MNG	MNG	FFPE	2	1	1	-1	0	0
GSM2404471	MNG	MNG	FFPE	4	2	0	1	1	-1
GSM2404472	SCHW	SCHW	FFPE	2	0	2	-1	2	1
GSM2404473	SCHW	SCHW	FFPE	0	-1	2	0	0	0
GSM2404474	SCHW	SCHW	FFPE	0	-1	0	2	0	1
GSM2404475	SCHW	SCHW	FFPE	3	2	2	2	-1	2
GSM2404476	LGG, PA/GG ST	LGG	FFPE	3	2	1	2	-1	1
GSM2404477	LGG, GG	LGG	FFPE	0	-1	1	0	1	1
GSM2404478	PITAD, PRL	PITAD	FFPE	2	0	1	-1	0	2
GSM2404479	A IDH	A IDH	FFPE	4	0	0	0	0	-1
GSM2404480	GBM, G34	GBM	FFPE	1	0	-1	1	2	2
GSM2404481	DMG, K27	DMG	FFPE	3	2	1	0	-1	0
GSM2404482	LGG, DNT	LGG	FFPE	0	-1	0	1	0	2
GSM2404483	ATRT, TYR	ATRT	FFPE	3	0	0	2	-1	0
GSM2404484	PLEX, PED A	PLEX	FFPE	4	0	1	0	1	-1
GSM2404485	CONTR, REACT	CONTR	FFPE	3	1	0	2	-1	1
GSM2404486	GBM, MYCN	GBM	FFPE	1	1	-1	1	2	1
GSM2404487	GBM, MYCN	GBM	FFPE	2	2	1	-1	1	0
GSM2404488	GBM, G34	GBM	FFPE	0	-1	0	1	2	1
GSM2404489	GBM, G34	GBM	FFPE	3	1	1	1	-1	1
GSM2404490	HGNET, BCOR	HGNET	FFPE	4	0	0	2	2	-1
GSM2404491	GBM, G34	GBM	FFPE	2	1	1	-1	1	1
GSM2404492	PXA	PXA	FFPE	1	0	-1	0	2	1
GSM2404493	GBM, MYCN	GBM	FFPE	1	1	-1	1	0	0
GSM2404494	DMG, K27	DMG	FFPE	0	-1	0	2	0	1
GSM2404495	DMG, K27	DMG	FFPE	0	-1	0	1	1	2
GSM2404496	DMG, K27	DMG	FFPE	3	2	0	1	-1	2
GSM2404497	DMG, K27	DMG	FFPE	4	0	1	0	0	-1
GSM2404498	PXA	PXA	FFPE	2	0	0	-1	0	0
GSM2404499	GBM, RTK III	GBM	FFPE	4	2	1	0	0	-1
GSM2404500	GBM, G34	GBM	FFPE	0	-1	0	1	2	2
GSM2404501	DMG, K27	DMG	FFPE	1	2	-1	1	1	0
GSM2404502	DMG, K27	DMG	FFPE	3	0	1	1	-1	1
GSM2404503	PXA	PXA	FFPE	2	2	1	-1	2	2
GSM2404504	PXA	PXA	FFPE	3	2	1	1	-1	2
GSM2404505	DMG, K27	DMG	FFPE	1	1	-1	2	1	0
GSM2404506	DMG, K27	DMG	FFPE	3	0	1	2	-1	0
GSM2404507	DMG, K27	DMG	FFPE	1	1	-1	0	2	1
GSM2404508	DMG, K27	DMG	FFPE	1	2	-1	2	1	0
GSM2404509	DMG, K27	DMG	FFPE	4	1	1	0	1	-1
GSM2404510	ENB, A	ENB	FFPE	2	0	2	-1	2	1
GSM2404511	ENB, A	ENB	FFPE	3	2	0	0	-1	2
GSM2404512	HGNET, MN1	HGNET	FFPE	3	2	2	1	-1	1
GSM2404513	PLEX, AD	PLEX	FFPE	1	0	-1	0	2	0
GSM2404514	LGG, DNT	LGG	FFPE	1	2	-1	0	1	1
GSM2404515	LGG, DNT	LGG	FFPE	1	0	-1	1	1	1
GSM2404516	LGG, DNT	LGG	FFPE	3	1	2	0	-1	2
GSM2404517	O IDH	O IDH	FFPE	2	2	0	-1	1	0
GSM2404518	GBM, G34	GBM	FFPE	3	0	2	2	-1	2
GSM2404519	ATRT, SHH	ATRT	FFPE	3	0	1	0	-1	1
GSM2404520	MB, SHH INF	MB	FFPE	1	2	-1	0	0	1
GSM2404521	LGG, MYB	LGG	FFPE	2	2	0	-1	2	0
GSM2404522	PTPR, B	PTPR	FFPE	4	2	0	0	0	-1
GSM2404523	LGG, DNT	LGG	FFPE	0	-1	1	2	1	1
GSM2404524	EPN, PF A	EPN	FFPE	3	2	2	2	-1	1
GSM2404525	LGG, DNT	LGG	FFPE	3	1	2	1	-1	1
GSM2404526	MB, G4	MB	FFPE	0	-1	0	0	0	2
GSM2404527	GBM, RTK II	GBM	FFPE	4	1	2	1	0	-1
GSM2404528	GBM, RTK II	GBM	Frozen	0	-1	1	0	1	1
GSM2404529	ANA PA	ANA PA	FFPE	1	1	-1	0	2	0
GSM2404530	PIN T, PB B	PIN T	FFPE	3	2	0	2	-1	2
GSM2404531	LGG, DNT	LGG	FFPE	0	-1	0	1	1	1
GSM2404532	CONTR, PINEAL	CONTR	FFPE	1	0	-1	1	0	0
GSM2404533	EPN, MPE	EPN	FFPE	2	1	1	-1	2	2
GSM2404534	DMG, K27	DMG	FFPE	1	0	-1	2	0	2
GSM2404535	A IDH	A IDH	FFPE	0	-1	2	2	2	1
GSM2404536	PXA	PXA	FFPE	3	0	0	1	-1	0
GSM2404537	CHORDM	CHORDM	FFPE	1	2	-1	2	2	2
GSM2404538	CHORDM	CHORDM	FFPE	2	1	2	-1	1	0
GSM2404539	GBM, RTK II	GBM	Frozen	0	-1	0	1	1	0
GSM2404540	EPN, PF B	EPN	FFPE	1	1	-1	1	1	2
GSM2404541	MELCYT	MELCYT	FFPE	3	0	2	1	-1	1
GSM2404542	MELCYT	MELCYT	FFPE	4	0	1	0	2	-1
GSM2404543	SCHW, MEL	SCHW	FFPE	2	0	1	-1	0	0
GSM2404544	MELCYT	MELCYT	FFPE	1	1	-1	0	2	0
GSM2404545	SCHW, MEL	SCHW	FFPE	0	-1	0	2	1	2
GSM2404546	GBM, MES	GBM	FFPE	2	2	0	-1	2	0
GSM2404547	PIN T, PPT	PIN T	FFPE	3	2	2	1	-1	1
GSM2404548	PLEX, PED A	PLEX	FFPE	4	0	1	2	2	-1
GSM2404549	LGG, PA PF	LGG	FFPE	2	0	0	-1	0	2
GSM2404550	LGG, PA MID	LGG	FFPE	3	1	1	1	-1	1
GSM2404551	PIN T, PB A	PIN T	FFPE	1	2	-1	2	2	1
GSM2404552	LGG, RGNT	LGG	FFPE	2	1	1	-1	1	1
GSM2404553	PIN T, PPT	PIN T	FFPE	1	0	-1	2	1	2
GSM2404554	LIPN	LIPN	FFPE	4	2	2	0	1	-1
GSM2404555	CONTR, ADENOPIT	CONTR	FFPE	4	2	0	1	2	-1
GSM2404556	IHG	IHG	FFPE	0	-1	2	2	2	1
GSM2404557	LGG, SEGA	LGG	FFPE	4	1	1	0	2	-1
GSM2404558	LGG, SEGA	LGG	FFPE	0	-1	1	0	0	1
GSM2404559	LGG, SEGA	LGG	FFPE	1	2	-1	1	0	2
GSM2404560	LGG, SEGA	LGG	FFPE	1	0	-1	1	0	0
GSM2404561	CONTR, PINEAL	CONTR	FFPE	4	2	2	2	2	-1
GSM2404562	O IDH	O IDH	FFPE	2	2	0	-1	1	1
GSM2404563	PXA	PXA	FFPE	1	0	-1	2	0	1
GSM2404564	CHGL	CHGL	FFPE	1	2	-1	1	2	0
GSM2404565	LIPN	LIPN	FFPE	0	-1	2	2	2	2
GSM2404566	EWS	EWS	FFPE	2	1	0	-1	0	0
GSM2404567	LGG, PA PF	LGG	FFPE	3	1	2	1	-1	1
GSM2404568	CONTR, INFLAM	CONTR	Frozen	3	0	1	2	-1	2
GSM2404569	GBM, RTK II	GBM	Frozen	4	2	1	0	1	-1
GSM2404570	GBM, MES	GBM	Frozen	0	-1	2	2	2	2
GSM2404571	GBM, RTK I	GBM	Frozen	1	0	-1	2	1	0
GSM2404572	CONTR, INFLAM	CONTR	Frozen	3	1	0	1	-1	2
GSM2404573	GBM, RTK II	GBM	Frozen	1	0	-1	0	0	2
GSM2404574	GBM, RTK II	GBM	Frozen	0	-1	0	0	1	1
GSM2404575	CONTR, INFLAM	CONTR	Frozen	2	0	0	-1	0	1
GSM2404576	CONTR, INFLAM	CONTR	Frozen	0	-1	2	0	1	0
GSM2404577	GBM, RTK II	GBM	Frozen	2	0	1	-1	0	1
GSM2404578	CONTR, INFLAM	CONTR	Frozen	0	-1	0	0	0	1
GSM2404579	GBM, RTK II	GBM	Frozen	4	2	0	2	1	-1
GSM2404580	GBM, RTK I	GBM	Frozen	0	-1	0	0	2	1
GSM2404581	CONTR, INFLAM	CONTR	Frozen	4	1	1	1	1	-1
GSM2404582	GBM, MES	GBM	Frozen	2	1	2	-1	1	1
GSM2404583	LGG, PA/GG ST	LGG	FFPE	4	0	2	0	2	-1
GSM2404584	EPN, PF A	EPN	FFPE	1	1	-1	0	2	2
GSM2404585	CNS NB, FOXR2	CNS NB	FFPE	0	-1	0	1	2	2
GSM2404586	A IDH	A IDH	FFPE	1	2	-1	1	1	0
GSM2404587	LGG, SEGA	LGG	FFPE	0	-1	0	0	0	0
GSM2404588	MB, G4	MB	FFPE	1	0	-1	1	0	1
GSM2404589	PIN T, PB A	PIN T	FFPE	4	1	0	2	1	-1
GSM2404590	HGNET, MN1	HGNET	FFPE	0	-1	2	2	0	0
GSM2404591	SUBEPN, PF	SUBEPN	FFPE	4	1	2	1	0	-1
GSM2404592	GBM, RTK II	GBM	Frozen	4	1	0	0	1	-1
GSM2404593	GBM, RTK II	GBM	Frozen	0	-1	0	1	2	2
GSM2404594	CONTR, INFLAM	CONTR	Frozen	2	1	2	-1	2	1
GSM2404595	CONTR, INFLAM	CONTR	Frozen	4	1	1	0	2	-1
GSM2404596	CONTR, INFLAM	CONTR	Frozen	3	2	2	2	-1	0
GSM2404597	GBM, RTK II	GBM	Frozen	3	1	2	0	-1	1
GSM2404598	GBM, MES	GBM	Frozen	4	0	1	2	0	-1
GSM2404599	CONTR, INFLAM	CONTR	Frozen	1	1	-1	0	0	1
GSM2404600	GBM, RTK I	GBM	Frozen	1	0	-1	0	1	1
GSM2404601	CONTR, INFLAM	CONTR	Frozen	4	0	0	0	2	-1
GSM2404602	GBM, RTK II	GBM	Frozen	2	0	2	-1	2	0
GSM2404603	GBM, RTK II	GBM	Frozen	1	2	-1	2	0	1
GSM2404604	GBM, MES	GBM	Frozen	2	1	2	-1	0	2
GSM2404605	CPH, PAP	CPH	FFPE	3	0	0	0	-1	1
GSM2404606	CPH, ADM	CPH	FFPE	4	2	1	0	2	-1
GSM2404607	ANA PA	ANA PA	FFPE	0	-1	1	2	1	0
GSM2404608	CONTR, WM	CONTR	FFPE	0	-1	2	2	0	0
GSM2404609	CONTR, WM	CONTR	FFPE	3	1	1	2	-1	2
GSM2404610	CHORDM	CHORDM	FFPE	4	0	2	0	0	-1
GSM2404611	CONTR, PINEAL	CONTR	FFPE	2	1	2	-1	2	0
GSM2404612	MELCYT	MELCYT	FFPE	4	2	1	1	0	-1
GSM2404613	GBM, MYCN	GBM	FFPE	0	-1	2	0	1	2
GSM2404614	GBM, G34	GBM	FFPE	4	2	0	0	0	-1
GSM2404615	DMG, K27	DMG	FFPE	2	2	1	-1	2	1
GSM2404616	IHG	IHG	FFPE	1	2	-1	1	0	2
GSM2404617	GBM, RTK III	GBM	FFPE	1	1	-1	2	1	0
GSM2404618	DMG, K27	DMG	FFPE	4	1	2	2	2	-1
GSM2404619	LGG, SEGA	LGG	FFPE	2	0	2	-1	1	2
GSM2404620	PLEX, AD	PLEX	FFPE	3	2	1	2	-1	0
GSM2404621	PLEX, AD	PLEX	FFPE	0	-1	0	1	1	0
GSM2404622	PLEX, AD	PLEX	FFPE	2	1	0	-1	0	2
GSM2404623	PLEX, AD	PLEX	FFPE	1	0	-1	1	0	1
GSM2404624	PLEX, PED B	PLEX	FFPE	3	0	0	0	-1	0
GSM2404625	PLEX, AD	PLEX	FFPE	0	-1	1	1	0	1
GSM2404626	PLEX, AD	PLEX	FFPE	4	0	1	0	1	-1
GSM2404627	HGNET, MN1	HGNET	FFPE	1	1	-1	0	1	0
GSM2404628	GBM, RTK II	GBM	FFPE	3	1	2	1	-1	0
GSM2404629	PTPR, B	PTPR	FFPE	3	1	0	1	-1	0
GSM2404630	CONTR, INFLAM	CONTR	Frozen	1	2	-1	2	1	2
GSM2404631	GBM, RTK I	GBM	Frozen	4	2	1	2	1	-1
GSM2404632	GBM, RTK I	GBM	Frozen	1	1	-1	0	0	2
GSM2404633	GBM, RTK II	GBM	Frozen	4	1	2	2	0	-1
GSM2404634	GBM, MES	GBM	Frozen	0	-1	0	1	0	0
GSM2404635	GBM, RTK II	GBM	Frozen	3	0	0	0	-1	2
GSM2404636	GBM, MES	GBM	Frozen	1	0	-1	2	2	2
GSM2404637	GBM, RTK I	GBM	Frozen	2	2	2	-1	1	2
GSM2404638	CONTR, INFLAM	CONTR	Frozen	1	0	-1	2	1	0
GSM2404639	CONTR, INFLAM	CONTR	Frozen	2	2	0	-1	1	0
GSM2404640	GBM, RTK II	GBM	Frozen	4	0	0	0	0	-1
GSM2404641	GBM, RTK II	GBM	Frozen	1	0	-1	2	1	2
GSM2404642	GBM, RTK II	GBM	Frozen	3	2	0	0	-1	2
GSM2404643	CONTR, INFLAM	CONTR	Frozen	1	2	-1	1	1	2
GSM2404644	CONTR, INFLAM	CONTR	Frozen	0	-1	2	1	1	1
GSM2404645	GBM, RTK II	GBM	Frozen	2	1	0	-1	0	0
GSM2404646	CONTR, INFLAM	CONTR	Frozen	2	0	1	-1	2	1
GSM2404647	GBM, RTK I	GBM	Frozen	4	2	1	1	0	-1
GSM2404648	GBM, G34	GBM	FFPE	0	-1	1	1	2	2
GSM2404649	PLASMA	PLASMA	FFPE	4	0	2	0	2	-1
GSM2404650	A IDH, HG	A IDH	FFPE	3	1	2	1	-1	1
GSM2404651	SFT HMPC	SFT HMPC	FFPE	0	-1	2	1	1	1
GSM2404652	GBM, G34	GBM	FFPE	4	1	2	1	0	-1
GSM2404653	DMG, K27	DMG	FFPE	0	-1	0	1	0	2
GSM2404654	GBM, MID	GBM	FFPE	2	2	2	-1	1	2
GSM2404655	DMG, K27	DMG	FFPE	1	1	-1	2	2	1
GSM2404656	DMG, K27	DMG	FFPE	4	2	0	1	1	-1
GSM2404657	DMG, K27	DMG	FFPE	3	1	0	2	-1	2
GSM2404658	DMG, K27	DMG	FFPE	0	-1	1	2	1	2
GSM2404659	GBM, RTK III	GBM	FFPE	2	1	1	-1	1	1
GSM2404660	DMG, K27	DMG	FFPE	2	0	0	-1	2	0
GSM2404661	GBM, RTK III	GBM	FFPE	3	0	0	2	-1	2
GSM2404662	GBM, G34	GBM	FFPE	2	0	2	-1	2	2
GSM2404663	DMG, K27	DMG	FFPE	4	2	2	2	1	-1
GSM2404664	DMG, K27	DMG	FFPE	1	1	-1	1	1	2
GSM2404665	DMG, K27	DMG	FFPE	4	1	1	0	0	-1
GSM2404666	GBM, MYCN	GBM	FFPE	3	0	0	1	-1	1
GSM2404667	GBM, RTK III	GBM	FFPE	0	-1	0	1	0	2
GSM2404668	DMG, K27	DMG	FFPE	1	1	-1	2	2	0
GSM2404669	PXA	PXA	FFPE	4	1	2	2	2	-1
GSM2404670	GBM, MYCN	GBM	FFPE	4	0	0	2	2	-1
GSM2404671	GBM, G34	GBM	FFPE	4	2	0	2	1	-1
GSM2404672	GBM, MID	GBM	FFPE	4	0	1	1	0	-1
GSM2404673	DMG, K27	DMG	FFPE	3	1	1	1	-1	1
GSM2404674	GBM, RTK III	GBM	FFPE	2	1	2	-1	2	1
GSM2404675	DMG, K27	DMG	FFPE	2	2	2	-1	2	2
GSM2404676	DMG, K27	DMG	FFPE	3	1	0	1	-1	2
GSM2404677	DMG, K27	DMG	FFPE	0	-1	2	0	0	0
GSM2404678	DMG, K27	DMG	FFPE	4	2	0	2	1	-1
GSM2404679	DMG, K27	DMG	FFPE	4	0	0	2	0	-1
GSM2404680	O IDH	O IDH	FFPE	2	0	0	-1	2	2
GSM2404681	O IDH	O IDH	FFPE	4	0	2	1	2	-1
GSM2404682	PIN T, PPT	PIN T	FFPE	4	2	0	1	1	-1
GSM2404683	A IDH	A IDH	FFPE	0	-1	1	2	2	0
GSM2404684	A IDH	A IDH	FFPE	3	1	1	0	-1	2
GSM2404685	GBM, RTK I	GBM	Frozen	4	2	2	0	2	-1
GSM2404686	GBM, RTK II	GBM	FFPE	0	-1	2	2	1	1
GSM2404687	GBM, RTK II	GBM	FFPE	4	1	1	2	2	-1
GSM2404688	O IDH	O IDH	FFPE	1	2	-1	0	2	1
GSM2404689	MELCYT	MELCYT	FFPE	2	1	1	-1	2	1
GSM2404690	EPN, SPINE	EPN	FFPE	3	1	2	0	-1	2
GSM2404691	CONTR, PINEAL	CONTR	FFPE	0	-1	1	2	2	1
GSM2404692	CONTR, WM	CONTR	FFPE	1	0	-1	1	2	1
GSM2404693	MELAN	MELAN	FFPE	4	0	0	1	2	-1
GSM2404694	EFT, CIC	EFT	Frozen	0	-1	1	0	2	1
GSM2404695	CNS NB, FOXR2	CNS NB	Frozen	0	-1	1	0	2	0
GSM2404696	CNS NB, FOXR2	CNS NB	Frozen	2	2	1	-1	0	2
GSM2404697	DMG, K27	DMG	FFPE	2	1	0	-1	0	2
GSM2404698	A IDH, HG	A IDH	FFPE	4	1	2	0	0	-1
GSM2404699	MB, WNT	MB	FFPE	4	0	1	1	2	-1
GSM2404700	A IDH, HG	A IDH	FFPE	3	1	1	2	-1	0
GSM2404701	GBM, MES	GBM	FFPE	4	1	2	0	0	-1
GSM2404702	GBM, RTK II	GBM	FFPE	4	2	0	0	1	-1
GSM2404703	DMG, K27	DMG	FFPE	3	1	0	1	-1	0
GSM2404704	PXA	PXA	FFPE	2	1	2	-1	0	2
GSM2404705	PXA	PXA	FFPE	1	2	-1	0	0	2
GSM2404706	PXA	PXA	FFPE	1	2	-1	0	2	2
GSM2404707	CHGL	CHGL	FFPE	0	-1	0	2	2	1
GSM2404708	DMG, K27	DMG	FFPE	2	2	2	-1	0	1
GSM2404709	PXA	PXA	FFPE	2	2	2	-1	2	0
GSM2404710	PXA	PXA	FFPE	4	0	2	2	1	-1
GSM2404711	IHG	IHG	FFPE	3	1	0	0	-1	2
GSM2404712	ENB, A	ENB	FFPE	1	2	-1	2	1	0
GSM2404713	EPN, MPE	EPN	FFPE	0	-1	0	1	1	0
GSM2404714	GBM, RTK II	GBM	FFPE	1	2	-1	1	0	0
GSM2404715	GBM, RTK I	GBM	FFPE	2	1	1	-1	2	2
GSM2404716	GBM, RTK II	GBM	FFPE	0	-1	2	2	2	0
GSM2404717	CNS NB, FOXR2	CNS NB	FFPE	0	-1	1	0	0	2
GSM2404718	MB, G3	MB	FFPE	3	1	2	2	-1	2
GSM2404719	ENB, B	ENB	FFPE	2	1	1	-1	0	2
GSM2404720	EWS	EWS	Frozen	1	0	-1	2	2	2
GSM2404721	LGG, MYB	LGG	FFPE	3	2	2	0	-1	1
GSM2404722	ENB, A	ENB	FFPE	4	0	1	0	2	-1
GSM2404723	ENB, A	ENB	FFPE	4	1	0	1	2	-1
GSM2404724	LIPN	LIPN	FFPE	3	2	1	0	-1	2
GSM2404725	ENB, B	ENB	FFPE	1	2	-1	2	2	1
GSM2404726	ENB, B	ENB	FFPE	3	2	0	1	-1	1
GSM2404727	ENB, B	ENB	FFPE	2	0	2	-1	2	0
GSM2404728	ENB, A	ENB	FFPE	0	-1	2	1	2	1
GSM2404729	ENB, B	ENB	FFPE	4	2	1	2	2	-1
GSM2404730	ENB, A	ENB	FFPE	1	1	-1	1	0	0
GSM2404731	ENB, B	ENB	FFPE	2	1	0	-1	0	1
GSM2404732	CHORDM	CHORDM	FFPE	3	0	0	1	-1	0
GSM2404733	LGG, DIG/DIA	LGG	FFPE	4	1	2	1	1	-1
GSM2404734	LGG, SEGA	LGG	FFPE	1	0	-1	2	1	1
GSM2404735	EPN, MPE	EPN	FFPE	1	0	-1	2	2	2
GSM2404736	GBM, RTK II	GBM	FFPE	1	0	-1	2	0	1
GSM2404737	A IDH, HG	A IDH	FFPE	4	0	1	1	1	-1
GSM2404738	GBM, RTK I	GBM	FFPE	2	2	2	-1	1	1
GSM2404739	ETMR	ETMR	FFPE	3	1	1	2	-1	1
GSM2404740	ETMR	ETMR	FFPE	3	0	1	1	-1	2
GSM2404741	HGNET, BCOR	HGNET	Frozen	2	1	0	-1	2	2
GSM2404742	MB, SHH INF	MB	Frozen	2	1	1	-1	1	1
GSM2404743	MB, SHH INF	MB	Frozen	4	1	1	1	1	-1
GSM2404744	MB, SHH INF	MB	Frozen	4	0	2	1	0	-1
GSM2404745	MB, SHH CHL AD	MB	Frozen	2	1	1	-1	0	0
GSM2404746	MB, SHH CHL AD	MB	Frozen	0	-1	0	2	2	0
GSM2404747	MB, SHH INF	MB	Frozen	0	-1	0	0	1	1
GSM2404748	A IDH	A IDH	Frozen	2	0	2	-1	2	0
GSM2404749	A IDH	A IDH	Frozen	1	2	-1	1	2	0
GSM2404750	A IDH	A IDH	Frozen	2	2	0	-1	2	2
GSM2404751	A IDH	A IDH	Frozen	0	-1	0	2	0	0
GSM2404752	A IDH	A IDH	Frozen	2	0	1	-1	1	0
GSM2404753	A IDH	A IDH	Frozen	4	2	1	0	0	-1
GSM2404754	A IDH	A IDH	Frozen	0	-1	2	0	0	1
GSM2404755	A IDH	A IDH	Frozen	4	2	0	0	2	-1
GSM2404756	O IDH	O IDH	Frozen	3	1	1	2	-1	0
GSM2404757	A IDH	A IDH	Frozen	4	0	2	1	2	-1
GSM2404758	EWS	EWS	Frozen	3	1	1	1	-1	0
GSM2404759	EPN, PF B	EPN	FFPE	1	1	-1	1	1	0
GSM2404760	EPN, PF B	EPN	FFPE	2	1	0	-1	1	2
GSM2404761	MB, G3	MB	FFPE	4	0	2	2	0	-1
GSM2404762	PTPR, A	PTPR	FFPE	1	2	-1	2	0	2
GSM2404763	O IDH	O IDH	FFPE	1	0	-1	2	1	1
GSM2404764	A IDH	A IDH	FFPE	3	2	0	1	-1	0
GSM2404765	EWS	EWS	FFPE	2	2	2	-1	2	0
GSM2404766	DMG, K27	DMG	FFPE	1	0	-1	0	1	1
GSM2404767	DMG, K27	DMG	FFPE	4	0	1	0	2	-1
GSM2404768	LGG, DNT	LGG	FFPE	3	2	2	1	-1	1
GSM2404769	LGG, PA/GG ST	LGG	FFPE	1	1	-1	2	0	1
GSM2404770	LGG, PA MID	LGG	FFPE	0	-1	1	0	1	2
GSM2404771	LGG, PA/GG ST	LGG	FFPE	3	2	1	1	-1	0
GSM2404772	LGG, SEGA	LGG	FFPE	0	-1	0	1	2	0
GSM2404773	CN	CN	FFPE	2	0	1	-1	2	1
GSM2404774	MB, G3	MB	FFPE	3	0	0	2	-1	1
GSM2404775	ATRT, TYR	ATRT	Frozen	1	1	-1	1	1	2
GSM2404776	ATRT, MYC	ATRT	Frozen	2	0	2	-1	2	2
GSM2404777	EFT, CIC	EFT	Frozen	4	1	0	1	0	-1
GSM2404778	PXA	PXA	FFPE	3	2	2	1	-1	0
GSM2404779	A IDH	A IDH	FFPE	0	-1	0	2	0	2
GSM2404780	MELCYT	MELCYT	FFPE	0	-1	0	2	1	2
GSM2404781	O IDH	O IDH	FFPE	0	-1	0	2	0	2
GSM2404782	CN	CN	FFPE	1	0	-1	0	1	1
GSM2404783	PIN T, PPT	PIN T	FFPE	2	1	1	-1	0	1
GSM2404784	CN	CN	FFPE	1	1	-1	0	2	1
GSM2404785	MB, G4	MB	FFPE	3	2	2	0	-1	1
GSM2404786	LGG, PA PF	LGG	FFPE	1	1	-1	2	0	2
GSM2404787	PXA	PXA	FFPE	0	-1	2	2	0	2
GSM2404788	DMG, K27	DMG	FFPE	2	2	2	-1	2	1
GSM2404789	SUBEPN, PF	SUBEPN	FFPE	0	-1	1	2	2	2
GSM2404790	A IDH	A IDH	FFPE	2	0	1	-1	0	0
GSM2404791	LGG, PA PF	LGG	Frozen	1	2	-1	0	1	2
GSM2404792	EPN, MPE	EPN	Frozen	3	2	0	1	-1	0
GSM2404793	SUBEPN, ST	SUBEPN	Frozen	3	2	2	2	-1	2
GSM2404794	SUBEPN, ST	SUBEPN	Frozen	0	-1	0	1	2	1
GSM2404795	SUBEPN, PF	SUBEPN	Frozen	1	0	-1	1	2	2
GSM2404796	SUBEPN, SPINE	SUBEPN	Frozen	1	0	-1	2	0	1
GSM2404797	SUBEPN, PF	SUBEPN	Frozen	2	1	2	-1	1	1
GSM2404798	SUBEPN, PF	SUBEPN	Frozen	0	-1	1	1	1	0
GSM2404799	SUBEPN, ST	SUBEPN	Frozen	3	1	1	1	-1	0
GSM2404800	SUBEPN, PF	SUBEPN	Frozen	4	0	0	1	0	-1
GSM2404801	SUBEPN, PF	SUBEPN	Frozen	1	1	-1	0	2	0
GSM2404802	EPN, MPE	EPN	Frozen	1	0	-1	1	0	1
GSM2404803	EPN, MPE	EPN	Frozen	2	1	2	-1	0	0
GSM2404804	EPN, MPE	EPN	Frozen	1	2	-1	1	2	0
GSM2404805	EPN, MPE	EPN	Frozen	4	0	2	0	1	-1
GSM2404806	EPN, MPE	EPN	Frozen	0	-1	0	0	1	1
GSM2404807	SUBEPN, PF	SUBEPN	Frozen	3	0	2	0	-1	0
GSM2404808	SUBEPN, PF	SUBEPN	Frozen	3	2	1	2	-1	1
GSM2404809	CONTR, REACT	CONTR	Frozen	4	0	2	1	1	-1
GSM2404810	CNS NB, FOXR2	CNS NB	Frozen	4	2	2	0	1	-1
GSM2404811	EWS	EWS	Frozen	0	-1	0	0	1	2
GSM2404812	DMG, K27	DMG	FFPE	2	1	2	-1	0	0
GSM2404813	DMG, K27	DMG	FFPE	0	-1	2	0	1	1
GSM2404814	DMG, K27	DMG	FFPE	2	0	2	-1	1	0
GSM2404815	GBM, MYCN	GBM	FFPE	0	-1	2	0	0	2
GSM2404816	DMG, K27	DMG	FFPE	4	2	0	0	2	-1
GSM2404817	EPN, PF B	EPN	FFPE	0	-1	1	0	2	0
GSM2404818	EPN, PF B	EPN	FFPE	3	2	1	2	-1	0
GSM2404819	ENB, B	ENB	FFPE	0	-1	0	0	1	2
GSM2404820	MELCYT	MELCYT	FFPE	2	1	2	-1	1	0
GSM2404821	EWS	EWS	FFPE	3	1	2	0	-1	0
GSM2404822	MB, G3	MB	FFPE	1	2	-1	1	2	0
GSM2404823	HGNET, MN1	HGNET	FFPE	0	-1	2	2	2	2
GSM2404824	DMG, K27	DMG	FFPE	0	-1	2	0	1	0
GSM2404825	DMG, K27	DMG	FFPE	3	2	1	1	-1	1
GSM2404826	MB, G3	MB	FFPE	3	1	2	1	-1	2
GSM2404827	GBM, RTK II	GBM	FFPE	3	0	1	0	-1	1
GSM2404828	SUBEPN, PF	SUBEPN	FFPE	4	2	0	2	0	-1
GSM2404829	GBM, MES	GBM	FFPE	0	-1	0	0	0	0
GSM2404830	GBM, MES	GBM	FFPE	3	0	1	1	-1	1
GSM2404831	LGG, PA PF	LGG	FFPE	2	1	0	-1	1	2
GSM2404832	EPN, SPINE	EPN	FFPE	0	-1	0	2	2	2
GSM2404833	ATRT, SHH	ATRT	FFPE	2	2	2	-1	2	2
GSM2404834	ATRT, SHH	ATRT	FFPE	2	0	0	-1	1	0
GSM2404835	ATRT, TYR	ATRT	FFPE	1	0	-1	0	1	1
GSM2404836	ATRT, MYC	ATRT	FFPE	0	-1	1	1	2	2
GSM2404837	ATRT, SHH	ATRT	FFPE	0	-1	1	1	0	0
GSM2404838	ATRT, TYR	ATRT	FFPE	4	0	0	1	1	-1
GSM2404839	ATRT, SHH	ATRT	FFPE	4	2	0	1	0	-1
GSM2404840	ATRT, SHH	ATRT	FFPE	0	-1	2	2	0	1
GSM2404841	ATRT, TYR	ATRT	FFPE	2	0	2	-1	1	1
GSM2404842	ATRT, MYC	ATRT	FFPE	1	1	-1	2	2	1
GSM2404843	ATRT, SHH	ATRT	FFPE	1	2	-1	1	2	2
GSM2404844	ATRT, SHH	ATRT	FFPE	4	2	1	1	2	-1
GSM2404845	A IDH	A IDH	FFPE	2	2	2	-1	0	0
GSM2404846	GBM, RTK I	GBM	FFPE	0	-1	0	2	0	0
GSM2404847	LGG, PA/GG ST	LGG	FFPE	2	0	2	-1	0	0
GSM2404848	GBM, MID	GBM	FFPE	1	2	-1	2	1	0
GSM2404849	SUBEPN, SPINE	SUBEPN	FFPE	1	1	-1	1	2	1
GSM2404850	LGG, DNT	LGG	FFPE	0	-1	0	0	0	1
GSM2404851	EPN, SPINE	EPN	FFPE	4	2	1	0	1	-1
GSM2404852	SFT HMPC	SFT HMPC	FFPE	1	2	-1	0	0	0
GSM2404853	MB, SHH INF	MB	Frozen	3	2	2	0	-1	1
GSM2404854	ATRT, SHH	ATRT	FFPE	4	2	1	2	2	-1
GSM2404855	EPN, PF B	EPN	FFPE	2	2	0	-1	2	1
GSM2404856	EPN, PF B	EPN	FFPE	1	0	-1	2	1	0
GSM2404857	SUBEPN, PF	SUBEPN	FFPE	4	0	1	1	2	-1
GSM2404858	SUBEPN, PF	SUBEPN	FFPE	1	2	-1	1	1	1
GSM2404859	EPN, PF B	EPN	FFPE	4	0	1	0	0	-1
GSM2404860	EPN, PF B	EPN	FFPE	3	0	1	0	-1	0
GSM2404861	EPN, PF B	EPN	FFPE	4	0	2	2	1	-1
GSM2404862	SUBEPN, PF	SUBEPN	FFPE	4	2	0	2	0	-1
GSM2404863	EPN, PF B	EPN	FFPE	0	-1	2	2	2	1
GSM2404864	SUBEPN, PF	SUBEPN	FFPE	0	-1	1	2	2	2
GSM2404865	EPN, PF B	EPN	FFPE	0	-1	1	2	2	0
GSM2404866	EPN, PF B	EPN	FFPE	4	0	1	1	2	-1
GSM2404867	A IDH	A IDH	FFPE	4	0	0	2	1	-1
GSM2404868	GBM, RTK II	GBM	FFPE	0	-1	2	1	2	0
GSM2404869	GBM, RTK I	GBM	FFPE	3	0	0	2	-1	0
GSM2404870	GBM, MES	GBM	FFPE	1	0	-1	0	0	2
GSM2404871	LGG, DNT	LGG	FFPE	0	-1	0	0	1	0
GSM2404872	GBM, RTK II	GBM	FFPE	1	1	-1	1	1	2
GSM2404873	LGG, PA PF	LGG	FFPE	4	1	2	1	2	-1
GSM2404874	GBM, RTK II	GBM	FFPE	1	1	-1	1	2	1
GSM2404875	EPN, PF A	EPN	FFPE	3	1	0	1	-1	0
GSM2404876	GBM, G34	GBM	FFPE	1	1	-1	0	1	1
GSM2404877	LGG, PA PF	LGG	FFPE	1	2	-1	2	2	2
GSM2404878	A IDH	A IDH	FFPE	0	-1	2	0	2	1
GSM2404879	O IDH	O IDH	FFPE	0	-1	1	0	0	1
GSM2404880	ATRT, MYC	ATRT	Frozen	3	2	1	2	-1	2
GSM2404881	ATRT, SHH	ATRT	Frozen	0	-1	0	1	1	2
GSM2404882	ATRT, MYC	ATRT	Frozen	2	2	0	-1	1	1
GSM2404883	LGG, SEGA	LGG	FFPE	4	2	0	2	1	-1
GSM2404884	O IDH	O IDH	FFPE	2	1	0	-1	0	2
GSM2404885	A IDH	A IDH	FFPE	2	1	1	-1	0	2
GSM2404886	O IDH	O IDH	FFPE	0	-1	2	0	1	1
GSM2404887	A IDH	A IDH	FFPE	2	1	1	-1	1	0
GSM2404888	A IDH	A IDH	FFPE	2	0	1	-1	1	2
GSM2404889	A IDH	A IDH	FFPE	2	2	1	-1	1	1
GSM2404890	DMG, K27	DMG	FFPE	0	-1	0	1	0	2
GSM2404891	GBM, RTK II	GBM	FFPE	2	2	0	-1	2	0
GSM2404892	EPN, PF B	EPN	Frozen	3	2	2	0	-1	1
GSM2404893	EPN, YAP	EPN	Frozen	0	-1	2	0	1	1
GSM2404894	HGNET, BCOR	HGNET	Frozen	0	-1	2	0	1	2
GSM2404895	HGNET, MN1	HGNET	Frozen	3	1	1	1	-1	2
GSM2404896	SUBEPN, PF	SUBEPN	Frozen	0	-1	1	0	1	2
GSM2404897	EPN, PF B	EPN	Frozen	2	2	2	-1	2	1
GSM2404898	EPN, PF B	EPN	Frozen	1	2	-1	0	1	2
GSM2404900	EPN, PF B	EPN	Frozen	1	1	-1	2	2	2
GSM2404901	EPN, PF B	EPN	Frozen	4	0	2	2	0	-1
GSM2404902	EPN, PF B	EPN	Frozen	1	1	-1	2	1	0
GSM2404903	LGG, SEGA	LGG	FFPE	2	1	2	-1	1	2
GSM2404905	GBM, MES	GBM	FFPE	2	2	2	-1	0	0
GSM2404907	HGNET, BCOR	HGNET	FFPE	3	0	2	1	-1	1
GSM2404908	O IDH	O IDH	FFPE	4	1	1	1	0	-1
GSM2404909	O IDH	O IDH	FFPE	0	-1	2	1	2	1
GSM2404910	O IDH	O IDH	FFPE	3	1	1	1	-1	1
GSM2404911	GBM, RTK II	GBM	FFPE	0	-1	0	0	0	2
GSM2404912	GBM, MES	GBM	FFPE	1	1	-1	2	2	0
GSM2404913	SUBEPN, SPINE	SUBEPN	FFPE	2	0	0	-1	1	0
GSM2404914	EWS	EWS	FFPE	2	2	2	-1	0	2
GSM2404915	O IDH	O IDH	FFPE	2	0	0	-1	0	0
GSM2404916	LGG, PA PF	LGG	FFPE	2	1	0	-1	2	0
GSM2404917	MB, WNT	MB	FFPE	3	0	1	0	-1	2
GSM2404918	PXA	PXA	FFPE	3	1	1	0	-1	0
GSM2404919	HGNET, BCOR	HGNET	FFPE	2	2	0	-1	1	1
GSM2404920	O IDH	O IDH	FFPE	2	0	0	-1	1	0
GSM2404921	DMG, K27	DMG	FFPE	0	-1	2	1	0	1
GSM2404922	O IDH	O IDH	FFPE	4	1	0	0	2	-1
GSM2404923	GBM, RTK I	GBM	FFPE	3	0	0	2	-1	0
GSM2404924	EPN, YAP	EPN	Frozen	1	0	-1	2	2	1
GSM2404925	SFT HMPC	SFT HMPC	Frozen	4	0	2	0	2	-1
GSM2404926	ATRT, TYR	ATRT	Frozen	4	1	2	0	0	-1
GSM2404927	ATRT, SHH	ATRT	Frozen	4	0	2	2	1	-1
GSM2404928	EPN, PF B	EPN	Frozen	4	2	2	0	2	-1
GSM2404929	EPN, PF B	EPN	Frozen	2	1	0	-1	0	2
GSM2404930	EPN, PF B	EPN	Frozen	2	1	0	-1	0	1
GSM2404931	EPN, PF B	EPN	Frozen	0	-1	2	1	0	0
GSM2404932	EPN, PF B	EPN	Frozen	0	-1	0	1	0	1
GSM2404933	PLEX, PED B	PLEX	FFPE	2	1	1	-1	0	2
GSM2404934	PLEX, PED B	PLEX	FFPE	1	1	-1	1	0	2
GSM2404935	PLEX, PED B	PLEX	FFPE	0	-1	2	0	2	2
GSM2404936	PLEX, PED B	PLEX	FFPE	3	2	1	1	-1	1
GSM2404937	PLEX, PED B	PLEX	FFPE	4	1	1	2	2	-1
GSM2404938	PLEX, AD	PLEX	FFPE	2	0	0	-1	0	2
GSM2404939	PLEX, PED B	PLEX	FFPE	2	2	0	-1	2	2
GSM2404940	PLEX, PED A	PLEX	FFPE	2	0	2	-1	1	1
GSM2404941	PLEX, PED A	PLEX	FFPE	0	-1	2	2	0	2
GSM2404942	PLEX, PED B	PLEX	FFPE	3	0	0	0	-1	1
GSM2404943	PLEX, PED B	PLEX	FFPE	2	2	2	-1	1	2
GSM2404944	PLEX, PED B	PLEX	FFPE	0	-1	1	0	0	1
GSM2404945	PLEX, PED A	PLEX	FFPE	1	0	-1	0	0	1
GSM2404946	PLEX, PED B	PLEX	FFPE	4	0	1	0	2	-1
GSM2404947	PLEX, PED B	PLEX	FFPE	1	2	-1	0	1	1
GSM2404948	PLEX, PED B	PLEX	FFPE	1	0	-1	2	1	1
GSM2404949	PLEX, AD	PLEX	FFPE	1	1	-1	2	2	2
GSM2404950	PLEX, PED A	PLEX	FFPE	3	2	1	1	-1	1
GSM2404951	PLEX, PED B	PLEX	FFPE	0	-1	0	1	0	0
GSM2404952	PLEX, PED A	PLEX	FFPE	3	2	1	1	-1	1
GSM2404953	PLEX, PED B	PLEX	FFPE	4	0	1	1	1	-1
GSM2404954	PLEX, AD	PLEX	FFPE	0	-1	1	2	0	0
GSM2404955	PLEX, PED B	PLEX	FFPE	3	0	2	1	-1	2
GSM2404956	PLEX, PED B	PLEX	FFPE	1	1	-1	0	1	0
GSM2404957	PLEX, PED B	PLEX	FFPE	4	1	2	1	0	-1
GSM2404958	PLEX, PED B	PLEX	FFPE	2	2	1	-1	0	2
GSM2404959	PLEX, PED B	PLEX	FFPE	2	0	0	-1	1	0
GSM2404960	PLEX, PED B	PLEX	FFPE	4	2	2	2	1	-1
GSM2404961	PLEX, PED A	PLEX	FFPE	2	1	0	-1	2	0
GSM2404962	PLEX, PED A	PLEX	FFPE	0	-1	0	2	2	0
GSM2404963	PLEX, PED A	PLEX	FFPE	1	1	-1	0	1	2
GSM2404964	PLEX, PED B	PLEX	FFPE	3	0	0	1	-1	0
GSM2404965	PLEX, PED B	PLEX	FFPE	2	0	1	-1	1	0
GSM2404966	PLEX, AD	PLEX	FFPE	2	1	2	-1	2	1
GSM2404967	PLEX, PED B	PLEX	FFPE	1	0	-1	0	1	1
GSM2404968	PLEX, PED B	PLEX	FFPE	4	2	2	2	0	-1
GSM2404969	PLEX, PED B	PLEX	FFPE	0	-1	1	2	0	2
GSM2404970	PLEX, PED B	PLEX	FFPE	3	1	2	2	-1	0
GSM2404971	PLEX, PED B	PLEX	FFPE	2	0	1	-1	0	1
GSM2404972	PLEX, PED B	PLEX	FFPE	1	0	-1	1	2	1
GSM2404973	PLEX, PED B	PLEX	FFPE	1	1	-1	0	1	0
GSM2404974	PLEX, PED B	PLEX	FFPE	3	1	2	2	-1	0
GSM2404975	PLEX, PED A	PLEX	FFPE	4	1	0	1	0	-1
GSM2404976	PLEX, PED A	PLEX	FFPE	1	1	-1	2	1	2
GSM2404977	PLEX, PED B	PLEX	FFPE	4	2	0	0	2	-1
GSM2404978	PLEX, PED B	PLEX	FFPE	0	-1	0	2	0	0
GSM2404979	PLEX, AD	PLEX	FFPE	4	2	0	0	0	-1
GSM2404980	PLEX, PED B	PLEX	FFPE	0	-1	0	1	2	1
GSM2404981	PLEX, PED B	PLEX	FFPE	0	-1	0	2	2	2
GSM2404982	PLEX, AD	PLEX	FFPE	0	-1	0	1	1	2
GSM2404983	PLEX, AD	PLEX	FFPE	1	1	-1	0	1	0
GSM2404984	PLEX, PED B	PLEX	FFPE	1	2	-1	1	1	2
GSM2404985	PLEX, AD	PLEX	FFPE	4	1	2	1	1	-1
GSM2404986	PLEX, PED B	PLEX	FFPE	1	2	-1	2	2	0
GSM2404987	PLEX, PED B	PLEX	FFPE	2	1	2	-1	1	1
GSM2404988	PLEX, PED B	PLEX	FFPE	4	1	2	0	2	-1
GSM2404989	PLEX, PED B	PLEX	FFPE	4	1	1	2	2	-1
GSM2404990	PLEX, AD	PLEX	FFPE	2	0	0	-1	1	1
GSM2404991	PLEX, PED B	PLEX	FFPE	3	2	0	1	-1	1
GSM2404992	PLEX, PED A	PLEX	FFPE	2	2	2	-1	0	2
GSM2404993	PLEX, PED B	PLEX	FFPE	4	0	2	2	0	-1
GSM2404994	PLEX, PED B	PLEX	FFPE	3	2	1	0	-1	2
GSM2404995	GBM, RTK I	GBM	FFPE	1	2	-1	2	2	2
GSM2404996	EPN, SPINE	EPN	FFPE	2	0	2	-1	2	0
GSM2404997	MB, G3	MB	FFPE	4	0	0	1	1	-1
GSM2404998	GBM, RTK II	GBM	FFPE	0	-1	1	1	0	0
GSM2404999	GBM, RTK I	GBM	FFPE	1	2	-1	2	0	0
GSM2405000	GBM, RTK I	GBM	FFPE	0	-1	1	1	1	2
GSM2405001	GBM, RTK II	GBM	FFPE	3	0	2	1	-1	1
GSM2405002	A IDH	A IDH	FFPE	4	1	1	0	1	-1
GSM2405003	GBM, MES	GBM	FFPE	1	1	-1	1	1	0
GSM2405004	DLGNT	DLGNT	FFPE	4	2	0	2	0	-1
GSM2405005	GBM, RTK III	GBM	FFPE	4	2	2	1	2	-1
GSM2405006	GBM, MYCN	GBM	FFPE	4	0	1	2	0	-1
GSM2405007	GBM, MYCN	GBM	FFPE	2	0	1	-1	2	1
GSM2405008	GBM, MID	GBM	FFPE	0	-1	1	0	2	0
GSM2405009	GBM, RTK III	GBM	FFPE	1	0	-1	2	1	0
GSM2405010	ATRT, SHH	ATRT	Frozen	2	2	0	-1	1	2
GSM2405011	ATRT, SHH	ATRT	Frozen	2	2	2	-1	0	2
GSM2405012	ATRT, TYR	ATRT	Frozen	0	-1	2	2	0	0
GSM2405013	ATRT, MYC	ATRT	Frozen	4	0	0	0	2	-1
GSM2405014	ATRT, TYR	ATRT	Frozen	4	2	1	0	2	-1
GSM2405015	ATRT, SHH	ATRT	Frozen	4	0	2	2	0	-1
GSM2405016	ATRT, MYC	ATRT	Frozen	4	2	0	0	0	-1
GSM2405017	ATRT, TYR	ATRT	Frozen	2	2	0	-1	2	0
GSM2405018	PTPR, B	PTPR	FFPE	2	1	0	-1	0	1
GSM2405019	PTPR, B	PTPR	FFPE	3	2	0	2	-1	2
GSM2405020	PTPR, B	PTPR	FFPE	0	-1	2	2	0	2
GSM2405021	EPN, PF B	EPN	FFPE	3	2	2	1	-1	2
GSM2405022	PITUI	PITUI	FFPE	0	-1	2	1	2	1
GSM2405023	EPN, PF B	EPN	FFPE	3	1	0	1	-1	1
GSM2405024	EPN, PF B	EPN	FFPE	0	-1	2	2	1	2
GSM2405025	GBM, MES	GBM	FFPE	3	2	0	2	-1	1
GSM2405026	GBM, G34	GBM	FFPE	2	1	2	-1	1	1
GSM2405027	GBM, MID	GBM	FFPE	1	0	-1	1	0	2
GSM2405028	GBM, RTK II	GBM	FFPE	3	0	0	0	-1	2
GSM2405029	O IDH	O IDH	FFPE	1	2	-1	2	1	2
GSM2405030	GBM, RTK II	GBM	FFPE	3	2	0	2	-1	2
GSM2405031	GBM, MES	GBM	FFPE	2	0	0	-1	0	0
GSM2405032	PXA	PXA	FFPE	2	1	1	-1	0	0
GSM2405033	PXA	PXA	FFPE	1	0	-1	0	2	1
GSM2405034	PXA	PXA	FFPE	0	-1	2	1	0	1
GSM2405035	A IDH, HG	A IDH	FFPE	2	2	2	-1	2	2
GSM2405036	GBM, RTK I	GBM	FFPE	3	0	1	0	-1	2
GSM2405037	GBM, MES	GBM	FFPE	4	1	0	2	1	-1
GSM2405038	PIN T, PPT	PIN T	FFPE	2	1	1	-1	0	0
GSM2405039	EPN, SPINE	EPN	FFPE	2	1	1	-1	0	0
GSM2405040	O IDH	O IDH	FFPE	2	2	2	-1	1	1
GSM2405041	A IDH	A IDH	FFPE	4	1	2	2	2	-1
GSM2405042	CNS NB, FOXR2	CNS NB	FFPE	0	-1	1	2	0	2
GSM2405043	ATRT, SHH	ATRT	FFPE	3	0	1	0	-1	0
GSM2405044	CPH, ADM	CPH	Frozen	2	2	2	-1	1	1
GSM2405045	CPH, ADM	CPH	Frozen	4	0	0	1	2	-1
GSM2405046	CPH, ADM	CPH	Frozen	3	0	0	0	-1	1
GSM2405047	CPH, ADM	CPH	Frozen	0	-1	2	2	0	1
GSM2405048	CPH, PAP	CPH	Frozen	1	0	-1	0	2	1
GSM2405049	CPH, ADM	CPH	Frozen	0	-1	0	1	0	0
GSM2405050	CPH, ADM	CPH	Frozen	2	2	0	-1	1	1
GSM2405051	CPH, ADM	CPH	Frozen	4	0	2	2	1	-1
GSM2405052	CPH, PAP	CPH	Frozen	0	-1	0	2	1	1
GSM2405053	CPH, PAP	CPH	Frozen	3	1	1	2	-1	0
GSM2405054	PXA	PXA	FFPE	0	-1	2	0	0	1
GSM2405055	GBM, MID	GBM	FFPE	0	-1	2	0	1	0
GSM2405056	GBM, RTK II	GBM	FFPE	2	2	1	-1	0	1
GSM2405057	O IDH	O IDH	FFPE	0	-1	1	0	1	0
GSM2405058	GBM, RTK II	GBM	FFPE	4	0	2	1	0	-1
GSM2405059	GBM, RTK II	GBM	FFPE	2	1	2	-1	1	1
GSM2405060	GBM, MES	GBM	FFPE	4	0	2	0	0	-1
GSM2405061	EFT, CIC	EFT	FFPE	3	2	1	1	-1	1
GSM2405062	MB, SHH INF	MB	Frozen	3	0	1	2	-1	1
GSM2405063	LGG, MYB	LGG	FFPE	3	0	1	2	-1	2
GSM2405064	LGG, DIG/DIA	LGG	FFPE	1	2	-1	2	2	0
GSM2405065	HGNET, BCOR	HGNET	FFPE	1	1	-1	2	2	0
GSM2405066	A IDH	A IDH	FFPE	3	0	1	0	-1	0
GSM2405067	GBM, RTK II	GBM	FFPE	2	2	2	-1	0	0
GSM2405068	EPN, MPE	EPN	FFPE	1	2	-1	0	2	1
GSM2405069	GBM, MES	GBM	FFPE	0	-1	1	0	1	0
GSM2405070	MELAN	MELAN	FFPE	3	0	1	2	-1	2
GSM2405071	ETMR	ETMR	FFPE	2	2	1	-1	2	2
GSM2405072	A IDH	A IDH	FFPE	4	0	0	2	0	-1
GSM2405073	CONTR, REACT	CONTR	FFPE	4	1	1	0	1	-1
GSM2405074	GBM, RTK I	GBM	FFPE	0	-1	2	0	1	1
GSM2405075	HGNET, BCOR	HGNET	FFPE	0	-1	1	0	1	0
GSM2405076	PXA	PXA	FFPE	4	1	1	1	2	-1
GSM2405077	GBM, MES	GBM	FFPE	1	2	-1	1	2	1
GSM2405078	EPN, PF A	EPN	Frozen	2	0	0	-1	0	0
GSM2405079	EPN, PF A	EPN	Frozen	0	-1	1	0	1	2
GSM2405080	EPN, RELA	EPN	Frozen	1	0	-1	2	0	2
GSM2405081	ATRT, TYR	ATRT	Frozen	3	2	2	1	-1	1
GSM2405082	MB, SHH INF	MB	Frozen	2	0	0	-1	0	2
GSM2405083	PTPR, B	PTPR	Frozen	4	2	2	2	0	-1
GSM2405084	A IDH	A IDH	FFPE	4	1	0	1	2	-1
GSM2405085	LGG, DNT	LGG	FFPE	0	-1	0	2	0	0
GSM2405086	PIN T, PPT	PIN T	FFPE	1	0	-1	2	2	1
GSM2405087	GBM, RTK II	GBM	FFPE	2	1	2	-1	0	0
GSM2405088	GBM, RTK I	GBM	FFPE	0	-1	1	1	1	0
GSM2405089	O IDH	O IDH	FFPE	3	2	0	2	-1	1
GSM2405090	EFT, CIC	EFT	FFPE	1	2	-1	2	1	1
GSM2405091	A IDH	A IDH	FFPE	0	-1	2	1	2	0
GSM2405092	O IDH	O IDH	FFPE	1	1	-1	2	2	0
GSM2405093	PLASMA	PLASMA	FFPE	4	2	0	2	0	-1
GSM2405094	SFT HMPC	SFT HMPC	FFPE	4	2	1	1	2	-1
GSM2405095	LGG, RGNT	LGG	FFPE	4	2	0	1	0	-1
GSM2405096	O IDH	O IDH	Frozen	3	1	2	1	-1	1
GSM2405097	A IDH	A IDH	Frozen	4	1	0	1	1	-1
GSM2405098	A IDH	A IDH	Frozen	1	1	-1	0	2	1
GSM2405099	A IDH	A IDH	Frozen	1	1	-1	1	0	1
GSM2405100	A IDH	A IDH	Frozen	1	2	-1	2	0	1
GSM2405101	A IDH	A IDH	Frozen	1	2	-1	0	0	2
GSM2405102	A IDH	A IDH	Frozen	1	2	-1	2	2	1
GSM2405103	EPN, SPINE	EPN	FFPE	4	1	0	0	1	-1
GSM2405104	GBM, RTK II	GBM	FFPE	2	2	1	-1	1	2
GSM2405105	A IDH, HG	A IDH	FFPE	4	0	0	2	2	-1
GSM2405106	EFT, CIC	EFT	FFPE	3	1	2	0	-1	0
GSM2405107	PLASMA	PLASMA	FFPE	1	0	-1	1	0	2
GSM2405108	EPN, SPINE	EPN	FFPE	0	-1	1	0	0	1
GSM2405109	O IDH	O IDH	FFPE	1	2	-1	1	1	2
GSM2405110	GBM, RTK II	GBM	FFPE	0	-1	2	0	1	1
GSM2405111	GBM, MID	GBM	FFPE	2	2	1	-1	2	0
GSM2405112	GBM, RTK II	GBM	FFPE	3	0	2	2	-1	1
GSM2405113	PLASMA	PLASMA	FFPE	0	-1	0	2	1	2
GSM2405114	LGG, PA MID	LGG	FFPE	4	0	2	1	2	-1
GSM2405115	GBM, RTK I	GBM	FFPE	1	0	-1	0	1	1
GSM2405116	O IDH	O IDH	FFPE	4	0	1	0	0	-1
GSM2405117	PIN T, PB A	PIN T	FFPE	0	-1	1	2	0	1
GSM2405118	MB, G4	MB	FFPE	4	0	2	2	0	-1
GSM2405119	LGG, PA PF	LGG	FFPE	0	-1	2	0	1	2
GSM2405120	A IDH	A IDH	FFPE	3	0	1	1	-1	2
GSM2405121	HGNET, MN1	HGNET	FFPE	2	1	0	-1	2	1
GSM2405122	HMB	HMB	FFPE	0	-1	0	0	1	1
GSM2405123	HMB	HMB	FFPE	1	1	-1	0	0	1
GSM2405124	A IDH	A IDH	FFPE	0	-1	2	0	0	2
GSM2405125	ANA PA	ANA PA	FFPE	2	0	1	-1	2	2
GSM2405126	CHORDM	CHORDM	FFPE	0	-1	1	1	1	0
GSM2405127	CHORDM	CHORDM	FFPE	4	1	2	1	0	-1
GSM2405128	CHORDM	CHORDM	FFPE	2	2	1	-1	1	2
GSM2405129	MB, G4	MB	FFPE	1	2	-1	0	2	2
GSM2405130	GBM, MES	GBM	FFPE	2	0	1	-1	1	0
GSM2405131	GBM, RTK I	GBM	Frozen	1	0	-1	1	1	2
GSM2405132	GBM, RTK I	GBM	Frozen	4	1	0	2	2	-1
GSM2405133	GBM, RTK II	GBM	Frozen	1	1	-1	0	2	0
GSM2405134	GBM, RTK II	GBM	Frozen	1	2	-1	0	2	1
GSM2405135	GBM, RTK I	GBM	Frozen	0	-1	2	2	2	1
GSM2405136	GBM, MES	GBM	Frozen	1	2	-1	0	0	2
GSM2405137	CONTR, INFLAM	CONTR	Frozen	4	1	1	2	0	-1
GSM2405138	GBM, RTK II	GBM	Frozen	2	1	2	-1	1	0
GSM2405139	CONTR, INFLAM	CONTR	Frozen	3	1	2	1	-1	2
GSM2405140	GBM, MES	GBM	Frozen	3	0	0	2	-1	2
GSM2405141	EWS	EWS	Frozen	4	2	2	1	2	-1
GSM2405142	GBM, RTK II	GBM	FFPE	0	-1	1	1	1	1
GSM2405143	GBM, RTK I	GBM	FFPE	4	1	2	1	0	-1
GSM2405144	MB, G4	MB	FFPE	1	1	-1	1	1	2
GSM2405145	LGG, PA/GG ST	LGG	FFPE	4	2	1	2	2	-1
GSM2405146	A IDH	A IDH	FFPE	0	-1	2	0	1	1
GSM2405147	A IDH, HG	A IDH	FFPE	0	-1	2	1	2	1
GSM2405148	GBM, MID	GBM	FFPE	4	1	0	2	2	-1
GSM2405149	GBM, RTK I	GBM	FFPE	4	2	2	2	2	-1
GSM2405150	GBM, RTK I	GBM	FFPE	2	1	2	-1	0	0
GSM2405151	GBM, RTK II	GBM	FFPE	0	-1	1	2	2	1
GSM2405152	O IDH	O IDH	FFPE	0	-1	0	2	1	2
GSM2405153	PXA	PXA	FFPE	4	2	1	0	2	-1
GSM2405154	LGG, PA PF	LGG	FFPE	1	2	-1	2	0	2
GSM2405155	O IDH	O IDH	FFPE	3	2	1	0	-1	0
GSM2405156	PLASMA	PLASMA	FFPE	1	1	-1	0	1	0
GSM2405157	GBM, MES	GBM	FFPE	2	2	2	-1	0	1
GSM2405158	EPN, MPE	EPN	FFPE	2	0	1	-1	1	2
GSM2405159	LYMPHO	LYMPHO	FFPE	1	0	-1	2	1	1
GSM2405160	O IDH	O IDH	FFPE	0	-1	1	0	0	0
GSM2405161	PIN T, PPT	PIN T	FFPE	2	0	1	-1	1	0
GSM2405162	GBM, RTK I	GBM	Frozen	2	1	0	-1	1	2
GSM2405163	GBM, RTK II	GBM	Frozen	1	2	-1	2	1	1
GSM2405164	GBM, MES	GBM	Frozen	0	-1	0	1	1	1
GSM2405165	GBM, RTK I	GBM	Frozen	4	1	1	2	0	-1
GSM2405166	GBM, RTK I	GBM	Frozen	3	2	1	1	-1	1
GSM2405167	GBM, RTK I	GBM	Frozen	2	1	2	-1	0	1
GSM2405168	GBM, RTK II	GBM	Frozen	4	2	0	2	1	-1
GSM2405169	GBM, RTK II	GBM	Frozen	4	0	1	0	2	-1
GSM2405170	A IDH	A IDH	Frozen	2	0	0	-1	1	1
GSM2405171	A IDH	A IDH	Frozen	0	-1	1	1	0	0
GSM2405172	O IDH	O IDH	Frozen	4	2	0	1	2	-1
GSM2405173	O IDH	O IDH	Frozen	4	2	2	2	1	-1
GSM2405174	O IDH	O IDH	Frozen	0	-1	1	0	0	2
GSM2405175	PIN T, PB B	PIN T	Frozen	2	1	2	-1	2	0
GSM2405176	GBM, RTK I	GBM	FFPE	4	2	1	1	0	-1
GSM2405177	GBM, RTK II	GBM	FFPE	3	0	1	1	-1	2
GSM2405178	CONTR, INFLAM	CONTR	Frozen	1	0	-1	2	2	2
GSM2405179	GBM, RTK I	GBM	Frozen	3	0	1	1	-1	1
GSM2405180	GBM, RTK II	GBM	FFPE	3	0	2	1	-1	2
GSM2405181	EPN, MPE	EPN	FFPE	3	1	2	0	-1	2
GSM2405182	CHORDM	CHORDM	FFPE	0	-1	0	2	2	1
GSM2405183	CHORDM	CHORDM	FFPE	3	0	0	0	-1	1
GSM2405184	PLASMA	PLASMA	FFPE	2	1	2	-1	1	1
GSM2405185	PLASMA	PLASMA	FFPE	0	-1	1	1	2	1
GSM2405186	LGG, RGNT	LGG	FFPE	3	0	2	1	-1	1
GSM2405187	GBM, RTK I	GBM	FFPE	4	0	2	0	2	-1
GSM2405188	GBM, RTK II	GBM	FFPE	1	2	-1	2	0	0
GSM2405189	GBM, RTK I	GBM	Frozen	2	0	1	-1	0	0
GSM2405190	GBM, MES	GBM	Frozen	2	0	2	-1	2	1
GSM2405191	CONTR, INFLAM	CONTR	Frozen	2	2	1	-1	0	1
GSM2405192	CONTR, INFLAM	CONTR	Frozen	3	2	2	0	-1	0
GSM2405193	DMG, K27	DMG	Frozen	3	1	1	1	-1	0
GSM2405194	GBM, G34	GBM	Frozen	2	2	2	-1	1	2
GSM2405195	O IDH	O IDH	Frozen	1	0	-1	2	2	1
GSM2405196	O IDH	O IDH	Frozen	3	1	0	0	-1	0
GSM2405197	A IDH	A IDH	Frozen	3	0	0	2	-1	0
GSM2405198	A IDH	A IDH	Frozen	1	1	-1	0	1	1
GSM2405199	A IDH, HG	A IDH	Frozen	0	-1	0	2	1	0
GSM2405200	GBM, RTK I	GBM	Frozen	2	1	0	-1	2	0
GSM2405201	EPN, PF B	EPN	Frozen	1	0	-1	1	1	2
GSM2405202	ETMR	ETMR	Frozen	0	-1	0	1	2	0
GSM2405203	PXA	PXA	FFPE	0	-1	1	0	1	1
GSM2405204	HGNET, BCOR	HGNET	FFPE	4	1	1	2	0	-1
GSM2405205	O IDH	O IDH	FFPE	4	0	2	0	1	-1
GSM2405206	LYMPHO	LYMPHO	FFPE	3	2	2	0	-1	1
GSM2405207	O IDH	O IDH	FFPE	1	2	-1	2	2	0
GSM2405208	PIN T, PB A	PIN T	FFPE	4	2	0	0	0	-1
GSM2405209	MB, G4	MB	FFPE	1	1	-1	0	1	1
GSM2405210	ATRT, MYC	ATRT	FFPE	4	0	1	2	2	-1
GSM2405211	ATRT, TYR	ATRT	FFPE	3	2	1	1	-1	0
GSM2405212	GBM, MES	GBM	FFPE	3	2	1	2	-1	0
GSM2405213	GBM, RTK III	GBM	Frozen	0	-1	2	0	1	0
GSM2405214	GBM, RTK II	GBM	FFPE	2	2	2	-1	1	2
GSM2405215	HGNET, BCOR	HGNET	FFPE	4	0	1	1	1	-1
GSM2405216	LGG, PA MID	LGG	FFPE	2	2	0	-1	0	2
GSM2405217	GBM, RTK I	GBM	FFPE	4	1	1	0	0	-1
GSM2405218	SFT HMPC	SFT HMPC	FFPE	2	0	0	-1	1	0
GSM2405219	A IDH	A IDH	FFPE	3	2	1	1	-1	0
GSM2405220	IHG	IHG	Frozen	2	0	1	-1	2	1
GSM2405221	HGNET, BCOR	HGNET	Frozen	1	2	-1	0	1	0
GSM2405222	GBM, RTK II	GBM	FFPE	4	0	0	2	0	-1
GSM2405223	CONTR, INFLAM	CONTR	FFPE	0	-1	0	0	2	0
GSM2405224	RETB	RETB	Frozen	0	-1	1	1	2	1
GSM2405225	RETB	RETB	Frozen	0	-1	0	1	2	1
GSM2405226	RETB	RETB	Frozen	4	1	2	0	0	-1
GSM2405227	GBM, MES	GBM	FFPE	3	2	1	1	-1	0
GSM2405228	LGG, DNT	LGG	FFPE	4	2	2	2	1	-1
GSM2405229	RETB	RETB	Frozen	0	-1	2	1	1	2
GSM2405230	RETB	RETB	Frozen	4	2	0	0	1	-1
GSM2405231	RETB	RETB	Frozen	1	2	-1	0	2	2
GSM2405232	RETB	RETB	Frozen	1	2	-1	0	1	0
GSM2405233	RETB	RETB	Frozen	2	1	1	-1	1	1
GSM2405234	RETB	RETB	Frozen	2	0	2	-1	1	2
GSM2405235	RETB	RETB	Frozen	3	2	0	2	-1	1
GSM2405236	RETB	RETB	Frozen	1	1	-1	0	0	2
GSM2405237	RETB	RETB	Frozen	2	1	0	-1	0	0
GSM2405238	RETB	RETB	Frozen	3	1	1	2	-1	0
GSM2405239	RETB	RETB	Frozen	3	0	1	1	-1	2
GSM2405240	ANA PA	ANA PA	FFPE	2	1	2	-1	1	2
GSM2405241	ANA PA	ANA PA	FFPE	1	1	-1	2	2	2
GSM2405242	ENB, A	ENB	FFPE	4	1	1	0	1	-1
GSM2405243	ENB, B	ENB	FFPE	1	0	-1	2	1	0
GSM2405244	ENB, A	ENB	FFPE	4	0	2	2	0	-1
GSM2405245	GBM, RTK I	GBM	FFPE	2	2	1	-1	0	1
GSM2405246	GBM, RTK II	GBM	FFPE	4	1	0	1	1	-1
GSM2405247	CPH, PAP	CPH	FFPE	4	1	0	1	2	-1
GSM2405248	O IDH	O IDH	FFPE	4	1	0	0	2	-1
GSM2405249	A IDH	A IDH	FFPE	2	1	1	-1	0	0
GSM2405250	LGG, PA/GG ST	LGG	FFPE	4	0	2	2	2	-1
GSM2405251	ATRT, MYC	ATRT	FFPE	4	2	2	1	0	-1
GSM2405252	LGG, PA MID	LGG	FFPE	4	2	0	2	0	-1
GSM2405253	A IDH	A IDH	Frozen	1	2	-1	0	2	2
GSM2405254	RETB	RETB	Frozen	1	0	-1	2	0	0
GSM2405255	RETB	RETB	Frozen	4	1	2	1	2	-1
GSM2405256	RETB	RETB	Frozen	4	0	0	2	2	-1
GSM2405257	RETB	RETB	Frozen	3	0	1	2	-1	0
GSM2405258	RETB	RETB	Frozen	2	2	2	-1	0	1
GSM2405259	ENB, B	ENB	FFPE	4	2	2	2	0	-1
GSM2405260	ENB, B	ENB	FFPE	3	0	0	1	-1	0
GSM2405261	ENB, A	ENB	FFPE	1	1	-1	2	0	1
GSM2405262	ENB, A	ENB	FFPE	2	2	1	-1	2	1
GSM2405263	ENB, B	ENB	FFPE	0	-1	1	0	1	0
GSM2405264	ENB, A	ENB	FFPE	3	0	0	2	-1	1
GSM2405265	GBM, RTK II	GBM	FFPE	1	2	-1	2	0	0
GSM2405266	CPH, PAP	CPH	FFPE	2	2	2	-1	1	1
GSM2405267	MB, G4	MB	FFPE	2	0	0	-1	1	2
GSM2405268	LGG, DNT	LGG	FFPE	4	0	2	1	0	-1
GSM2405269	ANA PA	ANA PA	FFPE	4	0	2	1	0	-1
GSM2405270	GBM, RTK II	GBM	FFPE	0	-1	0	0	1	0
GSM2405271	CN	CN	FFPE	0	-1	0	2	0	1
GSM2405272	GBM, RTK II	GBM	FFPE	0	-1	2	0	0	0
GSM2405273	GBM, RTK I	GBM	FFPE	4	2	0	0	2	-1
GSM2405274	LGG, PA MID	LGG	FFPE	4	0	0	0	1	-1
GSM2405275	ANA PA	ANA PA	FFPE	2	2	2	-1	2	1
GSM2405276	A IDH, HG	A IDH	FFPE	2	2	1	-1	2	0
GSM2405277	MB, G4	MB	Frozen	2	2	2	-1	0	1
GSM2405278	EWS	EWS	Frozen	1	0	-1	0	2	1
GSM2405279	A IDH, HG	A IDH	FFPE	4	1	2	1	0	-1
GSM2405280	GBM, RTK II	GBM	FFPE	1	2	-1	0	2	1
GSM2405281	GBM, RTK I	GBM	FFPE	0	-1	0	2	2	2
GSM2405282	O IDH	O IDH	FFPE	1	1	-1	2	0	1
GSM2405283	CONTR, REACT	CONTR	FFPE	0	-1	2	1	2	1
GSM2405284	LGG, PA/GG ST	LGG	FFPE	3	2	0	2	-1	1
GSM2405285	LGG, DNT	LGG	FFPE	3	0	0	0	-1	0
GSM2405286	A IDH	A IDH	FFPE	0	-1	0	1	1	0
GSM2405287	A IDH	A IDH	FFPE	3	1	0	1	-1	2
GSM2405288	O IDH	O IDH	FFPE	2	0	1	-1	2	2
GSM2405289	CONTR, REACT	CONTR	FFPE	0	-1	1	2	0	2
GSM2405290	GBM, RTK II	GBM	FFPE	0	-1	2	0	0	0
GSM2405291	O IDH	O IDH	FFPE	3	1	1	2	-1	0
GSM2405292	MB, SHH CHL AD	MB	FFPE	1	0	-1	2	2	0
GSM2405293	DMG, K27	DMG	Frozen	0	-1	0	0	0	0
GSM2405294	DMG, K27	DMG	Frozen	1	0	-1	1	2	1
GSM2405295	DMG, K27	DMG	Frozen	2	2	0	-1	1	2
GSM2405296	GBM, RTK I	GBM	FFPE	3	0	2	1	-1	2
GSM2405297	GBM, RTK II	GBM	FFPE	3	2	2	1	-1	2
GSM2405298	A IDH	A IDH	FFPE	3	2	2	1	-1	2
GSM2405299	A IDH, HG	A IDH	FFPE	1	0	-1	0	1	2
GSM2405300	O IDH	O IDH	FFPE	1	1	-1	1	2	1
GSM2405301	LGG, PA PF	LGG	FFPE	3	2	1	1	-1	2
GSM2405302	A IDH	A IDH	FFPE	2	1	2	-1	1	1
GSM2405303	MB, SHH CHL AD	MB	FFPE	4	2	0	0	2	-1
GSM2405304	SFT HMPC	SFT HMPC	FFPE	3	1	1	2	-1	0
GSM2405305	A IDH, HG	A IDH	FFPE	4	0	1	2	2	-1
GSM2405306	GBM, MES	GBM	FFPE	4	0	1	2	1	-1
GSM2405307	MB, SHH CHL AD	MB	FFPE	4	2	0	1	0	-1
GSM2405308	IHG	IHG	FFPE	4	2	1	0	0	-1
GSM2405309	GBM, RTK II	GBM	FFPE	1	2	-1	1	0	2
GSM2405310	ANA PA	ANA PA	FFPE	4	2	0	1	2	-1
GSM2405311	GBM, MYCN	GBM	FFPE	3	2	2	0	-1	2
GSM2405312	IHG	IHG	FFPE	1	2	-1	0	2	1
GSM2405313	GBM, RTK II	GBM	FFPE	4	0	2	1	1	-1
GSM2405314	SFT HMPC	SFT HMPC	FFPE	0	-1	1	2	0	2
GSM2405315	MB, G3	MB	FFPE	4	2	0	0	1	-1
GSM2405316	A IDH	A IDH	FFPE	1	1	-1	1	0	0
GSM2405317	GBM, MES	GBM	FFPE	4	0	0	1	2	-1
GSM2405318	LGG, DNT	LGG	FFPE	3	0	0	1	-1	2
GSM2405319	MB, WNT	MB	FFPE	0	-1	1	1	1	2
GSM2405320	GBM, RTK II	GBM	FFPE	1	2	-1	2	2	0
GSM2405321	MB, G4	MB	FFPE	2	2	0	-1	0	0
GSM2405322	EWS	EWS	Frozen	1	0	-1	2	1	2
GSM2405323	MB, G4	MB	FFPE	0	-1	1	2	1	2
GSM2405324	GBM, RTK II	GBM	FFPE	2	0	0	-1	2	1
GSM2405325	GBM, RTK II	GBM	FFPE	3	1	2	1	-1	2
GSM2405326	A IDH, HG	A IDH	FFPE	4	1	2	0	0	-1
GSM2405327	O IDH	O IDH	FFPE	3	1	2	2	-1	2
GSM2405328	GBM, RTK II	GBM	FFPE	1	1	-1	0	2	1
GSM2405329	GBM, MES	GBM	FFPE	0	-1	2	0	1	1
GSM2405330	LGG, PA/GG ST	LGG	FFPE	3	2	0	0	-1	1
GSM2405331	GBM, MID	GBM	FFPE	3	0	0	1	-1	1
GSM2405332	ANA PA	ANA PA	FFPE	0	-1	0	1	1	0
GSM2405333	GBM, MID	GBM	FFPE	4	2	0	1	0	-1
GSM2405334	LGG, PA/GG ST	LGG	FFPE	0	-1	2	2	1	2
GSM2405335	SCHW	SCHW	FFPE	1	1	-1	1	1	0
GSM2405336	PXA	PXA	FFPE	2	1	1	-1	2	1
GSM2405337	PXA	PXA	FFPE	0	-1	0	2	1	1
GSM2405338	HGNET, BCOR	HGNET	FFPE	0	-1	1	0	2	1
GSM2405339	MNG	MNG	FFPE	1	2	-1	1	1	1
GSM2405340	O IDH	O IDH	FFPE	4	2	0	0	0	-1
GSM2405341	EPN, MPE	EPN	FFPE	4	0	2	0	1	-1
GSM2405342	A IDH, HG	A IDH	FFPE	4	2	0	2	1	-1
GSM2405343	MNG	MNG	Frozen	2	0	1	-1	2	1
GSM2405344	MNG	MNG	Frozen	4	0	1	0	1	-1
GSM2405345	MNG	MNG	Frozen	2	2	2	-1	2	1
GSM2405346	MNG	MNG	Frozen	0	-1	0	1	1	1
GSM2405347	MNG	MNG	Frozen	4	1	2	1	0	-1
GSM2405348	MNG	MNG	Frozen	2	1	0	-1	0	1
GSM2405349	MNG	MNG	Frozen	4	1	0	2	1	-1
GSM2405350	MNG	MNG	FFPE	0	-1	0	2	2	0
GSM2405351	MNG	MNG	FFPE	2	2	0	-1	0	0
GSM2405352	MNG	MNG	Frozen	1	1	-1	1	2	1
GSM2405353	MNG	MNG	Frozen	2	0	0	-1	0	2
GSM2405354	MNG	MNG	Frozen	0	-1	0	0	1	1
GSM2405355	MNG	MNG	FFPE	1	1	-1	2	0	1
GSM2405356	MNG	MNG	FFPE	2	1	1	-1	2	1
GSM2405357	MNG	MNG	FFPE	4	0	1	2	1	-1
GSM2405358	MNG	MNG	FFPE	3	2	2	0	-1	1
GSM2405359	MNG	MNG	FFPE	0	-1	1	0	1	0
GSM2405360	MNG	MNG	FFPE	1	1	-1	2	2	2
GSM2405361	MNG	MNG	FFPE	3	1	2	0	-1	2
GSM2405362	MNG	MNG	FFPE	4	0	2	2	1	-1
GSM2405363	MNG	MNG	FFPE	4	0	0	1	2	-1
GSM2405364	PIN T, PPT	PIN T	FFPE	0	-1	0	0	0	2
GSM2405365	PIN T, PPT	PIN T	FFPE	4	2	0	1	1	-1
GSM2405366	PTPR, B	PTPR	FFPE	0	-1	1	0	1	0
GSM2405367	PTPR, B	PTPR	FFPE	4	0	2	1	1	-1
GSM2405368	LGG, RGNT	LGG	FFPE	0	-1	0	0	2	2
GSM2405369	LGG, RGNT	LGG	FFPE	0	-1	1	0	1	0
GSM2405370	EWS	EWS	FFPE	0	-1	1	1	0	1
GSM2405371	MB, SHH INF	MB	FFPE	4	0	0	2	1	-1
GSM2405372	ATRT, TYR	ATRT	FFPE	4	1	0	2	2	-1
GSM2405373	GBM, RTK II	GBM	FFPE	4	1	1	1	1	-1
GSM2405374	PXA	PXA	FFPE	1	1	-1	2	1	0
GSM2405375	GBM, RTK I	GBM	FFPE	3	1	0	0	-1	2
GSM2405376	GBM, RTK II	GBM	FFPE	0	-1	0	1	1	1
GSM2405377	GBM, RTK II	GBM	FFPE	2	0	0	-1	0	2
GSM2405378	LGG, PA MID	LGG	Frozen	3	0	2	2	-1	2
GSM2405379	ANA PA	ANA PA	FFPE	3	2	2	1	-1	1
GSM2405380	GBM, RTK III	GBM	FFPE	1	0	-1	2	0	1
GSM2405381	A IDH, HG	A IDH	FFPE	3	1	0	1	-1	1
GSM2405382	ANA PA	ANA PA	FFPE	0	-1	0	2	1	1
GSM2405383	GBM, RTK II	GBM	FFPE	1	2	-1	1	0	2
GSM2405384	MB, G4	MB	FFPE	3	2	1	1	-1	1
GSM2405385	A IDH	A IDH	FFPE	1	0	-1	1	1	1
GSM2405386	A IDH	A IDH	FFPE	4	2	2	0	1	-1
GSM2405387	LGG, GG	LGG	FFPE	4	1	1	1	1	-1
GSM2405388	GBM, MES	GBM	FFPE	1	2	-1	1	2	2
GSM2405389	A IDH	A IDH	FFPE	2	0	2	-1	2	2
GSM2405390	CONTR, ADENOPIT	CONTR	FFPE	3	0	2	2	-1	0
GSM2405391	CONTR, PONS	CONTR	FFPE	3	1	1	0	-1	1
GSM2405392	CONTR, PONS	CONTR	FFPE	1	1	-1	0	2	2
GSM2405393	CONTR, WM	CONTR	FFPE	2	2	0	-1	2	2
GSM2405394	CONTR, PINEAL	CONTR	FFPE	1	1	-1	2	1	0
GSM2405395	CONTR, PINEAL	CONTR	FFPE	1	0	-1	0	2	2
GSM2405396	CONTR, PONS	CONTR	FFPE	2	0	0	-1	1	2
GSM2405397	CONTR, PONS	CONTR	FFPE	0	-1	0	1	2	0
GSM2405398	CONTR, WM	CONTR	FFPE	0	-1	0	0	1	1
GSM2405399	CONTR, PONS	CONTR	FFPE	3	0	2	2	-1	2
GSM2405400	CONTR, PONS	CONTR	FFPE	4	2	1	2	2	-1
GSM2405401	CONTR, PONS	CONTR	FFPE	4	1	2	2	0	-1
GSM2405402	CONTR, PONS	CONTR	FFPE	2	2	2	-1	1	1
GSM2405403	CONTR, PONS	CONTR	FFPE	0	-1	0	1	2	0
GSM2405404	CONTR, PINEAL	CONTR	FFPE	0	-1	0	1	1	2
GSM2405405	CONTR, PONS	CONTR	FFPE	0	-1	1	1	0	1
GSM2405406	CONTR, PONS	CONTR	FFPE	1	0	-1	0	0	2
GSM2405407	CONTR, PONS	CONTR	FFPE	1	2	-1	2	1	0
GSM2405408	CONTR, ADENOPIT	CONTR	FFPE	0	-1	1	1	0	1
GSM2405409	CNS NB, FOXR2	CNS NB	FFPE	4	2	2	2	1	-1
GSM2405410	PIN T, PB A	PIN T	FFPE	3	0	1	0	-1	0
GSM2405411	PIN T, PB B	PIN T	FFPE	0	-1	2	1	0	0
GSM2405412	CNS NB, FOXR2	CNS NB	FFPE	0	-1	1	0	1	0
GSM2405413	CNS NB, FOXR2	CNS NB	FFPE	3	0	1	1	-1	0
GSM2405414	HGNET, BCOR	HGNET	FFPE	3	0	2	2	-1	0
GSM2405415	CNS NB, FOXR2	CNS NB	FFPE	4	1	0	1	2	-1
GSM2405416	CNS NB, FOXR2	CNS NB	FFPE	2	1	2	-1	1	1
GSM2405417	PIN T, PB B	PIN T	FFPE	2	0	1	-1	1	2
GSM2405418	CNS NB, FOXR2	CNS NB	FFPE	3	0	0	2	-1	2
GSM2405419	PIN T, PB B	PIN T	FFPE	0	-1	0	0	2	2
GSM2405420	PIN T, PB B	PIN T	FFPE	4	2	1	0	2	-1
GSM2405421	PIN T, PB B	PIN T	FFPE	2	0	0	-1	2	1
GSM2405422	PIN T, PB B	PIN T	FFPE	4	1	2	2	1	-1
GSM2405423	CNS NB, FOXR2	CNS NB	FFPE	0	-1	1	2	0	0
GSM2405424	PIN T, PB A	PIN T	FFPE	0	-1	2	1	2	2
GSM2405425	PIN T, PB B	PIN T	FFPE	3	2	1	0	-1	2
GSM2405426	LGG, PA MID	LGG	FFPE	1	0	-1	0	0	0
GSM2405427	GBM, RTK II	GBM	FFPE	4	1	0	0	2	-1
GSM2405428	GBM, MID	GBM	FFPE	0	-1	2	0	0	1
GSM2405429	PITAD, PRL	PITAD	FFPE	0	-1	0	0	2	1
GSM2405430	PITUI	PITUI	FFPE	1	0	-1	2	0	2
GSM2405431	PITUI	PITUI	FFPE	2	0	0	-1	1	0
GSM2405432	PITUI	PITUI	FFPE	0	-1	1	1	1	2
GSM2405433	GBM, RTK I	GBM	FFPE	3	2	2	1	-1	2
GSM2405434	LGG, RGNT	LGG	FFPE	4	2	2	2	0	-1
GSM2405435	IHG	IHG	Frozen	2	0	2	-1	1	0
GSM2405436	A IDH, HG	A IDH	FFPE	1	2	-1	0	1	1
GSM2405437	GBM, RTK I	GBM	FFPE	1	0	-1	2	1	2
GSM2405438	ATRT, SHH	ATRT	FFPE	4	0	2	0	2	-1
GSM2405439	GBM, MES	GBM	FFPE	0	-1	0	1	0	2
GSM2405440	CHGL	CHGL	FFPE	4	1	2	1	1	-1
GSM2405441	CHGL	CHGL	FFPE	4	1	1	2	0	-1
GSM2405442	CHGL	CHGL	FFPE	3	0	0	0	-1	2
GSM2405443	GBM, RTK II	GBM	FFPE	1	1	-1	1	1	0
GSM2405444	GBM, RTK I	GBM	FFPE	2	0	0	-1	1	1
GSM2405445	GBM, RTK II	GBM	FFPE	0	-1	1	2	2	0
GSM2405446	GBM, RTK II	GBM	FFPE	3	1	1	2	-1	0
GSM2405447	A IDH, HG	A IDH	FFPE	4	0	0	0	0	-1
GSM2405448	ATRT, TYR	ATRT	FFPE	2	0	2	-1	2	0
GSM2405449	ATRT, MYC	ATRT	FFPE	3	1	0	2	-1	0
GSM2405450	ATRT, MYC	ATRT	FFPE	3	1	2	1	-1	2
GSM2405451	ANA PA	ANA PA	FFPE	3	0	0	0	-1	2
GSM2405452	A IDH, HG	A IDH	FFPE	0	-1	2	1	1	2
GSM2405453	GBM, MID	GBM	FFPE	2	1	1	-1	1	1
GSM2405454	LGG, DNT	LGG	FFPE	2	0	0	-1	0	2
GSM2405455	LGG, DNT	LGG	FFPE	0	-1	0	2	2	0
GSM2405456	LGG, MYB	LGG	FFPE	1	0	-1	1	0	1
GSM2405457	GBM, MES	GBM	FFPE	0	-1	0	2	1	1
GSM2405458	ANA PA	ANA PA	FFPE	2	2	1	-1	1	1
GSM2405459	LGG, PA PF	LGG	FFPE	3	0	2	1	-1	0
GSM2405460	LGG, PA PF	LGG	FFPE	4	2	1	0	1	-1
GSM2405461	LGG, DNT	LGG	FFPE	2	1	1	-1	2	0
GSM2405462	LGG, DNT	LGG	FFPE	2	2	0	-1	0	0
GSM2405463	GBM, RTK II	GBM	FFPE	4	2	1	2	0	-1
GSM2405464	PIN T, PB B	PIN T	FFPE	2	0	0	-1	1	1
GSM2405465	GBM, RTK II	GBM	FFPE	1	1	-1	2	2	1
GSM2405466	GBM, RTK II	GBM	FFPE	1	0	-1	1	2	2
GSM2405467	GBM, MES	GBM	FFPE	3	2	1	1	-1	2
GSM2405468	LGG, MYB	LGG	FFPE	0	-1	0	0	1	2
GSM2405469	LGG, DNT	LGG	FFPE	4	0	1	2	2	-1
GSM2405470	GBM, MES	GBM	Frozen	0	-1	0	0	2	1
GSM2405471	PITUI	PITUI	FFPE	2	0	1	-1	2	0
GSM2405472	GBM, RTK I	GBM	FFPE	1	2	-1	0	0	1
GSM2405473	GBM, RTK II	GBM	FFPE	0	-1	1	1	2	1
GSM2405474	A IDH, HG	A IDH	FFPE	2	2	1	-1	2	1
GSM2405475	PITUI	PITUI	FFPE	1	1	-1	2	1	1
GSM2405476	LGG, MYB	LGG	FFPE	4	1	2	0	2	-1
GSM2405477	GBM, RTK II	GBM	FFPE	2	0	2	-1	2	1
GSM2405478	GBM, MES	GBM	FFPE	1	1	-1	2	2	1
GSM2405479	CONTR, REACT	CONTR	FFPE	1	2	-1	1	1	0
GSM2405480	PXA	PXA	FFPE	4	2	0	1	1	-1
GSM2405481	PXA	PXA	FFPE	2	0	1	-1	1	2
GSM2405482	PXA	PXA	FFPE	4	0	1	0	0	-1
GSM2405483	PXA	PXA	FFPE	2	0	2	-1	1	1
GSM2405484	PXA	PXA	FFPE	3	2	1	2	-1	1
GSM2405485	PXA	PXA	FFPE	4	1	0	2	1	-1
GSM2405486	PXA	PXA	FFPE	3	1	0	0	-1	2
GSM2405487	HGNET, MN1	HGNET	FFPE	4	2	1	0	2	-1
GSM2405488	HGNET, MN1	HGNET	FFPE	1	0	-1	0	0	2
GSM2405489	GBM, RTK II	GBM	FFPE	3	2	1	2	-1	1
GSM2405490	GBM, MES	GBM	FFPE	0	-1	1	0	1	0
GSM2405491	LGG, PA/GG ST	LGG	FFPE	2	1	1	-1	1	0
GSM2405492	CHGL	CHGL	FFPE	2	2	0	-1	0	2
GSM2405493	PITUI	PITUI	FFPE	3	0	0	2	-1	0
GSM2405494	PITUI	PITUI	FFPE	1	1	-1	0	0	0
GSM2405495	PITUI	PITUI	FFPE	4	2	1	1	1	-1
GSM2405496	PITUI	PITUI	FFPE	4	1	2	2	2	-1
GSM2405497	A IDH, HG	A IDH	FFPE	1	1	-1	1	1	2
GSM2405498	GBM, RTK I	GBM	FFPE	0	-1	0	1	2	1
GSM2405499	GBM, RTK II	GBM	FFPE	4	2	0	1	2	-1
GSM2405500	GBM, MES	GBM	Frozen	4	1	2	1	2	-1
GSM2405501	DLGNT	DLGNT	FFPE	1	2	-1	1	1	0
GSM2405502	O IDH	O IDH	FFPE	4	0	2	1	1	-1
GSM2405503	GBM, RTK II	GBM	FFPE	3	2	1	0	-1	0
GSM2405504	HGNET, MN1	HGNET	FFPE	3	2	0	2	-1	0
GSM2405505	GBM, MYCN	GBM	Frozen	2	1	2	-1	0	0
GSM2405506	A IDH	A IDH	FFPE	3	1	0	2	-1	2
GSM2405507	LGG, PA MID	LGG	FFPE	3	1	2	2	-1	2
GSM2405508	A IDH, HG	A IDH	FFPE	1	2	-1	0	0	0
GSM2405509	A IDH, HG	A IDH	FFPE	1	0	-1	0	0	2
GSM2405510	A IDH, HG	A IDH	FFPE	1	1	-1	1	1	0
GSM2405511	A IDH	A IDH	FFPE	1	2	-1	0	2	1
GSM2405512	CONTR, REACT	CONTR	FFPE	3	0	2	2	-1	2
GSM2405513	CHGL	CHGL	FFPE	2	2	2	-1	1	1
GSM2405514	A IDH	A IDH	FFPE	3	2	2	2	-1	0
GSM2405515	O IDH	O IDH	FFPE	1	0	-1	2	2	2
GSM2405516	LGG, PA PF	LGG	FFPE	0	-1	1	1	2	1
GSM2405517	A IDH, HG	A IDH	FFPE	2	2	1	-1	0	0
GSM2405518	A IDH, HG	A IDH	FFPE	2	0	1	-1	1	2
GSM2405519	A IDH	A IDH	FFPE	3	0	1	1	-1	1
GSM2405520	ATRT, TYR	ATRT	FFPE	2	0	1	-1	1	2
GSM2405521	ATRT, SHH	ATRT	FFPE	2	2	0	-1	0	1
GSM2405522	ATRT, TYR	ATRT	FFPE	3	1	0	0	-1	2
GSM2405523	CNS NB, FOXR2	CNS NB	FFPE	1	1	-1	2	2	0
GSM2405524	CNS NB, FOXR2	CNS NB	FFPE	0	-1	0	1	2	2
GSM2405525	CNS NB, FOXR2	CNS NB	FFPE	2	1	0	-1	2	0
GSM2405526	PITUI	PITUI	FFPE	1	1	-1	0	0	1
GSM2405527	PITUI	PITUI	FFPE	4	1	1	0	1	-1
GSM2405528	LGG, DNT	LGG	FFPE	1	0	-1	0	2	1
GSM2405529	LGG, DNT	LGG	FFPE	4	2	1	2	0	-1
GSM2405530	LGG, GG	LGG	FFPE	1	1	-1	0	0	0
GSM2405531	LGG, MYB	LGG	FFPE	1	2	-1	2	1	1
GSM2405532	LGG, GG	LGG	FFPE	0	-1	2	0	1	1
GSM2405533	LGG, DNT	LGG	FFPE	4	2	1	2	1	-1
GSM2405534	PTPR, A	PTPR	FFPE	0	-1	2	0	1	0
GSM2405535	CNS NB, FOXR2	CNS NB	FFPE	2	1	0	-1	1	1
GSM2405536	HGNET, BCOR	HGNET	FFPE	2	2	0	-1	2	1
GSM2405537	HGNET, MN1	HGNET	FFPE	1	2	-1	2	0	2
GSM2405538	EFT, CIC	EFT	FFPE	1	0	-1	0	1	0
GSM2405539	DLGNT	DLGNT	FFPE	4	1	1	0	0	-1
GSM2405540	DLGNT	DLGNT	FFPE	3	1	2	0	-1	1
GSM2405541	LGG, GG	LGG	FFPE	0	-1	1	1	2	0
GSM2405542	LGG, DNT	LGG	FFPE	4	1	1	2	0	-1
GSM2405543	LGG, DNT	LGG	FFPE	0	-1	1	1	1	0
GSM2405544	GBM, MYCN	GBM	FFPE	3	2	0	0	-1	2
GSM2405545	PITAD, STH SPA	PITAD	FFPE	2	2	1	-1	0	2
GSM2405546	PITUI	PITUI	FFPE	3	2	2	0	-1	2
GSM2405547	DLGNT	DLGNT	FFPE	2	0	1	-1	1	2
GSM2405548	DLGNT	DLGNT	FFPE	3	0	1	1	-1	0
GSM2405549	PITAD, ACTH	PITAD	FFPE	1	2	-1	0	1	2
GSM2405550	PITAD, ACTH	PITAD	FFPE	4	0	2	1	0	-1
GSM2405551	PITAD, ACTH	PITAD	FFPE	2	1	2	-1	1	2
GSM2405552	PITAD, ACTH	PITAD	FFPE	1	0	-1	0	2	0
GSM2405553	PITAD, ACTH	PITAD	FFPE	1	2	-1	2	1	0
GSM2405554	PITAD, ACTH	PITAD	FFPE	0	-1	1	2	1	1
GSM2405555	PITAD, ACTH	PITAD	FFPE	3	0	0	1	-1	1
GSM2405556	PITAD, ACTH	PITAD	FFPE	3	1	2	0	-1	2
GSM2405557	PITAD, ACTH	PITAD	FFPE	3	1	1	1	-1	2
GSM2405558	PITUI	PITUI	FFPE	4	2	1	2	0	-1
GSM2405559	GBM, RTK II	GBM	Frozen	2	0	0	-1	2	0
GSM2405560	GBM, RTK II	GBM	Frozen	4	0	0	1	2	-1
GSM2405561	GBM, MES	GBM	FFPE	0	-1	2	2	1	2
GSM2405562	PITUI	PITUI	FFPE	3	2	2	0	-1	2
GSM2405563	PITUI	PITUI	FFPE	3	2	2	2	-1	1
GSM2405564	PITUI	PITUI	FFPE	2	1	0	-1	0	2
GSM2405565	PITUI	PITUI	FFPE	4	0	0	0	2	-1
GSM2405566	PITAD, ACTH	PITAD	FFPE	0	-1	2	0	2	0
GSM2405567	PITAD, ACTH	PITAD	FFPE	1	1	-1	1	0	2
GSM2405568	PITAD, ACTH	PITAD	FFPE	4	2	0	2	0	-1
GSM2405569	PITAD, STH DNS B	PITAD	FFPE	2	1	0	-1	1	2
GSM2405570	PITAD, STH DNS B	PITAD	FFPE	2	2	0	-1	2	1
GSM2405571	PITAD, STH DNS A	PITAD	FFPE	4	1	0	0	2	-1
GSM2405572	PITAD, STH DNS B	PITAD	FFPE	4	2	2	2	1	-1
GSM2405573	PITAD, STH DNS A	PITAD	FFPE	0	-1	1	2	0	1
GSM2405574	ANA PA	ANA PA	FFPE	3	0	1	0	-1	2
GSM2405575	ANA PA	ANA PA	FFPE	4	1	0	2	0	-1
GSM2405576	ANA PA	ANA PA	FFPE	0	-1	1	2	2	0
GSM2405577	PITUI	PITUI	FFPE	2	0	0	-1	2	2
GSM2405578	MB, G3	MB	FFPE	2	1	1	-1	2	0
GSM2405579	CHGL	CHGL	FFPE	1	1	-1	2	2	1
GSM2405580	GBM, G34	GBM	FFPE	2	1	1	-1	2	0
GSM2405581	GBM, G34	GBM	FFPE	0	-1	1	2	1	2
GSM2405582	GBM, G34	GBM	FFPE	1	1	-1	2	0	0
GSM2405583	GBM, G34	GBM	FFPE	3	0	0	2	-1	0
GSM2405584	GBM, G34	GBM	FFPE	4	0	1	2	0	-1
GSM2405585	PITAD, FSH LH	PITAD	FFPE	0	-1	1	0	2	1
GSM2405586	PITAD, FSH LH	PITAD	FFPE	3	0	1	1	-1	1
GSM2405587	PITAD, FSH LH	PITAD	FFPE	1	1	-1	1	0	2
GSM2405588	PITAD, FSH LH	PITAD	FFPE	4	2	2	2	2	-1
GSM2405589	PITAD, FSH LH	PITAD	FFPE	4	1	1	1	1	-1
GSM2405590	CNS NB, FOXR2	CNS NB	FFPE	1	0	-1	1	1	1
GSM2405591	DMG, K27	DMG	Frozen	4	2	1	0	2	-1
GSM2405592	LIPN	LIPN	FFPE	2	0	0	-1	0	1
GSM2405593	PIN T, PB B	PIN T	FFPE	3	1	2	1	-1	0
GSM2405594	PIN T, PB B	PIN T	FFPE	4	0	1	0	0	-1
GSM2405595	PIN T, PB B	PIN T	FFPE	1	2	-1	2	1	2
GSM2405596	PIN T, PB B	PIN T	FFPE	0	-1	0	2	2	1
GSM2405597	PIN T, PB A	PIN T	FFPE	2	0	2	-1	1	2
GSM2405598	PIN T, PB B	PIN T	FFPE	0	-1	2	0	2	1
GSM2405599	PIN T, PPT	PIN T	FFPE	4	1	2	0	2	-1
GSM2405600	PIN T, PB B	PIN T	FFPE	4	0	2	1	0	-1
GSM2405601	PIN T, PB B	PIN T	FFPE	0	-1	1	1	0	0
GSM2405602	LGG, DIG/DIA	LGG	FFPE	3	0	1	1	-1	1
GSM2405603	CONTR, CEBM	CONTR	FFPE	2	2	0	-1	1	1
GSM2405604	CONTR, HEMI	CONTR	FFPE	0	-1	1	1	0	2
GSM2405605	DLGNT	DLGNT	FFPE	0	-1	0	2	2	2
GSM2405606	CONTR, HYPTHAL	CONTR	FFPE	2	0	1	-1	2	0
GSM2405607	CONTR, HYPTHAL	CONTR	FFPE	0	-1	2	0	1	1
GSM2405608	CONTR, HYPTHAL	CONTR	FFPE	0	-1	2	1	0	0
GSM2405609	CONTR, HYPTHAL	CONTR	FFPE	2	0	0	-1	1	2
GSM2405610	CONTR, HYPTHAL	CONTR	FFPE	4	2	0	0	0	-1
GSM2405611	CONTR, HYPTHAL	CONTR	FFPE	3	2	2	2	-1	1
GSM2405612	CONTR, HYPTHAL	CONTR	FFPE	3	1	0	0	-1	2
GSM2405613	CONTR, HYPTHAL	CONTR	FFPE	1	1	-1	2	0	0
GSM2405614	CONTR, HYPTHAL	CONTR	FFPE	4	2	1	1	2	-1
GSM2405615	CHGL	CHGL	FFPE	2	0	2	-1	1	2
GSM2405616	LIPN	LIPN	FFPE	1	0	-1	1	0	2
GSM2405617	PITAD, TSH	PITAD	FFPE	1	0	-1	2	1	1
GSM2405618	PITAD, TSH	PITAD	FFPE	4	1	2	2	1	-1
GSM2405619	PITAD, TSH	PITAD	FFPE	0	-1	0	0	2	2
GSM2405620	PITAD, TSH	PITAD	FFPE	1	2	-1	1	1	1
GSM2405621	PITAD, TSH	PITAD	FFPE	2	1	1	-1	2	2
GSM2405622	PITAD, TSH	PITAD	FFPE	0	-1	1	2	0	2
GSM2405623	PITAD, TSH	PITAD	FFPE	2	0	2	-1	2	0
GSM2405624	PITAD, TSH	PITAD	FFPE	3	2	1	1	-1	1
GSM2405625	PITAD, TSH	PITAD	FFPE	4	0	2	1	0	-1
GSM2405626	PITAD, TSH	PITAD	FFPE	3	1	0	0	-1	0
GSM2405627	LYMPHO	LYMPHO	FFPE	1	1	-1	0	0	1
GSM2405628	LGG, DIG/DIA	LGG	Frozen	3	2	0	0	-1	0
GSM2405629	IHG	IHG	Frozen	0	-1	0	1	0	0
GSM2405630	IHG	IHG	Frozen	4	1	0	2	1	-1
GSM2405631	LGG, DIG/DIA	LGG	Frozen	2	1	2	-1	1	1
GSM2405632	MELAN	MELAN	FFPE	3	2	2	1	-1	0
GSM2405633	HGNET, MN1	HGNET	FFPE	4	1	1	2	2	-1
GSM2405634	HGNET, MN1	HGNET	FFPE	0	-1	0	2	2	1
GSM2405635	HGNET, MN1	HGNET	FFPE	3	1	2	1	-1	0
GSM2405636	HGNET, BCOR	HGNET	FFPE	3	2	0	1	-1	2
GSM2405637	LGG, RGNT	LGG	FFPE	1	0	-1	2	0	0
GSM2405638	CONTR, WM	CONTR	FFPE	4	0	2	0	1	-1
GSM2405639	CHGL	CHGL	FFPE	0	-1	1	1	0	0
GSM2405640	ETMR	ETMR	FFPE	0	-1	0	0	2	2
GSM2405641	LIPN	LIPN	FFPE	1	0	-1	0	0	1
GSM2405642	GBM, MYCN	GBM	FFPE	3	0	0	2	-1	0
GSM2405643	PIN T, PB B	PIN T	FFPE	1	2	-1	2	1	1
GSM2405644	ENB, A	ENB	FFPE	1	0	-1	0	2	0
GSM2405645	ENB, A	ENB	FFPE	2	2	2	-1	0	2
GSM2405646	ENB, A	ENB	FFPE	0	-1	2	1	1	2
GSM2405647	ENB, A	ENB	FFPE	2	1	1	-1	1	0
GSM2405648	ENB, A	ENB	FFPE	3	2	0	1	-1	0
GSM2405649	ENB, A	ENB	FFPE	0	-1	2	2	2	2
GSM2405650	ENB, A	ENB	FFPE	3	1	0	0	-1	2
GSM2405651	A IDH, HG	A IDH	Frozen	3	1	1	1	-1	0
GSM2405652	LGG, DIG/DIA	LGG	FFPE	0	-1	0	2	2	1
GSM2405653	PIN T, PB A	PIN T	FFPE	2	1	1	-1	1	0
GSM2405654	ANA PA	ANA PA	FFPE	1	2	-1	1	0	2
GSM2405655	ANA PA	ANA PA	FFPE	1	0	-1	2	0	0
GSM2405656	ANA PA	ANA PA	FFPE	4	2	0	0	0	-1
GSM2405657	ANA PA	ANA PA	FFPE	0	-1	2	1	0	0
