outer	inner	setting	epoch	level	accuracy	macro_f1	balanced_accuracy	log_loss	dropout	lr	masked
0	0	s000	10	1.00000	0.92818	0.90165	0.91636	0.22196	0.20000	0.00100	False
0	0	s000	10	0.10000	0.92412	0.89022	0.90196	3.03808	0.20000	0.00100	False
0	0	s000	10	0.01000	0.59756	0.47667	0.53842	4.35515	0.20000	0.00100	False
0	0	s000	10	0.00100	0.08130	0.01712	0.04223	4.49314	0.20000	0.00100	False
0	0	s000	20	1.00000	0.95528	0.94198	0.94262	0.13809	0.20000	0.00100	False
0	0	s000	20	0.10000	0.94851	0.93719	0.94044	2.77041	0.20000	0.00100	False
0	0	s000	20	0.01000	0.67344	0.59525	0.62254	4.32543	0.20000	0.00100	False
0	0	s000	20	0.00100	0.06911	0.01423	0.03975	4.49050	0.20000	0.00100	False
0	0	s000	30	1.00000	0.96070	0.94176	0.94116	0.11581	0.20000	0.00100	False
0	0	s000	30	0.10000	0.95257	0.93937	0.93913	2.54126	0.20000	0.00100	False
0	0	s000	30	0.01000	0.73713	0.68137	0.69917	4.29847	0.20000	0.00100	False
0	0	s000	30	0.00100	0.07859	0.02054	0.04312	4.48813	0.20000	0.00100	False
0	0	s000	40	1.00000	0.97425	0.96087	0.95914	0.09745	0.20000	0.00100	False
0	0	s000	40	0.10000	0.96070	0.94403	0.94490	2.40999	0.20000	0.00100	False
0	0	s000	40	0.01000	0.77100	0.72834	0.74131	4.28394	0.20000	0.00100	False
0	0	s000	40	0.00100	0.07724	0.02510	0.04761	4.48668	0.20000	0.00100	False
0	0	s000	50	1.00000	0.97019	0.95817	0.95666	0.09836	0.20000	0.00100	False
0	0	s000	50	0.10000	0.96477	0.94494	0.94672	2.34839	0.20000	0.00100	False
0	0	s000	50	0.01000	0.75881	0.70297	0.71616	4.27791	0.20000	0.00100	False
0	0	s000	50	0.00100	0.07588	0.02241	0.04541	4.48625	0.20000	0.00100	False
0	0	s000	60	1.00000	0.97154	0.95668	0.95547	0.09821	0.20000	0.00100	False
0	0	s000	60	0.10000	0.96341	0.94605	0.94797	2.33760	0.20000	0.00100	False
0	0	s000	60	0.01000	0.77371	0.72008	0.73787	4.27649	0.20000	0.00100	False
0	0	s000	60	0.00100	0.07453	0.02484	0.04681	4.48619	0.20000	0.00100	False
0	0	s001	10	1.00000	0.73171	0.59577	0.64969	1.75527	0.20000	0.00100	True
0	0	s001	10	0.10000	0.71545	0.57198	0.62311	1.52052	0.20000	0.00100	True
0	0	s001	10	0.01000	0.63144	0.49773	0.53057	3.84440	0.20000	0.00100	True
0	0	s001	10	0.00100	0.20867	0.10546	0.14673	4.38291	0.20000	0.00100	True
0	0	s001	20	1.00000	0.83333	0.79583	0.82372	1.85144	0.20000	0.00100	True
0	0	s001	20	0.10000	0.83333	0.79326	0.81524	0.64238	0.20000	0.00100	True
0	0	s001	20	0.01000	0.75881	0.70323	0.72526	2.80268	0.20000	0.00100	True
0	0	s001	20	0.00100	0.22764	0.13839	0.17066	4.04814	0.20000	0.00100	True
0	0	s001	30	1.00000	0.86585	0.84279	0.85661	1.21825	0.20000	0.00100	True
0	0	s001	30	0.10000	0.86585	0.83338	0.84346	0.39939	0.20000	0.00100	True
0	0	s001	30	0.01000	0.78997	0.70527	0.72728	2.09502	0.20000	0.00100	True
0	0	s001	30	0.00100	0.26287	0.15901	0.20299	3.74845	0.20000	0.00100	True
0	0	s001	40	1.00000	0.94444	0.92959	0.92695	0.83143	0.20000	0.00100	True
0	0	s001	40	0.10000	0.94309	0.92462	0.92686	0.26544	0.20000	0.00100	True
0	0	s001	40	0.01000	0.87940	0.84098	0.84588	1.55672	0.20000	0.00100	True
0	0	s001	40	0.00100	0.24390	0.15279	0.18316	3.45638	0.20000	0.00100	True
0	0	s001	50	1.00000	0.86721	0.83076	0.84569	1.89176	0.20000	0.00100	True
0	0	s001	50	0.10000	0.85230	0.80727	0.82331	0.39999	0.20000	0.00100	True
0	0	s001	50	0.01000	0.80894	0.74055	0.76751	1.30309	0.20000	0.00100	True
0	0	s001	50	0.00100	0.27642	0.16441	0.21276	3.23561	0.20000	0.00100	True
0	0	s001	60	1.00000	0.93767	0.91601	0.91884	0.72798	0.20000	0.00100	True
0	0	s001	60	0.10000	0.92818	0.90904	0.91412	0.22026	0.20000	0.00100	True
0	0	s001	60	0.01000	0.86314	0.83782	0.85139	1.01438	0.20000	0.00100	True
0	0	s001	60	0.00100	0.29675	0.19534	0.23179	3.05121	0.20000	0.00100	True
0	0	s001	70	1.00000	0.94173	0.91717	0.92174	0.98474	0.20000	0.00100	True
0	0	s001	70	0.10000	0.94173	0.91346	0.91634	0.24302	0.20000	0.00100	True
0	0	s001	70	0.01000	0.87398	0.84037	0.85298	0.85959	0.20000	0.00100	True
0	0	s001	70	0.00100	0.30623	0.21156	0.23866	2.90260	0.20000	0.00100	True
0	0	s001	80	1.00000	0.94444	0.94361	0.94035	0.93202	0.20000	0.00100	True
0	0	s001	80	0.10000	0.94580	0.93752	0.93427	0.20265	0.20000	0.00100	True
0	0	s001	80	0.01000	0.87669	0.85630	0.86102	0.71027	0.20000	0.00100	True
0	0	s001	80	0.00100	0.34824	0.24113	0.27803	2.73729	0.20000	0.00100	True
0	0	s001	90	1.00000	0.95664	0.95072	0.94379	0.79848	0.20000	0.00100	True
0	0	s001	90	0.10000	0.95393	0.94004	0.93545	0.20313	0.20000	0.00100	True
0	0	s001	90	0.01000	0.89295	0.87341	0.87813	0.66904	0.20000	0.00100	True
0	0	s001	90	0.00100	0.36043	0.25799	0.29710	2.65300	0.20000	0.00100	True
0	0	s001	100	1.00000	0.96206	0.95294	0.95352	0.69016	0.20000	0.00100	True
0	0	s001	100	0.10000	0.95935	0.95225	0.95132	0.17373	0.20000	0.00100	True
0	0	s001	100	0.01000	0.89973	0.88102	0.88428	0.58549	0.20000	0.00100	True
0	0	s001	100	0.00100	0.37263	0.25939	0.28845	2.58146	0.20000	0.00100	True
0	0	s001	110	1.00000	0.96477	0.96223	0.96085	0.57388	0.20000	0.00100	True
0	0	s001	110	0.10000	0.96070	0.95832	0.95516	0.17057	0.20000	0.00100	True
0	0	s001	110	0.01000	0.91192	0.90501	0.90849	0.54956	0.20000	0.00100	True
0	0	s001	110	0.00100	0.40786	0.29171	0.33850	2.52115	0.20000	0.00100	True
0	0	s001	120	1.00000	0.96612	0.95883	0.95646	0.69375	0.20000	0.00100	True
0	0	s001	120	0.10000	0.96477	0.96243	0.95963	0.19015	0.20000	0.00100	True
0	0	s001	120	0.01000	0.91328	0.91054	0.90691	0.52053	0.20000	0.00100	True
0	0	s001	120	0.00100	0.39837	0.28513	0.33082	2.49137	0.20000	0.00100	True
0	0	s001	130	1.00000	0.95935	0.95215	0.94953	0.68097	0.20000	0.00100	True
0	0	s001	130	0.10000	0.95935	0.95332	0.95007	0.19319	0.20000	0.00100	True
0	0	s001	130	0.01000	0.90379	0.89792	0.90145	0.51353	0.20000	0.00100	True
0	0	s001	130	0.00100	0.39973	0.29669	0.33820	2.47619	0.20000	0.00100	True
0	0	s001	140	1.00000	0.95935	0.95282	0.94918	0.66953	0.20000	0.00100	True
0	0	s001	140	0.10000	0.96070	0.95788	0.95533	0.18637	0.20000	0.00100	True
0	0	s001	140	0.01000	0.91192	0.90896	0.90996	0.50775	0.20000	0.00100	True
0	0	s001	140	0.00100	0.40515	0.29684	0.33528	2.46727	0.20000	0.00100	True
0	0	s001	150	1.00000	0.96070	0.95473	0.95018	0.66786	0.20000	0.00100	True
0	0	s001	150	0.10000	0.96206	0.95850	0.95583	0.18595	0.20000	0.00100	True
0	0	s001	150	0.01000	0.91328	0.91107	0.90979	0.50709	0.20000	0.00100	True
0	0	s001	150	0.00100	0.40515	0.29748	0.33561	2.46561	0.20000	0.00100	True
0	0	s002	10	1.00000	0.93631	0.89556	0.90758	0.23171	0.20000	0.00030	False
0	0	s002	10	0.10000	0.93360	0.90100	0.91127	3.25914	0.20000	0.00030	False
0	0	s002	10	0.01000	0.56504	0.42634	0.47815	4.38126	0.20000	0.00030	False
0	0	s002	10	0.00100	0.07182	0.01978	0.03999	4.49629	0.20000	0.00030	False
0	0	s002	20	1.00000	0.96477	0.95230	0.94832	0.12374	0.20000	0.00030	False
0	0	s002	20	0.10000	0.96206	0.94541	0.93992	2.99812	0.20000	0.00030	False
0	0	s002	20	0.01000	0.66396	0.55108	0.58915	4.35587	0.20000	0.00030	False
0	0	s002	20	0.00100	0.07859	0.02252	0.04472	4.49459	0.20000	0.00030	False
0	0	s002	30	1.00000	0.96477	0.95926	0.95944	0.10039	0.20000	0.00030	False
0	0	s002	30	0.10000	0.96477	0.94699	0.95107	2.92376	0.20000	0.00030	False
0	0	s002	30	0.01000	0.69512	0.61398	0.64264	4.34749	0.20000	0.00030	False
0	0	s002	30	0.00100	0.08537	0.02671	0.04538	4.49398	0.20000	0.00030	False
0	0	s002	40	1.00000	0.96883	0.96191	0.96041	0.10097	0.20000	0.00030	False
0	0	s002	40	0.10000	0.96883	0.95709	0.95819	2.84322	0.20000	0.00030	False
0	0	s002	40	0.01000	0.72222	0.64275	0.66088	4.34028	0.20000	0.00030	False
0	0	s002	40	0.00100	0.08130	0.02528	0.04495	4.49356	0.20000	0.00030	False
0	0	s002	50	1.00000	0.97154	0.96329	0.96196	0.09242	0.20000	0.00030	False
0	0	s002	50	0.10000	0.97290	0.96656	0.96518	2.83382	0.20000	0.00030	False
0	0	s002	50	0.01000	0.73306	0.65537	0.67574	4.33963	0.20000	0.00030	False
0	0	s002	50	0.00100	0.08266	0.02531	0.04459	4.49354	0.20000	0.00030	False
0	0	s002	60	1.00000	0.97154	0.96329	0.96196	0.09220	0.20000	0.00030	False
0	0	s002	60	0.10000	0.97425	0.96705	0.96547	2.82583	0.20000	0.00030	False
0	0	s002	60	0.01000	0.73442	0.65785	0.67884	4.33901	0.20000	0.00030	False
0	0	s002	60	0.00100	0.08130	0.02503	0.04406	4.49352	0.20000	0.00030	False
0	0	s003	10	1.00000	0.73035	0.61329	0.64575	1.31070	0.20000	0.00030	True
0	0	s003	10	0.10000	0.72764	0.61091	0.64520	2.15626	0.20000	0.00030	True
0	0	s003	10	0.01000	0.63415	0.47002	0.51838	4.19067	0.20000	0.00030	True
0	0	s003	10	0.00100	0.18022	0.05913	0.11862	4.47212	0.20000	0.00030	True
0	0	s003	20	1.00000	0.80352	0.70282	0.74310	1.34376	0.20000	0.00030	True
0	0	s003	20	0.10000	0.79810	0.69887	0.74038	0.94282	0.20000	0.00030	True
0	0	s003	20	0.01000	0.72087	0.61311	0.64950	3.72430	0.20000	0.00030	True
0	0	s003	20	0.00100	0.24119	0.10884	0.15340	4.40541	0.20000	0.00030	True
0	0	s003	30	1.00000	0.89566	0.87451	0.89270	1.01331	0.20000	0.00030	True
0	0	s003	30	0.10000	0.88482	0.85793	0.87434	0.47920	0.20000	0.00030	True
0	0	s003	30	0.01000	0.83469	0.79058	0.80174	3.30131	0.20000	0.00030	True
0	0	s003	30	0.00100	0.31165	0.20014	0.23924	4.33063	0.20000	0.00030	True
0	0	s003	40	1.00000	0.91599	0.89772	0.90318	0.68181	0.20000	0.00030	True
0	0	s003	40	0.10000	0.92141	0.89617	0.90415	0.30386	0.20000	0.00030	True
0	0	s003	40	0.01000	0.87805	0.84654	0.85342	2.85062	0.20000	0.00030	True
0	0	s003	40	0.00100	0.34824	0.23561	0.28842	4.24851	0.20000	0.00030	True
0	0	s003	50	1.00000	0.93631	0.89418	0.90366	0.83783	0.20000	0.00030	True
0	0	s003	50	0.10000	0.93496	0.89621	0.90440	0.24731	0.20000	0.00030	True
0	0	s003	50	0.01000	0.88076	0.84089	0.84813	2.47741	0.20000	0.00030	True
0	0	s003	50	0.00100	0.36179	0.24202	0.27337	4.17053	0.20000	0.00030	True
0	0	s003	60	1.00000	0.92141	0.91346	0.91817	1.27646	0.20000	0.00030	True
0	0	s003	60	0.10000	0.92412	0.91409	0.92137	0.28048	0.20000	0.00030	True
0	0	s003	60	0.01000	0.88211	0.87142	0.87435	2.25744	0.20000	0.00030	True
0	0	s003	60	0.00100	0.36992	0.24936	0.28271	4.10705	0.20000	0.00030	True
0	0	s003	70	1.00000	0.92954	0.92234	0.92591	0.92015	0.20000	0.00030	True
0	0	s003	70	0.10000	0.92954	0.92683	0.92900	0.19223	0.20000	0.00030	True
0	0	s003	70	0.01000	0.88753	0.87688	0.87264	1.93779	0.20000	0.00030	True
0	0	s003	70	0.00100	0.38482	0.26386	0.29240	4.01973	0.20000	0.00030	True
0	0	s003	80	1.00000	0.95799	0.95086	0.94843	0.68168	0.20000	0.00030	True
0	0	s003	80	0.10000	0.95528	0.95207	0.94960	0.16060	0.20000	0.00030	True
0	0	s003	80	0.01000	0.91328	0.91263	0.91077	1.67456	0.20000	0.00030	True
0	0	s003	80	0.00100	0.34282	0.22816	0.26517	3.94978	0.20000	0.00030	True
0	0	s003	90	1.00000	0.94986	0.94303	0.94416	0.78676	0.20000	0.00030	True
0	0	s003	90	0.10000	0.94444	0.93974	0.93923	0.16955	0.20000	0.00030	True
0	0	s003	90	0.01000	0.91463	0.90050	0.90006	1.56281	0.20000	0.00030	True
0	0	s003	90	0.00100	0.38076	0.27391	0.30861	3.89767	0.20000	0.00030	True
0	0	s003	100	1.00000	0.95122	0.93984	0.93503	0.83523	0.20000	0.00030	True
0	0	s003	100	0.10000	0.94986	0.93749	0.93203	0.16488	0.20000	0.00030	True
0	0	s003	100	0.01000	0.90515	0.88093	0.88070	1.38664	0.20000	0.00030	True
0	0	s003	100	0.00100	0.38076	0.26095	0.29298	3.84203	0.20000	0.00030	True
0	0	s003	110	1.00000	0.95935	0.94204	0.94003	0.75886	0.20000	0.00030	True
0	0	s003	110	0.10000	0.95528	0.93976	0.93922	0.15903	0.20000	0.00030	True
0	0	s003	110	0.01000	0.91328	0.90124	0.90083	1.31104	0.20000	0.00030	True
0	0	s003	110	0.00100	0.37398	0.25543	0.28688	3.81014	0.20000	0.00030	True
0	0	s003	120	1.00000	0.95257	0.94319	0.94161	0.74252	0.20000	0.00030	True
0	0	s003	120	0.10000	0.95122	0.93826	0.93277	0.15360	0.20000	0.00030	True
0	0	s003	120	0.01000	0.91599	0.90501	0.90559	1.26905	0.20000	0.00030	True
0	0	s003	120	0.00100	0.40786	0.29851	0.32003	3.78999	0.20000	0.00030	True
0	0	s003	130	1.00000	0.96070	0.94935	0.94985	0.70251	0.20000	0.00030	True
0	0	s003	130	0.10000	0.95664	0.94285	0.94090	0.14417	0.20000	0.00030	True
0	0	s003	130	0.01000	0.91734	0.90976	0.90740	1.24154	0.20000	0.00030	True
0	0	s003	130	0.00100	0.39160	0.27355	0.30098	3.77743	0.20000	0.00030	True
0	0	s003	140	1.00000	0.95935	0.94752	0.94710	0.69470	0.20000	0.00030	True
0	0	s003	140	0.10000	0.95528	0.94408	0.94179	0.14612	0.20000	0.00030	True
0	0	s003	140	0.01000	0.92141	0.91574	0.91355	1.22989	0.20000	0.00030	True
0	0	s003	140	0.00100	0.39566	0.28254	0.30924	3.77270	0.20000	0.00030	True
0	0	s003	150	1.00000	0.95935	0.94752	0.94710	0.68661	0.20000	0.00030	True
0	0	s003	150	0.10000	0.95393	0.94020	0.93630	0.14568	0.20000	0.00030	True
0	0	s003	150	0.01000	0.92141	0.91574	0.91355	1.22784	0.20000	0.00030	True
0	0	s003	150	0.00100	0.39566	0.28095	0.30796	3.77214	0.20000	0.00030	True
0	1	s000	10	1.00000	0.92954	0.92367	0.93373	0.20037	0.20000	0.00100	False
0	1	s000	10	0.10000	0.92683	0.91938	0.92747	2.95100	0.20000	0.00100	False
0	1	s000	10	0.01000	0.63008	0.54678	0.58653	4.35219	0.20000	0.00100	False
0	1	s000	10	0.00100	0.03252	0.01432	0.03595	4.49561	0.20000	0.00100	False
0	1	s000	20	1.00000	0.95935	0.94938	0.95704	0.12259	0.20000	0.00100	False
0	1	s000	20	0.10000	0.96206	0.95711	0.96517	2.57032	0.20000	0.00100	False
0	1	s000	20	0.01000	0.77371	0.70350	0.72670	4.31078	0.20000	0.00100	False
0	1	s000	20	0.00100	0.03659	0.01196	0.03573	4.49169	0.20000	0.00100	False
0	1	s000	30	1.00000	0.96477	0.96326	0.96419	0.11325	0.20000	0.00100	False
0	1	s000	30	0.10000	0.96748	0.96685	0.96877	2.42120	0.20000	0.00100	False
0	1	s000	30	0.01000	0.80081	0.74371	0.76032	4.29441	0.20000	0.00100	False
0	1	s000	30	0.00100	0.03794	0.01719	0.03512	4.48987	0.20000	0.00100	False
0	1	s000	40	1.00000	0.97561	0.97007	0.96977	0.10388	0.20000	0.00100	False
0	1	s000	40	0.10000	0.97019	0.96434	0.96498	2.36250	0.20000	0.00100	False
0	1	s000	40	0.01000	0.82656	0.77186	0.79364	4.28842	0.20000	0.00100	False
0	1	s000	40	0.00100	0.05149	0.02916	0.04195	4.48975	0.20000	0.00100	False
0	1	s000	50	1.00000	0.97832	0.97326	0.97662	0.08552	0.20000	0.00100	False
0	1	s000	50	0.10000	0.97154	0.96928	0.97396	2.27929	0.20000	0.00100	False
0	1	s000	50	0.01000	0.83062	0.79038	0.81021	4.28028	0.20000	0.00100	False
0	1	s000	50	0.00100	0.05420	0.03081	0.04358	4.48921	0.20000	0.00100	False
0	1	s000	60	1.00000	0.97967	0.97492	0.97715	0.08421	0.20000	0.00100	False
0	1	s000	60	0.10000	0.97154	0.96928	0.97396	2.26340	0.20000	0.00100	False
0	1	s000	60	0.01000	0.83740	0.79742	0.81350	4.27869	0.20000	0.00100	False
0	1	s000	60	0.00100	0.05556	0.03135	0.04411	4.48910	0.20000	0.00100	False
0	1	s001	10	1.00000	0.65176	0.55568	0.62218	2.20148	0.20000	0.00100	True
0	1	s001	10	0.10000	0.65176	0.56350	0.62697	1.53341	0.20000	0.00100	True
0	1	s001	10	0.01000	0.64634	0.50751	0.56382	3.82577	0.20000	0.00100	True
0	1	s001	10	0.00100	0.28455	0.14983	0.17752	4.37851	0.20000	0.00100	True
0	1	s001	20	1.00000	0.80081	0.72001	0.76602	2.06478	0.20000	0.00100	True
0	1	s001	20	0.10000	0.78862	0.72304	0.76209	0.72003	0.20000	0.00100	True
0	1	s001	20	0.01000	0.74797	0.68326	0.71785	2.82533	0.20000	0.00100	True
0	1	s001	20	0.00100	0.27913	0.15796	0.19926	4.09308	0.20000	0.00100	True
0	1	s001	30	1.00000	0.80217	0.75726	0.79007	2.31131	0.20000	0.00100	True
0	1	s001	30	0.10000	0.78862	0.74771	0.77950	0.54242	0.20000	0.00100	True
0	1	s001	30	0.01000	0.73035	0.65588	0.68575	1.99241	0.20000	0.00100	True
0	1	s001	30	0.00100	0.25745	0.14406	0.17802	3.71593	0.20000	0.00100	True
0	1	s001	40	1.00000	0.88482	0.87654	0.89359	1.68566	0.20000	0.00100	True
0	1	s001	40	0.10000	0.88076	0.87982	0.89813	0.37641	0.20000	0.00100	True
0	1	s001	40	0.01000	0.83062	0.79195	0.81397	1.48475	0.20000	0.00100	True
0	1	s001	40	0.00100	0.33198	0.21338	0.23194	3.40131	0.20000	0.00100	True
0	1	s001	50	1.00000	0.89024	0.88038	0.90154	1.94513	0.20000	0.00100	True
0	1	s001	50	0.10000	0.88076	0.84959	0.87586	0.47488	0.20000	0.00100	True
0	1	s001	50	0.01000	0.81843	0.79174	0.80852	1.13531	0.20000	0.00100	True
0	1	s001	50	0.00100	0.30488	0.18836	0.21563	3.17719	0.20000	0.00100	True
0	1	s001	60	1.00000	0.92683	0.89900	0.91330	1.24694	0.20000	0.00100	True
0	1	s001	60	0.10000	0.92683	0.89888	0.91164	0.28570	0.20000	0.00100	True
0	1	s001	60	0.01000	0.86179	0.81874	0.82866	0.97015	0.20000	0.00100	True
0	1	s001	60	0.00100	0.36043	0.24023	0.26313	2.93068	0.20000	0.00100	True
0	1	s001	70	1.00000	0.92818	0.89658	0.90985	1.57935	0.20000	0.00100	True
0	1	s001	70	0.10000	0.92141	0.88369	0.89896	0.37478	0.20000	0.00100	True
0	1	s001	70	0.01000	0.84282	0.78165	0.80795	0.76913	0.20000	0.00100	True
0	1	s001	70	0.00100	0.34011	0.25567	0.27470	2.79104	0.20000	0.00100	True
0	1	s001	80	1.00000	0.94309	0.93925	0.94602	1.32942	0.20000	0.00100	True
0	1	s001	80	0.10000	0.93225	0.91680	0.92668	0.30904	0.20000	0.00100	True
0	1	s001	80	0.01000	0.88753	0.85122	0.86281	0.66352	0.20000	0.00100	True
0	1	s001	80	0.00100	0.37805	0.24094	0.28216	2.67083	0.20000	0.00100	True
0	1	s001	90	1.00000	0.94444	0.94089	0.94731	1.18955	0.20000	0.00100	True
0	1	s001	90	0.10000	0.94038	0.93622	0.94327	0.26707	0.20000	0.00100	True
0	1	s001	90	0.01000	0.88482	0.84773	0.85752	0.58931	0.20000	0.00100	True
0	1	s001	90	0.00100	0.39702	0.31660	0.34557	2.55803	0.20000	0.00100	True
0	1	s001	100	1.00000	0.94309	0.94101	0.95173	1.32833	0.20000	0.00100	True
0	1	s001	100	0.10000	0.93360	0.93350	0.94320	0.30709	0.20000	0.00100	True
0	1	s001	100	0.01000	0.88753	0.86328	0.87810	0.55690	0.20000	0.00100	True
0	1	s001	100	0.00100	0.37940	0.25930	0.29791	2.51112	0.20000	0.00100	True
0	1	s001	110	1.00000	0.95528	0.94903	0.95751	1.03513	0.20000	0.00100	True
0	1	s001	110	0.10000	0.95664	0.95267	0.95794	0.24774	0.20000	0.00100	True
0	1	s001	110	0.01000	0.87805	0.85986	0.87290	0.49749	0.20000	0.00100	True
0	1	s001	110	0.00100	0.40515	0.32326	0.36017	2.47667	0.20000	0.00100	True
0	1	s001	120	1.00000	0.95935	0.95595	0.96244	0.97270	0.20000	0.00100	True
0	1	s001	120	0.10000	0.95664	0.95569	0.95936	0.22286	0.20000	0.00100	True
0	1	s001	120	0.01000	0.91057	0.89101	0.90011	0.46122	0.20000	0.00100	True
0	1	s001	120	0.00100	0.41192	0.30758	0.34995	2.43085	0.20000	0.00100	True
0	1	s001	130	1.00000	0.95935	0.95626	0.96226	0.94561	0.20000	0.00100	True
0	1	s001	130	0.10000	0.95799	0.95689	0.96134	0.21698	0.20000	0.00100	True
0	1	s001	130	0.01000	0.91192	0.89014	0.89676	0.45004	0.20000	0.00100	True
0	1	s001	130	0.00100	0.41599	0.31638	0.35554	2.41612	0.20000	0.00100	True
0	1	s001	140	1.00000	0.96070	0.95846	0.96507	0.97525	0.20000	0.00100	True
0	1	s001	140	0.10000	0.95935	0.96119	0.96551	0.21734	0.20000	0.00100	True
0	1	s001	140	0.01000	0.91057	0.88664	0.89853	0.44839	0.20000	0.00100	True
0	1	s001	140	0.00100	0.40786	0.30918	0.34710	2.41156	0.20000	0.00100	True
0	1	s001	150	1.00000	0.96070	0.95846	0.96507	0.96995	0.20000	0.00100	True
0	1	s001	150	0.10000	0.95935	0.96119	0.96551	0.21779	0.20000	0.00100	True
0	1	s001	150	0.01000	0.91057	0.88664	0.89853	0.44761	0.20000	0.00100	True
0	1	s001	150	0.00100	0.40515	0.30598	0.34481	2.41019	0.20000	0.00100	True
0	1	s002	10	1.00000	0.94444	0.91547	0.92444	0.22078	0.20000	0.00030	False
0	1	s002	10	0.10000	0.94038	0.91914	0.92548	3.27087	0.20000	0.00030	False
0	1	s002	10	0.01000	0.58266	0.45876	0.51487	4.38430	0.20000	0.00030	False
0	1	s002	10	0.00100	0.02846	0.01719	0.02437	4.49690	0.20000	0.00030	False
0	1	s002	20	1.00000	0.96341	0.95979	0.96066	0.10023	0.20000	0.00030	False
0	1	s002	20	0.10000	0.95935	0.95243	0.95332	3.01823	0.20000	0.00030	False
0	1	s002	20	0.01000	0.66396	0.56606	0.61420	4.36063	0.20000	0.00030	False
0	1	s002	20	0.00100	0.03659	0.02160	0.02825	4.49536	0.20000	0.00030	False
0	1	s002	30	1.00000	0.97154	0.97162	0.97316	0.07923	0.20000	0.00030	False
0	1	s002	30	0.10000	0.97154	0.97282	0.97394	2.92979	0.20000	0.00030	False
0	1	s002	30	0.01000	0.74255	0.65448	0.69483	4.35174	0.20000	0.00030	False
0	1	s002	30	0.00100	0.04336	0.02265	0.03113	4.49489	0.20000	0.00030	False
0	1	s002	40	1.00000	0.97832	0.97600	0.97654	0.06792	0.20000	0.00030	False
0	1	s002	40	0.10000	0.97561	0.97382	0.97194	2.83448	0.20000	0.00030	False
0	1	s002	40	0.01000	0.74390	0.65103	0.68868	4.34284	0.20000	0.00030	False
0	1	s002	40	0.00100	0.05285	0.02788	0.03653	4.49439	0.20000	0.00030	False
0	1	s002	50	1.00000	0.98103	0.97829	0.97838	0.06724	0.20000	0.00030	False
0	1	s002	50	0.10000	0.97832	0.97514	0.97422	2.82857	0.20000	0.00030	False
0	1	s002	50	0.01000	0.74390	0.65166	0.68893	4.34253	0.20000	0.00030	False
0	1	s002	50	0.00100	0.05014	0.02710	0.03545	4.49433	0.20000	0.00030	False
0	1	s002	60	1.00000	0.97967	0.97766	0.97788	0.06798	0.20000	0.00030	False
0	1	s002	60	0.10000	0.97696	0.97341	0.97238	2.82415	0.20000	0.00030	False
0	1	s002	60	0.01000	0.73984	0.65370	0.68950	4.34224	0.20000	0.00030	False
0	1	s002	60	0.00100	0.05149	0.02755	0.03623	4.49432	0.20000	0.00030	False
0	1	s003	10	1.00000	0.76558	0.68479	0.72208	1.05434	0.20000	0.00030	True
0	1	s003	10	0.10000	0.76152	0.66936	0.70959	2.10237	0.20000	0.00030	True
0	1	s003	10	0.01000	0.64770	0.49215	0.54744	4.17014	0.20000	0.00030	True
0	1	s003	10	0.00100	0.23848	0.08259	0.14548	4.46820	0.20000	0.00030	True
0	1	s003	20	1.00000	0.86179	0.80800	0.82971	0.84589	0.20000	0.00030	True
0	1	s003	20	0.10000	0.86992	0.82245	0.83851	0.87367	0.20000	0.00030	True
0	1	s003	20	0.01000	0.80759	0.75756	0.77460	3.70884	0.20000	0.00030	True
0	1	s003	20	0.00100	0.32520	0.17039	0.23302	4.40089	0.20000	0.00030	True
0	1	s003	30	1.00000	0.89702	0.85945	0.87019	0.82224	0.20000	0.00030	True
0	1	s003	30	0.10000	0.89837	0.85860	0.86746	0.49397	0.20000	0.00030	True
0	1	s003	30	0.01000	0.85908	0.79721	0.80861	3.27576	0.20000	0.00030	True
0	1	s003	30	0.00100	0.39431	0.23835	0.28451	4.32439	0.20000	0.00030	True
0	1	s003	40	1.00000	0.92547	0.88778	0.90179	0.61827	0.20000	0.00030	True
0	1	s003	40	0.10000	0.92005	0.88196	0.89671	0.32264	0.20000	0.00030	True
0	1	s003	40	0.01000	0.88482	0.84112	0.85459	2.88515	0.20000	0.00030	True
0	1	s003	40	0.00100	0.42276	0.27076	0.31587	4.24481	0.20000	0.00030	True
0	1	s003	50	1.00000	0.84417	0.87026	0.88774	2.26561	0.20000	0.00030	True
0	1	s003	50	0.10000	0.84417	0.86856	0.88491	0.41843	0.20000	0.00030	True
0	1	s003	50	0.01000	0.81843	0.81305	0.82624	2.48263	0.20000	0.00030	True
0	1	s003	50	0.00100	0.36856	0.24374	0.26332	4.15493	0.20000	0.00030	True
0	1	s003	60	1.00000	0.93902	0.92505	0.93765	0.79004	0.20000	0.00030	True
0	1	s003	60	0.10000	0.93360	0.92318	0.93575	0.23071	0.20000	0.00030	True
0	1	s003	60	0.01000	0.88211	0.84122	0.85224	2.19490	0.20000	0.00030	True
0	1	s003	60	0.00100	0.39837	0.25371	0.28632	4.06897	0.20000	0.00030	True
0	1	s003	70	1.00000	0.92818	0.93978	0.94496	0.82671	0.20000	0.00030	True
0	1	s003	70	0.10000	0.92954	0.93632	0.94093	0.21086	0.20000	0.00030	True
0	1	s003	70	0.01000	0.90515	0.88423	0.89340	1.92904	0.20000	0.00030	True
0	1	s003	70	0.00100	0.42683	0.27471	0.30889	3.98148	0.20000	0.00030	True
0	1	s003	80	1.00000	0.95393	0.93814	0.94927	0.80623	0.20000	0.00030	True
0	1	s003	80	0.10000	0.94715	0.92941	0.94206	0.17470	0.20000	0.00030	True
0	1	s003	80	0.01000	0.90650	0.86162	0.87275	1.64616	0.20000	0.00030	True
0	1	s003	80	0.00100	0.45935	0.28035	0.31294	3.90372	0.20000	0.00030	True
0	1	s003	90	1.00000	0.94173	0.94195	0.94878	0.81744	0.20000	0.00030	True
0	1	s003	90	0.10000	0.94309	0.94434	0.95318	0.17536	0.20000	0.00030	True
0	1	s003	90	0.01000	0.90650	0.88413	0.89362	1.49136	0.20000	0.00030	True
0	1	s003	90	0.00100	0.45528	0.30458	0.32977	3.84909	0.20000	0.00030	True
0	1	s003	100	1.00000	0.94715	0.92294	0.93557	0.96070	0.20000	0.00030	True
0	1	s003	100	0.10000	0.94851	0.92533	0.93520	0.19321	0.20000	0.00030	True
0	1	s003	100	0.01000	0.91734	0.88884	0.89862	1.42342	0.20000	0.00030	True
0	1	s003	100	0.00100	0.44038	0.29868	0.32228	3.81353	0.20000	0.00030	True
0	1	s003	110	1.00000	0.94715	0.92656	0.93483	0.85275	0.20000	0.00030	True
0	1	s003	110	0.10000	0.95393	0.93380	0.94486	0.17149	0.20000	0.00030	True
0	1	s003	110	0.01000	0.91463	0.87704	0.88600	1.33788	0.20000	0.00030	True
0	1	s003	110	0.00100	0.43360	0.29633	0.32108	3.77710	0.20000	0.00030	True
0	1	s003	120	1.00000	0.95935	0.95581	0.96255	0.83191	0.20000	0.00030	True
0	1	s003	120	0.10000	0.96070	0.95815	0.96546	0.16468	0.20000	0.00030	True
0	1	s003	120	0.01000	0.92547	0.89739	0.90545	1.27651	0.20000	0.00030	True
0	1	s003	120	0.00100	0.43902	0.30025	0.32169	3.75131	0.20000	0.00030	True
0	1	s003	130	1.00000	0.96070	0.95785	0.96505	0.71450	0.20000	0.00030	True
0	1	s003	130	0.10000	0.96477	0.96305	0.97050	0.14375	0.20000	0.00030	True
0	1	s003	130	0.01000	0.92954	0.89681	0.90341	1.25254	0.20000	0.00030	True
0	1	s003	130	0.00100	0.44038	0.28758	0.31652	3.74331	0.20000	0.00030	True
0	1	s003	140	1.00000	0.96206	0.96129	0.96871	0.71230	0.20000	0.00030	True
0	1	s003	140	0.10000	0.96612	0.96895	0.97644	0.14561	0.20000	0.00030	True
0	1	s003	140	0.01000	0.92683	0.90115	0.90993	1.24791	0.20000	0.00030	True
0	1	s003	140	0.00100	0.44444	0.31213	0.33504	3.74193	0.20000	0.00030	True
0	1	s003	150	1.00000	0.96206	0.96337	0.97039	0.70644	0.20000	0.00030	True
0	1	s003	150	0.10000	0.96748	0.96941	0.97673	0.14485	0.20000	0.00030	True
0	1	s003	150	0.01000	0.92954	0.90226	0.91058	1.24509	0.20000	0.00030	True
0	1	s003	150	0.00100	0.44444	0.30536	0.33052	3.74088	0.20000	0.00030	True
0	2	s000	10	1.00000	0.93894	0.91014	0.91750	0.19195	0.20000	0.00100	False
0	2	s000	10	0.10000	0.94030	0.91275	0.92196	3.09465	0.20000	0.00100	False
0	2	s000	10	0.01000	0.58887	0.48204	0.53801	4.36220	0.20000	0.00100	False
0	2	s000	10	0.00100	0.05292	0.01226	0.03589	4.49492	0.20000	0.00100	False
0	2	s000	20	1.00000	0.95929	0.96081	0.96626	0.12791	0.20000	0.00100	False
0	2	s000	20	0.10000	0.95522	0.96359	0.96640	2.61684	0.20000	0.00100	False
0	2	s000	20	0.01000	0.73677	0.67678	0.70224	4.30698	0.20000	0.00100	False
0	2	s000	20	0.00100	0.07191	0.02605	0.05218	4.49042	0.20000	0.00100	False
0	2	s000	30	1.00000	0.97151	0.96476	0.96533	0.07146	0.20000	0.00100	False
0	2	s000	30	0.10000	0.96744	0.96131	0.96117	2.41631	0.20000	0.00100	False
0	2	s000	30	0.01000	0.76391	0.71004	0.73259	4.28500	0.20000	0.00100	False
0	2	s000	30	0.00100	0.07327	0.02525	0.05560	4.48891	0.20000	0.00100	False
0	2	s000	40	1.00000	0.97558	0.97171	0.96895	0.05955	0.20000	0.00100	False
0	2	s000	40	0.10000	0.97422	0.97607	0.97589	2.30756	0.20000	0.00100	False
0	2	s000	40	0.01000	0.81140	0.75155	0.76525	4.27216	0.20000	0.00100	False
0	2	s000	40	0.00100	0.05156	0.02431	0.04603	4.48775	0.20000	0.00100	False
0	2	s000	50	1.00000	0.98372	0.98514	0.98304	0.04778	0.20000	0.00100	False
0	2	s000	50	0.10000	0.98100	0.97939	0.97762	2.25176	0.20000	0.00100	False
0	2	s000	50	0.01000	0.82225	0.76773	0.78732	4.26518	0.20000	0.00100	False
0	2	s000	50	0.00100	0.06242	0.02806	0.05050	4.48720	0.20000	0.00100	False
0	2	s000	60	1.00000	0.98372	0.98396	0.98201	0.04782	0.20000	0.00100	False
0	2	s000	60	0.10000	0.97965	0.98087	0.97902	2.23178	0.20000	0.00100	False
0	2	s000	60	0.01000	0.82768	0.77297	0.79033	4.26353	0.20000	0.00100	False
0	2	s000	60	0.00100	0.06377	0.03058	0.05207	4.48712	0.20000	0.00100	False
0	2	s001	10	1.00000	0.68792	0.56006	0.63972	2.05001	0.20000	0.00100	True
0	2	s001	10	0.10000	0.69607	0.57093	0.63879	1.68092	0.20000	0.00100	True
0	2	s001	10	0.01000	0.59430	0.46363	0.51845	3.91551	0.20000	0.00100	True
0	2	s001	10	0.00100	0.24152	0.10693	0.16237	4.40227	0.20000	0.00100	True
0	2	s001	20	1.00000	0.80461	0.73804	0.77317	1.59088	0.20000	0.00100	True
0	2	s001	20	0.10000	0.81140	0.74028	0.77033	0.66860	0.20000	0.00100	True
0	2	s001	20	0.01000	0.75984	0.67904	0.70569	2.90166	0.20000	0.00100	True
0	2	s001	20	0.00100	0.21845	0.12770	0.14765	4.12789	0.20000	0.00100	True
0	2	s001	30	1.00000	0.85753	0.85126	0.86866	1.18587	0.20000	0.00100	True
0	2	s001	30	0.10000	0.86024	0.84422	0.86552	0.47402	0.20000	0.00100	True
0	2	s001	30	0.01000	0.83311	0.79614	0.80835	2.27050	0.20000	0.00100	True
0	2	s001	30	0.00100	0.27273	0.14831	0.18778	3.80394	0.20000	0.00100	True
0	2	s001	40	1.00000	0.91588	0.88785	0.89231	0.84817	0.20000	0.00100	True
0	2	s001	40	0.10000	0.90909	0.88181	0.88423	0.27052	0.20000	0.00100	True
0	2	s001	40	0.01000	0.85482	0.79243	0.80891	1.64514	0.20000	0.00100	True
0	2	s001	40	0.00100	0.25645	0.17093	0.19603	3.50418	0.20000	0.00100	True
0	2	s001	50	1.00000	0.92537	0.90576	0.91836	1.19167	0.20000	0.00100	True
0	2	s001	50	0.10000	0.92673	0.89224	0.90390	0.25286	0.20000	0.00100	True
0	2	s001	50	0.01000	0.87381	0.82363	0.84235	1.18467	0.20000	0.00100	True
0	2	s001	50	0.00100	0.28901	0.16413	0.20470	3.23971	0.20000	0.00100	True
0	2	s001	60	1.00000	0.90231	0.88234	0.89452	1.59700	0.20000	0.00100	True
0	2	s001	60	0.10000	0.89009	0.85611	0.86889	0.30448	0.20000	0.00100	True
0	2	s001	60	0.01000	0.85889	0.83811	0.85102	1.08349	0.20000	0.00100	True
0	2	s001	60	0.00100	0.35278	0.22260	0.26254	3.04200	0.20000	0.00100	True
0	2	s001	70	1.00000	0.94301	0.93051	0.93826	0.88872	0.20000	0.00100	True
0	2	s001	70	0.10000	0.94301	0.93212	0.93883	0.26577	0.20000	0.00100	True
0	2	s001	70	0.01000	0.88874	0.87221	0.88134	0.85450	0.20000	0.00100	True
0	2	s001	70	0.00100	0.35414	0.24174	0.26519	2.88189	0.20000	0.00100	True
0	2	s001	80	1.00000	0.95658	0.93190	0.93969	0.67812	0.20000	0.00100	True
0	2	s001	80	0.10000	0.95387	0.92947	0.93796	0.15656	0.20000	0.00100	True
0	2	s001	80	0.01000	0.89417	0.85829	0.87529	0.70422	0.20000	0.00100	True
0	2	s001	80	0.00100	0.38263	0.26856	0.31582	2.77264	0.20000	0.00100	True
0	2	s001	90	1.00000	0.95658	0.94330	0.94286	0.53561	0.20000	0.00100	True
0	2	s001	90	0.10000	0.95658	0.94415	0.94434	0.13134	0.20000	0.00100	True
0	2	s001	90	0.01000	0.89281	0.86576	0.88098	0.72277	0.20000	0.00100	True
0	2	s001	90	0.00100	0.38942	0.29607	0.33431	2.72284	0.20000	0.00100	True
0	2	s001	100	1.00000	0.96472	0.96498	0.96908	0.60963	0.20000	0.00100	True
0	2	s001	100	0.10000	0.95251	0.95169	0.95704	0.14913	0.20000	0.00100	True
0	2	s001	100	0.01000	0.91180	0.90245	0.91568	0.57949	0.20000	0.00100	True
0	2	s001	100	0.00100	0.41655	0.31574	0.35706	2.60405	0.20000	0.00100	True
0	2	s001	110	1.00000	0.97151	0.96966	0.97230	0.60042	0.20000	0.00100	True
0	2	s001	110	0.10000	0.94980	0.93670	0.94169	0.15225	0.20000	0.00100	True
0	2	s001	110	0.01000	0.90095	0.87681	0.88746	0.54771	0.20000	0.00100	True
0	2	s001	110	0.00100	0.44776	0.35527	0.39336	2.53690	0.20000	0.00100	True
0	2	s001	120	1.00000	0.97015	0.97302	0.97558	0.58685	0.20000	0.00100	True
0	2	s001	120	0.10000	0.95522	0.94515	0.94866	0.14908	0.20000	0.00100	True
0	2	s001	120	0.01000	0.91045	0.89218	0.90304	0.50740	0.20000	0.00100	True
0	2	s001	120	0.00100	0.47761	0.38412	0.41628	2.47617	0.20000	0.00100	True
0	2	s001	130	1.00000	0.97015	0.96682	0.96837	0.55700	0.20000	0.00100	True
0	2	s001	130	0.10000	0.95794	0.94550	0.94743	0.14793	0.20000	0.00100	True
0	2	s001	130	0.01000	0.91588	0.89351	0.90525	0.48628	0.20000	0.00100	True
0	2	s001	130	0.00100	0.46947	0.39233	0.42678	2.46414	0.20000	0.00100	True
0	2	s001	140	1.00000	0.96879	0.96525	0.96704	0.55992	0.20000	0.00100	True
0	2	s001	140	0.10000	0.95658	0.93803	0.94010	0.14573	0.20000	0.00100	True
0	2	s001	140	0.01000	0.91588	0.89003	0.90084	0.47822	0.20000	0.00100	True
0	2	s001	140	0.00100	0.48168	0.39789	0.43515	2.45486	0.20000	0.00100	True
0	2	s001	150	1.00000	0.96879	0.96545	0.96718	0.54228	0.20000	0.00100	True
0	2	s001	150	0.10000	0.95658	0.93803	0.94010	0.14333	0.20000	0.00100	True
0	2	s001	150	0.01000	0.91588	0.88841	0.89936	0.47631	0.20000	0.00100	True
0	2	s001	150	0.00100	0.48033	0.39823	0.43615	2.45336	0.20000	0.00100	True
0	2	s002	10	1.00000	0.94573	0.93997	0.94618	0.20901	0.20000	0.00030	False
0	2	s002	10	0.10000	0.94844	0.94474	0.94899	3.35526	0.20000	0.00030	False
0	2	s002	10	0.01000	0.55495	0.42448	0.48787	4.39133	0.20000	0.00030	False
0	2	s002	10	0.00100	0.04613	0.00828	0.02518	4.49743	0.20000	0.00030	False
0	2	s002	20	1.00000	0.97693	0.97608	0.97832	0.07889	0.20000	0.00030	False
0	2	s002	20	0.10000	0.98100	0.97718	0.97790	3.05293	0.20000	0.00030	False
0	2	s002	20	0.01000	0.67707	0.57103	0.60902	4.36082	0.20000	0.00030	False
0	2	s002	20	0.00100	0.08141	0.02288	0.04273	4.49513	0.20000	0.00030	False
0	2	s002	30	1.00000	0.97558	0.96983	0.96859	0.05769	0.20000	0.00030	False
0	2	s002	30	0.10000	0.97693	0.97893	0.97905	2.90520	0.20000	0.00030	False
0	2	s002	30	0.01000	0.73270	0.63051	0.66551	4.34611	0.20000	0.00030	False
0	2	s002	30	0.00100	0.06377	0.02314	0.03706	4.49419	0.20000	0.00030	False
0	2	s002	40	1.00000	0.97151	0.97808	0.97884	0.05090	0.20000	0.00030	False
0	2	s002	40	0.10000	0.97829	0.98135	0.98189	2.82972	0.20000	0.00030	False
0	2	s002	40	0.01000	0.76255	0.67648	0.70573	4.33956	0.20000	0.00030	False
0	2	s002	40	0.00100	0.06649	0.02837	0.04058	4.49396	0.20000	0.00030	False
0	2	s002	50	1.00000	0.98100	0.98319	0.98120	0.04843	0.20000	0.00030	False
0	2	s002	50	0.10000	0.98236	0.98700	0.98565	2.82807	0.20000	0.00030	False
0	2	s002	50	0.01000	0.74763	0.65510	0.68676	4.33940	0.20000	0.00030	False
0	2	s002	50	0.00100	0.07463	0.02773	0.04386	4.49392	0.20000	0.00030	False
0	2	s002	60	1.00000	0.97693	0.98163	0.97984	0.04891	0.20000	0.00030	False
0	2	s002	60	0.10000	0.97829	0.98128	0.97908	2.82321	0.20000	0.00030	False
0	2	s002	60	0.01000	0.74898	0.65476	0.68256	4.33892	0.20000	0.00030	False
0	2	s002	60	0.00100	0.07191	0.02739	0.04315	4.49391	0.20000	0.00030	False
0	2	s003	10	1.00000	0.78969	0.75009	0.77930	0.87183	0.20000	0.00030	True
0	2	s003	10	0.10000	0.78155	0.72988	0.76317	2.11538	0.20000	0.00030	True
0	2	s003	10	0.01000	0.63636	0.50639	0.55044	4.18732	0.20000	0.00030	True
0	2	s003	10	0.00100	0.18318	0.07480	0.11823	4.46944	0.20000	0.00030	True
0	2	s003	20	1.00000	0.86160	0.82854	0.85787	0.71987	0.20000	0.00030	True
0	2	s003	20	0.10000	0.86431	0.83689	0.86524	0.97589	0.20000	0.00030	True
0	2	s003	20	0.01000	0.81275	0.75697	0.77764	3.79130	0.20000	0.00030	True
0	2	s003	20	0.00100	0.34057	0.18214	0.24906	4.40876	0.20000	0.00030	True
0	2	s003	30	1.00000	0.90773	0.87928	0.90091	0.78486	0.20000	0.00030	True
0	2	s003	30	0.10000	0.90909	0.87896	0.89945	0.45886	0.20000	0.00030	True
0	2	s003	30	0.01000	0.85346	0.81712	0.84157	3.30866	0.20000	0.00030	True
0	2	s003	30	0.00100	0.36364	0.23058	0.26298	4.32885	0.20000	0.00030	True
0	2	s003	40	1.00000	0.93216	0.91374	0.92519	0.62549	0.20000	0.00030	True
0	2	s003	40	0.10000	0.93351	0.91381	0.92565	0.27848	0.20000	0.00030	True
0	2	s003	40	0.01000	0.90502	0.88147	0.88835	2.82321	0.20000	0.00030	True
0	2	s003	40	0.00100	0.37178	0.24136	0.27136	4.23708	0.20000	0.00030	True
0	2	s003	50	1.00000	0.94708	0.93906	0.94411	0.47480	0.20000	0.00030	True
0	2	s003	50	0.10000	0.94437	0.92659	0.93537	0.19507	0.20000	0.00030	True
0	2	s003	50	0.01000	0.91452	0.87261	0.88184	2.48837	0.20000	0.00030	True
0	2	s003	50	0.00100	0.33514	0.22076	0.25151	4.15069	0.20000	0.00030	True
0	2	s003	60	1.00000	0.92130	0.90308	0.91601	0.89788	0.20000	0.00030	True
0	2	s003	60	0.10000	0.91723	0.89253	0.90667	0.22249	0.20000	0.00030	True
0	2	s003	60	0.01000	0.89959	0.85973	0.87334	2.18464	0.20000	0.00030	True
0	2	s003	60	0.00100	0.36635	0.25271	0.27813	4.06859	0.20000	0.00030	True
0	2	s003	70	1.00000	0.95658	0.94920	0.95025	0.43464	0.20000	0.00030	True
0	2	s003	70	0.10000	0.95115	0.94365	0.94496	0.14247	0.20000	0.00030	True
0	2	s003	70	0.01000	0.91723	0.89512	0.89783	1.89505	0.20000	0.00030	True
0	2	s003	70	0.00100	0.36228	0.25618	0.28107	3.99308	0.20000	0.00030	True
0	2	s003	80	1.00000	0.94980	0.93890	0.94537	0.65010	0.20000	0.00030	True
0	2	s003	80	0.10000	0.94166	0.92003	0.92391	0.14441	0.20000	0.00030	True
0	2	s003	80	0.01000	0.91180	0.89461	0.90314	1.69870	0.20000	0.00030	True
0	2	s003	80	0.00100	0.38399	0.25667	0.30218	3.92589	0.20000	0.00030	True
0	2	s003	90	1.00000	0.96336	0.95902	0.96196	0.40843	0.20000	0.00030	True
0	2	s003	90	0.10000	0.95658	0.94626	0.95239	0.11409	0.20000	0.00030	True
0	2	s003	90	0.01000	0.91859	0.90163	0.90844	1.54298	0.20000	0.00030	True
0	2	s003	90	0.00100	0.38263	0.27667	0.30112	3.88141	0.20000	0.00030	True
0	2	s003	100	1.00000	0.95929	0.94845	0.95396	0.55290	0.20000	0.00030	True
0	2	s003	100	0.10000	0.95929	0.94180	0.95012	0.12759	0.20000	0.00030	True
0	2	s003	100	0.01000	0.91995	0.89514	0.90786	1.41416	0.20000	0.00030	True
0	2	s003	100	0.00100	0.40570	0.28693	0.32678	3.83971	0.20000	0.00030	True
0	2	s003	110	1.00000	0.97286	0.97342	0.97180	0.42966	0.20000	0.00030	True
0	2	s003	110	0.10000	0.96201	0.96127	0.96309	0.10279	0.20000	0.00030	True
0	2	s003	110	0.01000	0.92402	0.90597	0.91407	1.35227	0.20000	0.00030	True
0	2	s003	110	0.00100	0.39484	0.26990	0.31366	3.81986	0.20000	0.00030	True
0	2	s003	120	1.00000	0.97422	0.96790	0.96817	0.41764	0.20000	0.00030	True
0	2	s003	120	0.10000	0.96879	0.95871	0.95943	0.09793	0.20000	0.00030	True
0	2	s003	120	0.01000	0.92402	0.90217	0.90375	1.27997	0.20000	0.00030	True
0	2	s003	120	0.00100	0.40977	0.28747	0.32441	3.79707	0.20000	0.00030	True
0	2	s003	130	1.00000	0.97286	0.96770	0.96694	0.41206	0.20000	0.00030	True
0	2	s003	130	0.10000	0.96608	0.95545	0.95639	0.09718	0.20000	0.00030	True
0	2	s003	130	0.01000	0.92537	0.91272	0.91765	1.26625	0.20000	0.00030	True
0	2	s003	130	0.00100	0.41248	0.29324	0.33017	3.79206	0.20000	0.00030	True
0	2	s003	140	1.00000	0.97422	0.96457	0.96480	0.39443	0.20000	0.00030	True
0	2	s003	140	0.10000	0.96608	0.95906	0.96021	0.09679	0.20000	0.00030	True
0	2	s003	140	0.01000	0.92809	0.91139	0.91748	1.25800	0.20000	0.00030	True
0	2	s003	140	0.00100	0.42469	0.30490	0.33945	3.78871	0.20000	0.00030	True
0	2	s003	150	1.00000	0.97422	0.96457	0.96480	0.39308	0.20000	0.00030	True
0	2	s003	150	0.10000	0.96608	0.95716	0.95854	0.09655	0.20000	0.00030	True
0	2	s003	150	0.01000	0.92944	0.91291	0.91784	1.25616	0.20000	0.00030	True
0	2	s003	150	0.00100	0.42469	0.30505	0.33945	3.78783	0.20000	0.00030	True
1	0	s000	10	1.00000	0.91599	0.90447	0.91215	0.26414	0.20000	0.00100	False
1	0	s000	10	0.10000	0.91463	0.90263	0.90599	2.95496	0.20000	0.00100	False
1	0	s000	10	0.01000	0.57995	0.53426	0.56688	4.34599	0.20000	0.00100	False
1	0	s000	10	0.00100	0.03117	0.01283	0.03014	4.49453	0.20000	0.00100	False
1	0	s000	20	1.00000	0.94038	0.92821	0.93684	0.18813	0.20000	0.00100	False
1	0	s000	20	0.10000	0.94715	0.93435	0.93976	2.70887	0.20000	0.00100	False
1	0	s000	20	0.01000	0.71409	0.65208	0.66499	4.31518	0.20000	0.00100	False
1	0	s000	20	0.00100	0.05691	0.01738	0.04782	4.49141	0.20000	0.00100	False
1	0	s000	30	1.00000	0.96206	0.94744	0.94827	0.12715	0.20000	0.00100	False
1	0	s000	30	0.10000	0.96341	0.96054	0.96163	2.39621	0.20000	0.00100	False
1	0	s000	30	0.01000	0.75068	0.69164	0.70586	4.27612	0.20000	0.00100	False
1	0	s000	30	0.00100	0.04878	0.02773	0.04286	4.48779	0.20000	0.00100	False
1	0	s000	40	1.00000	0.96883	0.96597	0.96650	0.09019	0.20000	0.00100	False
1	0	s000	40	0.10000	0.97290	0.96970	0.97082	2.32555	0.20000	0.00100	False
1	0	s000	40	0.01000	0.76423	0.72498	0.74212	4.27213	0.20000	0.00100	False
1	0	s000	40	0.00100	0.03252	0.01715	0.03454	4.48790	0.20000	0.00100	False
1	0	s000	50	1.00000	0.97019	0.97009	0.97033	0.08105	0.20000	0.00100	False
1	0	s000	50	0.10000	0.97561	0.97744	0.97752	2.22733	0.20000	0.00100	False
1	0	s000	50	0.01000	0.79810	0.75145	0.75539	4.26170	0.20000	0.00100	False
1	0	s000	50	0.00100	0.03388	0.02061	0.03628	4.48723	0.20000	0.00100	False
1	0	s000	60	1.00000	0.97019	0.96676	0.96683	0.09200	0.20000	0.00100	False
1	0	s000	60	0.10000	0.97425	0.97558	0.97477	2.19964	0.20000	0.00100	False
1	0	s000	60	0.01000	0.80217	0.76116	0.76624	4.25853	0.20000	0.00100	False
1	0	s000	60	0.00100	0.03388	0.01849	0.03591	4.48709	0.20000	0.00100	False
1	0	s001	10	1.00000	0.57995	0.49031	0.56078	3.50899	0.20000	0.00100	True
1	0	s001	10	0.10000	0.58130	0.49956	0.55750	1.85613	0.20000	0.00100	True
1	0	s001	10	0.01000	0.53794	0.43526	0.49696	3.92027	0.20000	0.00100	True
1	0	s001	10	0.00100	0.20461	0.07625	0.09962	4.38733	0.20000	0.00100	True
1	0	s001	20	1.00000	0.82520	0.78128	0.79571	1.34366	0.20000	0.00100	True
1	0	s001	20	0.10000	0.81301	0.75707	0.77090	0.74719	0.20000	0.00100	True
1	0	s001	20	0.01000	0.75474	0.66396	0.67883	2.97882	0.20000	0.00100	True
1	0	s001	20	0.00100	0.27507	0.16604	0.18654	4.10177	0.20000	0.00100	True
1	0	s001	30	1.00000	0.87263	0.81710	0.83712	1.66965	0.20000	0.00100	True
1	0	s001	30	0.10000	0.86585	0.81534	0.83103	0.55121	0.20000	0.00100	True
1	0	s001	30	0.01000	0.79675	0.73051	0.74759	2.26358	0.20000	0.00100	True
1	0	s001	30	0.00100	0.28591	0.16981	0.20791	3.79340	0.20000	0.00100	True
1	0	s001	40	1.00000	0.87805	0.85189	0.86957	1.49842	0.20000	0.00100	True
1	0	s001	40	0.10000	0.86856	0.84442	0.85890	0.40082	0.20000	0.00100	True
1	0	s001	40	0.01000	0.82249	0.78067	0.80068	1.63329	0.20000	0.00100	True
1	0	s001	40	0.00100	0.28997	0.16414	0.18845	3.43935	0.20000	0.00100	True
1	0	s001	50	1.00000	0.89702	0.85274	0.87163	1.59986	0.20000	0.00100	True
1	0	s001	50	0.10000	0.88889	0.83293	0.84916	0.35601	0.20000	0.00100	True
1	0	s001	50	0.01000	0.84688	0.79709	0.80936	1.21122	0.20000	0.00100	True
1	0	s001	50	0.00100	0.33469	0.20478	0.24270	3.17119	0.20000	0.00100	True
1	0	s001	60	1.00000	0.88347	0.87736	0.89168	1.70770	0.20000	0.00100	True
1	0	s001	60	0.10000	0.88211	0.88792	0.89869	0.36480	0.20000	0.00100	True
1	0	s001	60	0.01000	0.84417	0.82218	0.82405	1.00788	0.20000	0.00100	True
1	0	s001	60	0.00100	0.33062	0.23652	0.27256	2.95818	0.20000	0.00100	True
1	0	s001	70	1.00000	0.93767	0.89070	0.90627	1.09099	0.20000	0.00100	True
1	0	s001	70	0.10000	0.92954	0.88418	0.90170	0.25254	0.20000	0.00100	True
1	0	s001	70	0.01000	0.87127	0.81001	0.82393	0.83038	0.20000	0.00100	True
1	0	s001	70	0.00100	0.36179	0.24514	0.27098	2.76739	0.20000	0.00100	True
1	0	s001	80	1.00000	0.94851	0.93051	0.93736	1.08257	0.20000	0.00100	True
1	0	s001	80	0.10000	0.94715	0.92899	0.93455	0.27124	0.20000	0.00100	True
1	0	s001	80	0.01000	0.89566	0.87967	0.88703	0.69890	0.20000	0.00100	True
1	0	s001	80	0.00100	0.39024	0.28399	0.31814	2.66982	0.20000	0.00100	True
1	0	s001	90	1.00000	0.95664	0.94636	0.95026	0.63093	0.20000	0.00100	True
1	0	s001	90	0.10000	0.96206	0.95782	0.95988	0.16626	0.20000	0.00100	True
1	0	s001	90	0.01000	0.90244	0.87942	0.87927	0.58017	0.20000	0.00100	True
1	0	s001	90	0.00100	0.44173	0.32930	0.35999	2.51382	0.20000	0.00100	True
1	0	s001	100	1.00000	0.96070	0.94804	0.94776	0.96458	0.20000	0.00100	True
1	0	s001	100	0.10000	0.95528	0.94234	0.94198	0.24495	0.20000	0.00100	True
1	0	s001	100	0.01000	0.91192	0.88059	0.88454	0.54620	0.20000	0.00100	True
1	0	s001	100	0.00100	0.42412	0.30312	0.33291	2.47275	0.20000	0.00100	True
1	0	s001	110	1.00000	0.96070	0.95411	0.95190	0.82827	0.20000	0.00100	True
1	0	s001	110	0.10000	0.95935	0.95099	0.94805	0.17631	0.20000	0.00100	True
1	0	s001	110	0.01000	0.91328	0.89270	0.89047	0.49460	0.20000	0.00100	True
1	0	s001	110	0.00100	0.41599	0.29559	0.32343	2.42118	0.20000	0.00100	True
1	0	s001	120	1.00000	0.96477	0.96219	0.96172	0.76379	0.20000	0.00100	True
1	0	s001	120	0.10000	0.95528	0.94270	0.94689	0.20676	0.20000	0.00100	True
1	0	s001	120	0.01000	0.90650	0.87421	0.87963	0.48442	0.20000	0.00100	True
1	0	s001	120	0.00100	0.42005	0.30347	0.34383	2.41096	0.20000	0.00100	True
1	0	s001	130	1.00000	0.96612	0.95988	0.95947	0.77717	0.20000	0.00100	True
1	0	s001	130	0.10000	0.96612	0.96120	0.96083	0.17864	0.20000	0.00100	True
1	0	s001	130	0.01000	0.92141	0.89663	0.89759	0.46245	0.20000	0.00100	True
1	0	s001	130	0.00100	0.42141	0.31226	0.34701	2.38883	0.20000	0.00100	True
1	0	s001	140	1.00000	0.96341	0.95546	0.95652	0.73093	0.20000	0.00100	True
1	0	s001	140	0.10000	0.96477	0.95760	0.95808	0.17707	0.20000	0.00100	True
1	0	s001	140	0.01000	0.91734	0.88987	0.88844	0.45523	0.20000	0.00100	True
1	0	s001	140	0.00100	0.42412	0.31837	0.35441	2.38256	0.20000	0.00100	True
1	0	s001	150	1.00000	0.96341	0.95546	0.95652	0.73699	0.20000	0.00100	True
1	0	s001	150	0.10000	0.96612	0.95967	0.95965	0.17729	0.20000	0.00100	True
1	0	s001	150	0.01000	0.91734	0.89308	0.89173	0.45428	0.20000	0.00100	True
1	0	s001	150	0.00100	0.42818	0.31884	0.35149	2.38141	0.20000	0.00100	True
1	0	s002	10	1.00000	0.93631	0.92689	0.93362	0.23108	0.20000	0.00030	False
1	0	s002	10	0.10000	0.93360	0.91916	0.92342	3.28365	0.20000	0.00030	False
1	0	s002	10	0.01000	0.56911	0.42035	0.48715	4.38331	0.20000	0.00030	False
1	0	s002	10	0.00100	0.05556	0.02336	0.03801	4.49602	0.20000	0.00030	False
1	0	s002	20	1.00000	0.96070	0.95501	0.95365	0.10320	0.20000	0.00030	False
1	0	s002	20	0.10000	0.96748	0.96059	0.95831	3.04645	0.20000	0.00030	False
1	0	s002	20	0.01000	0.66938	0.56747	0.59280	4.35896	0.20000	0.00030	False
1	0	s002	20	0.00100	0.07046	0.02599	0.04372	4.49435	0.20000	0.00030	False
1	0	s002	30	1.00000	0.96612	0.96298	0.96616	0.09205	0.20000	0.00030	False
1	0	s002	30	0.10000	0.95935	0.95998	0.96067	2.92162	0.20000	0.00030	False
1	0	s002	30	0.01000	0.72493	0.63703	0.67453	4.34602	0.20000	0.00030	False
1	0	s002	30	0.00100	0.07859	0.02998	0.04738	4.49352	0.20000	0.00030	False
1	0	s002	40	1.00000	0.97290	0.96906	0.96938	0.07198	0.20000	0.00030	False
1	0	s002	40	0.10000	0.96748	0.95984	0.95886	2.84905	0.20000	0.00030	False
1	0	s002	40	0.01000	0.72493	0.64163	0.66200	4.33977	0.20000	0.00030	False
1	0	s002	40	0.00100	0.06775	0.02782	0.04240	4.49323	0.20000	0.00030	False
1	0	s002	50	1.00000	0.97561	0.97584	0.97425	0.06537	0.20000	0.00030	False
1	0	s002	50	0.10000	0.96748	0.97296	0.97317	2.81364	0.20000	0.00030	False
1	0	s002	50	0.01000	0.74390	0.66321	0.68273	4.33590	0.20000	0.00030	False
1	0	s002	50	0.00100	0.07317	0.02942	0.04321	4.49299	0.20000	0.00030	False
1	0	s002	60	1.00000	0.97425	0.97718	0.97660	0.06875	0.20000	0.00030	False
1	0	s002	60	0.10000	0.97425	0.97866	0.97903	2.81594	0.20000	0.00030	False
1	0	s002	60	0.01000	0.74526	0.66981	0.69053	4.33632	0.20000	0.00030	False
1	0	s002	60	0.00100	0.06775	0.02723	0.04140	4.49305	0.20000	0.00030	False
1	0	s003	10	1.00000	0.74526	0.67381	0.72754	1.11859	0.20000	0.00030	True
1	0	s003	10	0.10000	0.74390	0.66955	0.72151	2.04238	0.20000	0.00030	True
1	0	s003	10	0.01000	0.66531	0.54580	0.60276	4.16385	0.20000	0.00030	True
1	0	s003	10	0.00100	0.20461	0.08042	0.14028	4.46753	0.20000	0.00030	True
1	0	s003	20	1.00000	0.86856	0.82729	0.84359	0.77872	0.20000	0.00030	True
1	0	s003	20	0.10000	0.86992	0.82483	0.84232	0.84701	0.20000	0.00030	True
1	0	s003	20	0.01000	0.83604	0.77114	0.77537	3.70871	0.20000	0.00030	True
1	0	s003	20	0.00100	0.28591	0.12901	0.18240	4.39640	0.20000	0.00030	True
1	0	s003	30	1.00000	0.89024	0.83871	0.85905	0.85222	0.20000	0.00030	True
1	0	s003	30	0.10000	0.88347	0.82382	0.84632	0.47181	0.20000	0.00030	True
1	0	s003	30	0.01000	0.84417	0.77632	0.79589	3.24934	0.20000	0.00030	True
1	0	s003	30	0.00100	0.34553	0.20968	0.23721	4.31601	0.20000	0.00030	True
1	0	s003	40	1.00000	0.92683	0.91761	0.92382	0.73897	0.20000	0.00030	True
1	0	s003	40	0.10000	0.94173	0.93262	0.93753	0.30799	0.20000	0.00030	True
1	0	s003	40	0.01000	0.88076	0.84397	0.84733	2.79827	0.20000	0.00030	True
1	0	s003	40	0.00100	0.36992	0.19779	0.23933	4.22838	0.20000	0.00030	True
1	0	s003	50	1.00000	0.92141	0.88369	0.90270	1.10416	0.20000	0.00030	True
1	0	s003	50	0.10000	0.91328	0.88532	0.90247	0.34333	0.20000	0.00030	True
1	0	s003	50	0.01000	0.88753	0.85667	0.86373	2.48535	0.20000	0.00030	True
1	0	s003	50	0.00100	0.40244	0.23958	0.27908	4.14767	0.20000	0.00030	True
1	0	s003	60	1.00000	0.89837	0.87780	0.89191	1.46507	0.20000	0.00030	True
1	0	s003	60	0.10000	0.88889	0.86985	0.88215	0.29542	0.20000	0.00030	True
1	0	s003	60	0.01000	0.86585	0.82871	0.83596	2.05570	0.20000	0.00030	True
1	0	s003	60	0.00100	0.36856	0.23510	0.26468	4.06101	0.20000	0.00030	True
1	0	s003	70	1.00000	0.95257	0.94479	0.94915	0.55052	0.20000	0.00030	True
1	0	s003	70	0.10000	0.95393	0.95239	0.95538	0.15033	0.20000	0.00030	True
1	0	s003	70	0.01000	0.90515	0.87343	0.88277	1.83732	0.20000	0.00030	True
1	0	s003	70	0.00100	0.40108	0.24030	0.27356	3.98815	0.20000	0.00030	True
1	0	s003	80	1.00000	0.95257	0.94729	0.94704	0.71487	0.20000	0.00030	True
1	0	s003	80	0.10000	0.95257	0.94831	0.94942	0.15667	0.20000	0.00030	True
1	0	s003	80	0.01000	0.92005	0.90776	0.90669	1.65774	0.20000	0.00030	True
1	0	s003	80	0.00100	0.44038	0.28721	0.32810	3.92108	0.20000	0.00030	True
1	0	s003	90	1.00000	0.94986	0.93714	0.93701	0.89821	0.20000	0.00030	True
1	0	s003	90	0.10000	0.94851	0.93969	0.93918	0.17515	0.20000	0.00030	True
1	0	s003	90	0.01000	0.90786	0.88441	0.88437	1.47745	0.20000	0.00030	True
1	0	s003	90	0.00100	0.42683	0.28131	0.32014	3.86198	0.20000	0.00030	True
1	0	s003	100	1.00000	0.95935	0.93967	0.94133	0.58416	0.20000	0.00030	True
1	0	s003	100	0.10000	0.95935	0.93390	0.93680	0.13946	0.20000	0.00030	True
1	0	s003	100	0.01000	0.92276	0.90250	0.90112	1.39402	0.20000	0.00030	True
1	0	s003	100	0.00100	0.43225	0.28536	0.32021	3.82404	0.20000	0.00030	True
1	0	s003	110	1.00000	0.96477	0.95660	0.95260	0.62542	0.20000	0.00030	True
1	0	s003	110	0.10000	0.96070	0.94331	0.93986	0.13589	0.20000	0.00030	True
1	0	s003	110	0.01000	0.91870	0.88729	0.88314	1.28133	0.20000	0.00030	True
1	0	s003	110	0.00100	0.44715	0.32097	0.34003	3.78410	0.20000	0.00030	True
1	0	s003	120	1.00000	0.96070	0.94085	0.94144	0.65190	0.20000	0.00030	True
1	0	s003	120	0.10000	0.95935	0.93513	0.93448	0.14594	0.20000	0.00030	True
1	0	s003	120	0.01000	0.91870	0.89382	0.88676	1.23053	0.20000	0.00030	True
1	0	s003	120	0.00100	0.42954	0.30382	0.32284	3.76104	0.20000	0.00030	True
1	0	s003	130	1.00000	0.96477	0.94991	0.94921	0.65593	0.20000	0.00030	True
1	0	s003	130	0.10000	0.96477	0.94668	0.94725	0.13754	0.20000	0.00030	True
1	0	s003	130	0.01000	0.92683	0.90138	0.89839	1.21782	0.20000	0.00030	True
1	0	s003	130	0.00100	0.44580	0.31231	0.33266	3.75179	0.20000	0.00030	True
1	0	s003	140	1.00000	0.96477	0.95214	0.95104	0.63883	0.20000	0.00030	True
1	0	s003	140	0.10000	0.96748	0.95129	0.95018	0.13114	0.20000	0.00030	True
1	0	s003	140	0.01000	0.92005	0.88642	0.88483	1.20709	0.20000	0.00030	True
1	0	s003	140	0.00100	0.44851	0.32495	0.34645	3.74892	0.20000	0.00030	True
1	0	s003	150	1.00000	0.96612	0.95445	0.95287	0.63318	0.20000	0.00030	True
1	0	s003	150	0.10000	0.96883	0.95570	0.95384	0.13049	0.20000	0.00030	True
1	0	s003	150	0.01000	0.91734	0.88042	0.87750	1.20503	0.20000	0.00030	True
1	0	s003	150	0.00100	0.44715	0.32264	0.34566	3.74828	0.20000	0.00030	True
1	1	s000	10	1.00000	0.90515	0.90609	0.92463	0.24821	0.20000	0.00100	False
1	1	s000	10	0.10000	0.91734	0.91649	0.92652	3.05617	0.20000	0.00100	False
1	1	s000	10	0.01000	0.59214	0.49557	0.54783	4.35951	0.20000	0.00100	False
1	1	s000	10	0.00100	0.06369	0.01932	0.04537	4.49483	0.20000	0.00100	False
1	1	s000	20	1.00000	0.95528	0.95893	0.96675	0.15175	0.20000	0.00100	False
1	1	s000	20	0.10000	0.95122	0.95000	0.95820	2.83199	0.20000	0.00100	False
1	1	s000	20	0.01000	0.68293	0.62974	0.65536	4.33431	0.20000	0.00100	False
1	1	s000	20	0.00100	0.07046	0.02129	0.04139	4.49175	0.20000	0.00100	False
1	1	s000	30	1.00000	0.96070	0.96168	0.96545	0.14039	0.20000	0.00100	False
1	1	s000	30	0.10000	0.95935	0.95451	0.95916	2.46457	0.20000	0.00100	False
1	1	s000	30	0.01000	0.77371	0.70966	0.72623	4.29184	0.20000	0.00100	False
1	1	s000	30	0.00100	0.09350	0.03566	0.05979	4.48786	0.20000	0.00100	False
1	1	s000	40	1.00000	0.96206	0.97152	0.97286	0.11982	0.20000	0.00100	False
1	1	s000	40	0.10000	0.95935	0.96653	0.96845	2.38504	0.20000	0.00100	False
1	1	s000	40	0.01000	0.79810	0.74664	0.76817	4.28367	0.20000	0.00100	False
1	1	s000	40	0.00100	0.07995	0.03410	0.05432	4.48749	0.20000	0.00100	False
1	1	s000	50	1.00000	0.96206	0.97235	0.97409	0.10267	0.20000	0.00100	False
1	1	s000	50	0.10000	0.96206	0.96999	0.97096	2.33745	0.20000	0.00100	False
1	1	s000	50	0.01000	0.80759	0.77311	0.78713	4.27882	0.20000	0.00100	False
1	1	s000	50	0.00100	0.08266	0.02927	0.04950	4.48717	0.20000	0.00100	False
1	1	s000	60	1.00000	0.96341	0.97435	0.97591	0.10136	0.20000	0.00100	False
1	1	s000	60	0.10000	0.96612	0.97246	0.97292	2.33764	0.20000	0.00100	False
1	1	s000	60	0.01000	0.80894	0.77278	0.78605	4.27893	0.20000	0.00100	False
1	1	s000	60	0.00100	0.08266	0.03247	0.05098	4.48718	0.20000	0.00100	False
1	1	s001	10	1.00000	0.64363	0.54503	0.62932	2.11565	0.20000	0.00100	True
1	1	s001	10	0.10000	0.63686	0.52853	0.61588	1.80293	0.20000	0.00100	True
1	1	s001	10	0.01000	0.57724	0.46190	0.49919	3.98759	0.20000	0.00100	True
1	1	s001	10	0.00100	0.18970	0.09251	0.13511	4.40468	0.20000	0.00100	True
1	1	s001	20	1.00000	0.80759	0.78263	0.81957	1.49036	0.20000	0.00100	True
1	1	s001	20	0.10000	0.81436	0.79229	0.82447	0.69272	0.20000	0.00100	True
1	1	s001	20	0.01000	0.76829	0.71862	0.74521	2.89721	0.20000	0.00100	True
1	1	s001	20	0.00100	0.24526	0.14095	0.17949	4.10142	0.20000	0.00100	True
1	1	s001	30	1.00000	0.81572	0.72863	0.77538	1.90584	0.20000	0.00100	True
1	1	s001	30	0.10000	0.82520	0.74471	0.78684	0.52881	0.20000	0.00100	True
1	1	s001	30	0.01000	0.76965	0.67648	0.71846	2.19797	0.20000	0.00100	True
1	1	s001	30	0.00100	0.28726	0.16710	0.22056	3.79368	0.20000	0.00100	True
1	1	s001	40	1.00000	0.87940	0.89694	0.90831	1.69035	0.20000	0.00100	True
1	1	s001	40	0.10000	0.86585	0.88036	0.89568	0.36204	0.20000	0.00100	True
1	1	s001	40	0.01000	0.82385	0.80753	0.83589	1.54771	0.20000	0.00100	True
1	1	s001	40	0.00100	0.33198	0.19644	0.23645	3.45118	0.20000	0.00100	True
1	1	s001	50	1.00000	0.86043	0.84279	0.86418	2.19441	0.20000	0.00100	True
1	1	s001	50	0.10000	0.85230	0.81596	0.84280	0.44810	0.20000	0.00100	True
1	1	s001	50	0.01000	0.82385	0.76245	0.78102	1.24760	0.20000	0.00100	True
1	1	s001	50	0.00100	0.29946	0.20719	0.23747	3.23833	0.20000	0.00100	True
1	1	s001	60	1.00000	0.92141	0.90765	0.92223	1.19231	0.20000	0.00100	True
1	1	s001	60	0.10000	0.90650	0.89875	0.91826	0.26072	0.20000	0.00100	True
1	1	s001	60	0.01000	0.84959	0.80306	0.82447	1.06754	0.20000	0.00100	True
1	1	s001	60	0.00100	0.37127	0.28066	0.31528	3.01860	0.20000	0.00100	True
1	1	s001	70	1.00000	0.93631	0.93741	0.94041	1.25559	0.20000	0.00100	True
1	1	s001	70	0.10000	0.92954	0.93375	0.93670	0.30345	0.20000	0.00100	True
1	1	s001	70	0.01000	0.87398	0.85687	0.85587	0.80307	0.20000	0.00100	True
1	1	s001	70	0.00100	0.38211	0.27357	0.31182	2.84746	0.20000	0.00100	True
1	1	s001	80	1.00000	0.93767	0.93113	0.93721	1.09510	0.20000	0.00100	True
1	1	s001	80	0.10000	0.93225	0.92168	0.93125	0.24841	0.20000	0.00100	True
1	1	s001	80	0.01000	0.87805	0.85472	0.86426	0.71020	0.20000	0.00100	True
1	1	s001	80	0.00100	0.41328	0.32015	0.35021	2.72545	0.20000	0.00100	True
1	1	s001	90	1.00000	0.94038	0.94437	0.95354	1.25490	0.20000	0.00100	True
1	1	s001	90	0.10000	0.94173	0.94882	0.95601	0.27973	0.20000	0.00100	True
1	1	s001	90	0.01000	0.89566	0.88125	0.88351	0.61801	0.20000	0.00100	True
1	1	s001	90	0.00100	0.42141	0.32474	0.35638	2.61271	0.20000	0.00100	True
1	1	s001	100	1.00000	0.93902	0.94352	0.94883	1.28836	0.20000	0.00100	True
1	1	s001	100	0.10000	0.93767	0.94181	0.94990	0.26588	0.20000	0.00100	True
1	1	s001	100	0.01000	0.88889	0.87570	0.88606	0.58267	0.20000	0.00100	True
1	1	s001	100	0.00100	0.38753	0.29166	0.33122	2.60371	0.20000	0.00100	True
1	1	s001	110	1.00000	0.95122	0.95281	0.96204	1.00317	0.20000	0.00100	True
1	1	s001	110	0.10000	0.94580	0.94612	0.95492	0.22986	0.20000	0.00100	True
1	1	s001	110	0.01000	0.88482	0.86597	0.87883	0.54242	0.20000	0.00100	True
1	1	s001	110	0.00100	0.39973	0.29955	0.34136	2.54952	0.20000	0.00100	True
1	1	s001	120	1.00000	0.94444	0.95174	0.95919	1.20774	0.20000	0.00100	True
1	1	s001	120	0.10000	0.94580	0.95182	0.95818	0.26251	0.20000	0.00100	True
1	1	s001	120	0.01000	0.90786	0.88588	0.89037	0.50805	0.20000	0.00100	True
1	1	s001	120	0.00100	0.41328	0.31809	0.34570	2.48859	0.20000	0.00100	True
1	1	s001	130	1.00000	0.95122	0.95153	0.95781	0.97628	0.20000	0.00100	True
1	1	s001	130	0.10000	0.94580	0.95152	0.95716	0.22678	0.20000	0.00100	True
1	1	s001	130	0.01000	0.90650	0.89120	0.89630	0.49986	0.20000	0.00100	True
1	1	s001	130	0.00100	0.43225	0.33802	0.36750	2.46966	0.20000	0.00100	True
1	1	s001	140	1.00000	0.95122	0.95099	0.95552	1.06164	0.20000	0.00100	True
1	1	s001	140	0.10000	0.94580	0.95394	0.96009	0.23441	0.20000	0.00100	True
1	1	s001	140	0.01000	0.90786	0.89388	0.90030	0.49200	0.20000	0.00100	True
1	1	s001	140	0.00100	0.42954	0.33933	0.37192	2.46120	0.20000	0.00100	True
1	1	s001	150	1.00000	0.95122	0.95099	0.95552	1.05753	0.20000	0.00100	True
1	1	s001	150	0.10000	0.94580	0.95394	0.96009	0.23371	0.20000	0.00100	True
1	1	s001	150	0.01000	0.90921	0.89167	0.89745	0.49199	0.20000	0.00100	True
1	1	s001	150	0.00100	0.43360	0.34074	0.37143	2.46011	0.20000	0.00100	True
1	1	s002	10	1.00000	0.92683	0.93567	0.94272	0.22301	0.20000	0.00030	False
1	1	s002	10	0.10000	0.92954	0.93185	0.93390	3.27923	0.20000	0.00030	False
1	1	s002	10	0.01000	0.54201	0.40010	0.45724	4.38405	0.20000	0.00030	False
1	1	s002	10	0.00100	0.04201	0.01360	0.03835	4.49721	0.20000	0.00030	False
1	1	s002	20	1.00000	0.95393	0.95616	0.96177	0.13286	0.20000	0.00030	False
1	1	s002	20	0.10000	0.95799	0.95487	0.95756	3.01102	0.20000	0.00030	False
1	1	s002	20	0.01000	0.66938	0.55275	0.60737	4.35832	0.20000	0.00030	False
1	1	s002	20	0.00100	0.07046	0.02488	0.05304	4.49548	0.20000	0.00030	False
1	1	s002	30	1.00000	0.95664	0.95846	0.96145	0.10968	0.20000	0.00030	False
1	1	s002	30	0.10000	0.95799	0.95406	0.95591	2.92451	0.20000	0.00030	False
1	1	s002	30	0.01000	0.68022	0.57538	0.61735	4.35046	0.20000	0.00030	False
1	1	s002	30	0.00100	0.05556	0.01492	0.04342	4.49488	0.20000	0.00030	False
1	1	s002	40	1.00000	0.96206	0.96410	0.96760	0.10080	0.20000	0.00030	False
1	1	s002	40	0.10000	0.96883	0.97013	0.97150	2.86815	0.20000	0.00030	False
1	1	s002	40	0.01000	0.72087	0.62866	0.65682	4.34406	0.20000	0.00030	False
1	1	s002	40	0.00100	0.05962	0.01833	0.04859	4.49453	0.20000	0.00030	False
1	1	s002	50	1.00000	0.96477	0.96674	0.97005	0.09167	0.20000	0.00030	False
1	1	s002	50	0.10000	0.96477	0.97129	0.97427	2.83947	0.20000	0.00030	False
1	1	s002	50	0.01000	0.71545	0.62964	0.65583	4.34224	0.20000	0.00030	False
1	1	s002	50	0.00100	0.06504	0.02129	0.05079	4.49444	0.20000	0.00030	False
1	1	s002	60	1.00000	0.96341	0.96609	0.96927	0.09017	0.20000	0.00030	False
1	1	s002	60	0.10000	0.96612	0.97367	0.97455	2.82800	0.20000	0.00030	False
1	1	s002	60	0.01000	0.71816	0.62276	0.65497	4.34110	0.20000	0.00030	False
1	1	s002	60	0.00100	0.06640	0.02180	0.05115	4.49435	0.20000	0.00030	False
1	1	s003	10	1.00000	0.72493	0.65859	0.71871	1.33459	0.20000	0.00030	True
1	1	s003	10	0.10000	0.70461	0.63647	0.70323	2.28367	0.20000	0.00030	True
1	1	s003	10	0.01000	0.56098	0.42674	0.50059	4.21360	0.20000	0.00030	True
1	1	s003	10	0.00100	0.17480	0.06885	0.12374	4.47372	0.20000	0.00030	True
1	1	s003	20	1.00000	0.85095	0.78003	0.80080	0.81986	0.20000	0.00030	True
1	1	s003	20	0.10000	0.84688	0.77328	0.80213	0.95285	0.20000	0.00030	True
1	1	s003	20	0.01000	0.76965	0.65372	0.68994	3.77147	0.20000	0.00030	True
1	1	s003	20	0.00100	0.30352	0.15901	0.20306	4.40494	0.20000	0.00030	True
1	1	s003	30	1.00000	0.88889	0.85635	0.87402	0.74732	0.20000	0.00030	True
1	1	s003	30	0.10000	0.88347	0.84517	0.86319	0.53612	0.20000	0.00030	True
1	1	s003	30	0.01000	0.82927	0.74583	0.77919	3.35537	0.20000	0.00030	True
1	1	s003	30	0.00100	0.36992	0.22570	0.27388	4.33738	0.20000	0.00030	True
1	1	s003	40	1.00000	0.91192	0.90309	0.91857	1.02758	0.20000	0.00030	True
1	1	s003	40	0.10000	0.89702	0.88762	0.90466	0.34624	0.20000	0.00030	True
1	1	s003	40	0.01000	0.84011	0.79969	0.82092	2.88863	0.20000	0.00030	True
1	1	s003	40	0.00100	0.33062	0.21765	0.23344	4.25612	0.20000	0.00030	True
1	1	s003	50	1.00000	0.90786	0.91479	0.93419	1.15376	0.20000	0.00030	True
1	1	s003	50	0.10000	0.91192	0.91908	0.93783	0.31747	0.20000	0.00030	True
1	1	s003	50	0.01000	0.88482	0.86965	0.89228	2.60395	0.20000	0.00030	True
1	1	s003	50	0.00100	0.35095	0.23124	0.26678	4.18974	0.20000	0.00030	True
1	1	s003	60	1.00000	0.91599	0.88962	0.90740	1.15488	0.20000	0.00030	True
1	1	s003	60	0.10000	0.90515	0.87572	0.89110	0.25825	0.20000	0.00030	True
1	1	s003	60	0.01000	0.85908	0.81012	0.83430	2.18771	0.20000	0.00030	True
1	1	s003	60	0.00100	0.32385	0.20868	0.24475	4.09072	0.20000	0.00030	True
1	1	s003	70	1.00000	0.94444	0.94322	0.94387	0.85231	0.20000	0.00030	True
1	1	s003	70	0.10000	0.93360	0.93338	0.93687	0.19245	0.20000	0.00030	True
1	1	s003	70	0.01000	0.88618	0.84872	0.85596	1.90348	0.20000	0.00030	True
1	1	s003	70	0.00100	0.34417	0.22308	0.25399	4.00588	0.20000	0.00030	True
1	1	s003	80	1.00000	0.93902	0.94187	0.94434	1.04305	0.20000	0.00030	True
1	1	s003	80	0.10000	0.93360	0.93780	0.94031	0.19128	0.20000	0.00030	True
1	1	s003	80	0.01000	0.89160	0.88796	0.89231	1.72502	0.20000	0.00030	True
1	1	s003	80	0.00100	0.36856	0.25324	0.29513	3.94957	0.20000	0.00030	True
1	1	s003	90	1.00000	0.95257	0.94663	0.95523	0.68437	0.20000	0.00030	True
1	1	s003	90	0.10000	0.94580	0.94037	0.94805	0.15600	0.20000	0.00030	True
1	1	s003	90	0.01000	0.90650	0.89414	0.90274	1.55640	0.20000	0.00030	True
1	1	s003	90	0.00100	0.35366	0.23923	0.26494	3.88576	0.20000	0.00030	True
1	1	s003	100	1.00000	0.94444	0.94112	0.94985	1.01942	0.20000	0.00030	True
1	1	s003	100	0.10000	0.94444	0.93460	0.94378	0.21054	0.20000	0.00030	True
1	1	s003	100	0.01000	0.89702	0.88063	0.89613	1.49519	0.20000	0.00030	True
1	1	s003	100	0.00100	0.36179	0.26089	0.30114	3.85605	0.20000	0.00030	True
1	1	s003	110	1.00000	0.95664	0.96110	0.96186	0.65137	0.20000	0.00030	True
1	1	s003	110	0.10000	0.94580	0.94866	0.94985	0.14418	0.20000	0.00030	True
1	1	s003	110	0.01000	0.91599	0.91190	0.91936	1.35443	0.20000	0.00030	True
1	1	s003	110	0.00100	0.38889	0.27924	0.31891	3.81147	0.20000	0.00030	True
1	1	s003	120	1.00000	0.94580	0.94725	0.95132	0.71950	0.20000	0.00030	True
1	1	s003	120	0.10000	0.94444	0.94833	0.95068	0.15004	0.20000	0.00030	True
1	1	s003	120	0.01000	0.91734	0.91327	0.92427	1.31229	0.20000	0.00030	True
1	1	s003	120	0.00100	0.38076	0.27556	0.31272	3.79408	0.20000	0.00030	True
1	1	s003	130	1.00000	0.95122	0.95866	0.95998	0.79752	0.20000	0.00030	True
1	1	s003	130	0.10000	0.94715	0.95376	0.95626	0.15826	0.20000	0.00030	True
1	1	s003	130	0.01000	0.92141	0.92319	0.93124	1.27732	0.20000	0.00030	True
1	1	s003	130	0.00100	0.38347	0.27113	0.31395	3.78153	0.20000	0.00030	True
1	1	s003	140	1.00000	0.94986	0.95721	0.96064	0.76916	0.20000	0.00030	True
1	1	s003	140	0.10000	0.94580	0.95282	0.95482	0.15086	0.20000	0.00030	True
1	1	s003	140	0.01000	0.92276	0.92229	0.92745	1.26977	0.20000	0.00030	True
1	1	s003	140	0.00100	0.39160	0.27720	0.31778	3.77849	0.20000	0.00030	True
1	1	s003	150	1.00000	0.94986	0.95723	0.96043	0.77765	0.20000	0.00030	True
1	1	s003	150	0.10000	0.94173	0.94902	0.95191	0.15178	0.20000	0.00030	True
1	1	s003	150	0.01000	0.92412	0.92475	0.93094	1.26839	0.20000	0.00030	True
1	1	s003	150	0.00100	0.38889	0.27217	0.31468	3.77794	0.20000	0.00030	True
1	2	s000	10	1.00000	0.91316	0.91570	0.92627	0.23016	0.20000	0.00100	False
1	2	s000	10	0.10000	0.90366	0.88898	0.90845	3.05753	0.20000	0.00100	False
1	2	s000	10	0.01000	0.60651	0.52323	0.58182	4.35936	0.20000	0.00100	False
1	2	s000	10	0.00100	0.03121	0.01766	0.03258	4.49504	0.20000	0.00100	False
1	2	s000	20	1.00000	0.96879	0.96163	0.96508	0.10775	0.20000	0.00100	False
1	2	s000	20	0.10000	0.96336	0.95505	0.95508	2.59308	0.20000	0.00100	False
1	2	s000	20	0.01000	0.73406	0.68230	0.71290	4.30636	0.20000	0.00100	False
1	2	s000	20	0.00100	0.04342	0.02436	0.04409	4.48981	0.20000	0.00100	False
1	2	s000	30	1.00000	0.97693	0.97782	0.97859	0.08884	0.20000	0.00100	False
1	2	s000	30	0.10000	0.96744	0.96728	0.96818	2.50454	0.20000	0.00100	False
1	2	s000	30	0.01000	0.74491	0.71064	0.73850	4.29572	0.20000	0.00100	False
1	2	s000	30	0.00100	0.03528	0.01881	0.03811	4.48927	0.20000	0.00100	False
1	2	s000	40	1.00000	0.97286	0.97706	0.97752	0.09018	0.20000	0.00100	False
1	2	s000	40	0.10000	0.96336	0.96615	0.96909	2.35655	0.20000	0.00100	False
1	2	s000	40	0.01000	0.78562	0.75538	0.77812	4.27999	0.20000	0.00100	False
1	2	s000	40	0.00100	0.04613	0.02691	0.04273	4.48829	0.20000	0.00100	False
1	2	s000	50	1.00000	0.97286	0.96964	0.97158	0.08344	0.20000	0.00100	False
1	2	s000	50	0.10000	0.96879	0.97102	0.97289	2.33922	0.20000	0.00100	False
1	2	s000	50	0.01000	0.78697	0.75791	0.77633	4.27840	0.20000	0.00100	False
1	2	s000	50	0.00100	0.04071	0.02661	0.03892	4.48808	0.20000	0.00100	False
1	2	s000	60	1.00000	0.97286	0.96964	0.97158	0.08685	0.20000	0.00100	False
1	2	s000	60	0.10000	0.96472	0.95998	0.96445	2.33792	0.20000	0.00100	False
1	2	s000	60	0.01000	0.78697	0.75620	0.77824	4.27863	0.20000	0.00100	False
1	2	s000	60	0.00100	0.03935	0.02574	0.03862	4.48816	0.20000	0.00100	False
1	2	s001	10	1.00000	0.74763	0.63510	0.70039	1.36475	0.20000	0.00100	True
1	2	s001	10	0.10000	0.73270	0.61683	0.67160	1.42302	0.20000	0.00100	True
1	2	s001	10	0.01000	0.69471	0.55167	0.60116	3.77933	0.20000	0.00100	True
1	2	s001	10	0.00100	0.25916	0.11350	0.16301	4.37526	0.20000	0.00100	True
1	2	s001	20	1.00000	0.79376	0.72082	0.76389	2.15457	0.20000	0.00100	True
1	2	s001	20	0.10000	0.78155	0.70047	0.74504	0.68863	0.20000	0.00100	True
1	2	s001	20	0.01000	0.75034	0.65228	0.68859	2.78875	0.20000	0.00100	True
1	2	s001	20	0.00100	0.31615	0.19057	0.20739	4.04436	0.20000	0.00100	True
1	2	s001	30	1.00000	0.86974	0.80389	0.84126	1.73082	0.20000	0.00100	True
1	2	s001	30	0.10000	0.86703	0.80425	0.83862	0.44638	0.20000	0.00100	True
1	2	s001	30	0.01000	0.80597	0.74599	0.77807	2.04251	0.20000	0.00100	True
1	2	s001	30	0.00100	0.26459	0.16110	0.18960	3.70091	0.20000	0.00100	True
1	2	s001	40	1.00000	0.86974	0.84111	0.86463	1.90036	0.20000	0.00100	True
1	2	s001	40	0.10000	0.86567	0.83897	0.86892	0.41268	0.20000	0.00100	True
1	2	s001	40	0.01000	0.80868	0.74427	0.77399	1.45928	0.20000	0.00100	True
1	2	s001	40	0.00100	0.25780	0.15025	0.19356	3.35032	0.20000	0.00100	True
1	2	s001	50	1.00000	0.90773	0.89679	0.91608	1.16092	0.20000	0.00100	True
1	2	s001	50	0.10000	0.90773	0.88614	0.90454	0.29447	0.20000	0.00100	True
1	2	s001	50	0.01000	0.86567	0.83633	0.85916	1.10739	0.20000	0.00100	True
1	2	s001	50	0.00100	0.39077	0.24453	0.26648	3.00921	0.20000	0.00100	True
1	2	s001	60	1.00000	0.93216	0.91171	0.93057	0.91979	0.20000	0.00100	True
1	2	s001	60	0.10000	0.92266	0.90574	0.92537	0.25595	0.20000	0.00100	True
1	2	s001	60	0.01000	0.85617	0.83944	0.84863	0.92556	0.20000	0.00100	True
1	2	s001	60	0.00100	0.37042	0.25932	0.26947	2.83516	0.20000	0.00100	True
1	2	s001	70	1.00000	0.90502	0.91353	0.92395	2.04360	0.20000	0.00100	True
1	2	s001	70	0.10000	0.89552	0.90005	0.91322	0.60621	0.20000	0.00100	True
1	2	s001	70	0.01000	0.83175	0.79143	0.81593	0.80175	0.20000	0.00100	True
1	2	s001	70	0.00100	0.35685	0.26980	0.29390	2.73370	0.20000	0.00100	True
1	2	s001	80	1.00000	0.94437	0.94311	0.94997	1.37008	0.20000	0.00100	True
1	2	s001	80	0.10000	0.93351	0.92585	0.93545	0.34110	0.20000	0.00100	True
1	2	s001	80	0.01000	0.87110	0.84693	0.86051	0.63112	0.20000	0.00100	True
1	2	s001	80	0.00100	0.36499	0.26975	0.30310	2.62944	0.20000	0.00100	True
1	2	s001	90	1.00000	0.96201	0.96760	0.96880	0.82063	0.20000	0.00100	True
1	2	s001	90	0.10000	0.95794	0.96121	0.96322	0.26632	0.20000	0.00100	True
1	2	s001	90	0.01000	0.90231	0.88156	0.88485	0.58007	0.20000	0.00100	True
1	2	s001	90	0.00100	0.39756	0.30077	0.32197	2.51359	0.20000	0.00100	True
1	2	s001	100	1.00000	0.96201	0.94680	0.95566	0.76398	0.20000	0.00100	True
1	2	s001	100	0.10000	0.95387	0.94519	0.95654	0.20110	0.20000	0.00100	True
1	2	s001	100	0.01000	0.91180	0.89072	0.90136	0.49099	0.20000	0.00100	True
1	2	s001	100	0.00100	0.42469	0.32715	0.36942	2.43796	0.20000	0.00100	True
1	2	s001	110	1.00000	0.95929	0.95681	0.95994	0.82066	0.20000	0.00100	True
1	2	s001	110	0.10000	0.95794	0.94564	0.95341	0.19605	0.20000	0.00100	True
1	2	s001	110	0.01000	0.90231	0.87408	0.88579	0.47109	0.20000	0.00100	True
1	2	s001	110	0.00100	0.43148	0.33987	0.38217	2.40746	0.20000	0.00100	True
1	2	s001	120	1.00000	0.96201	0.96051	0.96305	0.73440	0.20000	0.00100	True
1	2	s001	120	0.10000	0.96065	0.96093	0.96620	0.17350	0.20000	0.00100	True
1	2	s001	120	0.01000	0.91452	0.90213	0.90917	0.44352	0.20000	0.00100	True
1	2	s001	120	0.00100	0.43962	0.34818	0.38320	2.37540	0.20000	0.00100	True
1	2	s001	130	1.00000	0.96879	0.96316	0.96644	0.65503	0.20000	0.00100	True
1	2	s001	130	0.10000	0.96608	0.96356	0.96853	0.16960	0.20000	0.00100	True
1	2	s001	130	0.01000	0.91859	0.89788	0.90781	0.44306	0.20000	0.00100	True
1	2	s001	130	0.00100	0.43826	0.34736	0.38552	2.36728	0.20000	0.00100	True
1	2	s001	140	1.00000	0.96744	0.96566	0.96945	0.63228	0.20000	0.00100	True
1	2	s001	140	0.10000	0.96336	0.96302	0.96853	0.16728	0.20000	0.00100	True
1	2	s001	140	0.01000	0.91859	0.90308	0.91066	0.43712	0.20000	0.00100	True
1	2	s001	140	0.00100	0.43962	0.34814	0.38670	2.36184	0.20000	0.00100	True
1	2	s001	150	1.00000	0.96744	0.96566	0.96945	0.64116	0.20000	0.00100	True
1	2	s001	150	0.10000	0.96201	0.95998	0.96696	0.16831	0.20000	0.00100	True
1	2	s001	150	0.01000	0.91723	0.90143	0.90974	0.43614	0.20000	0.00100	True
1	2	s001	150	0.00100	0.43962	0.34828	0.38670	2.36115	0.20000	0.00100	True
1	2	s002	10	1.00000	0.93894	0.93605	0.94670	0.19245	0.20000	0.00030	False
1	2	s002	10	0.10000	0.94301	0.93919	0.94779	3.26665	0.20000	0.00030	False
1	2	s002	10	0.01000	0.57531	0.46501	0.51223	4.38302	0.20000	0.00030	False
1	2	s002	10	0.00100	0.05427	0.01388	0.02787	4.49659	0.20000	0.00030	False
1	2	s002	20	1.00000	0.96879	0.95909	0.95947	0.10423	0.20000	0.00030	False
1	2	s002	20	0.10000	0.96201	0.95648	0.95860	3.00503	0.20000	0.00030	False
1	2	s002	20	0.01000	0.70285	0.59616	0.63586	4.35678	0.20000	0.00030	False
1	2	s002	20	0.00100	0.06106	0.01627	0.03437	4.49462	0.20000	0.00030	False
1	2	s002	30	1.00000	0.97422	0.97074	0.97404	0.09133	0.20000	0.00030	False
1	2	s002	30	0.10000	0.96879	0.96635	0.96739	2.93383	0.20000	0.00030	False
1	2	s002	30	0.01000	0.70556	0.62842	0.66810	4.34969	0.20000	0.00030	False
1	2	s002	30	0.00100	0.06920	0.01934	0.04075	4.49416	0.20000	0.00030	False
1	2	s002	40	1.00000	0.97829	0.97626	0.97510	0.09040	0.20000	0.00030	False
1	2	s002	40	0.10000	0.96608	0.97234	0.97171	2.84011	0.20000	0.00030	False
1	2	s002	40	0.01000	0.74220	0.66531	0.69550	4.34070	0.20000	0.00030	False
1	2	s002	40	0.00100	0.06513	0.01934	0.03642	4.49354	0.20000	0.00030	False
1	2	s002	50	1.00000	0.97286	0.96735	0.96637	0.08405	0.20000	0.00030	False
1	2	s002	50	0.10000	0.97015	0.96998	0.97014	2.82950	0.20000	0.00030	False
1	2	s002	50	0.01000	0.74220	0.66993	0.69389	4.33991	0.20000	0.00030	False
1	2	s002	50	0.00100	0.06649	0.01956	0.03672	4.49355	0.20000	0.00030	False
1	2	s002	60	1.00000	0.97286	0.96735	0.96637	0.08387	0.20000	0.00030	False
1	2	s002	60	0.10000	0.97151	0.97178	0.97160	2.83445	0.20000	0.00030	False
1	2	s002	60	0.01000	0.74220	0.67589	0.69907	4.34055	0.20000	0.00030	False
1	2	s002	60	0.00100	0.06377	0.01686	0.03515	4.49359	0.20000	0.00030	False
1	2	s003	10	1.00000	0.78290	0.71040	0.77674	0.85379	0.20000	0.00030	True
1	2	s003	10	0.10000	0.78697	0.70751	0.77087	2.14867	0.20000	0.00030	True
1	2	s003	10	0.01000	0.70285	0.56742	0.62195	4.19476	0.20000	0.00030	True
1	2	s003	10	0.00100	0.22659	0.07687	0.14325	4.47123	0.20000	0.00030	True
1	2	s003	20	1.00000	0.86024	0.81660	0.85262	1.00211	0.20000	0.00030	True
1	2	s003	20	0.10000	0.85889	0.82153	0.85055	0.96782	0.20000	0.00030	True
1	2	s003	20	0.01000	0.81954	0.77319	0.79992	3.77614	0.20000	0.00030	True
1	2	s003	20	0.00100	0.30122	0.16180	0.20807	4.40818	0.20000	0.00030	True
1	2	s003	30	1.00000	0.84668	0.82151	0.86313	1.58687	0.20000	0.00030	True
1	2	s003	30	0.10000	0.85075	0.82516	0.86551	0.55005	0.20000	0.00030	True
1	2	s003	30	0.01000	0.83175	0.78496	0.82176	3.33661	0.20000	0.00030	True
1	2	s003	30	0.00100	0.37313	0.21585	0.26972	4.33468	0.20000	0.00030	True
1	2	s003	40	1.00000	0.90638	0.88523	0.90865	0.87650	0.20000	0.00030	True
1	2	s003	40	0.10000	0.89281	0.87585	0.89541	0.32887	0.20000	0.00030	True
1	2	s003	40	0.01000	0.87788	0.85107	0.87115	2.80519	0.20000	0.00030	True
1	2	s003	40	0.00100	0.41927	0.25070	0.28781	4.23301	0.20000	0.00030	True
1	2	s003	50	1.00000	0.91316	0.90555	0.92102	1.03722	0.20000	0.00030	True
1	2	s003	50	0.10000	0.90909	0.89987	0.91637	0.27770	0.20000	0.00030	True
1	2	s003	50	0.01000	0.88738	0.87682	0.88993	2.45720	0.20000	0.00030	True
1	2	s003	50	0.00100	0.40977	0.25695	0.29583	4.14223	0.20000	0.00030	True
1	2	s003	60	1.00000	0.92402	0.91425	0.92339	0.91712	0.20000	0.00030	True
1	2	s003	60	0.10000	0.92130	0.91145	0.92282	0.21635	0.20000	0.00030	True
1	2	s003	60	0.01000	0.89281	0.87836	0.89040	2.11451	0.20000	0.00030	True
1	2	s003	60	0.00100	0.41248	0.26878	0.29954	4.05751	0.20000	0.00030	True
1	2	s003	70	1.00000	0.93894	0.92126	0.93271	0.91174	0.20000	0.00030	True
1	2	s003	70	0.10000	0.92809	0.91074	0.92712	0.21227	0.20000	0.00030	True
1	2	s003	70	0.01000	0.89688	0.86364	0.88011	1.89057	0.20000	0.00030	True
1	2	s003	70	0.00100	0.37585	0.25719	0.28502	3.98149	0.20000	0.00030	True
1	2	s003	80	1.00000	0.94708	0.93267	0.94440	0.72244	0.20000	0.00030	True
1	2	s003	80	0.10000	0.94301	0.92609	0.93802	0.15486	0.20000	0.00030	True
1	2	s003	80	0.01000	0.91452	0.90440	0.91024	1.60143	0.20000	0.00030	True
1	2	s003	80	0.00100	0.38399	0.24756	0.28020	3.89542	0.20000	0.00030	True
1	2	s003	90	1.00000	0.94301	0.93641	0.95032	0.80761	0.20000	0.00030	True
1	2	s003	90	0.10000	0.94166	0.93340	0.94930	0.17108	0.20000	0.00030	True
1	2	s003	90	0.01000	0.91995	0.90987	0.91734	1.50410	0.20000	0.00030	True
1	2	s003	90	0.00100	0.41113	0.26844	0.29319	3.85658	0.20000	0.00030	True
1	2	s003	100	1.00000	0.95522	0.93404	0.94476	0.74235	0.20000	0.00030	True
1	2	s003	100	0.10000	0.95794	0.92340	0.93789	0.15480	0.20000	0.00030	True
1	2	s003	100	0.01000	0.93623	0.91375	0.92799	1.37564	0.20000	0.00030	True
1	2	s003	100	0.00100	0.42198	0.29250	0.32194	3.80908	0.20000	0.00030	True
1	2	s003	110	1.00000	0.96201	0.95601	0.96089	0.60934	0.20000	0.00030	True
1	2	s003	110	0.10000	0.96201	0.95178	0.95961	0.12333	0.20000	0.00030	True
1	2	s003	110	0.01000	0.93487	0.91956	0.92523	1.29747	0.20000	0.00030	True
1	2	s003	110	0.00100	0.42469	0.29839	0.31983	3.77064	0.20000	0.00030	True
1	2	s003	120	1.00000	0.95658	0.94304	0.95482	0.64050	0.20000	0.00030	True
1	2	s003	120	0.10000	0.96065	0.95119	0.96192	0.12374	0.20000	0.00030	True
1	2	s003	120	0.01000	0.94030	0.92746	0.93450	1.24675	0.20000	0.00030	True
1	2	s003	120	0.00100	0.43419	0.30605	0.33109	3.75407	0.20000	0.00030	True
1	2	s003	130	1.00000	0.95658	0.94692	0.95508	0.68345	0.20000	0.00030	True
1	2	s003	130	0.10000	0.95658	0.94936	0.95733	0.12720	0.20000	0.00030	True
1	2	s003	130	0.01000	0.93216	0.92237	0.92709	1.21829	0.20000	0.00030	True
1	2	s003	130	0.00100	0.44233	0.31122	0.33880	3.74250	0.20000	0.00030	True
1	2	s003	140	1.00000	0.95794	0.94593	0.95599	0.67237	0.20000	0.00030	True
1	2	s003	140	0.10000	0.95794	0.95255	0.96042	0.12779	0.20000	0.00030	True
1	2	s003	140	0.01000	0.94166	0.93723	0.93850	1.20453	0.20000	0.00030	True
1	2	s003	140	0.00100	0.43826	0.30321	0.32662	3.73885	0.20000	0.00030	True
1	2	s003	150	1.00000	0.95794	0.94593	0.95599	0.66804	0.20000	0.00030	True
1	2	s003	150	0.10000	0.95929	0.95331	0.96134	0.12703	0.20000	0.00030	True
1	2	s003	150	0.01000	0.94437	0.93991	0.94143	1.20292	0.20000	0.00030	True
1	2	s003	150	0.00100	0.43962	0.30378	0.32731	3.73833	0.20000	0.00030	True
2	0	s000	10	1.00000	0.91870	0.92318	0.93339	0.25877	0.20000	0.00100	False
2	0	s000	10	0.10000	0.92547	0.91542	0.92926	3.10939	0.20000	0.00100	False
2	0	s000	10	0.01000	0.59621	0.47376	0.51358	4.36577	0.20000	0.00100	False
2	0	s000	10	0.00100	0.02304	0.01012	0.03074	4.49571	0.20000	0.00100	False
2	0	s000	20	1.00000	0.93902	0.92604	0.93031	0.19051	0.20000	0.00100	False
2	0	s000	20	0.10000	0.92683	0.91059	0.91505	2.56347	0.20000	0.00100	False
2	0	s000	20	0.01000	0.69919	0.57783	0.61761	4.30298	0.20000	0.00100	False
2	0	s000	20	0.00100	0.02846	0.01977	0.03382	4.49043	0.20000	0.00100	False
2	0	s000	30	1.00000	0.95122	0.93956	0.94368	0.14910	0.20000	0.00100	False
2	0	s000	30	0.10000	0.94444	0.92991	0.93644	2.50417	0.20000	0.00100	False
2	0	s000	30	0.01000	0.79133	0.74007	0.76134	4.29688	0.20000	0.00100	False
2	0	s000	30	0.00100	0.03117	0.01971	0.03759	4.48973	0.20000	0.00100	False
2	0	s000	40	1.00000	0.96070	0.94232	0.94595	0.10716	0.20000	0.00100	False
2	0	s000	40	0.10000	0.95664	0.94440	0.94949	2.35463	0.20000	0.00100	False
2	0	s000	40	0.01000	0.80759	0.75729	0.77102	4.28024	0.20000	0.00100	False
2	0	s000	40	0.00100	0.03117	0.02044	0.03759	4.48851	0.20000	0.00100	False
2	0	s000	50	1.00000	0.96341	0.96072	0.96422	0.10449	0.20000	0.00100	False
2	0	s000	50	0.10000	0.95935	0.96054	0.96438	2.31809	0.20000	0.00100	False
2	0	s000	50	0.01000	0.81843	0.76927	0.78427	4.27625	0.20000	0.00100	False
2	0	s000	50	0.00100	0.03117	0.01966	0.03759	4.48819	0.20000	0.00100	False
2	0	s000	60	1.00000	0.96612	0.96028	0.96382	0.10207	0.20000	0.00100	False
2	0	s000	60	0.10000	0.95935	0.95604	0.96037	2.30204	0.20000	0.00100	False
2	0	s000	60	0.01000	0.82385	0.78487	0.79615	4.27452	0.20000	0.00100	False
2	0	s000	60	0.00100	0.03117	0.02044	0.03759	4.48810	0.20000	0.00100	False
2	0	s001	10	1.00000	0.74255	0.61561	0.67636	1.57088	0.20000	0.00100	True
2	0	s001	10	0.10000	0.73442	0.61061	0.66813	1.60040	0.20000	0.00100	True
2	0	s001	10	0.01000	0.68835	0.54177	0.59755	3.94146	0.20000	0.00100	True
2	0	s001	10	0.00100	0.23306	0.12916	0.16583	4.40628	0.20000	0.00100	True
2	0	s001	20	1.00000	0.72764	0.70495	0.75366	2.71206	0.20000	0.00100	True
2	0	s001	20	0.10000	0.72629	0.70258	0.75626	0.85569	0.20000	0.00100	True
2	0	s001	20	0.01000	0.69783	0.66375	0.70862	3.07486	0.20000	0.00100	True
2	0	s001	20	0.00100	0.21274	0.12148	0.14966	4.14499	0.20000	0.00100	True
2	0	s001	30	1.00000	0.85366	0.84514	0.87611	1.69446	0.20000	0.00100	True
2	0	s001	30	0.10000	0.84824	0.84013	0.87409	0.45332	0.20000	0.00100	True
2	0	s001	30	0.01000	0.80759	0.78927	0.81872	2.24582	0.20000	0.00100	True
2	0	s001	30	0.00100	0.24255	0.15334	0.19497	3.83205	0.20000	0.00100	True
2	0	s001	40	1.00000	0.88347	0.87086	0.89157	1.58679	0.20000	0.00100	True
2	0	s001	40	0.10000	0.87805	0.85982	0.88117	0.39959	0.20000	0.00100	True
2	0	s001	40	0.01000	0.82927	0.79476	0.81984	1.58107	0.20000	0.00100	True
2	0	s001	40	0.00100	0.31843	0.20540	0.23626	3.47742	0.20000	0.00100	True
2	0	s001	50	1.00000	0.91463	0.89420	0.91137	1.39472	0.20000	0.00100	True
2	0	s001	50	0.10000	0.90921	0.88344	0.90279	0.29474	0.20000	0.00100	True
2	0	s001	50	0.01000	0.85772	0.80973	0.83264	1.14734	0.20000	0.00100	True
2	0	s001	50	0.00100	0.34553	0.24892	0.27600	3.18978	0.20000	0.00100	True
2	0	s001	60	1.00000	0.85637	0.78106	0.81006	3.17120	0.20000	0.00100	True
2	0	s001	60	0.10000	0.83740	0.76265	0.79627	0.64962	0.20000	0.00100	True
2	0	s001	60	0.01000	0.78726	0.72293	0.74310	1.10387	0.20000	0.00100	True
2	0	s001	60	0.00100	0.33062	0.23791	0.27332	3.01508	0.20000	0.00100	True
2	0	s001	70	1.00000	0.95122	0.95195	0.95546	0.72413	0.20000	0.00100	True
2	0	s001	70	0.10000	0.94715	0.95382	0.95847	0.22928	0.20000	0.00100	True
2	0	s001	70	0.01000	0.89837	0.88276	0.89295	0.72434	0.20000	0.00100	True
2	0	s001	70	0.00100	0.32656	0.24660	0.29029	2.85958	0.20000	0.00100	True
2	0	s001	80	1.00000	0.94309	0.94641	0.94923	0.85113	0.20000	0.00100	True
2	0	s001	80	0.10000	0.93496	0.93877	0.94183	0.23689	0.20000	0.00100	True
2	0	s001	80	0.01000	0.87805	0.88121	0.88635	0.66322	0.20000	0.00100	True
2	0	s001	80	0.00100	0.39702	0.30046	0.32314	2.68203	0.20000	0.00100	True
2	0	s001	90	1.00000	0.96206	0.94806	0.95131	0.80183	0.20000	0.00100	True
2	0	s001	90	0.10000	0.95664	0.94037	0.94517	0.23171	0.20000	0.00100	True
2	0	s001	90	0.01000	0.90921	0.89956	0.90492	0.58525	0.20000	0.00100	True
2	0	s001	90	0.00100	0.37398	0.30097	0.32019	2.63576	0.20000	0.00100	True
2	0	s001	100	1.00000	0.95935	0.94259	0.94769	0.69131	0.20000	0.00100	True
2	0	s001	100	0.10000	0.96070	0.95725	0.95915	0.18291	0.20000	0.00100	True
2	0	s001	100	0.01000	0.91870	0.91189	0.92248	0.50532	0.20000	0.00100	True
2	0	s001	100	0.00100	0.42276	0.32537	0.35249	2.51474	0.20000	0.00100	True
2	0	s001	110	1.00000	0.96477	0.95962	0.96366	0.62316	0.20000	0.00100	True
2	0	s001	110	0.10000	0.96070	0.96351	0.96847	0.18556	0.20000	0.00100	True
2	0	s001	110	0.01000	0.90379	0.89231	0.89889	0.46258	0.20000	0.00100	True
2	0	s001	110	0.00100	0.44580	0.34773	0.37111	2.44839	0.20000	0.00100	True
2	0	s001	120	1.00000	0.96612	0.96439	0.96935	0.66375	0.20000	0.00100	True
2	0	s001	120	0.10000	0.95799	0.95995	0.96673	0.18829	0.20000	0.00100	True
2	0	s001	120	0.01000	0.91870	0.91113	0.91644	0.44715	0.20000	0.00100	True
2	0	s001	120	0.00100	0.46748	0.38891	0.41465	2.43132	0.20000	0.00100	True
2	0	s001	130	1.00000	0.96612	0.95891	0.96181	0.62104	0.20000	0.00100	True
2	0	s001	130	0.10000	0.96477	0.96788	0.97141	0.18713	0.20000	0.00100	True
2	0	s001	130	0.01000	0.92276	0.91678	0.91912	0.43410	0.20000	0.00100	True
2	0	s001	130	0.00100	0.47425	0.39592	0.42346	2.41139	0.20000	0.00100	True
2	0	s001	140	1.00000	0.97019	0.96856	0.97092	0.58581	0.20000	0.00100	True
2	0	s001	140	0.10000	0.96341	0.96489	0.96939	0.18164	0.20000	0.00100	True
2	0	s001	140	0.01000	0.92141	0.91355	0.91685	0.42560	0.20000	0.00100	True
2	0	s001	140	0.00100	0.47290	0.40316	0.42816	2.40305	0.20000	0.00100	True
2	0	s001	150	1.00000	0.97154	0.97098	0.97367	0.58390	0.20000	0.00100	True
2	0	s001	150	0.10000	0.96477	0.96534	0.96968	0.18143	0.20000	0.00100	True
2	0	s001	150	0.01000	0.92141	0.91365	0.91685	0.42485	0.20000	0.00100	True
2	0	s001	150	0.00100	0.47019	0.40244	0.42718	2.40176	0.20000	0.00100	True
2	0	s002	10	1.00000	0.93631	0.93590	0.94031	0.20856	0.20000	0.00030	False
2	0	s002	10	0.10000	0.93902	0.92757	0.93090	3.27109	0.20000	0.00030	False
2	0	s002	10	0.01000	0.59621	0.43967	0.50647	4.38317	0.20000	0.00030	False
2	0	s002	10	0.00100	0.07995	0.02602	0.04579	4.49728	0.20000	0.00030	False
2	0	s002	20	1.00000	0.96477	0.95835	0.96212	0.10913	0.20000	0.00030	False
2	0	s002	20	0.10000	0.95799	0.94266	0.94683	3.07907	0.20000	0.00030	False
2	0	s002	20	0.01000	0.66260	0.54285	0.59196	4.36466	0.20000	0.00030	False
2	0	s002	20	0.00100	0.09079	0.03398	0.05952	4.49622	0.20000	0.00030	False
2	0	s002	30	1.00000	0.96883	0.96179	0.96217	0.08768	0.20000	0.00030	False
2	0	s002	30	0.10000	0.96612	0.95405	0.95481	2.91664	0.20000	0.00030	False
2	0	s002	30	0.01000	0.69919	0.59039	0.62944	4.34954	0.20000	0.00030	False
2	0	s002	30	0.00100	0.09214	0.03128	0.05806	4.49511	0.20000	0.00030	False
2	0	s002	40	1.00000	0.96748	0.96390	0.96749	0.08670	0.20000	0.00030	False
2	0	s002	40	0.10000	0.96341	0.95786	0.95971	2.88030	0.20000	0.00030	False
2	0	s002	40	0.01000	0.73848	0.62886	0.66791	4.34622	0.20000	0.00030	False
2	0	s002	40	0.00100	0.09350	0.03318	0.05770	4.49502	0.20000	0.00030	False
2	0	s002	50	1.00000	0.97425	0.96653	0.96913	0.07795	0.20000	0.00030	False
2	0	s002	50	0.10000	0.97290	0.97164	0.97443	2.85606	0.20000	0.00030	False
2	0	s002	50	0.01000	0.73577	0.62865	0.65740	4.34388	0.20000	0.00030	False
2	0	s002	50	0.00100	0.09485	0.03441	0.05953	4.49484	0.20000	0.00030	False
2	0	s002	60	1.00000	0.96748	0.96166	0.96423	0.08112	0.20000	0.00030	False
2	0	s002	60	0.10000	0.97154	0.97096	0.97388	2.84934	0.20000	0.00030	False
2	0	s002	60	0.01000	0.74119	0.63355	0.66014	4.34331	0.20000	0.00030	False
2	0	s002	60	0.00100	0.09485	0.03449	0.05953	4.49482	0.20000	0.00030	False
2	0	s003	10	1.00000	0.80081	0.70551	0.75158	0.76675	0.20000	0.00030	True
2	0	s003	10	0.10000	0.78862	0.67435	0.72012	2.06911	0.20000	0.00030	True
2	0	s003	10	0.01000	0.72087	0.60358	0.64398	4.18137	0.20000	0.00030	True
2	0	s003	10	0.00100	0.18157	0.07500	0.12772	4.47063	0.20000	0.00030	True
2	0	s003	20	1.00000	0.83469	0.80745	0.83749	0.93959	0.20000	0.00030	True
2	0	s003	20	0.10000	0.82656	0.79530	0.82811	0.96834	0.20000	0.00030	True
2	0	s003	20	0.01000	0.81030	0.71485	0.74410	3.80189	0.20000	0.00030	True
2	0	s003	20	0.00100	0.30352	0.16134	0.22610	4.41056	0.20000	0.00030	True
2	0	s003	30	1.00000	0.91463	0.89827	0.91555	0.58358	0.20000	0.00030	True
2	0	s003	30	0.10000	0.90379	0.89397	0.90946	0.45275	0.20000	0.00030	True
2	0	s003	30	0.01000	0.88618	0.83054	0.85768	3.33974	0.20000	0.00030	True
2	0	s003	30	0.00100	0.34688	0.24480	0.27704	4.33911	0.20000	0.00030	True
2	0	s003	40	1.00000	0.90921	0.89258	0.90845	0.77158	0.20000	0.00030	True
2	0	s003	40	0.10000	0.90244	0.88564	0.90534	0.36641	0.20000	0.00030	True
2	0	s003	40	0.01000	0.86992	0.83870	0.85657	2.97708	0.20000	0.00030	True
2	0	s003	40	0.00100	0.36585	0.27451	0.30526	4.26699	0.20000	0.00030	True
2	0	s003	50	1.00000	0.91599	0.92717	0.94492	0.95206	0.20000	0.00030	True
2	0	s003	50	0.10000	0.91463	0.92390	0.94244	0.27860	0.20000	0.00030	True
2	0	s003	50	0.01000	0.88076	0.86077	0.87603	2.47157	0.20000	0.00030	True
2	0	s003	50	0.00100	0.39431	0.30332	0.34293	4.18337	0.20000	0.00030	True
2	0	s003	60	1.00000	0.92276	0.89632	0.90764	1.02673	0.20000	0.00030	True
2	0	s003	60	0.10000	0.92141	0.89068	0.90131	0.23688	0.20000	0.00030	True
2	0	s003	60	0.01000	0.88482	0.83810	0.85656	2.20967	0.20000	0.00030	True
2	0	s003	60	0.00100	0.42005	0.29199	0.32807	4.09998	0.20000	0.00030	True
2	0	s003	70	1.00000	0.93496	0.90975	0.91522	0.79206	0.20000	0.00030	True
2	0	s003	70	0.10000	0.93496	0.90968	0.91881	0.18984	0.20000	0.00030	True
2	0	s003	70	0.01000	0.90108	0.88207	0.88432	1.90068	0.20000	0.00030	True
2	0	s003	70	0.00100	0.42818	0.28780	0.33223	4.02461	0.20000	0.00030	True
2	0	s003	80	1.00000	0.95257	0.93734	0.93488	0.63686	0.20000	0.00030	True
2	0	s003	80	0.10000	0.94851	0.93877	0.93862	0.16262	0.20000	0.00030	True
2	0	s003	80	0.01000	0.91057	0.88720	0.89022	1.69101	0.20000	0.00030	True
2	0	s003	80	0.00100	0.39431	0.27727	0.30353	3.94764	0.20000	0.00030	True
2	0	s003	90	1.00000	0.95122	0.94188	0.94454	0.67154	0.20000	0.00030	True
2	0	s003	90	0.10000	0.94851	0.94459	0.94679	0.15363	0.20000	0.00030	True
2	0	s003	90	0.01000	0.91328	0.89405	0.90165	1.53786	0.20000	0.00030	True
2	0	s003	90	0.00100	0.42547	0.31203	0.33959	3.90306	0.20000	0.00030	True
2	0	s003	100	1.00000	0.95393	0.94783	0.95083	0.78500	0.20000	0.00030	True
2	0	s003	100	0.10000	0.94580	0.94969	0.95525	0.18244	0.20000	0.00030	True
2	0	s003	100	0.01000	0.90921	0.89867	0.90982	1.40699	0.20000	0.00030	True
2	0	s003	100	0.00100	0.42954	0.31616	0.36517	3.86340	0.20000	0.00030	True
2	0	s003	110	1.00000	0.95257	0.94225	0.94443	0.67694	0.20000	0.00030	True
2	0	s003	110	0.10000	0.95257	0.95381	0.95715	0.15217	0.20000	0.00030	True
2	0	s003	110	0.01000	0.91870	0.90324	0.90832	1.36249	0.20000	0.00030	True
2	0	s003	110	0.00100	0.44715	0.32372	0.36224	3.82831	0.20000	0.00030	True
2	0	s003	120	1.00000	0.95528	0.94662	0.94678	0.65845	0.20000	0.00030	True
2	0	s003	120	0.10000	0.94986	0.94594	0.94534	0.15182	0.20000	0.00030	True
2	0	s003	120	0.01000	0.92683	0.90633	0.90916	1.30616	0.20000	0.00030	True
2	0	s003	120	0.00100	0.43360	0.31639	0.34837	3.80893	0.20000	0.00030	True
2	0	s003	130	1.00000	0.96341	0.95643	0.95806	0.52089	0.20000	0.00030	True
2	0	s003	130	0.10000	0.95935	0.96666	0.96865	0.12810	0.20000	0.00030	True
2	0	s003	130	0.01000	0.92547	0.90550	0.91018	1.27816	0.20000	0.00030	True
2	0	s003	130	0.00100	0.42954	0.32567	0.35178	3.79764	0.20000	0.00030	True
2	0	s003	140	1.00000	0.95935	0.95311	0.95434	0.54795	0.20000	0.00030	True
2	0	s003	140	0.10000	0.95935	0.96568	0.96876	0.13306	0.20000	0.00030	True
2	0	s003	140	0.01000	0.92818	0.90929	0.91410	1.26401	0.20000	0.00030	True
2	0	s003	140	0.00100	0.43089	0.32406	0.35199	3.79304	0.20000	0.00030	True
2	0	s003	150	1.00000	0.96070	0.95638	0.95709	0.53931	0.20000	0.00030	True
2	0	s003	150	0.10000	0.95935	0.96568	0.96876	0.13233	0.20000	0.00030	True
2	0	s003	150	0.01000	0.92818	0.91214	0.91629	1.26248	0.20000	0.00030	True
2	0	s003	150	0.00100	0.43089	0.32488	0.35199	3.79252	0.20000	0.00030	True
2	1	s000	10	1.00000	0.92818	0.93485	0.93914	0.22408	0.20000	0.00100	False
2	1	s000	10	0.10000	0.92141	0.91331	0.92144	3.05804	0.20000	0.00100	False
2	1	s000	10	0.01000	0.57317	0.48880	0.54698	4.36033	0.20000	0.00100	False
2	1	s000	10	0.00100	0.02304	0.00601	0.02463	4.49523	0.20000	0.00100	False
2	1	s000	20	1.00000	0.96612	0.96289	0.96182	0.12958	0.20000	0.00100	False
2	1	s000	20	0.10000	0.95257	0.95037	0.94936	2.71630	0.20000	0.00100	False
2	1	s000	20	0.01000	0.72629	0.65166	0.69353	4.32210	0.20000	0.00100	False
2	1	s000	20	0.00100	0.03523	0.01301	0.03399	4.49154	0.20000	0.00100	False
2	1	s000	30	1.00000	0.97019	0.97454	0.97071	0.09592	0.20000	0.00100	False
2	1	s000	30	0.10000	0.96477	0.97136	0.96798	2.49498	0.20000	0.00100	False
2	1	s000	30	0.01000	0.75745	0.68832	0.72246	4.29561	0.20000	0.00100	False
2	1	s000	30	0.00100	0.05420	0.02591	0.05089	4.48895	0.20000	0.00100	False
2	1	s000	40	1.00000	0.97696	0.97761	0.97594	0.08459	0.20000	0.00100	False
2	1	s000	40	0.10000	0.97154	0.97534	0.97111	2.39321	0.20000	0.00100	False
2	1	s000	40	0.01000	0.78862	0.72484	0.75856	4.28306	0.20000	0.00100	False
2	1	s000	40	0.00100	0.04336	0.02481	0.04382	4.48785	0.20000	0.00100	False
2	1	s000	50	1.00000	0.97967	0.98072	0.98271	0.07526	0.20000	0.00100	False
2	1	s000	50	0.10000	0.97425	0.97841	0.97562	2.34855	0.20000	0.00100	False
2	1	s000	50	0.01000	0.82385	0.76639	0.78774	4.27921	0.20000	0.00100	False
2	1	s000	50	0.00100	0.04878	0.02565	0.04689	4.48748	0.20000	0.00100	False
2	1	s000	60	1.00000	0.97832	0.98280	0.98331	0.07692	0.20000	0.00100	False
2	1	s000	60	0.10000	0.97154	0.97784	0.97605	2.34589	0.20000	0.00100	False
2	1	s000	60	0.01000	0.82114	0.76159	0.78598	4.27877	0.20000	0.00100	False
2	1	s000	60	0.00100	0.04743	0.02483	0.04636	4.48744	0.20000	0.00100	False
2	1	s001	10	1.00000	0.70867	0.60937	0.67343	1.88628	0.20000	0.00100	True
2	1	s001	10	0.10000	0.70732	0.61693	0.67584	1.47327	0.20000	0.00100	True
2	1	s001	10	0.01000	0.64228	0.49034	0.54220	3.81054	0.20000	0.00100	True
2	1	s001	10	0.00100	0.26287	0.11468	0.14473	4.37235	0.20000	0.00100	True
2	1	s001	20	1.00000	0.75881	0.70868	0.75130	2.56025	0.20000	0.00100	True
2	1	s001	20	0.10000	0.75339	0.69421	0.73693	0.76526	0.20000	0.00100	True
2	1	s001	20	0.01000	0.71274	0.62818	0.67384	2.80736	0.20000	0.00100	True
2	1	s001	20	0.00100	0.23577	0.12293	0.14645	4.05982	0.20000	0.00100	True
2	1	s001	30	1.00000	0.85366	0.84986	0.86189	2.08241	0.20000	0.00100	True
2	1	s001	30	0.10000	0.85908	0.85208	0.86422	0.53558	0.20000	0.00100	True
2	1	s001	30	0.01000	0.80352	0.78341	0.79805	2.14081	0.20000	0.00100	True
2	1	s001	30	0.00100	0.32249	0.17511	0.20166	3.69194	0.20000	0.00100	True
2	1	s001	40	1.00000	0.90379	0.91331	0.91563	1.01642	0.20000	0.00100	True
2	1	s001	40	0.10000	0.90244	0.90753	0.91487	0.28722	0.20000	0.00100	True
2	1	s001	40	0.01000	0.83740	0.81969	0.83347	1.39351	0.20000	0.00100	True
2	1	s001	40	0.00100	0.36856	0.23248	0.26358	3.33989	0.20000	0.00100	True
2	1	s001	50	1.00000	0.93225	0.91966	0.92079	0.83559	0.20000	0.00100	True
2	1	s001	50	0.10000	0.92683	0.91948	0.92132	0.23451	0.20000	0.00100	True
2	1	s001	50	0.01000	0.86585	0.83323	0.84777	1.13337	0.20000	0.00100	True
2	1	s001	50	0.00100	0.36314	0.22981	0.25311	3.09427	0.20000	0.00100	True
2	1	s001	60	1.00000	0.88753	0.90249	0.90762	1.91482	0.20000	0.00100	True
2	1	s001	60	0.10000	0.87263	0.89442	0.90049	0.45938	0.20000	0.00100	True
2	1	s001	60	0.01000	0.81707	0.80438	0.82193	0.98604	0.20000	0.00100	True
2	1	s001	60	0.00100	0.39566	0.24182	0.28633	2.87872	0.20000	0.00100	True
2	1	s001	70	1.00000	0.92276	0.91379	0.92347	1.52920	0.20000	0.00100	True
2	1	s001	70	0.10000	0.91870	0.91643	0.92945	0.28098	0.20000	0.00100	True
2	1	s001	70	0.01000	0.87669	0.84834	0.86430	0.78684	0.20000	0.00100	True
2	1	s001	70	0.00100	0.39702	0.26405	0.30338	2.76412	0.20000	0.00100	True
2	1	s001	80	1.00000	0.96748	0.97177	0.97059	0.53164	0.20000	0.00100	True
2	1	s001	80	0.10000	0.95799	0.95843	0.95624	0.18147	0.20000	0.00100	True
2	1	s001	80	0.01000	0.87398	0.85684	0.86991	0.61270	0.20000	0.00100	True
2	1	s001	80	0.00100	0.41192	0.29951	0.31750	2.63371	0.20000	0.00100	True
2	1	s001	90	1.00000	0.95393	0.95612	0.95635	0.94157	0.20000	0.00100	True
2	1	s001	90	0.10000	0.94715	0.95004	0.95265	0.21048	0.20000	0.00100	True
2	1	s001	90	0.01000	0.86856	0.85306	0.86659	0.64556	0.20000	0.00100	True
2	1	s001	90	0.00100	0.42412	0.31653	0.34842	2.57997	0.20000	0.00100	True
2	1	s001	100	1.00000	0.96070	0.95484	0.95988	0.82377	0.20000	0.00100	True
2	1	s001	100	0.10000	0.95799	0.95669	0.96230	0.21336	0.20000	0.00100	True
2	1	s001	100	0.01000	0.88889	0.87417	0.88036	0.54100	0.20000	0.00100	True
2	1	s001	100	0.00100	0.44038	0.32676	0.36578	2.48870	0.20000	0.00100	True
2	1	s001	110	1.00000	0.94986	0.94144	0.94767	1.16374	0.20000	0.00100	True
2	1	s001	110	0.10000	0.95122	0.94297	0.95094	0.28887	0.20000	0.00100	True
2	1	s001	110	0.01000	0.87940	0.85491	0.86677	0.51730	0.20000	0.00100	True
2	1	s001	110	0.00100	0.45528	0.34884	0.39005	2.43765	0.20000	0.00100	True
2	1	s001	120	1.00000	0.96070	0.96007	0.96027	0.79899	0.20000	0.00100	True
2	1	s001	120	0.10000	0.95799	0.95637	0.95729	0.23843	0.20000	0.00100	True
2	1	s001	120	0.01000	0.88753	0.86601	0.87528	0.49085	0.20000	0.00100	True
2	1	s001	120	0.00100	0.46477	0.35057	0.39367	2.41022	0.20000	0.00100	True
2	1	s001	130	1.00000	0.96477	0.95786	0.96161	0.75612	0.20000	0.00100	True
2	1	s001	130	0.10000	0.95935	0.95604	0.95840	0.21215	0.20000	0.00100	True
2	1	s001	130	0.01000	0.88889	0.86650	0.87366	0.46592	0.20000	0.00100	True
2	1	s001	130	0.00100	0.46477	0.35671	0.40210	2.39587	0.20000	0.00100	True
2	1	s001	140	1.00000	0.96748	0.96422	0.96521	0.76291	0.20000	0.00100	True
2	1	s001	140	0.10000	0.96206	0.95469	0.95640	0.21360	0.20000	0.00100	True
2	1	s001	140	0.01000	0.89295	0.86731	0.87402	0.46143	0.20000	0.00100	True
2	1	s001	140	0.00100	0.46341	0.35300	0.40027	2.38756	0.20000	0.00100	True
2	1	s001	150	1.00000	0.96748	0.96422	0.96521	0.75381	0.20000	0.00100	True
2	1	s001	150	0.10000	0.96341	0.95788	0.96006	0.21222	0.20000	0.00100	True
2	1	s001	150	0.01000	0.89431	0.86797	0.87437	0.46046	0.20000	0.00100	True
2	1	s001	150	0.00100	0.46341	0.35300	0.40027	2.38686	0.20000	0.00100	True
2	1	s002	10	1.00000	0.94444	0.94699	0.94496	0.20604	0.20000	0.00030	False
2	1	s002	10	0.10000	0.92954	0.92924	0.92903	3.31854	0.20000	0.00030	False
2	1	s002	10	0.01000	0.53388	0.39968	0.44829	4.38804	0.20000	0.00030	False
2	1	s002	10	0.00100	0.04201	0.01602	0.03844	4.49675	0.20000	0.00030	False
2	1	s002	20	1.00000	0.96612	0.96566	0.96374	0.10619	0.20000	0.00030	False
2	1	s002	20	0.10000	0.96341	0.96685	0.96583	3.06912	0.20000	0.00030	False
2	1	s002	20	0.01000	0.64905	0.54042	0.57383	4.36357	0.20000	0.00030	False
2	1	s002	20	0.00100	0.06911	0.02152	0.05146	4.49495	0.20000	0.00030	False
2	1	s002	30	1.00000	0.96748	0.95894	0.95723	0.08660	0.20000	0.00030	False
2	1	s002	30	0.10000	0.97290	0.97610	0.97227	2.94574	0.20000	0.00030	False
2	1	s002	30	0.01000	0.69919	0.58972	0.61723	4.35138	0.20000	0.00030	False
2	1	s002	30	0.00100	0.06640	0.02357	0.05131	4.49403	0.20000	0.00030	False
2	1	s002	40	1.00000	0.97154	0.96521	0.96461	0.07579	0.20000	0.00030	False
2	1	s002	40	0.10000	0.97019	0.97223	0.97002	2.88568	0.20000	0.00030	False
2	1	s002	40	0.01000	0.72358	0.62045	0.64464	4.34589	0.20000	0.00030	False
2	1	s002	40	0.00100	0.07588	0.02419	0.05269	4.49365	0.20000	0.00030	False
2	1	s002	50	1.00000	0.97019	0.97231	0.96903	0.07941	0.20000	0.00030	False
2	1	s002	50	0.10000	0.97290	0.98277	0.98019	2.86248	0.20000	0.00030	False
2	1	s002	50	0.01000	0.74390	0.65135	0.67212	4.34357	0.20000	0.00030	False
2	1	s002	50	0.00100	0.08266	0.02465	0.05776	4.49348	0.20000	0.00030	False
2	1	s002	60	1.00000	0.97290	0.96682	0.96615	0.07720	0.20000	0.00030	False
2	1	s002	60	0.10000	0.97832	0.98693	0.98587	2.85910	0.20000	0.00030	False
2	1	s002	60	0.01000	0.74526	0.65276	0.67426	4.34331	0.20000	0.00030	False
2	1	s002	60	0.00100	0.08130	0.02400	0.05723	4.49349	0.20000	0.00030	False
2	1	s003	10	1.00000	0.74255	0.66045	0.70588	1.38403	0.20000	0.00030	True
2	1	s003	10	0.10000	0.73848	0.64612	0.68897	2.03728	0.20000	0.00030	True
2	1	s003	10	0.01000	0.64228	0.49501	0.54310	4.17290	0.20000	0.00030	True
2	1	s003	10	0.00100	0.18157	0.05865	0.10794	4.46860	0.20000	0.00030	True
2	1	s003	20	1.00000	0.87534	0.84922	0.86180	0.92758	0.20000	0.00030	True
2	1	s003	20	0.10000	0.86856	0.83867	0.84716	0.85429	0.20000	0.00030	True
2	1	s003	20	0.01000	0.81572	0.74258	0.76091	3.72503	0.20000	0.00030	True
2	1	s003	20	0.00100	0.28184	0.16499	0.21707	4.40176	0.20000	0.00030	True
2	1	s003	30	1.00000	0.89024	0.83545	0.85415	0.90792	0.20000	0.00030	True
2	1	s003	30	0.10000	0.88889	0.83171	0.85480	0.45380	0.20000	0.00030	True
2	1	s003	30	0.01000	0.85772	0.78843	0.81588	3.24734	0.20000	0.00030	True
2	1	s003	30	0.00100	0.35908	0.20622	0.24576	4.31856	0.20000	0.00030	True
2	1	s003	40	1.00000	0.89024	0.88709	0.89748	1.05058	0.20000	0.00030	True
2	1	s003	40	0.10000	0.88889	0.88983	0.89735	0.32869	0.20000	0.00030	True
2	1	s003	40	0.01000	0.84011	0.80520	0.82327	2.84633	0.20000	0.00030	True
2	1	s003	40	0.00100	0.39024	0.24006	0.27955	4.23384	0.20000	0.00030	True
2	1	s003	50	1.00000	0.93902	0.93216	0.93345	0.58306	0.20000	0.00030	True
2	1	s003	50	0.10000	0.92954	0.92350	0.92179	0.23016	0.20000	0.00030	True
2	1	s003	50	0.01000	0.89024	0.86176	0.86574	2.45216	0.20000	0.00030	True
2	1	s003	50	0.00100	0.42954	0.25210	0.28409	4.13142	0.20000	0.00030	True
2	1	s003	60	1.00000	0.94580	0.92749	0.93026	0.50898	0.20000	0.00030	True
2	1	s003	60	0.10000	0.94444	0.93033	0.93238	0.18457	0.20000	0.00030	True
2	1	s003	60	0.01000	0.88347	0.85489	0.85537	2.15750	0.20000	0.00030	True
2	1	s003	60	0.00100	0.41734	0.26211	0.30043	4.03998	0.20000	0.00030	True
2	1	s003	70	1.00000	0.94580	0.95652	0.96058	0.68059	0.20000	0.00030	True
2	1	s003	70	0.10000	0.94309	0.95700	0.96249	0.18741	0.20000	0.00030	True
2	1	s003	70	0.01000	0.90515	0.89915	0.90334	1.90462	0.20000	0.00030	True
2	1	s003	70	0.00100	0.42276	0.27428	0.31598	3.96847	0.20000	0.00030	True
2	1	s003	80	1.00000	0.95393	0.93986	0.94213	0.59073	0.20000	0.00030	True
2	1	s003	80	0.10000	0.95664	0.94920	0.94602	0.14217	0.20000	0.00030	True
2	1	s003	80	0.01000	0.91463	0.89641	0.89367	1.64395	0.20000	0.00030	True
2	1	s003	80	0.00100	0.44851	0.29059	0.32690	3.88640	0.20000	0.00030	True
2	1	s003	90	1.00000	0.95799	0.95285	0.95341	0.49535	0.20000	0.00030	True
2	1	s003	90	0.10000	0.95122	0.94168	0.94059	0.13228	0.20000	0.00030	True
2	1	s003	90	0.01000	0.92141	0.90675	0.90775	1.50230	0.20000	0.00030	True
2	1	s003	90	0.00100	0.43089	0.28148	0.30970	3.83375	0.20000	0.00030	True
2	1	s003	100	1.00000	0.96341	0.95276	0.95103	0.46938	0.20000	0.00030	True
2	1	s003	100	0.10000	0.95528	0.94100	0.93842	0.13011	0.20000	0.00030	True
2	1	s003	100	0.01000	0.92005	0.90702	0.90684	1.35782	0.20000	0.00030	True
2	1	s003	100	0.00100	0.46206	0.31657	0.34319	3.78427	0.20000	0.00030	True
2	1	s003	110	1.00000	0.95935	0.94628	0.94611	0.61939	0.20000	0.00030	True
2	1	s003	110	0.10000	0.94986	0.93671	0.93212	0.13165	0.20000	0.00030	True
2	1	s003	110	0.01000	0.91192	0.87732	0.87699	1.31338	0.20000	0.00030	True
2	1	s003	110	0.00100	0.44580	0.30522	0.32278	3.76231	0.20000	0.00030	True
2	1	s003	120	1.00000	0.96341	0.95725	0.95768	0.50324	0.20000	0.00030	True
2	1	s003	120	0.10000	0.95528	0.95492	0.95240	0.11933	0.20000	0.00030	True
2	1	s003	120	0.01000	0.92683	0.90904	0.90880	1.26325	0.20000	0.00030	True
2	1	s003	120	0.00100	0.44986	0.30453	0.33436	3.74037	0.20000	0.00030	True
2	1	s003	130	1.00000	0.96612	0.95715	0.95533	0.48609	0.20000	0.00030	True
2	1	s003	130	0.10000	0.96206	0.96129	0.95804	0.11414	0.20000	0.00030	True
2	1	s003	130	0.01000	0.93225	0.91788	0.91390	1.23382	0.20000	0.00030	True
2	1	s003	130	0.00100	0.45122	0.30329	0.34110	3.72938	0.20000	0.00030	True
2	1	s003	140	1.00000	0.96341	0.95715	0.95560	0.49981	0.20000	0.00030	True
2	1	s003	140	0.10000	0.96206	0.96136	0.95804	0.11590	0.20000	0.00030	True
2	1	s003	140	0.01000	0.92954	0.90587	0.90163	1.22878	0.20000	0.00030	True
2	1	s003	140	0.00100	0.44580	0.29858	0.33066	3.72645	0.20000	0.00030	True
2	1	s003	150	1.00000	0.96341	0.95715	0.95560	0.48821	0.20000	0.00030	True
2	1	s003	150	0.10000	0.96206	0.96145	0.95804	0.11486	0.20000	0.00030	True
2	1	s003	150	0.01000	0.92954	0.90987	0.90684	1.22758	0.20000	0.00030	True
2	1	s003	150	0.00100	0.44444	0.30023	0.33374	3.72590	0.20000	0.00030	True
2	2	s000	10	1.00000	0.92547	0.90482	0.91962	0.27116	0.20000	0.00100	False
2	2	s000	10	0.10000	0.90921	0.87869	0.89397	3.07704	0.20000	0.00100	False
2	2	s000	10	0.01000	0.53117	0.44765	0.48499	4.35998	0.20000	0.00100	False
2	2	s000	10	0.00100	0.01084	0.00159	0.01319	4.49505	0.20000	0.00100	False
2	2	s000	20	1.00000	0.92954	0.90947	0.91206	0.18753	0.20000	0.00100	False
2	2	s000	20	0.10000	0.92412	0.90606	0.90701	2.61427	0.20000	0.00100	False
2	2	s000	20	0.01000	0.71409	0.67102	0.66715	4.30648	0.20000	0.00100	False
2	2	s000	20	0.00100	0.01084	0.00204	0.01236	4.48939	0.20000	0.00100	False
2	2	s000	30	1.00000	0.94309	0.93007	0.93493	0.15504	0.20000	0.00100	False
2	2	s000	30	0.10000	0.94309	0.92963	0.93241	2.44172	0.20000	0.00100	False
2	2	s000	30	0.01000	0.73442	0.71761	0.70332	4.28642	0.20000	0.00100	False
2	2	s000	30	0.00100	0.01084	0.00204	0.01236	4.48754	0.20000	0.00100	False
2	2	s000	40	1.00000	0.96612	0.95462	0.95537	0.11833	0.20000	0.00100	False
2	2	s000	40	0.10000	0.96070	0.95129	0.95313	2.36873	0.20000	0.00100	False
2	2	s000	40	0.01000	0.75339	0.73152	0.73834	4.27863	0.20000	0.00100	False
2	2	s000	40	0.00100	0.01220	0.00465	0.01456	4.48707	0.20000	0.00100	False
2	2	s000	50	1.00000	0.96612	0.95987	0.95905	0.12479	0.20000	0.00100	False
2	2	s000	50	0.10000	0.95664	0.93814	0.93914	2.24882	0.20000	0.00100	False
2	2	s000	50	0.01000	0.79404	0.75754	0.76422	4.26497	0.20000	0.00100	False
2	2	s000	50	0.00100	0.01220	0.00453	0.01456	4.48603	0.20000	0.00100	False
2	2	s000	60	1.00000	0.96748	0.96363	0.96271	0.12321	0.20000	0.00100	False
2	2	s000	60	0.10000	0.95935	0.94726	0.94871	2.24528	0.20000	0.00100	False
2	2	s000	60	0.01000	0.78862	0.75858	0.76182	4.26459	0.20000	0.00100	False
2	2	s000	60	0.00100	0.01220	0.00453	0.01456	4.48595	0.20000	0.00100	False
2	2	s001	10	1.00000	0.72358	0.58612	0.65521	1.79979	0.20000	0.00100	True
2	2	s001	10	0.10000	0.72222	0.60117	0.65536	1.56938	0.20000	0.00100	True
2	2	s001	10	0.01000	0.62195	0.49253	0.55472	3.83475	0.20000	0.00100	True
2	2	s001	10	0.00100	0.20461	0.09996	0.13996	4.38789	0.20000	0.00100	True
2	2	s001	20	1.00000	0.76694	0.69033	0.74014	2.31554	0.20000	0.00100	True
2	2	s001	20	0.10000	0.77100	0.69996	0.74639	0.78433	0.20000	0.00100	True
2	2	s001	20	0.01000	0.71409	0.62230	0.66192	2.99619	0.20000	0.00100	True
2	2	s001	20	0.00100	0.24932	0.13616	0.16674	4.11778	0.20000	0.00100	True
2	2	s001	30	1.00000	0.83740	0.78666	0.83008	2.08111	0.20000	0.00100	True
2	2	s001	30	0.10000	0.81978	0.76003	0.80011	0.54473	0.20000	0.00100	True
2	2	s001	30	0.01000	0.78591	0.69598	0.73610	2.28052	0.20000	0.00100	True
2	2	s001	30	0.00100	0.26829	0.15676	0.19781	3.81475	0.20000	0.00100	True
2	2	s001	40	1.00000	0.89837	0.85359	0.86689	1.55967	0.20000	0.00100	True
2	2	s001	40	0.10000	0.88889	0.84264	0.85447	0.37334	0.20000	0.00100	True
2	2	s001	40	0.01000	0.82791	0.75306	0.76988	1.64922	0.20000	0.00100	True
2	2	s001	40	0.00100	0.26829	0.15799	0.18905	3.49519	0.20000	0.00100	True
2	2	s001	50	1.00000	0.87940	0.85765	0.87638	2.02044	0.20000	0.00100	True
2	2	s001	50	0.10000	0.86856	0.84370	0.86147	0.46352	0.20000	0.00100	True
2	2	s001	50	0.01000	0.79268	0.76015	0.78431	1.33762	0.20000	0.00100	True
2	2	s001	50	0.00100	0.35366	0.21293	0.26514	3.23383	0.20000	0.00100	True
2	2	s001	60	1.00000	0.91192	0.89851	0.91560	1.42017	0.20000	0.00100	True
2	2	s001	60	0.10000	0.90650	0.89325	0.90957	0.30059	0.20000	0.00100	True
2	2	s001	60	0.01000	0.84959	0.83286	0.85555	1.04834	0.20000	0.00100	True
2	2	s001	60	0.00100	0.36043	0.24646	0.27319	3.02401	0.20000	0.00100	True
2	2	s001	70	1.00000	0.93902	0.92070	0.93240	1.14407	0.20000	0.00100	True
2	2	s001	70	0.10000	0.92683	0.90350	0.91841	0.27445	0.20000	0.00100	True
2	2	s001	70	0.01000	0.86992	0.84182	0.85467	0.85111	0.20000	0.00100	True
2	2	s001	70	0.00100	0.40108	0.28725	0.31620	2.86544	0.20000	0.00100	True
2	2	s001	80	1.00000	0.94986	0.92254	0.92854	0.82608	0.20000	0.00100	True
2	2	s001	80	0.10000	0.93902	0.91301	0.92029	0.23981	0.20000	0.00100	True
2	2	s001	80	0.01000	0.86992	0.83819	0.84472	0.73054	0.20000	0.00100	True
2	2	s001	80	0.00100	0.41328	0.31133	0.33562	2.72375	0.20000	0.00100	True
2	2	s001	90	1.00000	0.94580	0.93806	0.94105	0.96883	0.20000	0.00100	True
2	2	s001	90	0.10000	0.93225	0.92863	0.93135	0.27665	0.20000	0.00100	True
2	2	s001	90	0.01000	0.87263	0.85515	0.86221	0.66722	0.20000	0.00100	True
2	2	s001	90	0.00100	0.37263	0.29909	0.32685	2.66811	0.20000	0.00100	True
2	2	s001	100	1.00000	0.94986	0.94019	0.94300	1.17482	0.20000	0.00100	True
2	2	s001	100	0.10000	0.94173	0.93248	0.93631	0.30596	0.20000	0.00100	True
2	2	s001	100	0.01000	0.88618	0.85978	0.86368	0.55267	0.20000	0.00100	True
2	2	s001	100	0.00100	0.39431	0.30221	0.33780	2.57647	0.20000	0.00100	True
2	2	s001	110	1.00000	0.94038	0.93899	0.94291	1.05431	0.20000	0.00100	True
2	2	s001	110	0.10000	0.92547	0.92249	0.92975	0.30224	0.20000	0.00100	True
2	2	s001	110	0.01000	0.87263	0.84629	0.85223	0.52405	0.20000	0.00100	True
2	2	s001	110	0.00100	0.40786	0.32153	0.34557	2.52112	0.20000	0.00100	True
2	2	s001	120	1.00000	0.95393	0.94927	0.95140	1.03874	0.20000	0.00100	True
2	2	s001	120	0.10000	0.94851	0.93375	0.94089	0.25954	0.20000	0.00100	True
2	2	s001	120	0.01000	0.88211	0.85416	0.85885	0.50432	0.20000	0.00100	True
2	2	s001	120	0.00100	0.41328	0.32985	0.35558	2.50101	0.20000	0.00100	True
2	2	s001	130	1.00000	0.95393	0.94661	0.94917	0.84585	0.20000	0.00100	True
2	2	s001	130	0.10000	0.94444	0.93760	0.94116	0.24381	0.20000	0.00100	True
2	2	s001	130	0.01000	0.88753	0.86331	0.86728	0.48689	0.20000	0.00100	True
2	2	s001	130	0.00100	0.42141	0.34953	0.36685	2.48789	0.20000	0.00100	True
2	2	s001	140	1.00000	0.95528	0.95533	0.95799	0.95130	0.20000	0.00100	True
2	2	s001	140	0.10000	0.94309	0.93274	0.93768	0.25164	0.20000	0.00100	True
2	2	s001	140	0.01000	0.88753	0.86255	0.86514	0.47849	0.20000	0.00100	True
2	2	s001	140	0.00100	0.42547	0.34680	0.36512	2.47801	0.20000	0.00100	True
2	2	s001	150	1.00000	0.95664	0.95582	0.95828	0.95310	0.20000	0.00100	True
2	2	s001	150	0.10000	0.94309	0.93274	0.93768	0.25242	0.20000	0.00100	True
2	2	s001	150	0.01000	0.88753	0.85804	0.86269	0.47743	0.20000	0.00100	True
2	2	s001	150	0.00100	0.42683	0.34948	0.36732	2.47709	0.20000	0.00100	True
2	2	s002	10	1.00000	0.94851	0.93762	0.94403	0.20395	0.20000	0.00030	False
2	2	s002	10	0.10000	0.93767	0.92867	0.92944	3.32326	0.20000	0.00030	False
2	2	s002	10	0.01000	0.54472	0.41069	0.46734	4.38872	0.20000	0.00030	False
2	2	s002	10	0.00100	0.09214	0.02303	0.05437	4.49724	0.20000	0.00030	False
2	2	s002	20	1.00000	0.96883	0.96283	0.96279	0.11795	0.20000	0.00030	False
2	2	s002	20	0.10000	0.96206	0.95405	0.95511	3.03976	0.20000	0.00030	False
2	2	s002	20	0.01000	0.64905	0.57254	0.60934	4.36144	0.20000	0.00030	False
2	2	s002	20	0.00100	0.09350	0.02521	0.05384	4.49550	0.20000	0.00030	False
2	2	s002	30	1.00000	0.97154	0.96683	0.96606	0.09955	0.20000	0.00030	False
2	2	s002	30	0.10000	0.96206	0.95113	0.95378	2.91735	0.20000	0.00030	False
2	2	s002	30	0.01000	0.70461	0.63144	0.66211	4.34862	0.20000	0.00030	False
2	2	s002	30	0.00100	0.09350	0.02595	0.05242	4.49465	0.20000	0.00030	False
2	2	s002	40	1.00000	0.97154	0.96971	0.97022	0.08889	0.20000	0.00030	False
2	2	s002	40	0.10000	0.97154	0.96744	0.96828	2.86182	0.20000	0.00030	False
2	2	s002	40	0.01000	0.73035	0.67526	0.69547	4.34365	0.20000	0.00030	False
2	2	s002	40	0.00100	0.09756	0.03010	0.06031	4.49439	0.20000	0.00030	False
2	2	s002	50	1.00000	0.97290	0.97044	0.96915	0.09551	0.20000	0.00030	False
2	2	s002	50	0.10000	0.96748	0.95295	0.95572	2.84201	0.20000	0.00030	False
2	2	s002	50	0.01000	0.74932	0.67440	0.69549	4.34181	0.20000	0.00030	False
2	2	s002	50	0.00100	0.10434	0.03290	0.06467	4.49428	0.20000	0.00030	False
2	2	s002	60	1.00000	0.97154	0.96598	0.96557	0.09374	0.20000	0.00030	False
2	2	s002	60	0.10000	0.96612	0.95085	0.95353	2.83754	0.20000	0.00030	False
2	2	s002	60	0.01000	0.75203	0.67133	0.69775	4.34145	0.20000	0.00030	False
2	2	s002	60	0.00100	0.10163	0.03205	0.06357	4.49426	0.20000	0.00030	False
2	2	s003	10	1.00000	0.72629	0.66593	0.71099	1.28133	0.20000	0.00030	True
2	2	s003	10	0.10000	0.73306	0.65605	0.70513	2.08225	0.20000	0.00030	True
2	2	s003	10	0.01000	0.60027	0.46828	0.50603	4.17640	0.20000	0.00030	True
2	2	s003	10	0.00100	0.21545	0.08410	0.12245	4.46835	0.20000	0.00030	True
2	2	s003	20	1.00000	0.86856	0.85504	0.86805	0.82884	0.20000	0.00030	True
2	2	s003	20	0.10000	0.85637	0.82975	0.84553	0.88028	0.20000	0.00030	True
2	2	s003	20	0.01000	0.81165	0.74298	0.76398	3.73951	0.20000	0.00030	True
2	2	s003	20	0.00100	0.33604	0.15970	0.20733	4.40130	0.20000	0.00030	True
2	2	s003	30	1.00000	0.89973	0.85527	0.87453	0.89846	0.20000	0.00030	True
2	2	s003	30	0.10000	0.89295	0.84930	0.86552	0.45632	0.20000	0.00030	True
2	2	s003	30	0.01000	0.84959	0.78533	0.80748	3.20805	0.20000	0.00030	True
2	2	s003	30	0.00100	0.33740	0.18562	0.19976	4.31188	0.20000	0.00030	True
2	2	s003	40	1.00000	0.90786	0.86909	0.87702	0.94206	0.20000	0.00030	True
2	2	s003	40	0.10000	0.89837	0.85874	0.86827	0.32449	0.20000	0.00030	True
2	2	s003	40	0.01000	0.86856	0.82712	0.83434	2.82983	0.20000	0.00030	True
2	2	s003	40	0.00100	0.39973	0.23879	0.24935	4.22652	0.20000	0.00030	True
2	2	s003	50	1.00000	0.92141	0.89838	0.90471	1.08829	0.20000	0.00030	True
2	2	s003	50	0.10000	0.92005	0.89465	0.90413	0.27025	0.20000	0.00030	True
2	2	s003	50	0.01000	0.88347	0.85431	0.85905	2.41738	0.20000	0.00030	True
2	2	s003	50	0.00100	0.34688	0.19950	0.22243	4.12606	0.20000	0.00030	True
2	2	s003	60	1.00000	0.90515	0.89735	0.90872	1.39112	0.20000	0.00030	True
2	2	s003	60	0.10000	0.90515	0.89375	0.90485	0.29174	0.20000	0.00030	True
2	2	s003	60	0.01000	0.87263	0.85189	0.86204	2.10966	0.20000	0.00030	True
2	2	s003	60	0.00100	0.40786	0.24777	0.27505	4.04798	0.20000	0.00030	True
2	2	s003	70	1.00000	0.93225	0.91680	0.92880	1.02433	0.20000	0.00030	True
2	2	s003	70	0.10000	0.92683	0.90498	0.91131	0.22216	0.20000	0.00030	True
2	2	s003	70	0.01000	0.89702	0.86402	0.87100	1.77737	0.20000	0.00030	True
2	2	s003	70	0.00100	0.34417	0.21783	0.24928	3.96156	0.20000	0.00030	True
2	2	s003	80	1.00000	0.94580	0.91901	0.92790	0.97274	0.20000	0.00030	True
2	2	s003	80	0.10000	0.93631	0.91188	0.91996	0.20895	0.20000	0.00030	True
2	2	s003	80	0.01000	0.90650	0.87324	0.87894	1.56851	0.20000	0.00030	True
2	2	s003	80	0.00100	0.39973	0.24604	0.27530	3.88277	0.20000	0.00030	True
2	2	s003	90	1.00000	0.94851	0.92837	0.93198	0.89407	0.20000	0.00030	True
2	2	s003	90	0.10000	0.93767	0.91930	0.92406	0.18445	0.20000	0.00030	True
2	2	s003	90	0.01000	0.90108	0.87158	0.87128	1.44494	0.20000	0.00030	True
2	2	s003	90	0.00100	0.40244	0.25686	0.28352	3.82489	0.20000	0.00030	True
2	2	s003	100	1.00000	0.94444	0.92060	0.92855	1.00316	0.20000	0.00030	True
2	2	s003	100	0.10000	0.94580	0.91876	0.92726	0.19945	0.20000	0.00030	True
2	2	s003	100	0.01000	0.90379	0.87172	0.87559	1.38214	0.20000	0.00030	True
2	2	s003	100	0.00100	0.36992	0.25301	0.28127	3.79057	0.20000	0.00030	True
2	2	s003	110	1.00000	0.95257	0.93239	0.93650	0.89089	0.20000	0.00030	True
2	2	s003	110	0.10000	0.94444	0.92546	0.92994	0.19062	0.20000	0.00030	True
2	2	s003	110	0.01000	0.90515	0.88565	0.89111	1.31324	0.20000	0.00030	True
2	2	s003	110	0.00100	0.38076	0.27048	0.28563	3.75873	0.20000	0.00030	True
2	2	s003	120	1.00000	0.95393	0.94100	0.94477	0.84229	0.20000	0.00030	True
2	2	s003	120	0.10000	0.95257	0.93105	0.93654	0.16745	0.20000	0.00030	True
2	2	s003	120	0.01000	0.91328	0.88293	0.88828	1.24291	0.20000	0.00030	True
2	2	s003	120	0.00100	0.39702	0.26191	0.28900	3.74031	0.20000	0.00030	True
2	2	s003	130	1.00000	0.95393	0.92939	0.93745	0.90425	0.20000	0.00030	True
2	2	s003	130	0.10000	0.95257	0.93072	0.93909	0.16982	0.20000	0.00030	True
2	2	s003	130	0.01000	0.91599	0.88937	0.89017	1.21358	0.20000	0.00030	True
2	2	s003	130	0.00100	0.39566	0.25592	0.28039	3.72720	0.20000	0.00030	True
2	2	s003	140	1.00000	0.95393	0.92836	0.93687	0.89171	0.20000	0.00030	True
2	2	s003	140	0.10000	0.95257	0.92931	0.93595	0.17110	0.20000	0.00030	True
2	2	s003	140	0.01000	0.91599	0.88153	0.88518	1.20313	0.20000	0.00030	True
2	2	s003	140	0.00100	0.40244	0.25858	0.28451	3.72351	0.20000	0.00030	True
2	2	s003	150	1.00000	0.95393	0.92836	0.93687	0.89244	0.20000	0.00030	True
2	2	s003	150	0.10000	0.95257	0.92931	0.93595	0.17098	0.20000	0.00030	True
2	2	s003	150	0.01000	0.91599	0.88153	0.88518	1.20091	0.20000	0.00030	True
2	2	s003	150	0.00100	0.40244	0.26044	0.28560	3.72275	0.20000	0.00030	True
3	0	s000	10	1.00000	0.94986	0.94295	0.95411	0.17951	0.20000	0.00100	False
3	0	s000	10	0.10000	0.94715	0.93875	0.94880	3.01525	0.20000	0.00100	False
3	0	s000	10	0.01000	0.57588	0.47659	0.53346	4.35410	0.20000	0.00100	False
3	0	s000	10	0.00100	0.02439	0.00458	0.02433	4.49408	0.20000	0.00100	False
3	0	s000	20	1.00000	0.95664	0.94908	0.95335	0.11548	0.20000	0.00100	False
3	0	s000	20	0.10000	0.95393	0.94823	0.95361	2.76372	0.20000	0.00100	False
3	0	s000	20	0.01000	0.71409	0.63368	0.67052	4.32452	0.20000	0.00100	False
3	0	s000	20	0.00100	0.03117	0.00898	0.02857	4.49123	0.20000	0.00100	False
3	0	s000	30	1.00000	0.98103	0.98942	0.98916	0.07572	0.20000	0.00100	False
3	0	s000	30	0.10000	0.97154	0.97768	0.97650	2.47104	0.20000	0.00100	False
3	0	s000	30	0.01000	0.77778	0.72813	0.74360	4.29062	0.20000	0.00100	False
3	0	s000	30	0.00100	0.03388	0.00553	0.02546	4.48845	0.20000	0.00100	False
3	0	s000	40	1.00000	0.97425	0.97251	0.97323	0.06019	0.20000	0.00100	False
3	0	s000	40	0.10000	0.96883	0.96558	0.96301	2.40007	0.20000	0.00100	False
3	0	s000	40	0.01000	0.81301	0.76781	0.77883	4.28221	0.20000	0.00100	False
3	0	s000	40	0.00100	0.04201	0.01684	0.03436	4.48750	0.20000	0.00100	False
3	0	s000	50	1.00000	0.98103	0.98647	0.98609	0.05001	0.20000	0.00100	False
3	0	s000	50	0.10000	0.97696	0.97527	0.97539	2.34051	0.20000	0.00100	False
3	0	s000	50	0.01000	0.82656	0.78914	0.80097	4.27708	0.20000	0.00100	False
3	0	s000	50	0.00100	0.03523	0.01555	0.03070	4.48733	0.20000	0.00100	False
3	0	s000	60	1.00000	0.97967	0.98489	0.98335	0.05194	0.20000	0.00100	False
3	0	s000	60	0.10000	0.97696	0.98053	0.98170	2.33090	0.20000	0.00100	False
3	0	s000	60	0.01000	0.83875	0.80071	0.81134	4.27611	0.20000	0.00100	False
3	0	s000	60	0.00100	0.03659	0.01893	0.03345	4.48728	0.20000	0.00100	False
3	0	s001	10	1.00000	0.74797	0.65723	0.70498	1.76435	0.20000	0.00100	True
3	0	s001	10	0.10000	0.74797	0.66439	0.71066	1.43015	0.20000	0.00100	True
3	0	s001	10	0.01000	0.66938	0.54597	0.59259	3.85369	0.20000	0.00100	True
3	0	s001	10	0.00100	0.29268	0.13356	0.18590	4.39520	0.20000	0.00100	True
3	0	s001	20	1.00000	0.85095	0.80250	0.83172	1.15466	0.20000	0.00100	True
3	0	s001	20	0.10000	0.84553	0.79702	0.82429	0.60304	0.20000	0.00100	True
3	0	s001	20	0.01000	0.79133	0.71952	0.75025	2.91968	0.20000	0.00100	True
3	0	s001	20	0.00100	0.30352	0.18213	0.22527	4.14123	0.20000	0.00100	True
3	0	s001	30	1.00000	0.82385	0.81363	0.84809	2.60447	0.20000	0.00100	True
3	0	s001	30	0.10000	0.82520	0.81379	0.84278	0.50869	0.20000	0.00100	True
3	0	s001	30	0.01000	0.77371	0.72979	0.75757	1.89200	0.20000	0.00100	True
3	0	s001	30	0.00100	0.27642	0.17231	0.20757	3.79804	0.20000	0.00100	True
3	0	s001	40	1.00000	0.84417	0.78374	0.81802	2.35135	0.20000	0.00100	True
3	0	s001	40	0.10000	0.84417	0.78843	0.82097	0.46882	0.20000	0.00100	True
3	0	s001	40	0.01000	0.77778	0.70773	0.74928	1.63972	0.20000	0.00100	True
3	0	s001	40	0.00100	0.32385	0.18247	0.22746	3.55325	0.20000	0.00100	True
3	0	s001	50	1.00000	0.90108	0.82369	0.85321	1.68817	0.20000	0.00100	True
3	0	s001	50	0.10000	0.88347	0.79157	0.82079	0.39422	0.20000	0.00100	True
3	0	s001	50	0.01000	0.81843	0.73852	0.76760	1.33219	0.20000	0.00100	True
3	0	s001	50	0.00100	0.35772	0.19897	0.23959	3.27306	0.20000	0.00100	True
3	0	s001	60	1.00000	0.93496	0.92082	0.93136	0.80940	0.20000	0.00100	True
3	0	s001	60	0.10000	0.93089	0.91323	0.92394	0.18834	0.20000	0.00100	True
3	0	s001	60	0.01000	0.87534	0.85992	0.86890	0.95498	0.20000	0.00100	True
3	0	s001	60	0.00100	0.35095	0.22394	0.26088	3.06979	0.20000	0.00100	True
3	0	s001	70	1.00000	0.95799	0.95096	0.95797	0.56283	0.20000	0.00100	True
3	0	s001	70	0.10000	0.95122	0.94542	0.95483	0.12422	0.20000	0.00100	True
3	0	s001	70	0.01000	0.89566	0.88097	0.89657	0.73216	0.20000	0.00100	True
3	0	s001	70	0.00100	0.38618	0.28515	0.31058	2.84859	0.20000	0.00100	True
3	0	s001	80	1.00000	0.95528	0.96630	0.97428	0.41567	0.20000	0.00100	True
3	0	s001	80	0.10000	0.94986	0.96149	0.96836	0.10781	0.20000	0.00100	True
3	0	s001	80	0.01000	0.89295	0.88960	0.90920	0.66576	0.20000	0.00100	True
3	0	s001	80	0.00100	0.39566	0.29462	0.32467	2.76198	0.20000	0.00100	True
3	0	s001	90	1.00000	0.96070	0.93992	0.94991	0.85451	0.20000	0.00100	True
3	0	s001	90	0.10000	0.95664	0.93129	0.94292	0.15539	0.20000	0.00100	True
3	0	s001	90	0.01000	0.89295	0.87219	0.88657	0.60027	0.20000	0.00100	True
3	0	s001	90	0.00100	0.38076	0.25404	0.29290	2.64894	0.20000	0.00100	True
3	0	s001	100	1.00000	0.96070	0.96873	0.97200	0.75182	0.20000	0.00100	True
3	0	s001	100	0.10000	0.95799	0.96699	0.97063	0.21355	0.20000	0.00100	True
3	0	s001	100	0.01000	0.88753	0.89210	0.91290	0.57066	0.20000	0.00100	True
3	0	s001	100	0.00100	0.40379	0.31098	0.34462	2.60837	0.20000	0.00100	True
3	0	s001	110	1.00000	0.96748	0.96601	0.96801	0.67921	0.20000	0.00100	True
3	0	s001	110	0.10000	0.97154	0.96945	0.97059	0.11238	0.20000	0.00100	True
3	0	s001	110	0.01000	0.91599	0.91045	0.91960	0.47982	0.20000	0.00100	True
3	0	s001	110	0.00100	0.40244	0.29258	0.32631	2.53322	0.20000	0.00100	True
3	0	s001	120	1.00000	0.97832	0.97818	0.98032	0.37710	0.20000	0.00100	True
3	0	s001	120	0.10000	0.97425	0.96829	0.97365	0.07477	0.20000	0.00100	True
3	0	s001	120	0.01000	0.91192	0.90436	0.91896	0.48184	0.20000	0.00100	True
3	0	s001	120	0.00100	0.40650	0.30458	0.33933	2.51490	0.20000	0.00100	True
3	0	s001	130	1.00000	0.97561	0.97706	0.97859	0.48097	0.20000	0.00100	True
3	0	s001	130	0.10000	0.97154	0.97390	0.97717	0.07622	0.20000	0.00100	True
3	0	s001	130	0.01000	0.91192	0.90654	0.92254	0.45543	0.20000	0.00100	True
3	0	s001	130	0.00100	0.42276	0.32027	0.34908	2.47963	0.20000	0.00100	True
3	0	s001	140	1.00000	0.97967	0.97895	0.98065	0.41552	0.20000	0.00100	True
3	0	s001	140	0.10000	0.97425	0.97172	0.97608	0.07444	0.20000	0.00100	True
3	0	s001	140	0.01000	0.92276	0.91680	0.93204	0.45434	0.20000	0.00100	True
3	0	s001	140	0.00100	0.42276	0.31632	0.34632	2.47951	0.20000	0.00100	True
3	0	s001	150	1.00000	0.97967	0.97873	0.98067	0.41711	0.20000	0.00100	True
3	0	s001	150	0.10000	0.97425	0.97143	0.97608	0.07468	0.20000	0.00100	True
3	0	s001	150	0.01000	0.92141	0.91867	0.93246	0.45377	0.20000	0.00100	True
3	0	s001	150	0.00100	0.42276	0.31620	0.34640	2.47854	0.20000	0.00100	True
3	0	s002	10	1.00000	0.95257	0.95244	0.95681	0.18662	0.20000	0.00030	False
3	0	s002	10	0.10000	0.95528	0.95438	0.95692	3.31244	0.20000	0.00030	False
3	0	s002	10	0.01000	0.55149	0.41006	0.47371	4.38642	0.20000	0.00030	False
3	0	s002	10	0.00100	0.07724	0.01675	0.04301	4.49673	0.20000	0.00030	False
3	0	s002	20	1.00000	0.96070	0.96491	0.97118	0.11013	0.20000	0.00030	False
3	0	s002	20	0.10000	0.96477	0.96483	0.97015	3.08157	0.20000	0.00030	False
3	0	s002	20	0.01000	0.60163	0.49465	0.52546	4.36352	0.20000	0.00030	False
3	0	s002	20	0.00100	0.05691	0.01071	0.02234	4.49471	0.20000	0.00030	False
3	0	s002	30	1.00000	0.97967	0.98235	0.98342	0.06733	0.20000	0.00030	False
3	0	s002	30	0.10000	0.96883	0.97089	0.97122	2.97177	0.20000	0.00030	False
3	0	s002	30	0.01000	0.67480	0.58607	0.61354	4.35300	0.20000	0.00030	False
3	0	s002	30	0.00100	0.08401	0.02607	0.04135	4.49415	0.20000	0.00030	False
3	0	s002	40	1.00000	0.97696	0.98244	0.98287	0.05722	0.20000	0.00030	False
3	0	s002	40	0.10000	0.97154	0.97622	0.97696	2.86546	0.20000	0.00030	False
3	0	s002	40	0.01000	0.73171	0.64246	0.67193	4.34241	0.20000	0.00030	False
3	0	s002	40	0.00100	0.08808	0.02704	0.04489	4.49332	0.20000	0.00030	False
3	0	s002	50	1.00000	0.97832	0.98061	0.97947	0.05449	0.20000	0.00030	False
3	0	s002	50	0.10000	0.97425	0.97925	0.97957	2.84130	0.20000	0.00030	False
3	0	s002	50	0.01000	0.74255	0.64775	0.67854	4.34005	0.20000	0.00030	False
3	0	s002	50	0.00100	0.09079	0.02777	0.04766	4.49317	0.20000	0.00030	False
3	0	s002	60	1.00000	0.97832	0.98269	0.98066	0.05479	0.20000	0.00030	False
3	0	s002	60	0.10000	0.97154	0.97769	0.97793	2.83464	0.20000	0.00030	False
3	0	s002	60	0.01000	0.74526	0.64775	0.68011	4.33957	0.20000	0.00030	False
3	0	s002	60	0.00100	0.08943	0.02724	0.04609	4.49314	0.20000	0.00030	False
3	0	s003	10	1.00000	0.74932	0.67236	0.71381	1.21670	0.20000	0.00030	True
3	0	s003	10	0.10000	0.73577	0.65732	0.69849	2.09386	0.20000	0.00030	True
3	0	s003	10	0.01000	0.63144	0.49052	0.53523	4.19010	0.20000	0.00030	True
3	0	s003	10	0.00100	0.15718	0.05271	0.09473	4.47310	0.20000	0.00030	True
3	0	s003	20	1.00000	0.88076	0.86972	0.88823	0.54777	0.20000	0.00030	True
3	0	s003	20	0.10000	0.87805	0.86513	0.88613	0.84633	0.20000	0.00030	True
3	0	s003	20	0.01000	0.83469	0.78276	0.80091	3.75640	0.20000	0.00030	True
3	0	s003	20	0.00100	0.29539	0.16275	0.21303	4.41191	0.20000	0.00030	True
3	0	s003	30	1.00000	0.90786	0.91621	0.92450	0.43511	0.20000	0.00030	True
3	0	s003	30	0.10000	0.90786	0.91486	0.92396	0.41190	0.20000	0.00030	True
3	0	s003	30	0.01000	0.86450	0.84459	0.85256	3.28350	0.20000	0.00030	True
3	0	s003	30	0.00100	0.32114	0.21521	0.24238	4.33841	0.20000	0.00030	True
3	0	s003	40	1.00000	0.93225	0.92573	0.93649	0.43789	0.20000	0.00030	True
3	0	s003	40	0.10000	0.92954	0.92630	0.93567	0.28313	0.20000	0.00030	True
3	0	s003	40	0.01000	0.89160	0.87573	0.89263	2.89549	0.20000	0.00030	True
3	0	s003	40	0.00100	0.38076	0.25762	0.28756	4.25433	0.20000	0.00030	True
3	0	s003	50	1.00000	0.92818	0.93628	0.93819	0.77112	0.20000	0.00030	True
3	0	s003	50	0.10000	0.92954	0.93566	0.93612	0.22336	0.20000	0.00030	True
3	0	s003	50	0.01000	0.89702	0.88829	0.89092	2.41874	0.20000	0.00030	True
3	0	s003	50	0.00100	0.38618	0.24090	0.26537	4.15590	0.20000	0.00030	True
3	0	s003	60	1.00000	0.94851	0.94192	0.95126	0.69508	0.20000	0.00030	True
3	0	s003	60	0.10000	0.93902	0.93280	0.94292	0.19143	0.20000	0.00030	True
3	0	s003	60	0.01000	0.90379	0.89483	0.91124	2.16656	0.20000	0.00030	True
3	0	s003	60	0.00100	0.41463	0.27038	0.29826	4.08194	0.20000	0.00030	True
3	0	s003	70	1.00000	0.95799	0.95740	0.96126	0.39642	0.20000	0.00030	True
3	0	s003	70	0.10000	0.95935	0.95995	0.96336	0.12982	0.20000	0.00030	True
3	0	s003	70	0.01000	0.91734	0.90945	0.91759	1.86782	0.20000	0.00030	True
3	0	s003	70	0.00100	0.39566	0.27803	0.31515	4.00978	0.20000	0.00030	True
3	0	s003	80	1.00000	0.96070	0.96309	0.97052	0.43506	0.20000	0.00030	True
3	0	s003	80	0.10000	0.95393	0.95548	0.96529	0.12323	0.20000	0.00030	True
3	0	s003	80	0.01000	0.91599	0.90756	0.91653	1.64166	0.20000	0.00030	True
3	0	s003	80	0.00100	0.40244	0.28363	0.30671	3.93903	0.20000	0.00030	True
3	0	s003	90	1.00000	0.94986	0.96134	0.97214	0.96901	0.20000	0.00030	True
3	0	s003	90	0.10000	0.94580	0.95921	0.97042	0.19114	0.20000	0.00030	True
3	0	s003	90	0.01000	0.90921	0.91249	0.92381	1.53758	0.20000	0.00030	True
3	0	s003	90	0.00100	0.40650	0.29787	0.33566	3.89356	0.20000	0.00030	True
3	0	s003	100	1.00000	0.94851	0.95692	0.96893	0.62136	0.20000	0.00030	True
3	0	s003	100	0.10000	0.95122	0.95694	0.96826	0.14657	0.20000	0.00030	True
3	0	s003	100	0.01000	0.90921	0.90035	0.91589	1.48288	0.20000	0.00030	True
3	0	s003	100	0.00100	0.38211	0.28475	0.31345	3.86501	0.20000	0.00030	True
3	0	s003	110	1.00000	0.97696	0.97850	0.98168	0.37891	0.20000	0.00030	True
3	0	s003	110	0.10000	0.97290	0.97040	0.97453	0.09320	0.20000	0.00030	True
3	0	s003	110	0.01000	0.92276	0.91091	0.92302	1.36708	0.20000	0.00030	True
3	0	s003	110	0.00100	0.40515	0.30435	0.33929	3.81899	0.20000	0.00030	True
3	0	s003	120	1.00000	0.97696	0.97995	0.98246	0.32501	0.20000	0.00030	True
3	0	s003	120	0.10000	0.97290	0.97431	0.97577	0.08112	0.20000	0.00030	True
3	0	s003	120	0.01000	0.93631	0.93253	0.94001	1.29902	0.20000	0.00030	True
3	0	s003	120	0.00100	0.42954	0.31906	0.35536	3.79688	0.20000	0.00030	True
3	0	s003	130	1.00000	0.97019	0.97072	0.97488	0.35849	0.20000	0.00030	True
3	0	s003	130	0.10000	0.97425	0.97640	0.97919	0.08391	0.20000	0.00030	True
3	0	s003	130	0.01000	0.92683	0.91713	0.92796	1.27365	0.20000	0.00030	True
3	0	s003	130	0.00100	0.42547	0.31734	0.35734	3.78715	0.20000	0.00030	True
3	0	s003	140	1.00000	0.97290	0.97325	0.97700	0.35984	0.20000	0.00030	True
3	0	s003	140	0.10000	0.97561	0.97845	0.98102	0.08325	0.20000	0.00030	True
3	0	s003	140	0.01000	0.92683	0.91743	0.92722	1.25891	0.20000	0.00030	True
3	0	s003	140	0.00100	0.42954	0.32223	0.36045	3.78198	0.20000	0.00030	True
3	0	s003	150	1.00000	0.97425	0.97512	0.97801	0.35749	0.20000	0.00030	True
3	0	s003	150	0.10000	0.97425	0.97640	0.97919	0.08255	0.20000	0.00030	True
3	0	s003	150	0.01000	0.92818	0.91849	0.92825	1.25665	0.20000	0.00030	True
3	0	s003	150	0.00100	0.42818	0.32147	0.36008	3.78118	0.20000	0.00030	True
3	1	s000	10	1.00000	0.92005	0.91729	0.92853	0.23961	0.20000	0.00100	False
3	1	s000	10	0.10000	0.92412	0.91427	0.92584	3.04914	0.20000	0.00100	False
3	1	s000	10	0.01000	0.57995	0.47915	0.51886	4.35946	0.20000	0.00100	False
3	1	s000	10	0.00100	0.01626	0.00580	0.01962	4.49591	0.20000	0.00100	False
3	1	s000	20	1.00000	0.94851	0.93921	0.95011	0.15087	0.20000	0.00100	False
3	1	s000	20	0.10000	0.94309	0.92767	0.94146	2.74461	0.20000	0.00100	False
3	1	s000	20	0.01000	0.67344	0.58807	0.63521	4.32818	0.20000	0.00100	False
3	1	s000	20	0.00100	0.01897	0.01142	0.02280	4.49383	0.20000	0.00100	False
3	1	s000	30	1.00000	0.97019	0.97443	0.97492	0.09897	0.20000	0.00100	False
3	1	s000	30	0.10000	0.96748	0.96341	0.96507	2.47175	0.20000	0.00100	False
3	1	s000	30	0.01000	0.79810	0.76353	0.77811	4.29774	0.20000	0.00100	False
3	1	s000	30	0.00100	0.03252	0.02845	0.03807	4.49082	0.20000	0.00100	False
3	1	s000	40	1.00000	0.96206	0.95757	0.96025	0.11035	0.20000	0.00100	False
3	1	s000	40	0.10000	0.96612	0.96306	0.96488	2.38866	0.20000	0.00100	False
3	1	s000	40	0.01000	0.81572	0.78035	0.79116	4.28848	0.20000	0.00100	False
3	1	s000	40	0.00100	0.03794	0.03275	0.04858	4.49022	0.20000	0.00100	False
3	1	s000	50	1.00000	0.96883	0.97021	0.96994	0.09920	0.20000	0.00100	False
3	1	s000	50	0.10000	0.96883	0.96364	0.96423	2.35634	0.20000	0.00100	False
3	1	s000	50	0.01000	0.81843	0.78522	0.79720	4.28552	0.20000	0.00100	False
3	1	s000	50	0.00100	0.04065	0.03143	0.04266	4.48997	0.20000	0.00100	False
3	1	s000	60	1.00000	0.96883	0.96982	0.97024	0.10024	0.20000	0.00100	False
3	1	s000	60	0.10000	0.97019	0.96507	0.96606	2.34744	0.20000	0.00100	False
3	1	s000	60	0.01000	0.83198	0.80853	0.81648	4.28437	0.20000	0.00100	False
3	1	s000	60	0.00100	0.03930	0.03103	0.04230	4.48990	0.20000	0.00100	False
3	1	s001	10	1.00000	0.64363	0.54083	0.59846	2.08199	0.20000	0.00100	True
3	1	s001	10	0.10000	0.64499	0.54940	0.60555	1.79382	0.20000	0.00100	True
3	1	s001	10	0.01000	0.55556	0.44689	0.50422	3.94181	0.20000	0.00100	True
3	1	s001	10	0.00100	0.19377	0.10954	0.14128	4.40323	0.20000	0.00100	True
3	1	s001	20	1.00000	0.76829	0.66929	0.70359	2.86225	0.20000	0.00100	True
3	1	s001	20	0.10000	0.75068	0.64020	0.67310	0.85868	0.20000	0.00100	True
3	1	s001	20	0.01000	0.70054	0.57997	0.61535	2.95113	0.20000	0.00100	True
3	1	s001	20	0.00100	0.23848	0.12770	0.16328	4.12795	0.20000	0.00100	True
3	1	s001	30	1.00000	0.87127	0.81594	0.83134	1.37968	0.20000	0.00100	True
3	1	s001	30	0.10000	0.85366	0.79904	0.81575	0.46949	0.20000	0.00100	True
3	1	s001	30	0.01000	0.80894	0.74398	0.76807	2.17128	0.20000	0.00100	True
3	1	s001	30	0.00100	0.28320	0.16769	0.20904	3.79471	0.20000	0.00100	True
3	1	s001	40	1.00000	0.90379	0.88166	0.89205	1.15661	0.20000	0.00100	True
3	1	s001	40	0.10000	0.88889	0.85644	0.86814	0.34645	0.20000	0.00100	True
3	1	s001	40	0.01000	0.81707	0.79043	0.80223	1.66714	0.20000	0.00100	True
3	1	s001	40	0.00100	0.27778	0.17651	0.23044	3.51532	0.20000	0.00100	True
3	1	s001	50	1.00000	0.90379	0.87729	0.89350	1.07222	0.20000	0.00100	True
3	1	s001	50	0.10000	0.89702	0.86465	0.88350	0.32206	0.20000	0.00100	True
3	1	s001	50	0.01000	0.83333	0.79015	0.80494	1.36562	0.20000	0.00100	True
3	1	s001	50	0.00100	0.32249	0.20375	0.24568	3.27031	0.20000	0.00100	True
3	1	s001	60	1.00000	0.92412	0.90864	0.91574	1.29511	0.20000	0.00100	True
3	1	s001	60	0.10000	0.91870	0.90405	0.90979	0.35179	0.20000	0.00100	True
3	1	s001	60	0.01000	0.82656	0.79711	0.80649	1.11810	0.20000	0.00100	True
3	1	s001	60	0.00100	0.34553	0.22889	0.27244	3.06657	0.20000	0.00100	True
3	1	s001	70	1.00000	0.90108	0.91004	0.92453	1.44166	0.20000	0.00100	True
3	1	s001	70	0.10000	0.89295	0.89304	0.90827	0.34160	0.20000	0.00100	True
3	1	s001	70	0.01000	0.83875	0.81986	0.83136	0.90990	0.20000	0.00100	True
3	1	s001	70	0.00100	0.34688	0.25703	0.30499	2.90542	0.20000	0.00100	True
3	1	s001	80	1.00000	0.92412	0.92633	0.93088	1.69792	0.20000	0.00100	True
3	1	s001	80	0.10000	0.92276	0.92106	0.92566	0.60204	0.20000	0.00100	True
3	1	s001	80	0.01000	0.84282	0.84549	0.85386	0.82213	0.20000	0.00100	True
3	1	s001	80	0.00100	0.35501	0.27288	0.32648	2.79268	0.20000	0.00100	True
3	1	s001	90	1.00000	0.95528	0.95497	0.95633	0.85060	0.20000	0.00100	True
3	1	s001	90	0.10000	0.94986	0.95054	0.95292	0.23043	0.20000	0.00100	True
3	1	s001	90	0.01000	0.88076	0.86274	0.86516	0.68095	0.20000	0.00100	True
3	1	s001	90	0.00100	0.42683	0.31593	0.35566	2.61735	0.20000	0.00100	True
3	1	s001	100	1.00000	0.95935	0.96183	0.96179	0.88429	0.20000	0.00100	True
3	1	s001	100	0.10000	0.95528	0.95743	0.95884	0.22890	0.20000	0.00100	True
3	1	s001	100	0.01000	0.88618	0.88511	0.88492	0.57859	0.20000	0.00100	True
3	1	s001	100	0.00100	0.41599	0.31533	0.36552	2.56144	0.20000	0.00100	True
3	1	s001	110	1.00000	0.94580	0.94714	0.95682	1.02684	0.20000	0.00100	True
3	1	s001	110	0.10000	0.93360	0.93140	0.94351	0.26593	0.20000	0.00100	True
3	1	s001	110	0.01000	0.87398	0.86910	0.88436	0.63495	0.20000	0.00100	True
3	1	s001	110	0.00100	0.39024	0.29966	0.36412	2.56124	0.20000	0.00100	True
3	1	s001	120	1.00000	0.96477	0.96788	0.96799	0.65812	0.20000	0.00100	True
3	1	s001	120	0.10000	0.96070	0.96642	0.96763	0.20732	0.20000	0.00100	True
3	1	s001	120	0.01000	0.89702	0.89747	0.89547	0.54940	0.20000	0.00100	True
3	1	s001	120	0.00100	0.43089	0.32814	0.38019	2.50359	0.20000	0.00100	True
3	1	s001	130	1.00000	0.96477	0.96850	0.97084	0.66341	0.20000	0.00100	True
3	1	s001	130	0.10000	0.95664	0.96012	0.96137	0.21678	0.20000	0.00100	True
3	1	s001	130	0.01000	0.89160	0.89418	0.89512	0.54525	0.20000	0.00100	True
3	1	s001	130	0.00100	0.42005	0.33569	0.38123	2.49025	0.20000	0.00100	True
3	1	s001	140	1.00000	0.96477	0.96868	0.97050	0.61808	0.20000	0.00100	True
3	1	s001	140	0.10000	0.96070	0.96197	0.96240	0.21258	0.20000	0.00100	True
3	1	s001	140	0.01000	0.89431	0.88792	0.89064	0.53815	0.20000	0.00100	True
3	1	s001	140	0.00100	0.42141	0.33317	0.37718	2.48232	0.20000	0.00100	True
3	1	s001	150	1.00000	0.96477	0.96890	0.97055	0.61898	0.20000	0.00100	True
3	1	s001	150	0.10000	0.96206	0.96648	0.96790	0.21590	0.20000	0.00100	True
3	1	s001	150	0.01000	0.89566	0.89069	0.89156	0.53801	0.20000	0.00100	True
3	1	s001	150	0.00100	0.42276	0.33398	0.37753	2.48167	0.20000	0.00100	True
3	1	s002	10	1.00000	0.93225	0.93901	0.94358	0.20326	0.20000	0.00030	False
3	1	s002	10	0.10000	0.92818	0.91867	0.92264	3.26338	0.20000	0.00030	False
3	1	s002	10	0.01000	0.57995	0.43959	0.49885	4.38188	0.20000	0.00030	False
3	1	s002	10	0.00100	0.07859	0.02175	0.05601	4.49684	0.20000	0.00030	False
3	1	s002	20	1.00000	0.97154	0.97279	0.97143	0.09849	0.20000	0.00030	False
3	1	s002	20	0.10000	0.97290	0.97057	0.97097	3.04231	0.20000	0.00030	False
3	1	s002	20	0.01000	0.65854	0.55186	0.58684	4.36055	0.20000	0.00030	False
3	1	s002	20	0.00100	0.07588	0.02362	0.05535	4.49537	0.20000	0.00030	False
3	1	s002	30	1.00000	0.96883	0.97232	0.97081	0.09048	0.20000	0.00030	False
3	1	s002	30	0.10000	0.96748	0.96590	0.96483	2.92830	0.20000	0.00030	False
3	1	s002	30	0.01000	0.72764	0.65126	0.67695	4.34931	0.20000	0.00030	False
3	1	s002	30	0.00100	0.07453	0.02319	0.05091	4.49454	0.20000	0.00030	False
3	1	s002	40	1.00000	0.96883	0.96610	0.96439	0.08847	0.20000	0.00030	False
3	1	s002	40	0.10000	0.96612	0.96362	0.96174	2.87584	0.20000	0.00030	False
3	1	s002	40	0.01000	0.73577	0.66777	0.69229	4.34475	0.20000	0.00030	False
3	1	s002	40	0.00100	0.07859	0.02412	0.05483	4.49431	0.20000	0.00030	False
3	1	s002	50	1.00000	0.96612	0.96379	0.96068	0.08794	0.20000	0.00030	False
3	1	s002	50	0.10000	0.96612	0.96765	0.96709	2.84086	0.20000	0.00030	False
3	1	s002	50	0.01000	0.73713	0.66850	0.69008	4.34144	0.20000	0.00030	False
3	1	s002	50	0.00100	0.07588	0.02456	0.05274	4.49414	0.20000	0.00030	False
3	1	s002	60	1.00000	0.96748	0.96459	0.96160	0.08804	0.20000	0.00030	False
3	1	s002	60	0.10000	0.96612	0.96831	0.96697	2.83963	0.20000	0.00030	False
3	1	s002	60	0.01000	0.73306	0.66694	0.69000	4.34138	0.20000	0.00030	False
3	1	s002	60	0.00100	0.07453	0.02240	0.05117	4.49413	0.20000	0.00030	False
3	1	s003	10	1.00000	0.67886	0.58843	0.64332	1.59366	0.20000	0.00030	True
3	1	s003	10	0.10000	0.67751	0.57732	0.63011	2.19325	0.20000	0.00030	True
3	1	s003	10	0.01000	0.62602	0.46878	0.53775	4.20205	0.20000	0.00030	True
3	1	s003	10	0.00100	0.14770	0.07195	0.09552	4.47214	0.20000	0.00030	True
3	1	s003	20	1.00000	0.84146	0.76941	0.79657	1.11937	0.20000	0.00030	True
3	1	s003	20	0.10000	0.83604	0.76473	0.78942	0.85889	0.20000	0.00030	True
3	1	s003	20	0.01000	0.77371	0.69821	0.72958	3.70349	0.20000	0.00030	True
3	1	s003	20	0.00100	0.26016	0.15483	0.20521	4.40158	0.20000	0.00030	True
3	1	s003	30	1.00000	0.90650	0.88709	0.89970	0.77819	0.20000	0.00030	True
3	1	s003	30	0.10000	0.90108	0.87761	0.89310	0.49010	0.20000	0.00030	True
3	1	s003	30	0.01000	0.84417	0.80057	0.82133	3.24779	0.20000	0.00030	True
3	1	s003	30	0.00100	0.33333	0.19116	0.23127	4.31511	0.20000	0.00030	True
3	1	s003	40	1.00000	0.92954	0.91824	0.91563	0.57852	0.20000	0.00030	True
3	1	s003	40	0.10000	0.91734	0.91338	0.91200	0.29425	0.20000	0.00030	True
3	1	s003	40	0.01000	0.87398	0.84521	0.83665	2.79329	0.20000	0.00030	True
3	1	s003	40	0.00100	0.39973	0.24190	0.28245	4.22129	0.20000	0.00030	True
3	1	s003	50	1.00000	0.93089	0.92051	0.93398	0.94634	0.20000	0.00030	True
3	1	s003	50	0.10000	0.92547	0.92291	0.93266	0.28585	0.20000	0.00030	True
3	1	s003	50	0.01000	0.87805	0.85769	0.87643	2.47755	0.20000	0.00030	True
3	1	s003	50	0.00100	0.34959	0.25563	0.27214	4.13754	0.20000	0.00030	True
3	1	s003	60	1.00000	0.93902	0.92792	0.92963	0.64374	0.20000	0.00030	True
3	1	s003	60	0.10000	0.94173	0.93207	0.93535	0.19608	0.20000	0.00030	True
3	1	s003	60	0.01000	0.89566	0.87278	0.87512	2.15079	0.20000	0.00030	True
3	1	s003	60	0.00100	0.37398	0.24292	0.27181	4.03925	0.20000	0.00030	True
3	1	s003	70	1.00000	0.94580	0.93993	0.94417	0.69965	0.20000	0.00030	True
3	1	s003	70	0.10000	0.93902	0.92358	0.92812	0.18286	0.20000	0.00030	True
3	1	s003	70	0.01000	0.89702	0.86716	0.87033	1.88710	0.20000	0.00030	True
3	1	s003	70	0.00100	0.36043	0.24533	0.28362	3.95271	0.20000	0.00030	True
3	1	s003	80	1.00000	0.95122	0.93523	0.94146	0.81302	0.20000	0.00030	True
3	1	s003	80	0.10000	0.94580	0.93045	0.93369	0.19397	0.20000	0.00030	True
3	1	s003	80	0.01000	0.89295	0.86949	0.87399	1.66324	0.20000	0.00030	True
3	1	s003	80	0.00100	0.40515	0.28663	0.31281	3.88821	0.20000	0.00030	True
3	1	s003	90	1.00000	0.94038	0.93950	0.94107	0.90303	0.20000	0.00030	True
3	1	s003	90	0.10000	0.93767	0.93607	0.94066	0.18027	0.20000	0.00030	True
3	1	s003	90	0.01000	0.90108	0.88972	0.89383	1.45812	0.20000	0.00030	True
3	1	s003	90	0.00100	0.38347	0.25084	0.27664	3.81499	0.20000	0.00030	True
3	1	s003	100	1.00000	0.95257	0.95103	0.94959	0.76686	0.20000	0.00030	True
3	1	s003	100	0.10000	0.94851	0.94959	0.94843	0.17399	0.20000	0.00030	True
3	1	s003	100	0.01000	0.89566	0.88730	0.88840	1.38399	0.20000	0.00030	True
3	1	s003	100	0.00100	0.36721	0.24859	0.27484	3.76940	0.20000	0.00030	True
3	1	s003	110	1.00000	0.95393	0.94601	0.94461	0.65166	0.20000	0.00030	True
3	1	s003	110	0.10000	0.94851	0.94553	0.94587	0.15037	0.20000	0.00030	True
3	1	s003	110	0.01000	0.90108	0.88346	0.88223	1.31381	0.20000	0.00030	True
3	1	s003	110	0.00100	0.39024	0.25829	0.28324	3.74157	0.20000	0.00030	True
3	1	s003	120	1.00000	0.96206	0.95853	0.95676	0.54463	0.20000	0.00030	True
3	1	s003	120	0.10000	0.95935	0.95232	0.94984	0.13348	0.20000	0.00030	True
3	1	s003	120	0.01000	0.91192	0.90637	0.90151	1.25611	0.20000	0.00030	True
3	1	s003	120	0.00100	0.40515	0.26821	0.29506	3.71854	0.20000	0.00030	True
3	1	s003	130	1.00000	0.95935	0.95523	0.95343	0.70447	0.20000	0.00030	True
3	1	s003	130	0.10000	0.94851	0.94139	0.94057	0.14930	0.20000	0.00030	True
3	1	s003	130	0.01000	0.90786	0.90386	0.90229	1.23225	0.20000	0.00030	True
3	1	s003	130	0.00100	0.41734	0.27898	0.30783	3.70894	0.20000	0.00030	True
3	1	s003	140	1.00000	0.95935	0.96028	0.95806	0.64494	0.20000	0.00030	True
3	1	s003	140	0.10000	0.95122	0.94487	0.94255	0.14332	0.20000	0.00030	True
3	1	s003	140	0.01000	0.91328	0.90959	0.90729	1.21834	0.20000	0.00030	True
3	1	s003	140	0.00100	0.41192	0.27590	0.30516	3.70306	0.20000	0.00030	True
3	1	s003	150	1.00000	0.95935	0.96028	0.95806	0.64214	0.20000	0.00030	True
3	1	s003	150	0.10000	0.95257	0.94554	0.94290	0.14299	0.20000	0.00030	True
3	1	s003	150	0.01000	0.91328	0.90959	0.90729	1.21645	0.20000	0.00030	True
3	1	s003	150	0.00100	0.40921	0.27170	0.30010	3.70229	0.20000	0.00030	True
3	2	s000	10	1.00000	0.92005	0.89377	0.90429	0.22232	0.20000	0.00100	False
3	2	s000	10	0.10000	0.91599	0.88796	0.89680	3.07013	0.20000	0.00100	False
3	2	s000	10	0.01000	0.59756	0.47859	0.52558	4.36036	0.20000	0.00100	False
3	2	s000	10	0.00100	0.00949	0.00155	0.01177	4.49430	0.20000	0.00100	False
3	2	s000	20	1.00000	0.96341	0.94992	0.95253	0.11721	0.20000	0.00100	False
3	2	s000	20	0.10000	0.95935	0.94238	0.94272	2.64994	0.20000	0.00100	False
3	2	s000	20	0.01000	0.75068	0.69038	0.71541	4.31413	0.20000	0.00100	False
3	2	s000	20	0.00100	0.02439	0.01293	0.02555	4.49055	0.20000	0.00100	False
3	2	s000	30	1.00000	0.96883	0.95972	0.95521	0.10304	0.20000	0.00100	False
3	2	s000	30	0.10000	0.96206	0.94961	0.94607	2.49293	0.20000	0.00100	False
3	2	s000	30	0.01000	0.75068	0.72551	0.74125	4.29700	0.20000	0.00100	False
3	2	s000	30	0.00100	0.02168	0.01404	0.02490	4.48906	0.20000	0.00100	False
3	2	s000	40	1.00000	0.96748	0.95855	0.96021	0.08952	0.20000	0.00100	False
3	2	s000	40	0.10000	0.96477	0.96103	0.96054	2.38433	0.20000	0.00100	False
3	2	s000	40	0.01000	0.81572	0.77471	0.78528	4.28503	0.20000	0.00100	False
3	2	s000	40	0.00100	0.02168	0.01433	0.02381	4.48821	0.20000	0.00100	False
3	2	s000	50	1.00000	0.97561	0.96606	0.96277	0.07660	0.20000	0.00100	False
3	2	s000	50	0.10000	0.97561	0.97302	0.96984	2.32864	0.20000	0.00100	False
3	2	s000	50	0.01000	0.81978	0.78835	0.79415	4.27962	0.20000	0.00100	False
3	2	s000	50	0.00100	0.02033	0.01375	0.02322	4.48781	0.20000	0.00100	False
3	2	s000	60	1.00000	0.97832	0.96581	0.96335	0.07392	0.20000	0.00100	False
3	2	s000	60	0.10000	0.97425	0.96565	0.96097	2.32463	0.20000	0.00100	False
3	2	s000	60	0.01000	0.82927	0.79360	0.79991	4.27944	0.20000	0.00100	False
3	2	s000	60	0.00100	0.02304	0.01620	0.02514	4.48782	0.20000	0.00100	False
3	2	s001	10	1.00000	0.66396	0.58939	0.64053	2.42824	0.20000	0.00100	True
3	2	s001	10	0.10000	0.66667	0.59857	0.64519	1.47011	0.20000	0.00100	True
3	2	s001	10	0.01000	0.62195	0.53613	0.58518	3.79235	0.20000	0.00100	True
3	2	s001	10	0.00100	0.20596	0.10266	0.14104	4.37471	0.20000	0.00100	True
3	2	s001	20	1.00000	0.84011	0.77185	0.80101	1.36555	0.20000	0.00100	True
3	2	s001	20	0.10000	0.84553	0.77739	0.80780	0.65236	0.20000	0.00100	True
3	2	s001	20	0.01000	0.78726	0.69812	0.72355	2.88926	0.20000	0.00100	True
3	2	s001	20	0.00100	0.34146	0.19029	0.24286	4.10754	0.20000	0.00100	True
3	2	s001	30	1.00000	0.88753	0.84529	0.86315	1.59722	0.20000	0.00100	True
3	2	s001	30	0.10000	0.88347	0.83897	0.85572	0.39641	0.20000	0.00100	True
3	2	s001	30	0.01000	0.84146	0.77170	0.78733	2.04441	0.20000	0.00100	True
3	2	s001	30	0.00100	0.30894	0.16628	0.19944	3.73958	0.20000	0.00100	True
3	2	s001	40	1.00000	0.89024	0.85471	0.86720	1.84729	0.20000	0.00100	True
3	2	s001	40	0.10000	0.88076	0.84514	0.84997	0.51006	0.20000	0.00100	True
3	2	s001	40	0.01000	0.80352	0.73553	0.74999	1.53389	0.20000	0.00100	True
3	2	s001	40	0.00100	0.32927	0.22060	0.26433	3.45063	0.20000	0.00100	True
3	2	s001	50	1.00000	0.89024	0.86958	0.89067	1.70280	0.20000	0.00100	True
3	2	s001	50	0.10000	0.86992	0.84753	0.86577	0.40168	0.20000	0.00100	True
3	2	s001	50	0.01000	0.80894	0.77204	0.79768	1.33340	0.20000	0.00100	True
3	2	s001	50	0.00100	0.32927	0.22927	0.25971	3.17087	0.20000	0.00100	True
3	2	s001	60	1.00000	0.92276	0.87742	0.89226	1.31610	0.20000	0.00100	True
3	2	s001	60	0.10000	0.92683	0.87732	0.89676	0.24104	0.20000	0.00100	True
3	2	s001	60	0.01000	0.88618	0.83411	0.84472	0.95106	0.20000	0.00100	True
3	2	s001	60	0.00100	0.37669	0.26760	0.30192	2.97371	0.20000	0.00100	True
3	2	s001	70	1.00000	0.92547	0.91451	0.92560	1.20391	0.20000	0.00100	True
3	2	s001	70	0.10000	0.92818	0.91818	0.92619	0.25433	0.20000	0.00100	True
3	2	s001	70	0.01000	0.88753	0.84380	0.85920	0.87582	0.20000	0.00100	True
3	2	s001	70	0.00100	0.35772	0.26780	0.28657	2.81572	0.20000	0.00100	True
3	2	s001	80	1.00000	0.95122	0.94316	0.94936	0.75472	0.20000	0.00100	True
3	2	s001	80	0.10000	0.94580	0.93086	0.93703	0.17545	0.20000	0.00100	True
3	2	s001	80	0.01000	0.87534	0.84874	0.85892	0.78255	0.20000	0.00100	True
3	2	s001	80	0.00100	0.41463	0.30975	0.32743	2.66286	0.20000	0.00100	True
3	2	s001	90	1.00000	0.96206	0.94010	0.94538	0.74070	0.20000	0.00100	True
3	2	s001	90	0.10000	0.95257	0.91886	0.93112	0.18726	0.20000	0.00100	True
3	2	s001	90	0.01000	0.90515	0.86334	0.87725	0.62087	0.20000	0.00100	True
3	2	s001	90	0.00100	0.44986	0.34666	0.37157	2.56672	0.20000	0.00100	True
3	2	s001	100	1.00000	0.96070	0.94278	0.94470	0.76039	0.20000	0.00100	True
3	2	s001	100	0.10000	0.95935	0.93856	0.94127	0.19384	0.20000	0.00100	True
3	2	s001	100	0.01000	0.89160	0.85242	0.86500	0.54086	0.20000	0.00100	True
3	2	s001	100	0.00100	0.44580	0.34764	0.38364	2.49426	0.20000	0.00100	True
3	2	s001	110	1.00000	0.96206	0.94698	0.94976	0.83775	0.20000	0.00100	True
3	2	s001	110	0.10000	0.96070	0.94863	0.95181	0.18730	0.20000	0.00100	True
3	2	s001	110	0.01000	0.90650	0.87625	0.88187	0.49678	0.20000	0.00100	True
3	2	s001	110	0.00100	0.45528	0.34935	0.39048	2.43889	0.20000	0.00100	True
3	2	s001	120	1.00000	0.95257	0.93445	0.94089	1.02629	0.20000	0.00100	True
3	2	s001	120	0.10000	0.94444	0.92046	0.93187	0.21741	0.20000	0.00100	True
3	2	s001	120	0.01000	0.89295	0.86450	0.87133	0.49459	0.20000	0.00100	True
3	2	s001	120	0.00100	0.46070	0.37222	0.40413	2.40052	0.20000	0.00100	True
3	2	s001	130	1.00000	0.95935	0.94522	0.94941	0.85646	0.20000	0.00100	True
3	2	s001	130	0.10000	0.95664	0.93834	0.94417	0.18487	0.20000	0.00100	True
3	2	s001	130	0.01000	0.91870	0.89287	0.89748	0.47067	0.20000	0.00100	True
3	2	s001	130	0.00100	0.45528	0.36183	0.39872	2.39256	0.20000	0.00100	True
3	2	s001	140	1.00000	0.95935	0.94522	0.94941	0.83137	0.20000	0.00100	True
3	2	s001	140	0.10000	0.95935	0.94518	0.95082	0.18456	0.20000	0.00100	True
3	2	s001	140	0.01000	0.91463	0.89485	0.89930	0.46379	0.20000	0.00100	True
3	2	s001	140	0.00100	0.46341	0.36965	0.40656	2.38828	0.20000	0.00100	True
3	2	s001	150	1.00000	0.95664	0.93943	0.94392	0.82844	0.20000	0.00100	True
3	2	s001	150	0.10000	0.95935	0.94518	0.95082	0.18538	0.20000	0.00100	True
3	2	s001	150	0.01000	0.91192	0.89015	0.89511	0.46297	0.20000	0.00100	True
3	2	s001	150	0.00100	0.46477	0.37142	0.40796	2.38663	0.20000	0.00100	True
3	2	s002	10	1.00000	0.94986	0.93180	0.93560	0.21232	0.20000	0.00030	False
3	2	s002	10	0.10000	0.93767	0.91260	0.91374	3.30061	0.20000	0.00030	False
3	2	s002	10	0.01000	0.57182	0.42735	0.47606	4.38621	0.20000	0.00030	False
3	2	s002	10	0.00100	0.08401	0.02537	0.05140	4.49681	0.20000	0.00030	False
3	2	s002	20	1.00000	0.96477	0.95949	0.95848	0.10707	0.20000	0.00030	False
3	2	s002	20	0.10000	0.97019	0.96253	0.96337	3.04753	0.20000	0.00030	False
3	2	s002	20	0.01000	0.67209	0.58320	0.61735	4.36128	0.20000	0.00030	False
3	2	s002	20	0.00100	0.09892	0.02838	0.06504	4.49514	0.20000	0.00030	False
3	2	s002	30	1.00000	0.96477	0.95546	0.95358	0.08652	0.20000	0.00030	False
3	2	s002	30	0.10000	0.96748	0.95392	0.95095	2.91730	0.20000	0.00030	False
3	2	s002	30	0.01000	0.73713	0.62947	0.66515	4.34874	0.20000	0.00030	False
3	2	s002	30	0.00100	0.11247	0.03340	0.07326	4.49420	0.20000	0.00030	False
3	2	s002	40	1.00000	0.96748	0.96267	0.96274	0.08660	0.20000	0.00030	False
3	2	s002	40	0.10000	0.97290	0.97081	0.97018	2.87528	0.20000	0.00030	False
3	2	s002	40	0.01000	0.73577	0.64084	0.66106	4.34482	0.20000	0.00030	False
3	2	s002	40	0.00100	0.10840	0.03485	0.06872	4.49419	0.20000	0.00030	False
3	2	s002	50	1.00000	0.96883	0.96370	0.96391	0.08010	0.20000	0.00030	False
3	2	s002	50	0.10000	0.97154	0.95884	0.95847	2.82398	0.20000	0.00030	False
3	2	s002	50	0.01000	0.75068	0.66426	0.68379	4.34014	0.20000	0.00030	False
3	2	s002	50	0.00100	0.10705	0.03225	0.06644	4.49386	0.20000	0.00030	False
3	2	s002	60	1.00000	0.96883	0.96218	0.95982	0.07973	0.20000	0.00030	False
3	2	s002	60	0.10000	0.97425	0.96538	0.96537	2.83008	0.20000	0.00030	False
3	2	s002	60	0.01000	0.74932	0.65857	0.68247	4.34084	0.20000	0.00030	False
3	2	s002	60	0.00100	0.10840	0.03644	0.07331	4.49388	0.20000	0.00030	False
3	2	s003	10	1.00000	0.76965	0.66362	0.71160	0.90895	0.20000	0.00030	True
3	2	s003	10	0.10000	0.76694	0.64724	0.69715	1.98204	0.20000	0.00030	True
3	2	s003	10	0.01000	0.65041	0.48131	0.52834	4.16689	0.20000	0.00030	True
3	2	s003	10	0.00100	0.15312	0.06336	0.10336	4.46956	0.20000	0.00030	True
3	2	s003	20	1.00000	0.86721	0.84210	0.85740	0.91435	0.20000	0.00030	True
3	2	s003	20	0.10000	0.85772	0.82622	0.84245	0.86487	0.20000	0.00030	True
3	2	s003	20	0.01000	0.82114	0.76652	0.78075	3.72559	0.20000	0.00030	True
3	2	s003	20	0.00100	0.29675	0.16806	0.21737	4.40063	0.20000	0.00030	True
3	2	s003	30	1.00000	0.91870	0.88060	0.89207	0.76183	0.20000	0.00030	True
3	2	s003	30	0.10000	0.91057	0.86616	0.87749	0.45246	0.20000	0.00030	True
3	2	s003	30	0.01000	0.86314	0.81409	0.82646	3.29436	0.20000	0.00030	True
3	2	s003	30	0.00100	0.38482	0.23717	0.27537	4.32493	0.20000	0.00030	True
3	2	s003	40	1.00000	0.92276	0.89846	0.90515	0.84859	0.20000	0.00030	True
3	2	s003	40	0.10000	0.90921	0.88308	0.88835	0.29655	0.20000	0.00030	True
3	2	s003	40	0.01000	0.87669	0.81795	0.82431	2.83808	0.20000	0.00030	True
3	2	s003	40	0.00100	0.42818	0.29429	0.31857	4.24037	0.20000	0.00030	True
3	2	s003	50	1.00000	0.92547	0.90470	0.91672	0.83027	0.20000	0.00030	True
3	2	s003	50	0.10000	0.92141	0.90062	0.90822	0.25865	0.20000	0.00030	True
3	2	s003	50	0.01000	0.88482	0.85174	0.86634	2.48862	0.20000	0.00030	True
3	2	s003	50	0.00100	0.38618	0.27086	0.29101	4.15220	0.20000	0.00030	True
3	2	s003	60	1.00000	0.93902	0.91546	0.92032	0.87368	0.20000	0.00030	True
3	2	s003	60	0.10000	0.94580	0.92149	0.92671	0.22758	0.20000	0.00030	True
3	2	s003	60	0.01000	0.91192	0.87931	0.88199	2.12176	0.20000	0.00030	True
3	2	s003	60	0.00100	0.43631	0.31649	0.33561	4.07003	0.20000	0.00030	True
3	2	s003	70	1.00000	0.92005	0.91316	0.91495	1.07835	0.20000	0.00030	True
3	2	s003	70	0.10000	0.91599	0.91690	0.91568	0.22353	0.20000	0.00030	True
3	2	s003	70	0.01000	0.89702	0.87765	0.88185	1.95577	0.20000	0.00030	True
3	2	s003	70	0.00100	0.42818	0.30357	0.32173	4.01196	0.20000	0.00030	True
3	2	s003	80	1.00000	0.94309	0.91687	0.92371	0.84486	0.20000	0.00030	True
3	2	s003	80	0.10000	0.94580	0.93007	0.93177	0.17386	0.20000	0.00030	True
3	2	s003	80	0.01000	0.92276	0.90378	0.90953	1.72754	0.20000	0.00030	True
3	2	s003	80	0.00100	0.42818	0.33273	0.35648	3.95500	0.20000	0.00030	True
3	2	s003	90	1.00000	0.94986	0.93718	0.94026	0.65937	0.20000	0.00030	True
3	2	s003	90	0.10000	0.94986	0.93847	0.94057	0.14925	0.20000	0.00030	True
3	2	s003	90	0.01000	0.91463	0.89018	0.89212	1.57262	0.20000	0.00030	True
3	2	s003	90	0.00100	0.40921	0.32417	0.34984	3.89982	0.20000	0.00030	True
3	2	s003	100	1.00000	0.95257	0.93433	0.93443	0.72060	0.20000	0.00030	True
3	2	s003	100	0.10000	0.95122	0.93329	0.93233	0.13929	0.20000	0.00030	True
3	2	s003	100	0.01000	0.92141	0.89865	0.89783	1.42810	0.20000	0.00030	True
3	2	s003	100	0.00100	0.43496	0.35998	0.38588	3.85353	0.20000	0.00030	True
3	2	s003	110	1.00000	0.94986	0.93700	0.93473	0.89757	0.20000	0.00030	True
3	2	s003	110	0.10000	0.94986	0.93534	0.93333	0.16326	0.20000	0.00030	True
3	2	s003	110	0.01000	0.92141	0.89368	0.89647	1.34159	0.20000	0.00030	True
3	2	s003	110	0.00100	0.43225	0.36151	0.38587	3.82070	0.20000	0.00030	True
3	2	s003	120	1.00000	0.95122	0.93621	0.93689	0.71507	0.20000	0.00030	True
3	2	s003	120	0.10000	0.95528	0.94406	0.94133	0.13821	0.20000	0.00030	True
3	2	s003	120	0.01000	0.91870	0.88742	0.88761	1.29592	0.20000	0.00030	True
3	2	s003	120	0.00100	0.43631	0.35377	0.38251	3.79860	0.20000	0.00030	True
3	2	s003	130	1.00000	0.95528	0.93747	0.93717	0.74486	0.20000	0.00030	True
3	2	s003	130	0.10000	0.95393	0.94032	0.93944	0.13169	0.20000	0.00030	True
3	2	s003	130	0.01000	0.92818	0.90293	0.90103	1.26633	0.20000	0.00030	True
3	2	s003	130	0.00100	0.43767	0.35992	0.38700	3.78761	0.20000	0.00030	True
3	2	s003	140	1.00000	0.95528	0.93688	0.93983	0.79821	0.20000	0.00030	True
3	2	s003	140	0.10000	0.95664	0.94226	0.94108	0.13346	0.20000	0.00030	True
3	2	s003	140	0.01000	0.92547	0.89915	0.89915	1.25831	0.20000	0.00030	True
3	2	s003	140	0.00100	0.43902	0.36043	0.39303	3.78334	0.20000	0.00030	True
3	2	s003	150	1.00000	0.95528	0.93694	0.94007	0.79017	0.20000	0.00030	True
3	2	s003	150	0.10000	0.95393	0.93732	0.93706	0.13255	0.20000	0.00030	True
3	2	s003	150	0.01000	0.92818	0.89912	0.89947	1.25686	0.20000	0.00030	True
3	2	s003	150	0.00100	0.44038	0.36074	0.39372	3.78289	0.20000	0.00030	True
4	0	s000	10	1.00000	0.93225	0.93912	0.94652	0.21234	0.20000	0.00100	False
4	0	s000	10	0.10000	0.91328	0.91180	0.92188	3.15927	0.20000	0.00100	False
4	0	s000	10	0.01000	0.55962	0.47778	0.50550	4.36910	0.20000	0.00100	False
4	0	s000	10	0.00100	0.06369	0.00946	0.03414	4.49452	0.20000	0.00100	False
4	0	s000	20	1.00000	0.96341	0.96501	0.96531	0.12145	0.20000	0.00100	False
4	0	s000	20	0.10000	0.95935	0.96157	0.96271	2.73890	0.20000	0.00100	False
4	0	s000	20	0.01000	0.70461	0.63959	0.67128	4.32375	0.20000	0.00100	False
4	0	s000	20	0.00100	0.06640	0.02284	0.04544	4.49119	0.20000	0.00100	False
4	0	s000	30	1.00000	0.96612	0.96579	0.96673	0.08367	0.20000	0.00100	False
4	0	s000	30	0.10000	0.96883	0.96743	0.96713	2.52285	0.20000	0.00100	False
4	0	s000	30	0.01000	0.78726	0.74956	0.76149	4.29944	0.20000	0.00100	False
4	0	s000	30	0.00100	0.08130	0.02763	0.04876	4.48884	0.20000	0.00100	False
4	0	s000	40	1.00000	0.96883	0.96254	0.96479	0.08272	0.20000	0.00100	False
4	0	s000	40	0.10000	0.97019	0.97220	0.97153	2.37283	0.20000	0.00100	False
4	0	s000	40	0.01000	0.83875	0.78945	0.79884	4.28214	0.20000	0.00100	False
4	0	s000	40	0.00100	0.08808	0.03177	0.05208	4.48734	0.20000	0.00100	False
4	0	s000	50	1.00000	0.97019	0.96751	0.96828	0.07642	0.20000	0.00100	False
4	0	s000	50	0.10000	0.96883	0.96866	0.97003	2.36020	0.20000	0.00100	False
4	0	s000	50	0.01000	0.84553	0.81554	0.81798	4.28192	0.20000	0.00100	False
4	0	s000	50	0.00100	0.08266	0.03139	0.05033	4.48757	0.20000	0.00100	False
4	0	s000	60	1.00000	0.97019	0.96813	0.96828	0.07609	0.20000	0.00100	False
4	0	s000	60	0.10000	0.97154	0.97452	0.97332	2.34359	0.20000	0.00100	False
4	0	s000	60	0.01000	0.84417	0.81652	0.81654	4.28020	0.20000	0.00100	False
4	0	s000	60	0.00100	0.08672	0.03315	0.05182	4.48743	0.20000	0.00100	False
4	0	s001	10	1.00000	0.66396	0.57567	0.63605	1.94934	0.20000	0.00100	True
4	0	s001	10	0.10000	0.65447	0.56212	0.61812	1.58950	0.20000	0.00100	True
4	0	s001	10	0.01000	0.60163	0.44300	0.49852	3.89091	0.20000	0.00100	True
4	0	s001	10	0.00100	0.18157	0.07227	0.10871	4.39785	0.20000	0.00100	True
4	0	s001	20	1.00000	0.73848	0.68052	0.71637	3.35096	0.20000	0.00100	True
4	0	s001	20	0.10000	0.73848	0.67153	0.71283	0.88069	0.20000	0.00100	True
4	0	s001	20	0.01000	0.68564	0.59703	0.63971	2.90787	0.20000	0.00100	True
4	0	s001	20	0.00100	0.23984	0.11758	0.15264	4.12333	0.20000	0.00100	True
4	0	s001	30	1.00000	0.88618	0.86573	0.87925	0.95023	0.20000	0.00100	True
4	0	s001	30	0.10000	0.88482	0.86521	0.87640	0.38662	0.20000	0.00100	True
4	0	s001	30	0.01000	0.84824	0.79328	0.80473	2.25725	0.20000	0.00100	True
4	0	s001	30	0.00100	0.24661	0.13967	0.15912	3.84121	0.20000	0.00100	True
4	0	s001	40	1.00000	0.87669	0.88263	0.89620	2.01784	0.20000	0.00100	True
4	0	s001	40	0.10000	0.85908	0.85895	0.87709	0.44297	0.20000	0.00100	True
4	0	s001	40	0.01000	0.81707	0.79300	0.81824	1.65828	0.20000	0.00100	True
4	0	s001	40	0.00100	0.31572	0.20054	0.23546	3.54338	0.20000	0.00100	True
4	0	s001	50	1.00000	0.88211	0.89596	0.90778	1.65407	0.20000	0.00100	True
4	0	s001	50	0.10000	0.86721	0.87081	0.88634	0.32616	0.20000	0.00100	True
4	0	s001	50	0.01000	0.82791	0.80888	0.82238	1.28565	0.20000	0.00100	True
4	0	s001	50	0.00100	0.34824	0.22287	0.26195	3.25101	0.20000	0.00100	True
4	0	s001	60	1.00000	0.94309	0.94503	0.94432	0.87070	0.20000	0.00100	True
4	0	s001	60	0.10000	0.93496	0.94355	0.94141	0.23262	0.20000	0.00100	True
4	0	s001	60	0.01000	0.86721	0.84864	0.85569	0.98362	0.20000	0.00100	True
4	0	s001	60	0.00100	0.39024	0.28289	0.31279	3.02480	0.20000	0.00100	True
4	0	s001	70	1.00000	0.93631	0.94014	0.94772	1.14300	0.20000	0.00100	True
4	0	s001	70	0.10000	0.92818	0.93858	0.94377	0.25094	0.20000	0.00100	True
4	0	s001	70	0.01000	0.86043	0.85356	0.86591	0.79158	0.20000	0.00100	True
4	0	s001	70	0.00100	0.39160	0.28053	0.31751	2.86600	0.20000	0.00100	True
4	0	s001	80	1.00000	0.92954	0.92920	0.93274	1.08380	0.20000	0.00100	True
4	0	s001	80	0.10000	0.93360	0.92725	0.93171	0.23281	0.20000	0.00100	True
4	0	s001	80	0.01000	0.84824	0.82280	0.83472	0.70214	0.20000	0.00100	True
4	0	s001	80	0.00100	0.40650	0.29251	0.32648	2.75235	0.20000	0.00100	True
4	0	s001	90	1.00000	0.96206	0.95946	0.96288	0.66534	0.20000	0.00100	True
4	0	s001	90	0.10000	0.95799	0.95904	0.96094	0.16105	0.20000	0.00100	True
4	0	s001	90	0.01000	0.88618	0.86668	0.87912	0.63624	0.20000	0.00100	True
4	0	s001	90	0.00100	0.36314	0.27905	0.32847	2.71390	0.20000	0.00100	True
4	0	s001	100	1.00000	0.95664	0.93906	0.94086	0.63428	0.20000	0.00100	True
4	0	s001	100	0.10000	0.95799	0.95523	0.95449	0.13156	0.20000	0.00100	True
4	0	s001	100	0.01000	0.89431	0.87297	0.87803	0.56689	0.20000	0.00100	True
4	0	s001	100	0.00100	0.39973	0.31563	0.34934	2.61507	0.20000	0.00100	True
4	0	s001	110	1.00000	0.96883	0.96199	0.96211	0.51142	0.20000	0.00100	True
4	0	s001	110	0.10000	0.96341	0.96010	0.96153	0.10230	0.20000	0.00100	True
4	0	s001	110	0.01000	0.89295	0.88550	0.89195	0.53618	0.20000	0.00100	True
4	0	s001	110	0.00100	0.39160	0.30344	0.34771	2.56826	0.20000	0.00100	True
4	0	s001	120	1.00000	0.96341	0.96142	0.96388	0.65177	0.20000	0.00100	True
4	0	s001	120	0.10000	0.96341	0.96174	0.96370	0.12517	0.20000	0.00100	True
4	0	s001	120	0.01000	0.90650	0.89164	0.90076	0.50076	0.20000	0.00100	True
4	0	s001	120	0.00100	0.39837	0.31825	0.35515	2.53237	0.20000	0.00100	True
4	0	s001	130	1.00000	0.96748	0.96648	0.96900	0.60637	0.20000	0.00100	True
4	0	s001	130	0.10000	0.96612	0.96728	0.97023	0.13799	0.20000	0.00100	True
4	0	s001	130	0.01000	0.90515	0.89821	0.90603	0.48427	0.20000	0.00100	True
4	0	s001	130	0.00100	0.40108	0.30716	0.34651	2.50813	0.20000	0.00100	True
4	0	s001	140	1.00000	0.97019	0.96877	0.97210	0.55146	0.20000	0.00100	True
4	0	s001	140	0.10000	0.96612	0.96485	0.96680	0.12641	0.20000	0.00100	True
4	0	s001	140	0.01000	0.90515	0.90341	0.90909	0.48138	0.20000	0.00100	True
4	0	s001	140	0.00100	0.40379	0.31728	0.36012	2.50518	0.20000	0.00100	True
4	0	s001	150	1.00000	0.97019	0.96877	0.97210	0.54169	0.20000	0.00100	True
4	0	s001	150	0.10000	0.96612	0.96482	0.96697	0.12480	0.20000	0.00100	True
4	0	s001	150	0.01000	0.90379	0.90023	0.90543	0.48062	0.20000	0.00100	True
4	0	s001	150	0.00100	0.40379	0.31819	0.36005	2.50332	0.20000	0.00100	True
4	0	s002	10	1.00000	0.94715	0.94369	0.94526	0.18301	0.20000	0.00030	False
4	0	s002	10	0.10000	0.93767	0.92674	0.92726	3.31719	0.20000	0.00030	False
4	0	s002	10	0.01000	0.51762	0.38432	0.44688	4.38773	0.20000	0.00030	False
4	0	s002	10	0.00100	0.07859	0.02259	0.04370	4.49692	0.20000	0.00030	False
4	0	s002	20	1.00000	0.96341	0.96794	0.97311	0.10273	0.20000	0.00030	False
4	0	s002	20	0.10000	0.96206	0.96442	0.96912	3.06275	0.20000	0.00030	False
4	0	s002	20	0.01000	0.65041	0.57965	0.61794	4.36166	0.20000	0.00030	False
4	0	s002	20	0.00100	0.10298	0.03289	0.05853	4.49508	0.20000	0.00030	False
4	0	s002	30	1.00000	0.97154	0.97250	0.97281	0.07434	0.20000	0.00030	False
4	0	s002	30	0.10000	0.97425	0.97284	0.97232	2.91622	0.20000	0.00030	False
4	0	s002	30	0.01000	0.73035	0.68060	0.71218	4.34741	0.20000	0.00030	False
4	0	s002	30	0.00100	0.11518	0.03260	0.06415	4.49418	0.20000	0.00030	False
4	0	s002	40	1.00000	0.96612	0.96747	0.96717	0.07533	0.20000	0.00030	False
4	0	s002	40	0.10000	0.96748	0.96970	0.96983	2.86326	0.20000	0.00030	False
4	0	s002	40	0.01000	0.76287	0.70991	0.73427	4.34226	0.20000	0.00030	False
4	0	s002	40	0.00100	0.11111	0.02951	0.06341	4.49378	0.20000	0.00030	False
4	0	s002	50	1.00000	0.97425	0.97487	0.97440	0.06772	0.20000	0.00030	False
4	0	s002	50	0.10000	0.97154	0.97240	0.97214	2.86345	0.20000	0.00030	False
4	0	s002	50	0.01000	0.74932	0.70123	0.72051	4.34266	0.20000	0.00030	False
4	0	s002	50	0.00100	0.11518	0.03181	0.06713	4.49375	0.20000	0.00030	False
4	0	s002	60	1.00000	0.97154	0.97364	0.97364	0.06623	0.20000	0.00030	False
4	0	s002	60	0.10000	0.97019	0.97223	0.97232	2.85708	0.20000	0.00030	False
4	0	s002	60	0.01000	0.74932	0.70581	0.72457	4.34208	0.20000	0.00030	False
4	0	s002	60	0.00100	0.11518	0.03141	0.06713	4.49373	0.20000	0.00030	False
4	0	s003	10	1.00000	0.75610	0.66757	0.71487	0.95241	0.20000	0.00030	True
4	0	s003	10	0.10000	0.76287	0.67126	0.71175	2.17130	0.20000	0.00030	True
4	0	s003	10	0.01000	0.68428	0.54616	0.61184	4.20323	0.20000	0.00030	True
4	0	s003	10	0.00100	0.19783	0.07322	0.10820	4.47251	0.20000	0.00030	True
4	0	s003	20	1.00000	0.81843	0.79307	0.82468	0.98665	0.20000	0.00030	True
4	0	s003	20	0.10000	0.82385	0.79163	0.82222	1.00665	0.20000	0.00030	True
4	0	s003	20	0.01000	0.80488	0.73350	0.76668	3.81847	0.20000	0.00030	True
4	0	s003	20	0.00100	0.25745	0.13338	0.18456	4.41631	0.20000	0.00030	True
4	0	s003	30	1.00000	0.88753	0.85847	0.88111	0.87852	0.20000	0.00030	True
4	0	s003	30	0.10000	0.89160	0.86100	0.88397	0.49883	0.20000	0.00030	True
4	0	s003	30	0.01000	0.85501	0.81437	0.84395	3.37671	0.20000	0.00030	True
4	0	s003	30	0.00100	0.30623	0.18253	0.23058	4.34543	0.20000	0.00030	True
4	0	s003	40	1.00000	0.91870	0.90400	0.91539	0.74903	0.20000	0.00030	True
4	0	s003	40	0.10000	0.91192	0.89691	0.90592	0.32659	0.20000	0.00030	True
4	0	s003	40	0.01000	0.87127	0.83703	0.85781	2.97298	0.20000	0.00030	True
4	0	s003	40	0.00100	0.36314	0.26541	0.29205	4.26547	0.20000	0.00030	True
4	0	s003	50	1.00000	0.94444	0.94213	0.94792	0.66574	0.20000	0.00030	True
4	0	s003	50	0.10000	0.93767	0.93956	0.94454	0.22976	0.20000	0.00030	True
4	0	s003	50	0.01000	0.89295	0.88801	0.89746	2.52171	0.20000	0.00030	True
4	0	s003	50	0.00100	0.30081	0.19627	0.23658	4.17639	0.20000	0.00030	True
4	0	s003	60	1.00000	0.93496	0.91756	0.92696	1.04933	0.20000	0.00030	True
4	0	s003	60	0.10000	0.92683	0.91298	0.92316	0.25001	0.20000	0.00030	True
4	0	s003	60	0.01000	0.87940	0.85812	0.88010	2.34707	0.20000	0.00030	True
4	0	s003	60	0.00100	0.34011	0.22409	0.27230	4.10294	0.20000	0.00030	True
4	0	s003	70	1.00000	0.92818	0.92455	0.93297	0.93151	0.20000	0.00030	True
4	0	s003	70	0.10000	0.92954	0.92595	0.93381	0.21074	0.20000	0.00030	True
4	0	s003	70	0.01000	0.89024	0.88935	0.90416	1.95174	0.20000	0.00030	True
4	0	s003	70	0.00100	0.31301	0.22289	0.25590	4.02587	0.20000	0.00030	True
4	0	s003	80	1.00000	0.95393	0.94294	0.94663	0.72072	0.20000	0.00030	True
4	0	s003	80	0.10000	0.94986	0.93826	0.94328	0.16636	0.20000	0.00030	True
4	0	s003	80	0.01000	0.90921	0.89196	0.90048	1.78621	0.20000	0.00030	True
4	0	s003	80	0.00100	0.37534	0.23984	0.29324	3.96402	0.20000	0.00030	True
4	0	s003	90	1.00000	0.95799	0.95635	0.95614	0.71504	0.20000	0.00030	True
4	0	s003	90	0.10000	0.95528	0.95163	0.94927	0.15490	0.20000	0.00030	True
4	0	s003	90	0.01000	0.90921	0.88408	0.89144	1.57317	0.20000	0.00030	True
4	0	s003	90	0.00100	0.32114	0.22892	0.26633	3.91119	0.20000	0.00030	True
4	0	s003	100	1.00000	0.94986	0.94991	0.95315	0.90583	0.20000	0.00030	True
4	0	s003	100	0.10000	0.95122	0.94936	0.95281	0.16130	0.20000	0.00030	True
4	0	s003	100	0.01000	0.90650	0.88926	0.89857	1.49022	0.20000	0.00030	True
4	0	s003	100	0.00100	0.36314	0.24748	0.29637	3.86514	0.20000	0.00030	True
4	0	s003	110	1.00000	0.96206	0.95687	0.95739	0.65881	0.20000	0.00030	True
4	0	s003	110	0.10000	0.95393	0.94904	0.94843	0.13074	0.20000	0.00030	True
4	0	s003	110	0.01000	0.92141	0.90389	0.91308	1.39901	0.20000	0.00030	True
4	0	s003	110	0.00100	0.36585	0.24408	0.29090	3.83367	0.20000	0.00030	True
4	0	s003	120	1.00000	0.96206	0.96157	0.96073	0.67828	0.20000	0.00030	True
4	0	s003	120	0.10000	0.96341	0.96231	0.96112	0.13057	0.20000	0.00030	True
4	0	s003	120	0.01000	0.92683	0.90350	0.91300	1.33952	0.20000	0.00030	True
4	0	s003	120	0.00100	0.36314	0.24470	0.29240	3.81831	0.20000	0.00030	True
4	0	s003	130	1.00000	0.96612	0.96726	0.96744	0.69997	0.20000	0.00030	True
4	0	s003	130	0.10000	0.96070	0.95800	0.95652	0.12946	0.20000	0.00030	True
4	0	s003	130	0.01000	0.92412	0.90140	0.91027	1.31234	0.20000	0.00030	True
4	0	s003	130	0.00100	0.37127	0.25051	0.29062	3.80589	0.20000	0.00030	True
4	0	s003	140	1.00000	0.96341	0.96632	0.96673	0.64004	0.20000	0.00030	True
4	0	s003	140	0.10000	0.95664	0.95627	0.95510	0.12048	0.20000	0.00030	True
4	0	s003	140	0.01000	0.92547	0.90343	0.91370	1.30363	0.20000	0.00030	True
4	0	s003	140	0.00100	0.36314	0.25200	0.29005	3.80104	0.20000	0.00030	True
4	0	s003	150	1.00000	0.96341	0.96632	0.96673	0.63913	0.20000	0.00030	True
4	0	s003	150	0.10000	0.95799	0.95833	0.95730	0.11976	0.20000	0.00030	True
4	0	s003	150	0.01000	0.92683	0.90849	0.91590	1.30188	0.20000	0.00030	True
4	0	s003	150	0.00100	0.36450	0.25378	0.29120	3.80078	0.20000	0.00030	True
4	1	s000	10	1.00000	0.93360	0.90721	0.90636	0.20274	0.20000	0.00100	False
4	1	s000	10	0.10000	0.92276	0.89835	0.89313	3.01092	0.20000	0.00100	False
4	1	s000	10	0.01000	0.61518	0.51451	0.55747	4.35380	0.20000	0.00100	False
4	1	s000	10	0.00100	0.02846	0.01593	0.03112	4.49521	0.20000	0.00100	False
4	1	s000	20	1.00000	0.94038	0.93550	0.93605	0.17371	0.20000	0.00100	False
4	1	s000	20	0.10000	0.94444	0.92456	0.92804	2.65222	0.20000	0.00100	False
4	1	s000	20	0.01000	0.72900	0.64819	0.66301	4.31310	0.20000	0.00100	False
4	1	s000	20	0.00100	0.02981	0.02094	0.03697	4.49155	0.20000	0.00100	False
4	1	s000	30	1.00000	0.95799	0.95727	0.95888	0.10271	0.20000	0.00100	False
4	1	s000	30	0.10000	0.95935	0.96063	0.96137	2.36553	0.20000	0.00100	False
4	1	s000	30	0.01000	0.79539	0.74545	0.76406	4.28078	0.20000	0.00100	False
4	1	s000	30	0.00100	0.04201	0.03236	0.04662	4.48916	0.20000	0.00100	False
4	1	s000	40	1.00000	0.95935	0.95742	0.95556	0.10631	0.20000	0.00100	False
4	1	s000	40	0.10000	0.96070	0.96068	0.95950	2.37731	0.20000	0.00100	False
4	1	s000	40	0.01000	0.79810	0.75714	0.77794	4.28156	0.20000	0.00100	False
4	1	s000	40	0.00100	0.03930	0.02838	0.04357	4.48884	0.20000	0.00100	False
4	1	s000	50	1.00000	0.96612	0.96259	0.96042	0.09939	0.20000	0.00100	False
4	1	s000	50	0.10000	0.96748	0.96882	0.96788	2.26219	0.20000	0.00100	False
4	1	s000	50	0.01000	0.81707	0.77417	0.78347	4.26851	0.20000	0.00100	False
4	1	s000	50	0.00100	0.03930	0.02849	0.04357	4.48779	0.20000	0.00100	False
4	1	s000	60	1.00000	0.96612	0.96636	0.96499	0.09897	0.20000	0.00100	False
4	1	s000	60	0.10000	0.96612	0.97030	0.97022	2.25579	0.20000	0.00100	False
4	1	s000	60	0.01000	0.81436	0.76722	0.77830	4.26802	0.20000	0.00100	False
4	1	s000	60	0.00100	0.04065	0.02936	0.04388	4.48778	0.20000	0.00100	False
4	1	s001	10	1.00000	0.64092	0.51062	0.56959	2.70953	0.20000	0.00100	True
4	1	s001	10	0.10000	0.63415	0.50683	0.56454	1.62229	0.20000	0.00100	True
4	1	s001	10	0.01000	0.52304	0.38027	0.44985	3.86272	0.20000	0.00100	True
4	1	s001	10	0.00100	0.11789	0.05456	0.08317	4.40035	0.20000	0.00100	True
4	1	s001	20	1.00000	0.82249	0.77252	0.80899	1.64688	0.20000	0.00100	True
4	1	s001	20	0.10000	0.82385	0.77571	0.81150	0.69918	0.20000	0.00100	True
4	1	s001	20	0.01000	0.74661	0.67770	0.71230	3.07216	0.20000	0.00100	True
4	1	s001	20	0.00100	0.23713	0.13645	0.14861	4.15361	0.20000	0.00100	True
4	1	s001	30	1.00000	0.77913	0.73468	0.76033	2.05666	0.20000	0.00100	True
4	1	s001	30	0.10000	0.77778	0.72197	0.74913	0.54417	0.20000	0.00100	True
4	1	s001	30	0.01000	0.76694	0.69883	0.72412	2.36503	0.20000	0.00100	True
4	1	s001	30	0.00100	0.24119	0.16694	0.17902	3.87133	0.20000	0.00100	True
4	1	s001	40	1.00000	0.86856	0.85082	0.87575	1.69927	0.20000	0.00100	True
4	1	s001	40	0.10000	0.86450	0.84844	0.87403	0.36952	0.20000	0.00100	True
4	1	s001	40	0.01000	0.79946	0.77347	0.79564	1.54524	0.20000	0.00100	True
4	1	s001	40	0.00100	0.27642	0.18320	0.20347	3.52791	0.20000	0.00100	True
4	1	s001	50	1.00000	0.91192	0.87249	0.88361	1.75238	0.20000	0.00100	True
4	1	s001	50	0.10000	0.89024	0.84252	0.85686	0.45152	0.20000	0.00100	True
4	1	s001	50	0.01000	0.82114	0.76427	0.78497	1.31927	0.20000	0.00100	True
4	1	s001	50	0.00100	0.32791	0.20237	0.22752	3.26382	0.20000	0.00100	True
4	1	s001	60	1.00000	0.94851	0.93192	0.93106	0.69443	0.20000	0.00100	True
4	1	s001	60	0.10000	0.93902	0.92544	0.92552	0.17640	0.20000	0.00100	True
4	1	s001	60	0.01000	0.87398	0.84965	0.85165	0.99782	0.20000	0.00100	True
4	1	s001	60	0.00100	0.32656	0.24213	0.24958	3.05864	0.20000	0.00100	True
4	1	s001	70	1.00000	0.93089	0.92388	0.92842	1.09521	0.20000	0.00100	True
4	1	s001	70	0.10000	0.93225	0.93623	0.93474	0.21793	0.20000	0.00100	True
4	1	s001	70	0.01000	0.87669	0.86337	0.86869	0.83444	0.20000	0.00100	True
4	1	s001	70	0.00100	0.36585	0.26488	0.28697	2.89732	0.20000	0.00100	True
4	1	s001	80	1.00000	0.94309	0.93842	0.94702	1.12117	0.20000	0.00100	True
4	1	s001	80	0.10000	0.92954	0.92634	0.92993	0.24223	0.20000	0.00100	True
4	1	s001	80	0.01000	0.86856	0.86218	0.86298	0.75809	0.20000	0.00100	True
4	1	s001	80	0.00100	0.39431	0.30275	0.33819	2.76468	0.20000	0.00100	True
4	1	s001	90	1.00000	0.96612	0.95928	0.95855	0.69001	0.20000	0.00100	True
4	1	s001	90	0.10000	0.95257	0.94591	0.94890	0.16695	0.20000	0.00100	True
4	1	s001	90	0.01000	0.89160	0.87046	0.88007	0.62925	0.20000	0.00100	True
4	1	s001	90	0.00100	0.40921	0.31738	0.33664	2.65478	0.20000	0.00100	True
4	1	s001	100	1.00000	0.95935	0.94775	0.95128	0.74176	0.20000	0.00100	True
4	1	s001	100	0.10000	0.94715	0.93417	0.93543	0.16769	0.20000	0.00100	True
4	1	s001	100	0.01000	0.89160	0.86436	0.88193	0.58386	0.20000	0.00100	True
4	1	s001	100	0.00100	0.43767	0.32800	0.35500	2.57194	0.20000	0.00100	True
4	1	s001	110	1.00000	0.96341	0.95520	0.95358	0.82136	0.20000	0.00100	True
4	1	s001	110	0.10000	0.95664	0.94885	0.94903	0.17192	0.20000	0.00100	True
4	1	s001	110	0.01000	0.90650	0.89817	0.89939	0.50841	0.20000	0.00100	True
4	1	s001	110	0.00100	0.43089	0.33159	0.35180	2.52945	0.20000	0.00100	True
4	1	s001	120	1.00000	0.97154	0.97279	0.97034	0.64554	0.20000	0.00100	True
4	1	s001	120	0.10000	0.95664	0.95368	0.95539	0.15953	0.20000	0.00100	True
4	1	s001	120	0.01000	0.91057	0.91132	0.91019	0.47832	0.20000	0.00100	True
4	1	s001	120	0.00100	0.44715	0.33429	0.36358	2.48788	0.20000	0.00100	True
4	1	s001	130	1.00000	0.96206	0.95598	0.95522	0.73984	0.20000	0.00100	True
4	1	s001	130	0.10000	0.95664	0.94887	0.94889	0.16695	0.20000	0.00100	True
4	1	s001	130	0.01000	0.91192	0.90848	0.90912	0.46238	0.20000	0.00100	True
4	1	s001	130	0.00100	0.45799	0.34455	0.37457	2.47057	0.20000	0.00100	True
4	1	s001	140	1.00000	0.96341	0.95666	0.95613	0.73109	0.20000	0.00100	True
4	1	s001	140	0.10000	0.95393	0.94775	0.94866	0.17841	0.20000	0.00100	True
4	1	s001	140	0.01000	0.91870	0.91528	0.91744	0.46051	0.20000	0.00100	True
4	1	s001	140	0.00100	0.45935	0.34176	0.36737	2.46532	0.20000	0.00100	True
4	1	s001	150	1.00000	0.96477	0.95858	0.95833	0.73349	0.20000	0.00100	True
4	1	s001	150	0.10000	0.95528	0.94985	0.95085	0.17755	0.20000	0.00100	True
4	1	s001	150	0.01000	0.91734	0.91444	0.91644	0.45978	0.20000	0.00100	True
4	1	s001	150	0.00100	0.46070	0.34205	0.36785	2.46402	0.20000	0.00100	True
4	1	s002	10	1.00000	0.94309	0.92887	0.93339	0.19774	0.20000	0.00030	False
4	1	s002	10	0.10000	0.93631	0.92159	0.92720	3.27373	0.20000	0.00030	False
4	1	s002	10	0.01000	0.56775	0.45114	0.51519	4.38369	0.20000	0.00030	False
4	1	s002	10	0.00100	0.08266	0.02741	0.05679	4.49747	0.20000	0.00030	False
4	1	s002	20	1.00000	0.94986	0.94572	0.94582	0.12136	0.20000	0.00030	False
4	1	s002	20	0.10000	0.96070	0.94835	0.94754	3.05768	0.20000	0.00030	False
4	1	s002	20	0.01000	0.66802	0.57297	0.60867	4.36189	0.20000	0.00030	False
4	1	s002	20	0.00100	0.08808	0.03113	0.06427	4.49600	0.20000	0.00030	False
4	1	s002	30	1.00000	0.97154	0.97380	0.97123	0.08172	0.20000	0.00030	False
4	1	s002	30	0.10000	0.97290	0.97324	0.97061	2.95639	0.20000	0.00030	False
4	1	s002	30	0.01000	0.71951	0.63619	0.67336	4.35225	0.20000	0.00030	False
4	1	s002	30	0.00100	0.10976	0.04403	0.07925	4.49520	0.20000	0.00030	False
4	1	s002	40	1.00000	0.97154	0.96849	0.96590	0.07913	0.20000	0.00030	False
4	1	s002	40	0.10000	0.97019	0.96817	0.96485	2.86685	0.20000	0.00030	False
4	1	s002	40	0.01000	0.75068	0.68744	0.71428	4.34384	0.20000	0.00030	False
4	1	s002	40	0.00100	0.12195	0.04417	0.08326	4.49465	0.20000	0.00030	False
4	1	s002	50	1.00000	0.97154	0.97052	0.96838	0.07456	0.20000	0.00030	False
4	1	s002	50	0.10000	0.97154	0.97134	0.96979	2.84843	0.20000	0.00030	False
4	1	s002	50	0.01000	0.75203	0.68044	0.71178	4.34203	0.20000	0.00030	False
4	1	s002	50	0.00100	0.12602	0.04332	0.08399	4.49456	0.20000	0.00030	False
4	1	s002	60	1.00000	0.97290	0.97127	0.96929	0.07385	0.20000	0.00030	False
4	1	s002	60	0.10000	0.97154	0.97098	0.97005	2.84690	0.20000	0.00030	False
4	1	s002	60	0.01000	0.75068	0.68366	0.71335	4.34210	0.20000	0.00030	False
4	1	s002	60	0.00100	0.12195	0.04396	0.08301	4.49458	0.20000	0.00030	False
4	1	s003	10	1.00000	0.75881	0.65198	0.69579	0.93356	0.20000	0.00030	True
4	1	s003	10	0.10000	0.76558	0.65913	0.69437	2.27566	0.20000	0.00030	True
4	1	s003	10	0.01000	0.60705	0.44340	0.50475	4.21839	0.20000	0.00030	True
4	1	s003	10	0.00100	0.16260	0.05870	0.09824	4.47514	0.20000	0.00030	True
4	1	s003	20	1.00000	0.82385	0.78086	0.81114	1.27758	0.20000	0.00030	True
4	1	s003	20	0.10000	0.81301	0.74724	0.78130	1.09380	0.20000	0.00030	True
4	1	s003	20	0.01000	0.73984	0.61566	0.65792	3.85429	0.20000	0.00030	True
4	1	s003	20	0.00100	0.21138	0.10994	0.14172	4.41970	0.20000	0.00030	True
4	1	s003	30	1.00000	0.89837	0.86104	0.86935	0.78583	0.20000	0.00030	True
4	1	s003	30	0.10000	0.89566	0.86475	0.87284	0.49236	0.20000	0.00030	True
4	1	s003	30	0.01000	0.84688	0.79195	0.80800	3.36466	0.20000	0.00030	True
4	1	s003	30	0.00100	0.28997	0.16897	0.19500	4.34371	0.20000	0.00030	True
4	1	s003	40	1.00000	0.91599	0.90733	0.91678	0.89538	0.20000	0.00030	True
4	1	s003	40	0.10000	0.91463	0.90427	0.91193	0.33469	0.20000	0.00030	True
4	1	s003	40	0.01000	0.86856	0.82768	0.83616	2.92225	0.20000	0.00030	True
4	1	s003	40	0.00100	0.34417	0.24495	0.26364	4.26179	0.20000	0.00030	True
4	1	s003	50	1.00000	0.92005	0.90036	0.91148	1.06854	0.20000	0.00030	True
4	1	s003	50	0.10000	0.91734	0.90148	0.91140	0.33385	0.20000	0.00030	True
4	1	s003	50	0.01000	0.86179	0.82599	0.82972	2.51639	0.20000	0.00030	True
4	1	s003	50	0.00100	0.33740	0.22709	0.25309	4.16314	0.20000	0.00030	True
4	1	s003	60	1.00000	0.93089	0.91004	0.91997	0.99656	0.20000	0.00030	True
4	1	s003	60	0.10000	0.92954	0.90554	0.91216	0.25583	0.20000	0.00030	True
4	1	s003	60	0.01000	0.89024	0.85834	0.86990	2.15707	0.20000	0.00030	True
4	1	s003	60	0.00100	0.44038	0.28839	0.32029	4.06144	0.20000	0.00030	True
4	1	s003	70	1.00000	0.94580	0.92933	0.93585	0.78113	0.20000	0.00030	True
4	1	s003	70	0.10000	0.94580	0.93219	0.93578	0.19015	0.20000	0.00030	True
4	1	s003	70	0.01000	0.89295	0.87290	0.87623	1.92046	0.20000	0.00030	True
4	1	s003	70	0.00100	0.44444	0.32688	0.35099	3.98895	0.20000	0.00030	True
4	1	s003	80	1.00000	0.93902	0.90951	0.91325	1.11554	0.20000	0.00030	True
4	1	s003	80	0.10000	0.93496	0.90178	0.90679	0.24395	0.20000	0.00030	True
4	1	s003	80	0.01000	0.89295	0.85730	0.85197	1.67492	0.20000	0.00030	True
4	1	s003	80	0.00100	0.42547	0.27920	0.29748	3.90624	0.20000	0.00030	True
4	1	s003	90	1.00000	0.95799	0.95314	0.95128	0.77968	0.20000	0.00030	True
4	1	s003	90	0.10000	0.94851	0.93844	0.93529	0.18479	0.20000	0.00030	True
4	1	s003	90	0.01000	0.90921	0.88060	0.87410	1.50745	0.20000	0.00030	True
4	1	s003	90	0.00100	0.47967	0.34020	0.37221	3.85549	0.20000	0.00030	True
4	1	s003	100	1.00000	0.94580	0.91896	0.91951	0.90547	0.20000	0.00030	True
4	1	s003	100	0.10000	0.94038	0.91630	0.91662	0.18998	0.20000	0.00030	True
4	1	s003	100	0.01000	0.90786	0.86872	0.87387	1.45872	0.20000	0.00030	True
4	1	s003	100	0.00100	0.47290	0.32920	0.36205	3.82685	0.20000	0.00030	True
4	1	s003	110	1.00000	0.95935	0.94319	0.93947	0.80631	0.20000	0.00030	True
4	1	s003	110	0.10000	0.94715	0.92544	0.92421	0.17218	0.20000	0.00030	True
4	1	s003	110	0.01000	0.91328	0.88736	0.88624	1.33049	0.20000	0.00030	True
4	1	s003	110	0.00100	0.45664	0.30270	0.33518	3.78562	0.20000	0.00030	True
4	1	s003	120	1.00000	0.95257	0.93659	0.93885	0.85534	0.20000	0.00030	True
4	1	s003	120	0.10000	0.94986	0.93506	0.93561	0.17607	0.20000	0.00030	True
4	1	s003	120	0.01000	0.92683	0.90231	0.90064	1.29119	0.20000	0.00030	True
4	1	s003	120	0.00100	0.48238	0.33522	0.36130	3.76541	0.20000	0.00030	True
4	1	s003	130	1.00000	0.96070	0.94819	0.94559	0.81442	0.20000	0.00030	True
4	1	s003	130	0.10000	0.95257	0.94149	0.93885	0.17442	0.20000	0.00030	True
4	1	s003	130	0.01000	0.91599	0.89776	0.89657	1.25951	0.20000	0.00030	True
4	1	s003	130	0.00100	0.49322	0.34879	0.37414	3.75210	0.20000	0.00030	True
4	1	s003	140	1.00000	0.95935	0.94666	0.94445	0.80442	0.20000	0.00030	True
4	1	s003	140	0.10000	0.95528	0.94323	0.94138	0.17198	0.20000	0.00030	True
4	1	s003	140	0.01000	0.92141	0.90353	0.90229	1.24772	0.20000	0.00030	True
4	1	s003	140	0.00100	0.49051	0.34302	0.37082	3.74817	0.20000	0.00030	True
4	1	s003	150	1.00000	0.95799	0.94615	0.94416	0.79071	0.20000	0.00030	True
4	1	s003	150	0.10000	0.95664	0.94374	0.94193	0.16853	0.20000	0.00030	True
4	1	s003	150	0.01000	0.92141	0.90260	0.90107	1.24613	0.20000	0.00030	True
4	1	s003	150	0.00100	0.49051	0.34186	0.37320	3.74786	0.20000	0.00030	True
4	2	s000	10	1.00000	0.93496	0.94151	0.95279	0.24284	0.20000	0.00100	False
4	2	s000	10	0.10000	0.93225	0.93222	0.94537	3.17042	0.20000	0.00100	False
4	2	s000	10	0.01000	0.57182	0.47010	0.53024	4.37197	0.20000	0.00100	False
4	2	s000	10	0.00100	0.07046	0.01818	0.04376	4.49442	0.20000	0.00100	False
4	2	s000	20	1.00000	0.95393	0.95149	0.95823	0.13804	0.20000	0.00100	False
4	2	s000	20	0.10000	0.95393	0.95501	0.96147	2.76106	0.20000	0.00100	False
4	2	s000	20	0.01000	0.68022	0.62667	0.65042	4.32643	0.20000	0.00100	False
4	2	s000	20	0.00100	0.07995	0.02728	0.05688	4.48961	0.20000	0.00100	False
4	2	s000	30	1.00000	0.96883	0.96885	0.97246	0.10430	0.20000	0.00100	False
4	2	s000	30	0.10000	0.96748	0.96957	0.97153	2.57404	0.20000	0.00100	False
4	2	s000	30	0.01000	0.73035	0.67756	0.68638	4.30360	0.20000	0.00100	False
4	2	s000	30	0.00100	0.07995	0.02187	0.04154	4.48679	0.20000	0.00100	False
4	2	s000	40	1.00000	0.97561	0.97842	0.98224	0.08959	0.20000	0.00100	False
4	2	s000	40	0.10000	0.96477	0.96930	0.97173	2.42702	0.20000	0.00100	False
4	2	s000	40	0.01000	0.76558	0.72018	0.72566	4.28767	0.20000	0.00100	False
4	2	s000	40	0.00100	0.08266	0.02356	0.04633	4.48536	0.20000	0.00100	False
4	2	s000	50	1.00000	0.97696	0.98166	0.98412	0.08644	0.20000	0.00100	False
4	2	s000	50	0.10000	0.97425	0.97498	0.97612	2.40163	0.20000	0.00100	False
4	2	s000	50	0.01000	0.77507	0.73661	0.74021	4.28487	0.20000	0.00100	False
4	2	s000	50	0.00100	0.08537	0.02304	0.04688	4.48510	0.20000	0.00100	False
4	2	s000	60	1.00000	0.97832	0.98303	0.98595	0.08569	0.20000	0.00100	False
4	2	s000	60	0.10000	0.97290	0.97269	0.97592	2.38624	0.20000	0.00100	False
4	2	s000	60	0.01000	0.78726	0.74935	0.75319	4.28321	0.20000	0.00100	False
4	2	s000	60	0.00100	0.08537	0.02329	0.04688	4.48499	0.20000	0.00100	False
4	2	s001	10	1.00000	0.70461	0.61851	0.67115	2.25302	0.20000	0.00100	True
4	2	s001	10	0.10000	0.69377	0.61259	0.66396	1.59743	0.20000	0.00100	True
4	2	s001	10	0.01000	0.61111	0.48549	0.54071	3.91587	0.20000	0.00100	True
4	2	s001	10	0.00100	0.11518	0.05951	0.08338	4.40081	0.20000	0.00100	True
4	2	s001	20	1.00000	0.82520	0.82232	0.85064	1.97101	0.20000	0.00100	True
4	2	s001	20	0.10000	0.82520	0.80714	0.83791	0.61307	0.20000	0.00100	True
4	2	s001	20	0.01000	0.76016	0.71375	0.74918	2.94584	0.20000	0.00100	True
4	2	s001	20	0.00100	0.28184	0.16609	0.18921	4.16282	0.20000	0.00100	True
4	2	s001	30	1.00000	0.83875	0.81182	0.83691	1.83926	0.20000	0.00100	True
4	2	s001	30	0.10000	0.83740	0.80672	0.82793	0.52639	0.20000	0.00100	True
4	2	s001	30	0.01000	0.76016	0.69093	0.71595	2.38054	0.20000	0.00100	True
4	2	s001	30	0.00100	0.31436	0.20059	0.23025	3.87794	0.20000	0.00100	True
4	2	s001	40	1.00000	0.88347	0.84365	0.86992	1.71319	0.20000	0.00100	True
4	2	s001	40	0.10000	0.87263	0.82539	0.85514	0.36986	0.20000	0.00100	True
4	2	s001	40	0.01000	0.79675	0.72542	0.75555	1.65606	0.20000	0.00100	True
4	2	s001	40	0.00100	0.31030	0.19179	0.21818	3.52951	0.20000	0.00100	True
4	2	s001	50	1.00000	0.91328	0.88378	0.89913	1.25221	0.20000	0.00100	True
4	2	s001	50	0.10000	0.91734	0.88966	0.90242	0.27526	0.20000	0.00100	True
4	2	s001	50	0.01000	0.85095	0.77847	0.80351	1.19101	0.20000	0.00100	True
4	2	s001	50	0.00100	0.34824	0.22477	0.26040	3.28573	0.20000	0.00100	True
4	2	s001	60	1.00000	0.91734	0.90993	0.92723	1.40676	0.20000	0.00100	True
4	2	s001	60	0.10000	0.92276	0.91348	0.92638	0.31814	0.20000	0.00100	True
4	2	s001	60	0.01000	0.84011	0.81476	0.83202	1.09127	0.20000	0.00100	True
4	2	s001	60	0.00100	0.32114	0.22876	0.27206	3.11005	0.20000	0.00100	True
4	2	s001	70	1.00000	0.95257	0.95114	0.95597	0.78283	0.20000	0.00100	True
4	2	s001	70	0.10000	0.94986	0.94596	0.95076	0.19087	0.20000	0.00100	True
4	2	s001	70	0.01000	0.88618	0.85021	0.86290	0.85997	0.20000	0.00100	True
4	2	s001	70	0.00100	0.34824	0.25360	0.28503	2.92807	0.20000	0.00100	True
4	2	s001	80	1.00000	0.93767	0.94323	0.95408	0.97546	0.20000	0.00100	True
4	2	s001	80	0.10000	0.93496	0.93166	0.93971	0.24764	0.20000	0.00100	True
4	2	s001	80	0.01000	0.86856	0.83184	0.84935	0.77289	0.20000	0.00100	True
4	2	s001	80	0.00100	0.40379	0.30475	0.34842	2.84584	0.20000	0.00100	True
4	2	s001	90	1.00000	0.96070	0.96455	0.97067	0.74053	0.20000	0.00100	True
4	2	s001	90	0.10000	0.95935	0.96473	0.96846	0.21534	0.20000	0.00100	True
4	2	s001	90	0.01000	0.89024	0.84566	0.85628	0.67211	0.20000	0.00100	True
4	2	s001	90	0.00100	0.37805	0.28600	0.33384	2.74604	0.20000	0.00100	True
4	2	s001	100	1.00000	0.97561	0.97858	0.98217	0.45662	0.20000	0.00100	True
4	2	s001	100	0.10000	0.96612	0.96485	0.96707	0.16423	0.20000	0.00100	True
4	2	s001	100	0.01000	0.91328	0.87718	0.88445	0.55597	0.20000	0.00100	True
4	2	s001	100	0.00100	0.40515	0.31743	0.36144	2.67400	0.20000	0.00100	True
4	2	s001	110	1.00000	0.97967	0.97956	0.98666	0.52632	0.20000	0.00100	True
4	2	s001	110	0.10000	0.96477	0.96464	0.96982	0.17850	0.20000	0.00100	True
4	2	s001	110	0.01000	0.92141	0.90306	0.90471	0.53199	0.20000	0.00100	True
4	2	s001	110	0.00100	0.41734	0.34268	0.38863	2.62261	0.20000	0.00100	True
4	2	s001	120	1.00000	0.96883	0.97635	0.98161	0.77483	0.20000	0.00100	True
4	2	s001	120	0.10000	0.95799	0.96744	0.97292	0.21176	0.20000	0.00100	True
4	2	s001	120	0.01000	0.89837	0.88441	0.88899	0.49974	0.20000	0.00100	True
4	2	s001	120	0.00100	0.42005	0.34486	0.37716	2.58710	0.20000	0.00100	True
4	2	s001	130	1.00000	0.97290	0.97806	0.98183	0.63411	0.20000	0.00100	True
4	2	s001	130	0.10000	0.96206	0.96872	0.97306	0.17451	0.20000	0.00100	True
4	2	s001	130	0.01000	0.91870	0.90081	0.90752	0.48614	0.20000	0.00100	True
4	2	s001	130	0.00100	0.44173	0.36409	0.40723	2.56091	0.20000	0.00100	True
4	2	s001	140	1.00000	0.97154	0.97523	0.98141	0.59973	0.20000	0.00100	True
4	2	s001	140	0.10000	0.96341	0.96835	0.97279	0.17279	0.20000	0.00100	True
4	2	s001	140	0.01000	0.91734	0.89882	0.90874	0.48124	0.20000	0.00100	True
4	2	s001	140	0.00100	0.44715	0.36869	0.41187	2.55559	0.20000	0.00100	True
4	2	s001	150	1.00000	0.97154	0.97523	0.98141	0.59502	0.20000	0.00100	True
4	2	s001	150	0.10000	0.96341	0.96919	0.97361	0.17317	0.20000	0.00100	True
4	2	s001	150	0.01000	0.91599	0.89479	0.90325	0.48160	0.20000	0.00100	True
4	2	s001	150	0.00100	0.44986	0.37184	0.41516	2.55484	0.20000	0.00100	True
4	2	s002	10	1.00000	0.94715	0.95281	0.96075	0.21198	0.20000	0.00030	False
4	2	s002	10	0.10000	0.94444	0.94383	0.95027	3.30681	0.20000	0.00030	False
4	2	s002	10	0.01000	0.55691	0.40707	0.46262	4.38684	0.20000	0.00030	False
4	2	s002	10	0.00100	0.07317	0.02430	0.04496	4.49621	0.20000	0.00030	False
4	2	s002	20	1.00000	0.97019	0.96883	0.97224	0.09667	0.20000	0.00030	False
4	2	s002	20	0.10000	0.96612	0.96507	0.96532	3.07817	0.20000	0.00030	False
4	2	s002	20	0.01000	0.64634	0.52387	0.56392	4.36405	0.20000	0.00030	False
4	2	s002	20	0.00100	0.10705	0.03252	0.06318	4.49449	0.20000	0.00030	False
4	2	s002	30	1.00000	0.97019	0.98236	0.98443	0.08621	0.20000	0.00030	False
4	2	s002	30	0.10000	0.97019	0.98034	0.98080	2.93575	0.20000	0.00030	False
4	2	s002	30	0.01000	0.71951	0.62595	0.65078	4.35105	0.20000	0.00030	False
4	2	s002	30	0.00100	0.10434	0.04322	0.06964	4.49366	0.20000	0.00030	False
4	2	s002	40	1.00000	0.97154	0.98028	0.98080	0.07811	0.20000	0.00030	False
4	2	s002	40	0.10000	0.96883	0.97737	0.97800	2.90207	0.20000	0.00030	False
4	2	s002	40	0.01000	0.72222	0.62645	0.65697	4.34798	0.20000	0.00030	False
4	2	s002	40	0.00100	0.11653	0.04583	0.07297	4.49339	0.20000	0.00030	False
4	2	s002	50	1.00000	0.97290	0.98382	0.98446	0.06973	0.20000	0.00030	False
4	2	s002	50	0.10000	0.97290	0.98171	0.98271	2.87993	0.20000	0.00030	False
4	2	s002	50	0.01000	0.73984	0.66502	0.68619	4.34597	0.20000	0.00030	False
4	2	s002	50	0.00100	0.10840	0.04273	0.06905	4.49330	0.20000	0.00030	False
4	2	s002	60	1.00000	0.97290	0.98375	0.98373	0.06852	0.20000	0.00030	False
4	2	s002	60	0.10000	0.97290	0.98312	0.98289	2.87548	0.20000	0.00030	False
4	2	s002	60	0.01000	0.74119	0.66077	0.68598	4.34557	0.20000	0.00030	False
4	2	s002	60	0.00100	0.11247	0.04318	0.07148	4.49327	0.20000	0.00030	False
4	2	s003	10	1.00000	0.71138	0.67529	0.71636	1.17675	0.20000	0.00030	True
4	2	s003	10	0.10000	0.69783	0.66653	0.69939	2.27404	0.20000	0.00030	True
4	2	s003	10	0.01000	0.62873	0.49176	0.53740	4.21667	0.20000	0.00030	True
4	2	s003	10	0.00100	0.17886	0.05264	0.10990	4.47355	0.20000	0.00030	True
4	2	s003	20	1.00000	0.83333	0.81433	0.84648	1.09318	0.20000	0.00030	True
4	2	s003	20	0.10000	0.82520	0.80388	0.83359	1.01834	0.20000	0.00030	True
4	2	s003	20	0.01000	0.76965	0.67876	0.72183	3.83009	0.20000	0.00030	True
4	2	s003	20	0.00100	0.28591	0.11067	0.17807	4.41753	0.20000	0.00030	True
4	2	s003	30	1.00000	0.90108	0.89045	0.90737	0.71170	0.20000	0.00030	True
4	2	s003	30	0.10000	0.89024	0.87803	0.89893	0.55698	0.20000	0.00030	True
4	2	s003	30	0.01000	0.83740	0.80327	0.82759	3.43555	0.20000	0.00030	True
4	2	s003	30	0.00100	0.38076	0.22529	0.25704	4.35360	0.20000	0.00030	True
4	2	s003	40	1.00000	0.93360	0.93443	0.94477	0.69144	0.20000	0.00030	True
4	2	s003	40	0.10000	0.93496	0.93606	0.94558	0.30255	0.20000	0.00030	True
4	2	s003	40	0.01000	0.88076	0.85635	0.86657	2.95024	0.20000	0.00030	True
4	2	s003	40	0.00100	0.39295	0.27667	0.29910	4.27427	0.20000	0.00030	True
4	2	s003	50	1.00000	0.92547	0.92117	0.92704	0.77474	0.20000	0.00030	True
4	2	s003	50	0.10000	0.92141	0.90799	0.91495	0.27024	0.20000	0.00030	True
4	2	s003	50	0.01000	0.88889	0.83540	0.84174	2.62936	0.20000	0.00030	True
4	2	s003	50	0.00100	0.40244	0.29216	0.31179	4.19139	0.20000	0.00030	True
4	2	s003	60	1.00000	0.92683	0.92686	0.93853	0.85778	0.20000	0.00030	True
4	2	s003	60	0.10000	0.92683	0.92136	0.93529	0.23611	0.20000	0.00030	True
4	2	s003	60	0.01000	0.88753	0.86497	0.87742	2.34919	0.20000	0.00030	True
4	2	s003	60	0.00100	0.38618	0.27777	0.29449	4.11865	0.20000	0.00030	True
4	2	s003	70	1.00000	0.95257	0.95666	0.96090	0.51941	0.20000	0.00030	True
4	2	s003	70	0.10000	0.94986	0.95441	0.95645	0.16118	0.20000	0.00030	True
4	2	s003	70	0.01000	0.91734	0.90719	0.90136	1.93187	0.20000	0.00030	True
4	2	s003	70	0.00100	0.40921	0.28623	0.30453	4.02646	0.20000	0.00030	True
4	2	s003	80	1.00000	0.93631	0.91958	0.93390	0.85269	0.20000	0.00030	True
4	2	s003	80	0.10000	0.93631	0.92832	0.93890	0.20233	0.20000	0.00030	True
4	2	s003	80	0.01000	0.90515	0.86531	0.87079	1.79705	0.20000	0.00030	True
4	2	s003	80	0.00100	0.41599	0.28526	0.30962	3.95976	0.20000	0.00030	True
4	2	s003	90	1.00000	0.95664	0.95477	0.96144	0.66115	0.20000	0.00030	True
4	2	s003	90	0.10000	0.95935	0.95920	0.96307	0.16063	0.20000	0.00030	True
4	2	s003	90	0.01000	0.92683	0.90468	0.90475	1.61111	0.20000	0.00030	True
4	2	s003	90	0.00100	0.41192	0.29007	0.31394	3.90412	0.20000	0.00030	True
4	2	s003	100	1.00000	0.96612	0.96785	0.97171	0.56490	0.20000	0.00030	True
4	2	s003	100	0.10000	0.96206	0.96617	0.96957	0.14297	0.20000	0.00030	True
4	2	s003	100	0.01000	0.92276	0.91841	0.91811	1.48157	0.20000	0.00030	True
4	2	s003	100	0.00100	0.41192	0.28732	0.31315	3.85268	0.20000	0.00030	True
4	2	s003	110	1.00000	0.96477	0.95986	0.96301	0.56249	0.20000	0.00030	True
4	2	s003	110	0.10000	0.95935	0.95911	0.96080	0.13981	0.20000	0.00030	True
4	2	s003	110	0.01000	0.92683	0.91377	0.91444	1.40287	0.20000	0.00030	True
4	2	s003	110	0.00100	0.44580	0.32989	0.35159	3.82071	0.20000	0.00030	True
4	2	s003	120	1.00000	0.95393	0.94929	0.95764	0.72518	0.20000	0.00030	True
4	2	s003	120	0.10000	0.95664	0.95156	0.95500	0.15393	0.20000	0.00030	True
4	2	s003	120	0.01000	0.91328	0.89569	0.89591	1.35715	0.20000	0.00030	True
4	2	s003	120	0.00100	0.43225	0.31781	0.34511	3.80105	0.20000	0.00030	True
4	2	s003	130	1.00000	0.96206	0.96205	0.96554	0.55530	0.20000	0.00030	True
4	2	s003	130	0.10000	0.96070	0.96024	0.96359	0.13565	0.20000	0.00030	True
4	2	s003	130	0.01000	0.92547	0.90846	0.90778	1.32773	0.20000	0.00030	True
4	2	s003	130	0.00100	0.44715	0.32858	0.35266	3.78845	0.20000	0.00030	True
4	2	s003	140	1.00000	0.96341	0.95732	0.96161	0.58232	0.20000	0.00030	True
4	2	s003	140	0.10000	0.95799	0.95646	0.95894	0.13624	0.20000	0.00030	True
4	2	s003	140	0.01000	0.93360	0.92233	0.92109	1.32130	0.20000	0.00030	True
4	2	s003	140	0.00100	0.45257	0.33161	0.35514	3.78642	0.20000	0.00030	True
4	2	s003	150	1.00000	0.96341	0.95646	0.96161	0.56902	0.20000	0.00030	True
4	2	s003	150	0.10000	0.95799	0.95646	0.95894	0.13534	0.20000	0.00030	True
4	2	s003	150	0.01000	0.93225	0.92192	0.92079	1.31981	0.20000	0.00030	True
4	2	s003	150	0.00100	0.45122	0.32906	0.35484	3.78598	0.20000	0.00030	True
