cohort	geo_accession	idat_prefix	status	n_probes	frac_na	frac_detected	frac_pval_na	mean_intensity	bisulfite_gct	seconds
GSE109379	GSM2940725	GSM2940725_10003886252_R05C02	ok	486427	0.160206978642222	0.966568330163951	4.11161387011823e-06	7230.06900000015	1.44351402905208	9.35
GSE109379	GSM2940726	GSM2940726_10003886252_R06C02	ok	486427	0.174517450717168	0.950130030323277	4.11161387011823e-06	6874.64317853382	1.35756806394459	6.71
GSE109379	GSM2940727	GSM2940727_10003886253_R03C02	ok	486427	0.150174640799133	0.977760189135016	4.11161387011823e-06	6984.64771839222	1.79806998335969	6.47
GSE109379	GSM2940728	GSM2940728_10003886253_R04C01	ok	486427	0.158163506548773	0.968959243459937	4.11161387011823e-06	7113.71139376909	1.57712137479038	6.44
GSE109379	GSM2940729	GSM2940729_10003886253_R04C02	ok	486427	0.153492713192319	0.973479981497661	4.11161387011823e-06	6494.09182720199	1.74215969310145	6.5
GSE109379	GSM2940730	GSM2940730_10003886256_R01C01	ok	486427	0.15109153069217	0.976810402425862	4.11161387011823e-06	5995.23077902071	1.64555572319204	6.39
GSE109379	GSM2940731	GSM2940731_10003886256_R02C02	ok	486427	0.253063666284972	0.862971681143033	4.11161387011823e-06	5354.58536914637	1.66862928681883	6.74
GSE109379	GSM2940732	GSM2940732_10003886256_R05C02	ok	486427	0.243162900085727	0.874188209898751	4.11161387011823e-06	5673.30764075808	1.39301253418898	6.69
GSE109379	GSM2940733	GSM2940733_10003886256_R06C01	ok	486427	0.227711455161823	0.893017423035411	4.11161387011823e-06	5373.1396070121	1.28207772027546	6.51
GSE109379	GSM2940734	GSM2940734_10003886258_R01C01	ok	486427	0.294391553100465	0.817527881996197	4.11161387011823e-06	4971.42675993276	1.38459939607833	6.4
GSE109379	GSM2940735	GSM2940735_10003886258_R01C02	ok	486427	0.174118624171767	0.951201110140309	4.11161387011823e-06	6101.58419723964	1.65106114666073	6.82
GSE109379	GSM2940736	GSM2940736_10003886258_R03C02	ok	486427	0.148967882128254	0.97908824587552	4.11161387011823e-06	7434.85906172541	1.82566646703361	6.7
GSE109379	GSM2940737	GSM2940737_10003886258_R04C02	ok	486427	0.148725296909917	0.979581641568587	4.11161387011823e-06	7868.91627481343	1.65473292644985	8.94
GSE109379	GSM2940738	GSM2940738_10003886258_R05C01	ok	486427	0.192953927310778	0.929261448321941	4.11161387011823e-06	7054.04639172758	1.79528576415733	6.95
GSE109379	GSM2940739	GSM2940739_10003886258_R06C02	ok	486427	0.15144101787113	0.976362234671327	4.11161387011823e-06	7464.33767500685	1.5771782775193	6.62
GSE109379	GSM2940740	GSM2940740_10003886259_R01C01	ok	486427	0.196812676927884	0.925536310839287	4.11161387011823e-06	5226.49214525356	1.51999625725924	6.46
GSE109379	GSM2940741	GSM2940741_10006823022_R04C02	ok	486427	0.188811476336634	0.934699080022614	4.11161387011823e-06	5459.46480572874	1.38174840943017	7.44
GSE109379	GSM2940742	GSM2940742_10006823022_R05C02	ok	486427	0.216571037380737	0.904606054376317	4.11161387011823e-06	5546.6119262177	1.50748933086079	9.07
GSE109379	GSM2940743	GSM2940743_10006823022_R06C02	ok	486427	0.211221827735714	0.910076579123195	4.11161387011823e-06	5763.10054179272	1.46716259813663	6.94
GSE109379	GSM2940744	GSM2940744_10006823024_R01C01	ok	486427	0.26552185631143	0.85225060389577	4.11161387011823e-06	3247.89159087329	1.19036037583741	6.73
GSE109379	GSM2940745	GSM2940745_10006823024_R02C01	ok	486427	0.153500936420059	0.974894382484453	4.11161387011823e-06	5944.71319758093	1.22618254186177	6.76
GSE109379	GSM2940746	GSM2940746_10006823024_R02C02	ok	486427	0.154576123447095	0.973521097805417	4.11161387011823e-06	5528.94988529275	1.41224423345495	6.71
GSE109379	GSM2940747	GSM2940747_10006823024_R03C01	ok	486427	0.155786993731845	0.971339877678984	4.11161387011823e-06	5764.96470262863	1.52543986618387	6.61
GSE109379	GSM2940748	GSM2940748_10006823024_R04C01	ok	486427	0.150038957541419	0.977934933442977	4.11161387011823e-06	6050.90337812163	1.54088153440365	6.76
GSE109379	GSM2940749	GSM2940749_10006823024_R04C02	ok	486427	0.14919813250498	0.97923626458344	4.11161387011823e-06	6315.07526407597	1.60875966419826	6.47
GSE109379	GSM2940750	GSM2940750_10006823024_R05C02	ok	486427	0.156677158134725	0.970449709616076	4.11161387011823e-06	6284.03831430223	1.52147160557302	6.91
GSE109379	GSM2940751	GSM2940751_10006823024_R06C01	ok	486427	0.162044870042165	0.963424988436038	4.11161387011823e-06	6710.31452238805	1.66197671781102	6.55
GSE109379	GSM2940752	GSM2940752_10006823069_R01C01	ok	486427	0.295764832133085	0.814565452022408	4.11161387011823e-06	4820.81945390741	1.69701007070973	7.2
GSE109379	GSM2940753	GSM2940753_10006823069_R01C02	ok	486427	0.150374054071834	0.977566942488565	4.11161387011823e-06	5911.11104366222	1.97677616052903	6.72
GSE109379	GSM2940754	GSM2940754_10006823069_R02C02	ok	486427	0.15128272073713	0.976333453255898	4.11161387011823e-06	6093.1798962472	2.00796785003865	7.18
GSE109379	GSM2940755	GSM2940755_10006823069_R03C01	ok	486427	0.166723886626359	0.9583347895359	4.11161387011823e-06	6556.03937666693	1.9038096704132	6.73
GSE109379	GSM2940756	GSM2940756_10006823069_R04C01	ok	486427	0.167749734286954	0.958003803258467	4.11161387011823e-06	6702.1017636976	1.89976710183262	6.97
GSE109379	GSM2940757	GSM2940757_10006823069_R05C01	ok	486427	0.171867515577877	0.95397646091381	4.11161387011823e-06	6410.16644142164	1.50499725320716	6.84
GSE109379	GSM2940758	GSM2940758_10006823071_R01C01	ok	486427	0.160213146063027	0.967065837487794	4.11161387011823e-06	5766.04271617444	1.50258429405032	7.73
GSE109379	GSM2940759	GSM2940759_10006823071_R01C02	ok	486427	0.155525906251092	0.972610371588631	4.11161387011823e-06	5698.6229846662	1.36547166773745	9.73
GSE109379	GSM2940760	GSM2940760_10006823071_R02C01	ok	486427	0.174677803658103	0.950491853831526	4.11161387011823e-06	5777.00483397616	1.73276704323033	6.52
GSE109379	GSM2940761	GSM2940761_10006823071_R03C01	ok	486427	0.151471854975156	0.97716400267256	4.11161387011823e-06	6747.97984235337	1.44053424244334	6.77
GSE109379	GSM2940762	GSM2940762_10006823071_R05C01	ok	486427	0.146206933414469	0.982079457264738	4.11161387011823e-06	7359.81761903146	1.91020828389315	6.47
GSE109379	GSM2940763	GSM2940763_10006823071_R06C01	ok	486427	0.235979910654631	0.881918075756797	4.11161387011823e-06	5790.41687186322	1.54975232727128	7.21
GSE109379	GSM2940764	GSM2940764_10006823122_R03C01	ok	486427	0.151930299921674	0.976074420517038	4.11161387011823e-06	7928.55017486229	1.63427455799178	6.69
GSE109379	GSM2940765	GSM2940765_10006823122_R04C01	ok	486427	0.159224302927264	0.968019735827723	4.11161387011823e-06	8072.11763750745	1.60286336839379	6.94
GSE109379	GSM2940766	GSM2940766_10006823123_R01C02	ok	486427	0.153753800673071	0.97361977694403	4.11161387011823e-06	7704.67300100642	1.72717945802722	6.8
GSE109379	GSM2940767	GSM2940767_10006823123_R02C02	ok	486427	0.170323604569648	0.954114200544791	4.11161387011823e-06	7576.03127778664	1.99120210840222	6.68
GSE109379	GSM2940768	GSM2940768_10006823123_R03C02	ok	486427	0.14032321396633	0.989389936783677	4.11161387011823e-06	8184.23175973932	1.65468919559396	7.1
GSE109379	GSM2940769	GSM2940769_10006823123_R04C02	ok	486427	0.159316814239341	0.966697846533381	4.11161387011823e-06	8233.52792238348	2.04054958708082	6.92
GSE109379	GSM2940770	GSM2940770_10006823123_R05C02	ok	486427	0.154199910777979	0.973623888574806	4.11161387011823e-06	8739.92468501515	1.46041036147858	6.92
GSE109379	GSM2940771	GSM2940771_10006823130_R01C01	ok	486427	0.150213701130899	0.977353137688236	4.11161387011823e-06	7690.96317487802	1.82939180299299	7.04
GSE109379	GSM2940772	GSM2940772_10006823130_R01C02	ok	486427	0.193490492920829	0.929469085676106	4.11161387011823e-06	7614.47445567273	1.64353456888616	6.86
GSE109379	GSM2940773	GSM2940773_10006823130_R02C02	ok	486427	0.156397568391557	0.97110345890939	4.11161387011823e-06	8114.97526632204	1.72499929155253	6.96
GSE109379	GSM2940774	GSM2940774_10006823130_R05C02	ok	486427	0.168395257664562	0.957395281903685	4.11161387011823e-06	7428.56815270633	1.43112924302277	6.96
GSE109379	GSM2940775	GSM2940775_10006823130_R06C02	ok	486427	0.143824253176736	0.984883589453667	4.11161387011823e-06	9476.06489469037	1.19202499501146	7.21
GSE109379	GSM2940776	GSM2940776_10006823132_R05C02	ok	486427	0.146118533716262	0.98274348563499	4.11161387011823e-06	7451.8421393418	1.56188238150197	9.97
GSE109379	GSM2940777	GSM2940777_10006823133_R01C01	ok	486427	0.149298867044798	0.97918075756797	4.11161387011823e-06	6876.66111176828	1.47242856921809	6.72
GSE109379	GSM2940778	GSM2940778_10006823141_R02C01	ok	486427	0.174523618137973	0.951065426324716	4.11161387011823e-06	8081.68672229697	1.46355279128156	6.76
GSE109379	GSM2940779	GSM2940779_10006823141_R03C01	ok	486427	0.17056413398105	0.955000256976923	4.11161387011823e-06	7912.14293636548	1.69398753772497	6.47
GSE109379	GSM2940780	GSM2940780_10006823141_R04C01	ok	486427	0.153178174731255	0.975196587346456	4.11161387011823e-06	8521.06739680956	1.56934871073649	6.72
GSE109379	GSM2940781	GSM2940781_10006823141_R06C01	ok	486427	0.1985786150851	0.922588271573213	4.11161387011823e-06	7985.75005920711	1.84863210939321	6.8
GSE109379	GSM2940782	GSM2940782_10006823143_R06C02	ok	486427	0.144210744880527	0.984626612530195	4.11161387011823e-06	7873.34058377996	1.13606980517628	6.6
GSE109379	GSM2940783	GSM2940783_10006823144_R01C01	ok	486427	0.170490124931387	0.954693940484145	4.11161387011823e-06	6506.03832453581	1.6837987059608	6.78
GSE109379	GSM2940784	GSM2940784_10006823144_R02C02	ok	486427	0.154771425105925	0.973623888574806	4.11161387011823e-06	7067.92909000436	1.38754286793331	6.68
GSE109379	GSM2940785	GSM2940785_10006823144_R03C01	ok	486427	0.184553900174127	0.940416302616025	4.11161387011823e-06	6665.23185152648	1.38661100287144	6.93
GSE109379	GSM2940786	GSM2940786_10006823144_R04C01	ok	486427	0.165944735797972	0.960764763324254	4.11161387011823e-06	7362.99491455175	1.39753226216291	6.12
GSE109379	GSM2940787	GSM2940787_10006823144_R04C02	ok	486427	0.159411381358354	0.967164516626407	4.11161387011823e-06	7843.47322882649	1.93222618672258	6.9
GSE109379	GSM2940788	GSM2940788_10006823144_R05C01	ok	486427	0.15945866491786	0.96800328930462	4.11161387011823e-06	7347.82869954705	1.49391602105798	6.94
GSE109379	GSM2940789	GSM2940789_10006823144_R05C02	ok	486427	0.15198991832279	0.976393071902143	4.11161387011823e-06	7906.33292772661	1.40588350268986	6.57
GSE109379	GSM2940790	GSM2940790_10006823155_R01C01	ok	486427	0.143565221502918	0.985467441023796	4.11161387011823e-06	6787.59032676569	1.6151628526114	6.64
GSE109379	GSM2940791	GSM2940791_10006823155_R01C02	ok	486427	0.238833370680493	0.881124531017115	4.11161387011823e-06	4781.5448217407	1.23458336595123	6.8
GSE109379	GSM2940792	GSM2940792_10006823155_R03C01	ok	486427	0.221560480812126	0.897694403042607	4.11161387011823e-06	6055.37771584699	1.60458315964281	6.91
GSE109379	GSM2940793	GSM2940793_10006823155_R05C02	ok	486427	0.179196467301363	0.944869198745953	4.11161387011823e-06	7328.7641110763	1.85301274390823	10.4
GSE109379	GSM2940794	GSM2940794_10006823155_R06C02	ok	486427	0.156806673971634	0.970838258724367	4.11161387011823e-06	7440.14857289214	1.30225959098763	7
GSE109379	GSM2940795	GSM2940795_10006823160_R01C01	ok	486427	0.15682517623405	0.970657346970242	4.11161387011823e-06	6530.8689200074	1.79384465023503	6.43
GSE109379	GSM2940796	GSM2940796_10006823160_R01C02	ok	486427	0.155832221484416	0.97156601737164	4.11161387011823e-06	6807.15296650313	1.4620265358843	6.68
GSE109379	GSM2940797	GSM2940797_10006823160_R02C01	ok	486427	0.141706772033625	0.987247777149612	4.11161387011823e-06	7136.90577059854	1.80339031226023	6.77
GSE109379	GSM2940798	GSM2940798_10006823160_R02C02	ok	486427	0.150180808219938	0.977947268335304	4.11161387011823e-06	7191.00923127216	1.51792597998644	6.48
GSE109379	GSM2940799	GSM2940799_10006823160_R03C01	ok	486427	0.168016989188511	0.957319216734337	4.11161387011823e-06	7206.71386577133	1.97659360290767	6.58
GSE109379	GSM2940800	GSM2940800_10006823165_R03C01	ok	486427	0.139766090286929	0.989930616230662	4.11161387011823e-06	6264.36734185823	1.16995221506452	6.8
GSE109379	GSM2940801	GSM2940801_101178130116_R03C02	ok	486427	0.165264263702467	0.960672251631803	4.11161387011823e-06	7746.65945502274	1.83356545605987	6.83
GSE109379	GSM2940802	GSM2940802_101178130116_R06C01	ok	486427	0.152514149091231	0.975069126792414	4.11161387011823e-06	9659.49919475366	1.72541097984278	6.84
GSE109379	GSM2940803	GSM2940803_101178130118_R01C01	ok	486427	0.155743821786208	0.972328724880506	4.11161387011823e-06	6676.03719090887	1.34565149066916	6.98
GSE109379	GSM2940804	GSM2940804_101178130118_R02C01	ok	486427	0.153221346676891	0.973961042298402	4.11161387011823e-06	8353.24364552134	1.42223061456012	6.69
GSE109379	GSM2940805	GSM2940805_101231000009_R02C01	ok	486427	0.168062216941083	0.95811276147402	4.11161387011823e-06	7525.18844496415	1.31732891425829	6.69
GSE109379	GSM2940806	GSM2940806_101231000009_R03C01	ok	486427	0.159892440181158	0.966642339517911	4.11161387011823e-06	7252.64504731719	1.40641172691649	6.86
GSE109379	GSM2940807	GSM2940807_101231000009_R04C01	ok	486427	0.165025790098	0.960598242277843	4.11161387011823e-06	7050.55015497291	1.82841272327492	6.57
GSE109379	GSM2940808	GSM2940808_101231000009_R05C01	ok	486427	0.150168473378328	0.978165184766408	4.11161387011823e-06	8118.66387837593	1.59801475908902	6.37
GSE109379	GSM2940809	GSM2940809_101231000014_R02C01	ok	486427	0.207178055494452	0.914093642390913	4.11161387011823e-06	5716.20118903391	1.45868967351025	7.9
GSE109379	GSM2940810	GSM2940810_101231000014_R04C01	ok	486427	0.153889483930785	0.974363982114406	4.11161387011823e-06	6866.48148949672	1.29986136456946	10.91
GSE109379	GSM2940811	GSM2940811_101231000014_R04C02	ok	486427	0.175648144531451	0.949243973891145	4.11161387011823e-06	6764.01900454702	1.44261377519335	7.04
GSE109379	GSM2940812	GSM2940812_200277210030_R05C01	ok	486427	0.160188476379806	0.966845865241301	4.11161387011823e-06	6862.68673855709	1.5150198842164	6.39
GSE109379	GSM2940813	GSM2940813_200277210056_R01C01	ok	486427	0.178631120394222	0.945300919977386	4.11161387011823e-06	4992.68241672487	1.80619753970991	6.61
GSE109379	GSM2940814	GSM2940814_200277210056_R02C01	ok	486427	0.172383523118577	0.952580562265509	4.11161387011823e-06	5393.83820412912	1.7174955394679	6.29
GSE109379	GSM2940815	GSM2940815_200277210056_R03C01	ok	486427	0.162523873058033	0.963435267512977	4.11161387011823e-06	5623.13993198463	1.88723878333719	6.59
GSE109379	GSM2940816	GSM2940816_200277210056_R03C02	ok	486427	0.16259582630076	0.964833221976667	4.11161387011823e-06	5633.2325070922	1.39826852705002	6.51
GSE109379	GSM2940817	GSM2940817_200277210056_R04C01	ok	486427	0.196471412976665	0.925322506038958	4.11161387011823e-06	5476.53980202506	1.82578449083059	6.61
GSE109379	GSM2940818	GSM2940818_200277210056_R04C02	ok	486427	0.190754213890265	0.93221359921879	4.11161387011823e-06	6079.89017516404	1.7421176041176	6.74
GSE109379	GSM2940819	GSM2940819_200277210056_R05C01	ok	486427	0.15005951561077	0.978136403350979	4.11161387011823e-06	6659.40303692804	1.58682962038628	6.91
GSE109379	GSM2940820	GSM2940820_200277210056_R05C02	ok	486427	0.161144426604609	0.965789176131983	4.11161387011823e-06	6786.88288283992	1.53519897290613	6.96
GSE109379	GSM2940821	GSM2940821_200277210056_R06C01	ok	486427	0.169238138507936	0.957280156241969	4.11161387011823e-06	5897.15510201433	1.3124789746947	6.43
GSE109379	GSM2940822	GSM2940822_200277210073_R01C01	ok	486427	0.155377888151768	0.971993626972298	4.11161387011823e-06	5961.47919858242	1.99383768612188	6.44
GSE109379	GSM2940823	GSM2940823_200277210073_R02C01	ok	486427	0.161327393421829	0.964769491699645	4.11161387011823e-06	6387.00979228298	2.02176614194411	7.04
GSE109379	GSM2940824	GSM2940824_200325530023_R01C01	ok	486427	0.183213514052468	0.940317623477412	4.11161387011823e-06	5361.02601178539	1.85514066622758	6.56
GSE109379	GSM2940825	GSM2940825_200325530023_R01C02	ok	486427	0.413100012951584	0.688356889551318	4.11161387011823e-06	3468.83827832728	1.22371715142942	8.87
GSE109379	GSM2940826	GSM2940826_200325530023_R03C02	ok	486427	0.157265118918152	0.970509328262322	4.11161387011823e-06	5375.19171322134	1.61741166137843	7.35
GSE109379	GSM2940827	GSM2940827_200325530023_R04C02	ok	486427	0.143369919844088	0.986260985763478	4.11161387011823e-06	5774.54976449627	1.53265269684059	7.93
GSE109379	GSM2940828	GSM2940828_200325530023_R05C01	ok	486427	0.154430161154706	0.97339774888215	4.11161387011823e-06	5740.56258002675	1.6146718479971	7.45
GSE109379	GSM2940829	GSM2940829_200325530023_R05C02	ok	486427	0.184572402436542	0.940391632831372	4.11161387011823e-06	5201.72875635318	1.39928408570196	7.32
GSE109379	GSM2940830	GSM2940830_200325530023_R06C01	ok	486427	0.218832425009303	0.90389063062137	4.11161387011823e-06	4726.75612116426	1.34208918751258	9.61
GSE109379	GSM2940831	GSM2940831_200325530023_R06C02	ok	486427	0.16205926069071	0.963533946651591	4.11161387011823e-06	5882.06482876565	1.9382857991847	8.46
GSE109379	GSM2940832	GSM2940832_200325530024_R01C01	ok	486427	0.182167108322523	0.941045382124685	4.11161387011823e-06	4506.16641391428	1.49143740735926	7.1
GSE109379	GSM2940833	GSM2940833_200325530024_R01C02	ok	486427	0.155885672464727	0.970133114046359	4.11161387011823e-06	4744.9757215887	1.81397817573385	6.43
GSE109379	GSM2940834	GSM2940834_200325530024_R02C01	ok	486427	0.219225084133899	0.900019530246184	4.11161387011823e-06	4508.6024585523	1.70505953423325	6.82
GSE109379	GSM2940835	GSM2940835_200325530024_R02C02	ok	486427	0.410735834976266	0.687721642596495	4.11161387011823e-06	3506.48605207024	1.40288449579321	6.37
GSE109379	GSM2940836	GSM2940836_200325530024_R03C01	ok	486427	0.168428150575523	0.95662229531788	4.11161387011823e-06	4542.43029955862	2.09123942296874	6.54
GSE109379	GSM2940837	GSM2940837_200325530024_R04C01	ok	486427	0.156424293881713	0.970980109986123	4.11161387011823e-06	5035.37666021037	1.63140362546713	6.58
GSE109379	GSM2940838	GSM2940838_200325530024_R05C01	ok	486427	0.342145892394953	0.765587706223981	4.11161387011823e-06	3866.56488163881	1.44274674193769	6.6
GSE109379	GSM2940839	GSM2940839_200325530024_R06C01	ok	486427	0.212163387311971	0.908645731613301	4.11161387011823e-06	4725.60682044385	1.35523097554387	6.86
GSE109379	GSM2940840	GSM2940840_200325530044_R03C02	ok	486427	0.1417170510683	0.987946754381457	4.11161387011823e-06	4950.45681841707	1.6252647506494	6.78
GSE109379	GSM2940841	GSM2940841_200325530044_R04C02	ok	486427	0.203611230462125	0.918359459320553	4.11161387011823e-06	4342.39121472366	1.59445309999278	6.42
GSE109379	GSM2940842	GSM2940842_200325530048_R05C01	ok	486427	0.150162305957523	0.97814462661253	4.11161387011823e-06	5652.12339832454	1.48180777339813	8.67
GSE109379	GSM2940843	GSM2940843_200325530103_R01C01	ok	486427	0.188135115855	0.934544893868531	4.11161387011823e-06	5818.77037141061	1.89328255284503	6.94
GSE109379	GSM2940844	GSM2940844_200325530103_R03C02	ok	486427	0.155871281816182	0.97178804543352	4.11161387011823e-06	6880.85186363128	1.58475028879782	8.3
GSE109379	GSM2940845	GSM2940845_200325530103_R05C02	ok	486427	0.203868206329007	0.917997635812304	4.11161387011823e-06	6636.71555335008	1.7282973203462	7.68
GSE109379	GSM2940846	GSM2940846_200325530103_R06C01	ok	486427	0.153531773524085	0.973628000205581	4.11161387011823e-06	7635.1228709527	1.73253496760173	7.11
GSE109379	GSM2940847	GSM2940847_200325530103_R06C02	ok	486427	0.177327738797394	0.947054530503161	4.11161387011823e-06	6762.94838936347	1.85148435398717	7.14
GSE109379	GSM2940848	GSM2940848_200325530104_R01C01	ok	486427	0.211881741761868	0.908701238628771	4.11161387011823e-06	6043.68110414596	1.55822133256762	10.13
GSE109379	GSM2940849	GSM2940849_200325530104_R02C01	ok	486427	0.169643132474143	0.955545048054685	4.11161387011823e-06	7279.53281908158	1.78899522622117	7.64
GSE109379	GSM2940850	GSM2940850_200325530166_R01C01	ok	486427	0.165776159629297	0.960355656062086	4.11161387011823e-06	6031.42105178062	1.76201825549571	6.35
GSE109379	GSM2940851	GSM2940851_200325530166_R02C02	ok	486427	0.157078040487062	0.969960425553785	4.11161387011823e-06	5778.73807828605	1.71512493346765	6.55
GSE109379	GSM2940852	GSM2940852_200325530166_R03C01	ok	486427	0.159709473363937	0.966872590841342	4.11161387011823e-06	6824.97776952321	1.82249790282386	6.37
GSE109379	GSM2940853	GSM2940853_200325530166_R04C01	ok	486427	0.176234049507943	0.949535899676209	4.11161387011823e-06	6089.79213818157	1.53640259100871	6.4
GSE109379	GSM2940854	GSM2940854_200325530166_R04C02	ok	486427	0.169453998236118	0.957070463072416	4.11161387011823e-06	5766.25092883993	1.44501989213624	6.95
GSE109379	GSM2940855	GSM2940855_200325530166_R05C01	ok	486427	0.341066593754047	0.767684637919515	4.11161387011823e-06	4053.00675311857	1.3037037522563	6.49
GSE109379	GSM2940856	GSM2940856_200325530166_R05C02	ok	486427	0.16239230141419	0.963466104743794	4.11161387011823e-06	5720.34572602448	1.93692400109492	6.86
GSE109379	GSM2940857	GSM2940857_200325530166_R06C01	ok	486427	0.164437829314573	0.960992958832297	4.11161387011823e-06	6417.99507385188	1.89616862353844	6.44
GSE109379	GSM2940858	GSM2940858_200360420061_R05C02	ok	486427	0.162180553299878	0.964886673176749	4.11161387011823e-06	6281.51367796355	1.4243765134193	6.16
GSE109379	GSM2940859	GSM2940859_200360420061_R06C02	ok	486427	0.36029661182459	0.746785218687362	4.11161387011823e-06	3033.33980328234	1.23831899625064	8.66
GSE109379	GSM2940860	GSM2940860_200360420062_R01C02	ok	486427	0.1591091777389	0.965887855270597	4.11161387011823e-06	5115.86073137949	2.12814060266069	7.15
GSE109379	GSM2940861	GSM2940861_200360420062_R02C01	ok	486427	0.219586906154469	0.898187798735674	4.11161387011823e-06	4911.10535598458	1.8447122675735	7.9
GSE109379	GSM2940862	GSM2940862_200360420062_R04C01	ok	486427	0.167932701104174	0.957014956056946	4.11161387011823e-06	5501.26435134666	2.09245452071398	7.16
GSE109379	GSM2940863	GSM2940863_200360420062_R06C01	ok	486427	0.221706443104515	0.897096160764763	4.11161387011823e-06	4801.86831239866	1.82391295945478	6.56
GSE109379	GSM2940864	GSM2940864_200362700065_R02C02	ok	486427	0.152294177749179	0.975381610731356	4.11161387011823e-06	4633.03680794822	1.90670304919156	8.83
GSE109379	GSM2940865	GSM2940865_200362700065_R03C02	ok	486427	0.162351185275488	0.964627640437889	4.11161387011823e-06	4549.01093402129	1.45686953228626	7.33
GSE109379	GSM2940866	GSM2940866_200362700065_R05C02	ok	486427	0.187760958992819	0.934853266176697	4.11161387011823e-06	4596.58733347957	1.86500352979547	7.85
GSE109379	GSM2940867	GSM2940867_200362700194_R01C01	ok	486427	0.164711251636936	0.961975638587655	4.11161387011823e-06	6080.32476190522	1.43283854222848	8.35
GSE109379	GSM2940868	GSM2940868_200362700194_R01C02	ok	486427	0.152818408517619	0.975235647838824	4.11161387011823e-06	5985.94241091721	1.75482310862559	6.37
GSE109379	GSM2940869	GSM2940869_200362700194_R04C02	ok	486427	0.143215734323958	0.986203422932621	4.11161387011823e-06	6333.0695635591	1.58232085770048	6.41
GSE109379	GSM2940870	GSM2940870_200362700194_R05C02	ok	486427	0.154826931893172	0.972285552757362	4.11161387011823e-06	6256.38058815903	1.81478379206339	6.43
GSE109379	GSM2940871	GSM2940871_200362700194_R06C01	ok	486427	0.152043369303102	0.975823611039729	4.11161387011823e-06	6637.86581702335	1.72909169277319	6.68
GSE109379	GSM2940872	GSM2940872_200362700196_R01C02	ok	486427	0.229240975521507	0.888215038289562	4.11161387011823e-06	4756.38484044328	1.79302019174403	6.89
GSE109379	GSM2940873	GSM2940873_200362700196_R02C01	ok	486427	0.191414127916419	0.932026520018502	4.11161387011823e-06	5147.27158824705	1.59843328768412	6.52
GSE109379	GSM2940874	GSM2940874_200362700196_R02C02	ok	486427	0.168493936397445	0.956350927686694	4.11161387011823e-06	5403.90202021014	1.97686861960498	6.78
GSE109379	GSM2940875	GSM2940875_200362700196_R03C02	ok	486427	0.227216005690474	0.892267050418872	4.11161387011823e-06	4356.64391894588	1.52841923701901	6.47
GSE109379	GSM2940876	GSM2940876_200362700196_R04C01	ok	486427	0.16066953520261	0.96596803207072	4.11161387011823e-06	4648.15595637018	1.73841855482094	8.45
GSE109379	GSM2940877	GSM2940877_200362700196_R05C01	ok	486427	0.158011376835579	0.967881996196742	4.11161387011823e-06	4913.36249123335	2.0634500372272	6.68
GSE109379	GSM2940878	GSM2940878_200362700196_R05C02	ok	486427	0.143949657399774	0.985440715423755	4.11161387011823e-06	5374.45005425872	1.52605607944395	9.93
GSE109379	GSM2940879	GSM2940879_200362700196_R06C01	ok	486427	0.160667479395675	0.964956570899933	4.11161387011823e-06	4762.47133109684	1.85796727007718	7.8
GSE109379	GSM2940880	GSM2940880_200362700204_R01C01	ok	486427	0.148618394949294	0.979433622860667	4.11161387011823e-06	6278.02643881164	1.74450832322343	6.48
GSE109379	GSM2940881	GSM2940881_200362700204_R04C01	ok	486427	0.153293299919618	0.974530503160816	4.11161387011823e-06	6502.20847551179	1.91440603270699	6.43
GSE109379	GSM2940882	GSM2940882_200394870010_R01C02	ok	486427	0.144274474895514	0.983516472220795	4.11161387011823e-06	3953.71670857403	2.32082072500475	6.41
GSE109379	GSM2940883	GSM2940883_200394870010_R03C01	ok	486427	0.207097879023985	0.912993781158452	4.11161387011823e-06	4436.6838398507	1.97121452509494	7.37
GSE109379	GSM2940884	GSM2940884_200394870010_R04C01	ok	486427	0.166779393413606	0.958410854705247	4.11161387011823e-06	4569.38767609138	2.03053272511613	6.4
GSE109379	GSM2940885	GSM2940885_200394870010_R05C01	ok	486427	0.162143548775047	0.96435832862209	4.11161387011823e-06	5052.70374454543	1.6904248780773	6.51
GSE109379	GSM2940886	GSM2940886_200394870010_R06C01	ok	486427	0.153718851955175	0.972974250912268	4.11161387011823e-06	4991.41931711694	1.69679181483791	6.84
GSE109379	GSM2940887	GSM2940887_200394870069_R01C02	ok	486427	0.165860447713634	0.959576502030118	4.11161387011823e-06	5201.47546215102	2.03584063234797	6.53
GSE109379	GSM2940888	GSM2940888_200394870069_R04C01	ok	486427	0.178370032913469	0.945886827362903	4.11161387011823e-06	5782.01302486096	1.71288609383896	6.76
GSE109379	GSM2940889	GSM2940889_200394870069_R04C02	ok	486427	0.152279787100634	0.975400113069846	4.11161387011823e-06	5816.27912716993	1.83733246885084	6.59
GSE109379	GSM2940890	GSM2940890_200394870069_R06C01	ok	486427	0.184177687505011	0.939133473814052	4.11161387011823e-06	5709.77036206971	1.68394360808494	6.71
GSE109379	GSM2940891	GSM2940891_200394870071_R06C01	ok	486427	0.187195612085678	0.935811276147402	4.11161387011823e-06	5833.46048285096	1.57156647639696	7.12
GSE109379	GSM2940892	GSM2940892_200394870072_R01C01	ok	486427	0.184946559298723	0.938177519658735	4.11161387011823e-06	6341.73806950684	1.83730087114574	6.69
GSE109379	GSM2940893	GSM2940893_200394870113_R05C02	ok	486427	0.152894473374216	0.974318754175875	4.11161387011823e-06	5938.91324543322	1.86554700111392	8.44
GSE109379	GSM2940894	GSM2940894_200394870113_R06C02	ok	486427	0.151447185291935	0.975988076270751	4.11161387011823e-06	5974.07623977236	1.89823797135804	7.06
GSE109379	GSM2940895	GSM2940895_200394970046_R01C01	ok	486427	0.152248949996608	0.975562522485481	4.11161387011823e-06	4999.38294919994	1.85681154060799	7.6
GSE109379	GSM2940896	GSM2940896_200394970046_R04C01	ok	486427	0.17005223805422	0.95458703808398	4.11161387011823e-06	5467.10118567335	1.76556099647668	7.23
GSE109379	GSM2940897	GSM2940897_200394970064_R01C01	ok	486427	0.177689560817964	0.946016343732333	4.11161387011823e-06	4342.74587635525	2.14308771938082	6.96
GSE109379	GSM2940898	GSM2940898_200394970064_R02C01	ok	486427	0.158959103832641	0.967583902965514	4.11161387011823e-06	4747.96500055462	2.02664200401672	6.95
GSE109379	GSM2940899	GSM2940899_200394970064_R05C01	ok	486427	0.142011031460014	0.987060697949324	4.11161387011823e-06	5173.42103634564	1.92214955229789	9.79
GSE109379	GSM2940900	GSM2940900_200394970104_R02C01	ok	486427	0.168080719203498	0.956443439379144	4.11161387011823e-06	5978.94433868102	2.02145717849754	7.43
GSE109379	GSM2940901	GSM2940901_200394970104_R03C01	ok	486427	0.163835477882601	0.962251117849617	4.11161387011823e-06	5533.37857531858	1.65447537005404	6.19
GSE109379	GSM2940902	GSM2940902_200394970104_R06C01	ok	486427	0.145300322556108	0.982992239296911	4.11161387011823e-06	6831.28997855996	1.96564114739638	6.23
GSE109379	GSM2940903	GSM2940903_200397540001_R02C02	ok	486427	0.14258254578796	0.987280670195816	4.11161387011823e-06	6291.02263415535	1.5549483938891	6.05
GSE109379	GSM2940904	GSM2940904_200397540001_R03C01	ok	486427	0.14204598017791	0.98773089376574	4.11161387011823e-06	6843.91077770356	1.63571106808221	6.39
GSE109379	GSM2940905	GSM2940905_200397540001_R03C02	ok	486427	0.152857468849385	0.975336382792825	4.11161387011823e-06	6264.70264621361	1.6601368866342	6.45
GSE109379	GSM2940906	GSM2940906_200397540001_R04C01	ok	486427	0.144249805212293	0.985064501207792	4.11161387011823e-06	6545.86487158369	1.73123472717086	6.07
GSE109379	GSM2940907	GSM2940907_200397540001_R04C02	ok	486427	0.141258606121782	0.988168782443337	4.11161387011823e-06	6341.41315767283	2.02875523752254	6.48
GSE109379	GSM2940908	GSM2940908_200397540001_R05C01	ok	486427	0.156288610623999	0.971304928817392	4.11161387011823e-06	6527.76252100849	1.52519060462317	7.1
GSE109379	GSM2940909	GSM2940909_200397540001_R06C01	ok	486427	0.151885072169102	0.975578969008583	4.11161387011823e-06	6772.80733073719	1.79192535131624	6.09
GSE109379	GSM2940910	GSM2940910_200397540001_R06C02	ok	486427	0.146618094801481	0.982252145757311	4.11161387011823e-06	6234.65113162803	1.57234643819291	8.85
GSE109379	GSM2940911	GSM2940911_200397540002_R01C01	ok	486427	0.158107999761526	0.968274656935807	4.11161387011823e-06	5322.22442039495	2.13045025346752	6.75
GSE109379	GSM2940912	GSM2940912_200397540002_R03C02	ok	486427	0.139755811252254	0.989659248599476	4.11161387011823e-06	6041.94823441024	1.94270496808413	7.77
GSE109379	GSM2940913	GSM2940913_200400320088_R01C01	ok	486427	0.15265599976975	0.975210978054171	4.11161387011823e-06	5281.81727203459	1.54537213679151	7.76
GSE109379	GSM2940914	GSM2940914_200400320088_R01C02	ok	486427	0.149864213951939	0.978321426735879	4.11161387011823e-06	5805.28065892107	1.80224941069665	6.87
GSE109379	GSM2940915	GSM2940915_200400320088_R02C02	ok	486427	0.548933344571745	0.540449195662229	4.11161387011823e-06	1540.38529986499	1.23746660320058	8.9
GSE109379	GSM2940916	GSM2940916_200400320088_R03C01	ok	486427	0.168107444693654	0.957565914580871	4.11161387011823e-06	5285.95839581893	1.84578871644946	7.96
GSE109379	GSM2940917	GSM2940917_200400320088_R03C02	ok	486427	0.170562078174115	0.953881893405972	4.11161387011823e-06	5502.4015513466	2.26972145442288	7.28
GSE109379	GSM2940918	GSM2940918_200400320088_R04C01	ok	486427	0.14625216116704	0.981413373079097	4.11161387011823e-06	5952.63386339587	2.1599586976913	6.6
GSE109379	GSM2940919	GSM2940919_200400320088_R05C01	ok	486427	0.229576072051921	0.890176286169502	4.11161387011823e-06	5305.50474902235	1.59643504557012	6.12
GSE109379	GSM2940920	GSM2940920_200400320088_R06C01	ok	486427	0.183195011790053	0.939990748830755	4.11161387011823e-06	5824.79560590183	1.85341805211574	6.39
GSE109379	GSM2940921	GSM2940921_200406080086_R01C02	ok	486427	0.136758444740937	0.993359716297476	4.11161387011823e-06	4656.0702302839	1.88083974077466	6.3
GSE109379	GSM2940922	GSM2940922_200406080086_R02C01	ok	486427	0.327103553051126	0.781382535848281	4.11161387011823e-06	3675.83733744171	1.48102323449696	6.41
GSE109379	GSM2940923	GSM2940923_200406080086_R03C01	ok	486427	0.190678149033668	0.932030631649278	4.11161387011823e-06	4982.02306339457	1.90909061969935	6.65
GSE109379	GSM2940924	GSM2940924_200406080086_R04C01	ok	486427	0.275601477714025	0.83807575679704	4.11161387011823e-06	4250.3995723167	1.44748861530678	6.68
GSE109379	GSM2940925	GSM2940925_200406080086_R05C01	ok	486427	0.196366566822977	0.925262887392712	4.11161387011823e-06	5333.5731237954	1.89059210778107	8.38
GSE109379	GSM2940926	GSM2940926_200406080086_R06C01	ok	486427	0.146311779568157	0.981216014801871	4.11161387011823e-06	5872.49650288275	2.22259192310133	6.58
GSE109379	GSM2940927	GSM2940927_200486890026_R01C01	ok	486427	0.179940669411854	0.942480341265354	4.11161387011823e-06	4285.65481693311	1.95738423103911	8.68
GSE109379	GSM2940928	GSM2940928_200486890026_R01C02	ok	486427	0.256350901574131	0.859265045998869	4.11161387011823e-06	3865.56949172201	1.52644065530486	7.99
GSE109379	GSM2940929	GSM2940929_200486890026_R02C01	ok	486427	0.218487049444213	0.900255949015778	4.11161387011823e-06	3816.33333779277	1.92208246511997	6.28
GSE109379	GSM2940930	GSM2940930_200486890026_R02C02	ok	486427	0.192682560795351	0.930753970293468	4.11161387011823e-06	4078.20144930886	1.33073965839504	6.11
GSE109379	GSM2940931	GSM2940931_200486890026_R04C01	ok	486427	0.170395557812375	0.95549365266999	4.11161387011823e-06	4513.98445898967	1.51161424080462	7.32
GSE109379	GSM2940932	GSM2940932_3998523002_R05C02	ok	486427	0.14971414004568	0.978175463843347	4.11161387011823e-06	9280.51411799875	1.5681206414558	6.63
GSE109379	GSM2940933	GSM2940933_3998523018_R02C01	ok	486427	0.151364953014533	0.976171043840263	4.11161387011823e-06	6296.28243595937	1.83088094682103	6.64
GSE109379	GSM2940934	GSM2940934_3998523018_R02C02	ok	486427	0.148116778057139	0.980432749139127	4.11161387011823e-06	6250.23349769314	1.68607625512103	6.89
GSE109379	GSM2940935	GSM2940935_3998523018_R03C01	ok	486427	0.141449796166742	0.98813794521252	4.11161387011823e-06	6972.42775692503	1.59970152825317	6.6
GSE109379	GSM2940936	GSM2940936_3998523018_R03C02	ok	486427	0.143943489978969	0.98514878963869	4.11161387011823e-06	6812.6519430292	1.36616832134486	6.51
GSE109379	GSM2940937	GSM2940937_3998523018_R04C01	ok	486427	0.146741443217585	0.981991057203063	4.11161387011823e-06	6868.8753424479	1.56003338152746	6.54
GSE109379	GSM2940938	GSM2940938_3998523018_R04C02	ok	486427	0.183731577400103	0.939929074369122	4.11161387011823e-06	6934.48990403842	1.25197521194663	6.69
GSE109379	GSM2940939	GSM2940939_3998523018_R05C01	ok	486427	0.151397845925493	0.976650048825615	4.11161387011823e-06	6436.10813555247	1.64181830846179	6.42
GSE109379	GSM2940940	GSM2940940_3998523018_R05C02	ok	486427	0.152499758442685	0.975305545562009	4.11161387011823e-06	7267.95786202058	1.41852113310514	7.07
GSE109379	GSM2940941	GSM2940941_3998523019_R03C02	ok	486427	0.160330327058325	0.96670812561032	4.11161387011823e-06	7489.37620398816	1.70230952797365	7.34
GSE109379	GSM2940942	GSM2940942_3998523022_R02C02	ok	486427	0.150927066137365	0.976647993010228	4.11161387011823e-06	6639.72962387025	1.77600507676693	8.64
GSE109379	GSM2940943	GSM2940943_3998523022_R04C02	ok	486427	0.156545586490881	0.969730174230354	4.11161387011823e-06	7131.1053928448	1.84082173968307	6.92
GSE109379	GSM2940944	GSM2940944_3998523022_R05C02	ok	486427	0.143505603101801	0.985545562008532	4.11161387011823e-06	7303.41331557259	1.73613217455406	9.47
GSE109379	GSM2940945	GSM2940945_3998523022_R06C02	ok	486427	0.142903251669829	0.986184920594131	4.11161387011823e-06	7533.28235620866	1.72927268817772	7.91
GSE109379	GSM2940946	GSM2940946_3998523030_R01C01	ok	486427	0.157127379853503	0.9701598396464	4.11161387011823e-06	6240.43255066071	1.88833685856588	6.48
GSE109379	GSM2940947	GSM2940947_3998523030_R01C02	ok	486427	0.150308268249912	0.97821863596649	4.11161387011823e-06	5823.75459126717	1.61954835470455	6.44
GSE109379	GSM2940948	GSM2940948_3998523030_R02C01	ok	486427	0.162612272756241	0.963612067636326	4.11161387011823e-06	6464.86318911347	1.72497430951856	7.36
GSE109379	GSM2940949	GSM2940949_3998523030_R02C02	ok	486427	0.21301654719002	0.909651025337925	4.11161387011823e-06	6034.99229340058	1.33788877574639	6.6
GSE109379	GSM2940950	GSM2940950_3998523030_R03C01	ok	486427	0.176708940909941	0.947044251426222	4.11161387011823e-06	6880.95771776305	2.09898812324109	6.74
GSE109379	GSM2940951	GSM2940951_3998523030_R04C01	ok	486427	0.155357330082417	0.972143701495606	4.11161387011823e-06	6882.25711978947	1.68852047461112	6.81
GSE109379	GSM2940952	GSM2940952_3998523030_R04C02	ok	486427	0.178156228992223	0.946090353086293	4.11161387011823e-06	6540.94804983974	1.76585734547257	7.19
GSE109379	GSM2940953	GSM2940953_3998523030_R05C01	ok	486427	0.146803117425636	0.982200750372617	4.11161387011823e-06	7222.87962082076	1.6161902601075	7.01
GSE109379	GSM2940954	GSM2940954_3998523030_R05C02	ok	486427	0.149008998266955	0.979758441691936	4.11161387011823e-06	7054.39146985542	1.37146827009722	6.73
GSE109379	GSM2940955	GSM2940955_3998523030_R06C01	ok	486427	0.144486223009825	0.984603998560929	4.11161387011823e-06	7956.04071596963	1.73640861932852	6.7
GSE109379	GSM2940956	GSM2940956_3998523030_R06C02	ok	486427	0.173121557808263	0.952134450326361	4.11161387011823e-06	6757.90509038185	1.57436570623972	7.13
GSE109379	GSM2940957	GSM2940957_3998523031_R01C01	ok	486427	0.171145927343671	0.954817289407411	4.11161387011823e-06	5811.61282134347	1.49986051980863	6.73
GSE109379	GSM2940958	GSM2940958_3998523031_R02C01	ok	486427	0.148641008825579	0.980136711723287	4.11161387011823e-06	6995.15561914268	1.47056262448795	6.72
GSE109379	GSM2940959	GSM2940959_3998523031_R04C02	ok	486427	0.173238738803561	0.951955594387624	4.11161387011823e-06	7847.84868726156	1.54780698451249	9.21
GSE109379	GSM2940960	GSM2940960_3998523031_R06C02	ok	486427	0.143830420597541	0.985533227116205	4.11161387011823e-06	8250.90751901174	1.62743569950436	6.74
GSE109379	GSM2940961	GSM2940961_3998523032_R02C01	ok	486427	0.141571088775911	0.987763786811944	4.11161387011823e-06	6871.95426035902	1.60028550552824	9.83
GSE109379	GSM2940962	GSM2940962_3998523032_R02C02	ok	486427	0.142428360267831	0.986970242072262	4.11161387011823e-06	7164.90469297725	1.60163754465077	7.82
GSE109379	GSM2940963	GSM2940963_3998523032_R03C01	ok	486427	0.142668889679232	0.986080074009354	4.11161387011823e-06	8271.42944494922	1.70013010301265	6.99
GSE109379	GSM2940964	GSM2940964_3998523032_R05C01	ok	486427	0.14240369058461	0.986783162871974	4.11161387011823e-06	8372.51144521611	1.64779987180517	6.78
GSE109379	GSM2940965	GSM2940965_3998523056_R01C01	ok	486427	0.164170574413016	0.961685768617978	4.11161387011823e-06	7800.07725352627	1.9224840803657	7.36
GSE109379	GSM2940966	GSM2940966_3998523056_R01C02	ok	486427	0.256611989054884	0.858212468520327	4.11161387011823e-06	6428.52772632846	1.36121855566126	7.23
GSE109379	GSM2940967	GSM2940967_3998523056_R02C01	ok	486427	0.171735943934033	0.953552962943928	4.11161387011823e-06	8822.17830562616	1.85122562707355	7.07
GSE109379	GSM2940968	GSM2940968_3998523056_R02C02	ok	486427	0.251367625563548	0.866628976717891	4.11161387011823e-06	6502.32602313054	1.32877709081404	6.89
GSE109379	GSM2940969	GSM2940969_3998523056_R03C01	ok	486427	0.225910568286711	0.894102893560158	4.11161387011823e-06	7621.54023074093	1.47366668287428	7.33
GSE109379	GSM2940970	GSM2940970_3998523056_R03C02	ok	486427	0.170693649817958	0.955341522331295	4.11161387011823e-06	8591.89292333508	1.43897352418638	7.28
GSE109379	GSM2940971	GSM2940971_3998523056_R05C02	ok	486427	0.16015763927578	0.967664079765637	4.11161387011823e-06	9628.97292299837	1.38872999527823	7.34
GSE109379	GSM2940972	GSM2940972_3998523056_R06C01	ok	486427	0.264417887987303	0.851946343218379	4.11161387011823e-06	6893.81955083525	1.31809374153181	7.06
GSE109379	GSM2940973	GSM2940973_3998523056_R06C02	ok	486427	0.15198991832279	0.976450634733001	4.11161387011823e-06	10843.636921901	1.50067976037655	7.51
GSE109379	GSM2940974	GSM2940974_3998523057_R01C01	ok	486427	0.192662002726	0.930390090969831	4.11161387011823e-06	7703.32378290097	1.67728940877756	6.68
GSE109379	GSM2940975	GSM2940975_3998523057_R01C02	ok	486427	0.164742088740962	0.962830857788971	4.11161387011823e-06	6704.95045520197	1.40889375519411	6.56
GSE109379	GSM2940976	GSM2940976_3998523057_R02C01	ok	486427	0.151077140043624	0.977213342241867	4.11161387011823e-06	8539.52888010633	1.6031328352289	8.87
GSE109379	GSM2940977	GSM2940977_3998523057_R02C02	ok	486427	0.149646298416823	0.978315259289716	4.11161387011823e-06	8411.16486495107	1.98241692475481	6.92
GSE109379	GSM2940978	GSM2940978_3998523057_R04C01	ok	486427	0.296868800457211	0.814805982422778	4.11161387011823e-06	7243.84997139313	1.58221368999121	9.87
GSE109379	GSM2940979	GSM2940979_3998523057_R05C01	ok	486427	0.155519738830287	0.971596854602457	4.11161387011823e-06	10379.6640512429	1.92007999027364	8.14
GSE109379	GSM2940980	GSM2940980_3998523057_R05C02	ok	486427	0.145355829343355	0.983463021020712	4.11161387011823e-06	10568.4433181115	1.83104070419382	6.86
GSE109379	GSM2940981	GSM2940981_3998523057_R06C01	ok	486427	0.219695863922027	0.899423343783728	4.11161387011823e-06	7249.35760883616	1.50585020803984	7.27
GSE109379	GSM2940982	GSM2940982_3998523057_R06C02	ok	486427	0.159010499006017	0.967641465796371	4.11161387011823e-06	8677.6998731947	1.52081837203139	7.08
GSE109379	GSM2940983	GSM2940983_3998523058_R01C01	ok	486427	0.15682928784792	0.971080844940124	4.11161387011823e-06	7559.38770421209	1.61881134068053	6.64
GSE109379	GSM2940984	GSM2940984_3998523058_R02C01	ok	486427	0.153104165681593	0.97481420568433	4.11161387011823e-06	8126.98813922863	1.51647781607082	6.71
GSE109379	GSM2940985	GSM2940985_3998523058_R03C01	ok	486427	0.150690648339833	0.977283239965051	4.11161387011823e-06	9588.76676348642	1.9278390108034	6.96
GSE109379	GSM2940986	GSM2940986_3998546128_R01C02	ok	486427	0.179817320995751	0.942934676466053	4.11161387011823e-06	6521.43825863058	1.90973999037161	6.5
GSE109379	GSM2940987	GSM2940987_3998546128_R02C01	ok	486427	0.15059196960695	0.977248291103459	4.11161387011823e-06	7856.26457623163	1.78935606368972	6.85
GSE109379	GSM2940988	GSM2940988_3998546128_R02C02	ok	486427	0.230593696484776	0.887143958472529	4.11161387011823e-06	6613.41272130141	1.87868502813622	6.81
GSE109379	GSM2940989	GSM2940989_3998546128_R03C01	ok	486427	0.152647776542009	0.975484401500745	4.11161387011823e-06	7555.52005774945	1.4276025394548	6.74
GSE109379	GSM2940990	GSM2940990_3998546128_R03C02	ok	486427	0.162957648321331	0.964093128437066	4.11161387011823e-06	7014.19771682235	1.49720923809879	6.82
GSE109379	GSM2940991	GSM2940991_3998546128_R04C01	ok	486427	0.151471854975156	0.976117592640181	4.11161387011823e-06	8770.31782501148	1.89294122982979	6.71
GSE109379	GSM2940992	GSM2940992_3998546128_R04C02	ok	486427	0.146141147592547	0.98244744821915	4.11161387011823e-06	8051.74366176138	1.67717397375982	6.95
GSE109379	GSM2940993	GSM2940993_3998546128_R05C01	ok	486427	0.144712361772681	0.984236007606517	4.11161387011823e-06	8700.03430086148	1.45986620472262	9.11
GSE109379	GSM2940994	GSM2940994_3998546128_R06C02	ok	486427	0.288557173018767	0.825319422315876	4.11161387011823e-06	5380.93980111031	1.26172012668996	7.14
GSE109379	GSM2940995	GSM2940995_3998546129_R01C01	ok	486427	0.277429090079292	0.836990286272293	4.11161387011823e-06	5119.5815207136	1.25012981203891	9.88
GSE109379	GSM2940996	GSM2940996_3998546129_R01C02	ok	486427	0.152818408517619	0.973973377190728	4.11161387011823e-06	7010.19321546944	2.03117964235239	7.64
GSE109379	GSM2940997	GSM2940997_3998546129_R02C01	ok	486427	0.222164888051033	0.899047129567765	4.11161387011823e-06	5513.89311341504	1.26888672183182	6.94
GSE109379	GSM2940998	GSM2940998_3998546129_R02C02	ok	486427	0.139994284856721	0.989494783368454	4.11161387011823e-06	7739.85406817099	1.94564822358296	7.17
GSE109379	GSM2940999	GSM2940999_3998546129_R03C01	ok	486427	0.139342594058307	0.990294495554299	4.11161387011823e-06	7867.24717354836	1.70876638001694	6.61
GSE109379	GSM2941000	GSM2941000_3998546129_R03C02	ok	486427	0.162379966572579	0.963233797604975	4.11161387011823e-06	7099.37233274118	1.87450387632866	6.51
GSE109379	GSM2941001	GSM2941001_3998546129_R04C01	ok	486427	0.137422470380962	0.992535334326977	4.11161387011823e-06	8531.50637056138	1.54328054291679	6.69
GSE109379	GSM2941002	GSM2941002_3998546129_R04C02	ok	486427	0.271693388730478	0.841578866217814	4.11161387011823e-06	5308.7582821373	1.4420827199032	6.54
GSE109379	GSM2941003	GSM2941003_3998546129_R05C01	ok	486427	0.149479778055083	0.978648301382536	4.11161387011823e-06	8689.9927006969	1.47803483268536	7.16
GSE109379	GSM2941004	GSM2941004_3998546129_R05C02	ok	486427	0.140728207932537	0.988281852289664	4.11161387011823e-06	8438.91324151562	2.02212562201711	6.95
GSE109379	GSM2941005	GSM2941005_3998546129_R06C01	ok	486427	0.334860112617104	0.77195456647993	4.11161387011823e-06	5695.96804063205	1.54123786454081	7.07
GSE109379	GSM2941006	GSM2941006_3998546129_R06C02	ok	486427	0.153172007310449	0.974551061314694	4.11161387011823e-06	8862.36564430212	1.50560024913872	7.04
GSE109379	GSM2941007	GSM2941007_3998546133_R01C01	ok	486427	0.218125227423642	0.90172585701804	4.11161387011823e-06	6332.96296093755	1.31047014779269	6.87
GSE109379	GSM2941008	GSM2941008_3998546133_R03C01	ok	486427	0.204598017790953	0.917874286889037	4.11161387011823e-06	6076.61263310276	1.31561101417066	6.92
GSE109379	GSM2941009	GSM2941009_3998546133_R04C01	ok	486427	0.155877449236987	0.972088194480136	4.11161387011823e-06	7460.74094714248	1.43753598584859	7.06
GSE109379	GSM2941010	GSM2941010_3998546133_R05C01	ok	486427	0.150873615157053	0.976245053194223	4.11161387011823e-06	9169.84590744231	1.76394057452061	9.59
GSE109379	GSM2941011	GSM2941011_3998567085_R01C02	ok	486427	0.162819909256682	0.963071388189341	4.11161387011823e-06	8723.29463664546	2.05842650231221	7.17
GSE109379	GSM2941012	GSM2941012_3998567085_R02C02	ok	486427	0.242840138396923	0.873137688235596	4.11161387011823e-06	7013.94337346259	1.47746052684442	10.35
GSE109379	GSM2941013	GSM2941013_3998567085_R03C01	ok	486427	0.215534910685468	0.907017525826181	4.11161387011823e-06	7834.13032394772	1.27200221324566	7.94
GSE109379	GSM2941014	GSM2941014_3998567085_R04C01	ok	486427	0.143583723765334	0.985426324716041	4.11161387011823e-06	10615.1957503572	1.66848763283676	6.98
GSE109379	GSM2941015	GSM2941015_3998567085_R04C02	ok	486427	0.14257021094635	0.987140874749447	4.11161387011823e-06	10300.5388510028	1.59109918159497	7.86
GSE109379	GSM2941016	GSM2941016_3998567085_R05C02	ok	486427	0.149964948491757	0.978543454797759	4.11161387011823e-06	10432.0064408247	1.49468226662056	7.03
GSE109379	GSM2941017	GSM2941017_3998567085_R06C01	ok	486427	0.156132369296935	0.971329598602045	4.11161387011823e-06	10771.9627169817	1.58183222307496	6.85
GSE109379	GSM2941018	GSM2941018_3998567087_R02C01	ok	486427	0.167396135494123	0.958421133782186	4.11161387011823e-06	8760.61440273305	1.75104358898626	6.79
GSE109379	GSM2941019	GSM2941019_3998567087_R03C02	ok	486427	0.145742321047146	0.982790769388909	4.11161387011823e-06	9682.20960708882	1.74535271979576	7.23
GSE109379	GSM2941020	GSM2941020_3998567087_R04C01	ok	486427	0.148786971117968	0.979260934368094	4.11161387011823e-06	9775.49406682188	1.48511769942273	6.61
GSE109379	GSM2941021	GSM2941021_3998567087_R04C02	ok	486427	0.144981672481174	0.984139384283291	4.11161387011823e-06	9992.97119289604	1.61158669524961	6.91
GSE109379	GSM2941022	GSM2941022_3998567087_R05C02	ok	486427	0.246869519989639	0.870109472169399	4.11161387011823e-06	8651.68782314349	1.58003632667823	7.11
GSE109379	GSM2941023	GSM2941023_3998567087_R06C01	ok	486427	0.170724486921984	0.955577941100889	4.11161387011823e-06	8579.14972066797	1.37707746925243	6.92
GSE109379	GSM2941024	GSM2941024_3998567087_R06C02	ok	486427	0.201652046453014	0.920612632985558	4.11161387011823e-06	8962.24026498853	1.35251113059377	7.24
GSE109379	GSM2941025	GSM2941025_3998567088_R02C01	ok	486427	0.155349106854677	0.972521971526957	4.11161387011823e-06	8742.76303150551	1.56537086423669	9.7
GSE109379	GSM2941026	GSM2941026_3998567088_R03C01	ok	486427	0.156434572916388	0.971272035771188	4.11161387011823e-06	9544.87948958349	1.37259088465058	8.01
GSE109379	GSM2941027	GSM2941027_3998567088_R04C01	ok	486427	0.17057646882266	0.954510972914632	4.11161387011823e-06	10213.7993477326	1.73079430890565	7.32
GSE109379	GSM2941028	GSM2941028_3998567088_R05C01	ok	486427	0.145302378363043	0.983442462866835	4.11161387011823e-06	11039.1261116428	1.75326714062911	7.45
GSE109379	GSM2941029	GSM2941029_3998568127_R04C02	ok	486427	0.149613405505862	0.978825101505885	4.11161387011823e-06	8313.08986336091	1.38018727283864	7.59
GSE109379	GSM2941030	GSM2941030_3998568127_R05C02	ok	486427	0.1672892335335	0.957859896181323	4.11161387011823e-06	8361.7888727461	1.78836315138685	6.98
GSE109379	GSM2941031	GSM2941031_3998568129_R03C02	ok	486427	0.342916819995601	0.763573007143958	4.11161387011823e-06	4706.68790124827	1.2637362824198	9.77
GSE109379	GSM2941032	GSM2941032_3998568154_R03C01	ok	486427	0.143339082740062	0.986036901886211	4.11161387011823e-06	7152.75909995552	1.11856459389768	7.09
GSE109379	GSM2941033	GSM2941033_3998568166_R01C01	ok	486427	0.149103565385967	0.979178701752583	4.11161387011823e-06	5916.98787482122	1.51104215699538	6.75
GSE109379	GSM2941034	GSM2941034_3998568166_R01C02	ok	486427	0.141435405518197	0.988288019735828	4.11161387011823e-06	6387.48550516909	1.31793440191323	6.57
GSE109379	GSM2941035	GSM2941035_3998568166_R02C02	ok	486427	0.146013687562574	0.98261396926556	4.11161387011823e-06	6813.2311339891	1.49431631370595	6.53
GSE109379	GSM2941036	GSM2941036_3998568166_R03C01	ok	486427	0.155018121938133	0.970801254047387	4.11161387011823e-06	6338.5448116902	2.00752091467774	6.94
GSE109379	GSM2941037	GSM2941037_3998568166_R03C02	ok	486427	0.162731509558474	0.963850542221309	4.11161387011823e-06	6548.79220085478	1.31724274654096	6.9
GSE109379	GSM2941038	GSM2941038_3998568166_R05C01	ok	486427	0.145409280323666	0.982901783419849	4.11161387011823e-06	7406.45207766215	1.43662592598154	7.12
GSE109379	GSM2941039	GSM2941039_3998568166_R05C02	ok	486427	0.141591646845261	0.987144986380223	4.11161387011823e-06	7552.90670449755	1.56572085638998	7.41
GSE109379	GSM2941040	GSM2941040_3998568166_R06C01	ok	486427	0.154382877595199	0.972404790049853	4.11161387011823e-06	7309.52046485887	1.58683794829453	6.38
GSE109379	GSM2941041	GSM2941041_3998568166_R06C02	ok	486427	0.1450125095852	0.983004574189238	4.11161387011823e-06	7524.25225892315	1.45991089614102	6.54
GSE109379	GSM2941042	GSM2941042_3998568167_R01C01	ok	486427	0.144190186811176	0.984569049699337	4.11161387011823e-06	6863.44842105004	1.71751456406643	9.13
GSE109379	GSM2941043	GSM2941043_3998568167_R02C01	ok	486427	0.147569933412413	0.981253019478851	4.11161387011823e-06	7698.90047828869	1.26212596201815	7.64
GSE109379	GSM2941044	GSM2941044_3998568167_R03C01	ok	486427	0.154720029932549	0.972688492573367	4.11161387011823e-06	7644.36009243674	1.66210907570045	6.89
GSE109379	GSM2941045	GSM2941045_3998568167_R04C01	ok	486427	0.178559167151494	0.946511795240787	4.11161387011823e-06	7450.94138731953	1.33705654883143	7.45
GSE109379	GSM2941046	GSM2941046_3998909013_R02C02	ok	486427	0.148542330092696	0.980029809323123	4.11161387011823e-06	6560.39715219524	1.67176155526883	7.31
GSE109379	GSM2941047	GSM2941047_3998909026_R03C02	ok	486427	0.144523227534656	0.984891812715218	4.11161387011823e-06	6659.6571512277	1.40430605733919	6.85
GSE109379	GSM2941048	GSM2941048_3998909026_R04C01	ok	486427	0.142465364792662	0.986811944287403	4.11161387011823e-06	7537.81890302452	1.65572310437986	6.48
GSE109379	GSM2941049	GSM2941049_3998909026_R05C01	ok	486427	0.153079495998372	0.974014493498484	4.11161387011823e-06	8199.95147309099	1.8827486299815	6.66
GSE109379	GSM2941050	GSM2941050_3998909026_R05C02	ok	486427	0.138300299942232	0.991511538263864	4.11161387011823e-06	7984.0673488008	1.81379207366113	6.83
GSE109379	GSM2941051	GSM2941051_3998909026_R06C01	ok	486427	0.141036578972796	0.988908875982937	4.11161387011823e-06	8626.70300435394	1.4978751685654	7.07
GSE109379	GSM2941052	GSM2941052_3998909027_R03C01	ok	486427	0.153344695092994	0.974269414606568	4.11161387011823e-06	6465.35108191807	1.50595886879293	7.02
GSE109379	GSM2941053	GSM2941053_3998909027_R04C01	ok	486427	0.164269253145899	0.962851415942848	4.11161387011823e-06	7059.34595320408	1.35456940040061	7.1
GSE109379	GSM2941054	GSM2941054_3998909027_R05C01	ok	486427	0.142716173238739	0.986357609086704	4.11161387011823e-06	8814.09351344531	1.75234198413439	6.97
GSE109379	GSM2941055	GSM2941055_3998909027_R06C02	ok	486427	0.162760290855565	0.962974764866115	4.11161387011823e-06	8195.63262339121	1.75451260072795	7.16
GSE109379	GSM2941056	GSM2941056_3998909050_R03C02	ok	486427	0.156017244108571	0.971524901063884	4.11161387011823e-06	6419.44889302196	1.58795371338371	7.36
GSE109379	GSM2941057	GSM2941057_3998909050_R04C02	ok	486427	0.181330394899954	0.942069178187799	4.11161387011823e-06	6101.85013800656	1.61957264755896	9.04
GSE109379	GSM2941058	GSM2941058_3998909050_R05C02	ok	486427	0.200025903167382	0.920335097908208	4.11161387011823e-06	6932.10013669115	1.68968896737207	6.28
GSE109379	GSM2941059	GSM2941059_3998909051_R01C01	ok	486427	0.189635854917593	0.932100529372462	4.11161387011823e-06	5954.2159367343	1.88744542862061	9.3
GSE109379	GSM2941060	GSM2941060_3998909051_R03C01	ok	486427	0.163192010311928	0.963568895513183	4.11161387011823e-06	6697.82060618796	1.46711228365545	7.94
GSE109379	GSM2941061	GSM2941061_3998909051_R04C01	ok	486427	0.145664200383614	0.983138202189443	4.11161387011823e-06	7028.72688950127	1.52825496509626	7.67
GSE109379	GSM2941062	GSM2941062_3998909051_R04C02	ok	486427	0.155371720730963	0.971958678110706	4.11161387011823e-06	6846.33722267555	1.47815119726971	7.26
GSE109379	GSM2941063	GSM2941063_3998909062_R01C01	ok	486427	0.141281219998068	0.988220177828031	4.11161387011823e-06	6325.99211175973	1.3972732886024	7.34
GSE109379	GSM2941064	GSM2941064_3998909062_R01C02	ok	486427	0.14013613553524	0.988964382998407	4.11161387011823e-06	6101.94968245901	1.55072263709085	6.92
GSE109379	GSM2941065	GSM2941065_3998909062_R02C01	ok	486427	0.171900408488838	0.952377036542118	4.11161387011823e-06	6002.09234493571	1.71831809650862	7.11
GSE109379	GSM2941066	GSM2941066_3998909062_R02C02	ok	486427	0.148712962068306	0.978471501259187	4.11161387011823e-06	6337.70487850701	1.94338842637897	7.21
GSE109379	GSM2941067	GSM2941067_3998909062_R03C01	ok	486427	0.165105966568468	0.960446111939148	4.11161387011823e-06	6144.89738289423	1.65834252454676	6.99
GSE109379	GSM2941068	GSM2941068_3998909062_R04C01	ok	486427	0.164073951487068	0.962728067019582	4.11161387011823e-06	5720.59370620106	1.35819119107066	6.73
GSE109379	GSM2941069	GSM2941069_3998909063_R01C02	ok	486427	0.225302049433934	0.892992753250758	4.11161387011823e-06	5595.45973807688	1.67200720314266	7.24
GSE109379	GSM2941070	GSM2941070_3998909063_R04C02	ok	486427	0.178115112853522	0.947282726011204	4.11161387011823e-06	5702.98579855512	1.36763812181177	6.84
GSE109379	GSM2941071	GSM2941071_3998909070_R02C02	ok	486427	0.171725664899358	0.952572339003957	4.11161387011823e-06	5884.10688556098	1.72672739677335	6.73
GSE109379	GSM2941072	GSM2941072_3998909070_R03C02	ok	486427	0.167145327048046	0.958386184920594	4.11161387011823e-06	6302.23534556524	1.65916507839927	6.83
GSE109379	GSM2941073	GSM2941073_3998909070_R04C02	ok	486427	0.146361118934599	0.982552294803927	4.11161387011823e-06	6004.96703885085	1.36383363332816	9.09
GSE109379	GSM2941074	GSM2941074_3998909072_R01C02	ok	486427	0.16275001182089	0.963953332990697	4.11161387011823e-06	5460.8292122344	1.39857145632023	6.72
GSE109379	GSM2941075	GSM2941075_3998909072_R02C02	ok	486427	0.147874192838802	0.980323790923575	4.11161387011823e-06	5784.88885626257	1.68595618122471	6.1
GSE109379	GSM2941076	GSM2941076_3998909072_R03C02	ok	486427	0.211540477810648	0.910216374569564	4.11161387011823e-06	5609.83308483618	1.45443521518583	9.54
GSE109379	GSM2941077	GSM2941077_3998909072_R04C01	ok	486427	0.203835313418046	0.918748008428843	4.11161387011823e-06	5620.88746317035	1.59010091563925	7.55
GSE109379	GSM2941078	GSM2941078_3998909072_R04C02	ok	486427	0.145119411545823	0.983915300406023	4.11161387011823e-06	6678.80352189513	1.59454060969704	6.83
GSE109379	GSM2941079	GSM2941079_3998909072_R05C01	ok	486427	0.14206653824726	0.987704168165699	4.11161387011823e-06	7088.31672289787	1.40054125897489	7.07
GSE109379	GSM2941080	GSM2941080_3998909072_R05C02	ok	486427	0.143947601592839	0.985220743177263	4.11161387011823e-06	7006.75916778874	1.47307918169835	6.9
GSE109379	GSM2941081	GSM2941081_3998909072_R06C01	ok	486427	0.157335016353944	0.970388035154443	4.11161387011823e-06	7446.31342850721	1.40242824126285	6.53
GSE109379	GSM2941082	GSM2941082_3998909072_R06C02	ok	486427	0.165319770489714	0.960561237600863	4.11161387011823e-06	7471.97208725247	1.79682072886977	6.79
GSE109379	GSM2941083	GSM2941083_3998909073_R01C01	ok	486427	0.142855968110323	0.986505627794624	4.11161387011823e-06	5361.79743078376	1.45256746191585	6.52
GSE109379	GSM2941084	GSM2941084_3998909073_R02C01	ok	486427	0.16867073579386	0.956673690702575	4.11161387011823e-06	5566.27094767442	1.45653357653163	6.77
GSE109379	GSM2941085	GSM2941085_3998909075_R02C02	ok	486427	0.168763247105938	0.956463997533022	4.11161387011823e-06	5695.97128364185	1.88117412170238	6.97
GSE109379	GSM2941086	GSM2941086_3998909075_R03C02	ok	486427	0.151936467342479	0.976458857994552	4.11161387011823e-06	6031.56039855815	1.37697248396701	6.8
GSE109379	GSM2941087	GSM2941087_3998909075_R04C02	ok	486427	0.158175841390383	0.968437066351442	4.11161387011823e-06	6720.49509084033	1.56338654431702	6.79
GSE109379	GSM2941088	GSM2941088_3998909075_R05C02	ok	486427	0.163089219965175	0.963550393174693	4.11161387011823e-06	6849.06074029659	1.40669902616921	6.79
GSE109379	GSM2941089	GSM2941089_3998909089_R01C02	ok	486427	0.149950557843212	0.978890887598294	4.11161387011823e-06	6277.73261021336	1.40155164284038	6.87
GSE109379	GSM2941090	GSM2941090_3998909089_R02C01	ok	486427	0.150300045022172	0.976937862979904	4.11161387011823e-06	6373.2953209476	1.7825502616193	6.52
GSE109379	GSM2941091	GSM2941091_3998909089_R02C02	ok	486427	0.196175376778016	0.926681400010279	4.11161387011823e-06	6141.09734452135	1.47757790728758	8.7
GSE109379	GSM2941092	GSM2941092_3998909089_R05C01	ok	486427	0.166575868527035	0.95864932929023	4.11161387011823e-06	8016.53868648684	1.8648400392714	6.64
GSE109379	GSM2941093	GSM2941093_3998909174_R03C02	ok	486427	0.140748766001887	0.988670401397954	4.11161387011823e-06	9168.46603286026	1.56924022087964	9.78
GSE109379	GSM2941094	GSM2941094_3998909174_R04C02	ok	486427	0.207650891089516	0.915292182761988	4.11161387011823e-06	7872.27067715781	1.3239747807782	7.74
GSE109379	GSM2941095	GSM2941095_3998909181_R01C01	ok	486427	0.150491235067132	0.977437426119135	4.11161387011823e-06	7775.21178415712	1.49500463792935	7.18
GSE109379	GSM2941096	GSM2941096_3998909181_R01C02	ok	486427	0.155199032948418	0.971977180449196	4.11161387011823e-06	7923.49805928379	1.45090232646969	7.09
GSE109379	GSM2941097	GSM2941097_3998909181_R02C01	ok	486427	0.142492090282817	0.986252762501927	4.11161387011823e-06	8128.3570598808	1.63994270315415	6.85
GSE109379	GSM2941098	GSM2941098_3998909181_R02C02	ok	486427	0.154208134005719	0.973336074420517	4.11161387011823e-06	7923.63724923655	1.30516644180855	6.65
GSE109379	GSM2941099	GSM2941099_3998909181_R03C02	ok	486427	0.159010499006017	0.968675540936424	4.11161387011823e-06	8211.88479156937	1.32938075890223	7.01
GSE109379	GSM2941100	GSM2941100_3998909181_R04C01	ok	486427	0.151656877599311	0.976271778794264	4.11161387011823e-06	8826.30093369143	1.39660978254607	7.04
GSE109379	GSM2941101	GSM2941101_3998909181_R05C01	ok	486427	0.179940669411854	0.945150845454078	4.11161387011823e-06	8613.01897965745	1.33865457965917	7.18
GSE109379	GSM2941102	GSM2941102_3998909182_R02C01	ok	486427	0.164906553295767	0.96216477360333	4.11161387011823e-06	8226.34577191773	1.32037161699436	7.08
GSE109379	GSM2941103	GSM2941103_3998909182_R03C01	ok	486427	0.196237050986068	0.924878449915198	4.11161387011823e-06	8215.1452672517	1.67428176435146	7.31
GSE109379	GSM2941104	GSM2941104_3998909182_R03C02	ok	486427	0.148649232053319	0.979524078737729	4.11161387011823e-06	8458.25015648898	1.65379934674905	6.93
GSE109379	GSM2941105	GSM2941105_3998909182_R04C02	ok	486427	0.152857468849385	0.97472169399188	4.11161387011823e-06	8419.32265783637	1.7318627360156	6.8
GSE109379	GSM2941106	GSM2941106_3998909182_R05C01	ok	486427	0.215637701032221	0.904941152284525	4.11161387011823e-06	7666.83520969484	1.63538464968224	6.77
GSE109379	GSM2941107	GSM2941107_3998909182_R05C02	ok	486427	0.14014847037685	0.989476281029964	4.11161387011823e-06	9081.03778056835	1.60573781763446	8.85
GSE109379	GSM2941108	GSM2941108_3998909182_R06C02	ok	486427	0.157579657379216	0.96813280567405	4.11161387011823e-06	9371.40612798274	1.81015723505291	7.01
GSE109379	GSM2941109	GSM2941109_3998909193_R01C01	ok	486427	0.157258951497347	0.969806239399702	4.11161387011823e-06	7869.41994914361	1.40573166648626	6.24
GSE109379	GSM2941110	GSM2941110_3998919099_R01C01	ok	486427	0.182790017823846	0.941442154494526	4.11161387011823e-06	7068.36503060565	1.25753624914769	10.01
GSE109379	GSM2941111	GSM2941111_3998919099_R02C02	ok	486427	0.169943280286662	0.953978516729198	4.11161387011823e-06	7349.52723334305	1.54635680316642	7.45
GSE109379	GSM2941112	GSM2941112_3998919099_R03C01	ok	486427	0.19024437377037	0.932156036387932	4.11161387011823e-06	7023.59207992438	1.45974114406939	7.18
GSE109379	GSM2941113	GSM2941113_3998919099_R03C02	ok	486427	0.166292167169997	0.959708074214936	4.11161387011823e-06	7470.09770118178	1.32882558475875	7.26
GSE109379	GSM2941114	GSM2941114_3998919099_R05C02	ok	486427	0.154294477896992	0.972690548388755	4.11161387011823e-06	8423.53646678537	1.42824049257111	6.87
GSE109379	GSM2941115	GSM2941115_3998919099_R06C02	ok	486427	0.255471016205926	0.859877678984427	4.11161387011823e-06	6903.06210644462	1.40405873022732	7.09
GSE109379	GSM2941116	GSM2941116_3998920094_R01C01	ok	486427	0.23700781412216	0.880012334892327	4.11161387011823e-06	5870.45768562181	1.47810221532234	7.27
GSE109379	GSM2941117	GSM2941117_3998920094_R02C01	ok	486427	0.143207511096218	0.985572287608573	4.11161387011823e-06	7168.2030522353	1.27156850507994	6.89
GSE109379	GSM2941118	GSM2941118_3998920120_R01C01	ok	486427	0.167513316489422	0.957639923934831	4.11161387011823e-06	6168.761669978	1.67361102206278	7.04
GSE109379	GSM2941119	GSM2941119_3998920120_R02C01	ok	486427	0.152201666437102	0.975299378115845	4.11161387011823e-06	6532.6030903773	1.25903875377447	6.7
GSE109379	GSM2941120	GSM2941120_3998920120_R03C01	ok	486427	0.296439136807784	0.814489386853061	4.11161387011823e-06	5085.44172529698	1.48181861974822	7.08
GSE109379	GSM2941121	GSM2941121_3998920120_R04C01	ok	486427	0.152730008819412	0.974575731099347	4.11161387011823e-06	6790.54530908638	1.43490092538889	7.04
GSE109379	GSM2941122	GSM2941122_3998920120_R06C01	ok	486427	0.157404913789736	0.969072313306265	4.11161387011823e-06	7799.33979515582	1.41977672924852	7.05
GSE109379	GSM2941123	GSM2941123_3998920147_R01C02	ok	486427	0.157088319521737	0.969236778537287	4.11161387011823e-06	6609.55414088575	1.61805870984384	6.98
GSE109379	GSM2941124	GSM2941124_3998920147_R03C02	ok	486427	0.160344717706871	0.964981240684587	4.11161387011823e-06	7715.37683909837	1.79792166188099	6.92
GSE109379	GSM2941125	GSM2941125_3998920147_R04C02	ok	486427	0.1564880238967	0.970303746723544	4.11161387011823e-06	8668.32533295333	1.44708486169543	12.88
GSE109379	GSM2941126	GSM2941126_3998998159_R01C02	ok	486427	0.145896506567275	0.982554350619314	4.11161387011823e-06	8327.62988668791	1.38278501184873	6.46
GSE109379	GSM2941127	GSM2941127_3998998159_R02C02	ok	486427	0.190567135459175	0.931136351955594	4.11161387011823e-06	8637.88774854514	1.58513787947097	6.82
GSE109379	GSM2941128	GSM2941128_3998998159_R03C01	ok	486427	0.182173275743328	0.941390759109832	4.11161387011823e-06	8943.85333365915	1.35205323774778	6.35
GSE109379	GSM2941129	GSM2941129_3998998159_R03C02	ok	486427	0.164674247112105	0.960509842216169	4.11161387011823e-06	8793.64624753089	1.49546691612823	6.85
GSE109379	GSM2941130	GSM2941130_3998998159_R04C01	ok	486427	0.197028536656066	0.926177725240273	4.11161387011823e-06	9507.61043847413	1.297359541195	6.76
GSE109379	GSM2941131	GSM2941131_3998998159_R04C02	ok	486427	0.154720029932549	0.972752222850388	4.11161387011823e-06	10442.2619938004	1.33337322885674	6.61
GSE109379	GSM2941132	GSM2941132_3998998159_R05C01	ok	486427	0.158282743351006	0.968899624813692	4.11161387011823e-06	10719.5415262694	1.37151397320666	7.02
GSE109379	GSM2941133	GSM2941133_3998998159_R05C02	ok	486427	0.150865391929313	0.977550495965462	4.11161387011823e-06	10138.3474751837	1.25595895781842	7.03
GSE109379	GSM2941134	GSM2941134_3998998159_R06C01	ok	486427	0.1714584099978	0.953483065220743	4.11161387011823e-06	10742.0151512946	1.47679715760473	6.64
GSE109379	GSM2941135	GSM2941135_3998998159_R06C02	ok	486427	0.165422560836467	0.96	4.11161387011823e-06	10857.48943482	1.3912739517635	6.89
GSE109379	GSM2941136	GSM2941136_3998998164_R01C02	ok	486427	0.160535907751831	0.965460245669939	4.11161387011823e-06	7243.08174706378	1.54443748645908	6.88
GSE109379	GSM2941137	GSM2941137_3998998164_R02C01	ok	486427	0.167196722221423	0.956328313717428	4.11161387011823e-06	7838.9500801161	2.00247846835219	6.7
GSE109379	GSM2941138	GSM2941138_3998998164_R02C02	ok	486427	0.172114212410084	0.951345017217454	4.11161387011823e-06	8022.78174462761	1.54291878388871	6.99
GSE109379	GSM2941139	GSM2941139_3998998164_R03C02	ok	486427	0.152917087250502	0.973348409312844	4.11161387011823e-06	9007.48264680747	1.78353311928959	6.77
GSE109379	GSM2941140	GSM2941140_3998998164_R05C01	ok	486427	0.172052538202032	0.952804646142776	4.11161387011823e-06	9932.8099965331	1.50544954881259	6.62
GSE109379	GSM2941141	GSM2941141_3998998164_R06C01	ok	486427	0.155209311983093	0.972339003957445	4.11161387011823e-06	10616.2205805523	1.47706501559835	6.93
GSE109379	GSM2941142	GSM2941142_3998998164_R06C02	ok	486427	0.208549278720137	0.911930924602971	4.11161387011823e-06	9517.28717707614	1.48199636060532	13.51
GSE109379	GSM2941143	GSM2941143_3998998187_R02C01	ok	486427	0.171452242576995	0.951996710695379	4.11161387011823e-06	8472.77175249369	1.78853499805097	6.88
GSE109379	GSM2941144	GSM2941144_3998998187_R04C01	ok	486427	0.146365230548469	0.982034229326207	4.11161387011823e-06	9769.73318806347	1.48276329745786	6.81
GSE109379	GSM2941145	GSM2941145_3998998187_R05C01	ok	486427	0.423212527265139	0.674395847252917	4.11161387011823e-06	6468.59154965196	1.34570056331203	6.2
GSE109379	GSM2941146	GSM2941146_3999002043_R03C02	ok	486427	0.144251861019228	0.98466772883795	4.11161387011823e-06	8785.07566385782	1.59275481403612	6.66
GSE109379	GSM2941147	GSM2941147_3999002044_R01C02	ok	486427	0.160003453755651	0.967168628257183	4.11161387011823e-06	7116.04748691713	1.4817085239789	6.64
GSE109379	GSM2941148	GSM2941148_3999002044_R02C01	ok	486427	0.148266851963398	0.979838618492059	4.11161387011823e-06	7636.16283971385	1.78852830328895	6.59
GSE109379	GSM2941149	GSM2941149_3999002044_R02C02	ok	486427	0.152033090268427	0.976415685871409	4.11161387011823e-06	7374.29458826947	1.41639483536192	6.74
GSE109379	GSM2941150	GSM2941150_3999002044_R03C01	ok	486427	0.146391956038625	0.982885336896747	4.11161387011823e-06	8261.03419823911	1.30782785953616	6.71
GSE109379	GSM2941151	GSM2941151_3999002044_R03C02	ok	486427	0.141166094809704	0.988308577889705	4.11161387011823e-06	7444.12886443486	1.43208947086047	7.21
GSE109379	GSM2941152	GSM2941152_3999002044_R04C02	ok	486427	0.152154382877595	0.975570745747032	4.11161387011823e-06	7709.24743882203	1.57015064803825	6.78
GSE109379	GSM2941153	GSM2941153_3999002044_R05C01	ok	486427	0.150452174735366	0.977336691165133	4.11161387011823e-06	9273.25872151258	1.74334639141713	6.73
GSE109379	GSM2941154	GSM2941154_3999002044_R05C02	ok	486427	0.150966126469131	0.976269722978876	4.11161387011823e-06	8785.93629122883	1.63057972971242	6.8
GSE109379	GSM2941155	GSM2941155_3999002044_R06C01	ok	486427	0.155525906251092	0.971962789741481	4.11161387011823e-06	9350.57581436123	1.62765572550036	6.86
GSE109379	GSM2941156	GSM2941156_3999002049_R01C01	ok	486427	0.209669693499744	0.910678933031814	4.11161387011823e-06	6022.02289272896	1.85930062965464	6.73
GSE109379	GSM2941157	GSM2941157_3999002049_R01C02	ok	486427	0.157795517107397	0.969909030169091	4.11161387011823e-06	6958.90439053703	1.51174467837085	6.68
GSE109379	GSM2941158	GSM2941158_3999002049_R02C01	ok	486427	0.158973494481186	0.966995939764609	4.11161387011823e-06	7458.83021567134	1.85177253801433	6.31
GSE109379	GSM2941159	GSM2941159_3999002049_R03C01	ok	486427	0.152433972620763	0.975583080639359	4.11161387011823e-06	7848.53848695274	1.45057563645403	12.77
GSE109379	GSM2941160	GSM2941160_3999002049_R04C01	ok	486427	0.149270085747707	0.979299994860461	4.11161387011823e-06	7641.70485431561	1.51322961297569	6.83
GSE109379	GSM2941161	GSM2941161_3999002049_R05C01	ok	486427	0.152312680011595	0.975893508762913	4.11161387011823e-06	8968.64062374894	1.38643477996396	6.39
GSE109379	GSM2941162	GSM2941162_3999002049_R06C01	ok	486427	0.198467601510607	0.924401500745233	4.11161387011823e-06	8339.61433251429	1.48754470341117	6.53
GSE109379	GSM2941163	GSM2941163_3999002051_R02C01	ok	486427	0.156960859491763	0.96986380223056	4.11161387011823e-06	6307.91599586006	1.54578828987993	6.4
GSE109379	GSM2941164	GSM2941164_3999002051_R02C02	ok	486427	0.154680969600783	0.97230611091124	4.11161387011823e-06	7232.89942732423	1.90921552790439	6.35
GSE109379	GSM2941165	GSM2941165_3999078079_R01C01	ok	486427	0.148743799172332	0.978566068767025	4.11161387011823e-06	6497.07850697881	1.66763867811821	6.28
GSE109379	GSM2941166	GSM2941166_3999078079_R01C02	ok	486427	0.149808707164693	0.977947268335304	4.11161387011823e-06	6447.77740498622	1.42545586191991	6.41
GSE109379	GSM2941167	GSM2941167_3999078079_R02C02	ok	486427	0.225630978543543	0.893015367220024	4.11161387011823e-06	6326.42620057943	1.32161205499006	6.86
GSE109379	GSM2941168	GSM2941168_3999078079_R03C02	ok	486427	0.140405446243732	0.987920028781415	4.11161387011823e-06	8041.08417808408	1.49855477001162	6.56
GSE109379	GSM2941169	GSM2941169_3999078079_R05C01	ok	486427	0.190961850390706	0.931290538109678	4.11161387011823e-06	6990.4658593229	1.40204412171281	6.72
GSE109379	GSM2941170	GSM2941170_3999078079_R06C02	ok	486427	0.163455153599615	0.961677545356427	4.11161387011823e-06	8977.03121783918	1.31958858007537	6.79
GSE109379	GSM2941171	GSM2941171_3999078080_R04C02	ok	486427	0.1554560088153	0.97104795189392	4.11161387011823e-06	8147.67310247981	1.53971069124107	6.55
GSE109379	GSM2941172	GSM2941172_3999078080_R05C02	ok	486427	0.154438384382446	0.972807729865858	4.11161387011823e-06	8274.61622418253	1.44741743821226	6.54
GSE109379	GSM2941173	GSM2941173_3999078080_R06C02	ok	486427	0.153095942453852	0.973893200390605	4.11161387011823e-06	9400.71331919278	1.46780245303777	6.83
GSE109379	GSM2941174	GSM2941174_3999078119_R01C01	ok	486427	0.181938913752732	0.941974610679961	4.11161387011823e-06	7098.65710582368	1.45286701281229	6.59
GSE109379	GSM2941175	GSM2941175_3999078119_R03C02	ok	486427	0.160021956018066	0.966677288379504	4.11161387011823e-06	7256.75185088573	1.4882497482843	6.32
GSE109379	GSM2941176	GSM2941176_3999078119_R05C02	ok	486427	0.194818544200877	0.926718404687259	4.11161387011823e-06	8112.88154265062	1.74229389402268	13.07
GSE109379	GSM2941177	GSM2941177_3999078119_R06C02	ok	486427	0.160700372306636	0.964849668499769	4.11161387011823e-06	8777.7961896939	1.72236546835365	6.65
GSE109379	GSM2941178	GSM2941178_3999078120_R02C02	ok	486427	0.155003731289587	0.972614483219407	4.11161387011823e-06	7956.49728811145	1.29862765559762	6.45
GSE109379	GSM2941179	GSM2941179_3999078120_R03C01	ok	486427	0.233208682906171	0.884315156498946	4.11161387011823e-06	7174.48067799507	1.35388846055172	6.7
GSE109379	GSM2941180	GSM2941180_3999078120_R04C02	ok	486427	0.159664245611366	0.966677288379504	4.11161387011823e-06	9174.64385772185	1.68744707702444	6.23
GSE109379	GSM2941181	GSM2941181_3999078120_R05C01	ok	486427	0.144691803703331	0.984451868222234	4.11161387011823e-06	9635.97525917162	1.07402776185694	6.29
GSE109379	GSM2941182	GSM2941182_3999078120_R05C02	ok	486427	0.153858646826759	0.973319627897415	4.11161387011823e-06	9242.54185750338	1.66921320995442	6.57
GSE109379	GSM2941183	GSM2941183_3999078120_R06C02	ok	486427	0.162628719211721	0.963122783574035	4.11161387011823e-06	9950.11786915838	1.77493728794823	6.69
GSE109379	GSM2941184	GSM2941184_3999078123_R01C01	ok	486427	0.183768581924934	0.939024515598499	4.11161387011823e-06	6347.08123054242	1.71503438655158	6.61
GSE109379	GSM2941185	GSM2941185_3999078123_R01C02	ok	486427	0.165449286326623	0.960308372308167	4.11161387011823e-06	6322.35844185236	1.46352036515463	6.48
GSE109379	GSM2941186	GSM2941186_3999078123_R02C01	ok	486427	0.174278977112701	0.950286272292748	4.11161387011823e-06	6717.97564527668	1.61179645358155	6.5
GSE109379	GSM2941187	GSM2941187_3999078123_R02C02	ok	486427	0.198305192762737	0.923219406897261	4.11161387011823e-06	6390.71789945884	1.62517834168359	6.85
GSE109379	GSM2941188	GSM2941188_3999078123_R03C01	ok	486427	0.186712497455939	0.936547258056227	4.11161387011823e-06	6628.81161861492	1.55901334885161	6.68
GSE109379	GSM2941189	GSM2941189_3999078123_R05C01	ok	486427	0.169283366260508	0.956975895564578	4.11161387011823e-06	7426.73630595591	1.39028395777068	6.92
GSE109379	GSM2941190	GSM2941190_3999078159_R02C01	ok	486427	0.147645998269011	0.980434804954515	4.11161387011823e-06	8071.75398183727	1.5139128007279	6.97
GSE109379	GSM2941191	GSM2941191_3999078159_R03C01	ok	486427	0.244275091637594	0.87290332528139	4.11161387011823e-06	7426.88171004083	1.22048310659457	6.79
GSE109379	GSM2941192	GSM2941192_3999078159_R05C02	ok	486427	0.157680391919034	0.969029141183122	4.11161387011823e-06	9652.30853613542	1.58897076168298	6.79
GSE109379	GSM2941193	GSM2941193_3999078159_R06C01	ok	486427	0.165513016341609	0.960585907385517	4.11161387011823e-06	10902.9226714879	1.44762080617492	12.3
GSE109379	GSM2941194	GSM2941194_3999078159_R06C02	ok	486427	0.158420482415655	0.968794778228915	4.11161387011823e-06	10159.2965594108	1.5273367600794	6.48
GSE109379	GSM2941195	GSM2941195_3999095103_R01C02	ok	486427	0.168970883606379	0.956782648918127	4.11161387011823e-06	7687.71756822332	1.45387264563499	6.46
GSE109379	GSM2941196	GSM2941196_3999095103_R04C01	ok	486427	0.152088597055673	0.976411574240633	4.11161387011823e-06	8359.27670356551	1.33620538432267	6.5
GSE109379	GSM2941197	GSM2941197_3999095103_R04C02	ok	486427	0.216318173127725	0.904702677699543	4.11161387011823e-06	7370.39629155841	1.37721624605408	6.67
GSE109379	GSM2941198	GSM2941198_3999095103_R05C01	ok	486427	0.150472732804717	0.977544328519299	4.11161387011823e-06	9348.36520567703	1.51145114773879	6.53
GSE109379	GSM2941199	GSM2941199_3999095103_R06C01	ok	486427	0.141137313512613	0.988799917767385	4.11161387011823e-06	10423.076458772	1.38764503787702	6.36
GSE109379	GSM2941200	GSM2941200_3999095103_R06C02	ok	486427	0.149479778055083	0.978524952459269	4.11161387011823e-06	10287.2321082971	1.48747028396318	6.6
GSE109379	GSM2941201	GSM2941201_3999095104_R01C01	ok	486427	0.17875241300339	0.94561134810094	4.11161387011823e-06	6074.4371629404	1.38200223731931	6.82
GSE109379	GSM2941202	GSM2941202_3999095104_R03C01	ok	486427	0.160143248627235	0.96654160456391	4.11161387011823e-06	8253.21939240671	1.57250714773073	6.41
GSE109379	GSM2941203	GSM2941203_3999095104_R04C01	ok	486427	0.175590581937269	0.948686847921057	4.11161387011823e-06	8650.28180151805	1.67771268856235	6.54
GSE109379	GSM2941204	GSM2941204_3999095104_R04C02	ok	486427	0.144523227534656	0.984201058744925	4.11161387011823e-06	8661.79559894358	1.54776996784693	6.63
GSE109379	GSM2941205	GSM2941205_3999095104_R05C02	ok	486427	0.147520594045972	0.98061571670864	4.11161387011823e-06	8937.80617934813	1.53265452418438	6.33
GSE109379	GSM2941206	GSM2941206_3999095104_R06C01	ok	486427	0.169967949969882	0.956176183378733	4.11161387011823e-06	8874.06722479078	1.33092091823392	7.12
GSE109379	GSM2941207	GSM2941207_3999095105_R01C01	ok	486427	0.186243773474745	0.937357249319011	4.11161387011823e-06	6472.79812231373	1.22087257744588	6.77
GSE109379	GSM2941208	GSM2941208_3999100043_R04C01	ok	486427	0.140970793150874	0.988773192167343	4.11161387011823e-06	7809.21793950351	1.09191842354867	6.53
GSE109379	GSM2941209	GSM2941209_3999100091_R06C02	ok	486427	0.156860124951946	0.970340751400524	4.11161387011823e-06	9424.9959078848	1.34271399095741	7.09
GSE109379	GSM2941210	GSM2941210_3999100100_R03C02	ok	486427	0.150014287858199	0.977377807472889	4.11161387011823e-06	7678.23345922308	1.5960640127308	13.14
GSE109379	GSM2941211	GSM2941211_3999100100_R04C02	ok	486427	0.151459520133545	0.976454746363776	4.11161387011823e-06	7860.53628549228	1.3230947175933	6.62
GSE109379	GSM2941212	GSM2941212_3999100100_R05C01	ok	486427	0.159302423590796	0.967203577118775	4.11161387011823e-06	8421.53658279235	1.49786038927902	6.64
GSE109379	GSM2941213	GSM2941213_3999100100_R05C02	ok	486427	0.195133082661941	0.928663206044097	4.11161387011823e-06	7556.38429139438	1.32041565772694	6.75
GSE109379	GSM2941214	GSM2941214_3999100101_R02C01	ok	486427	0.160519461296351	0.965766562162718	4.11161387011823e-06	7047.43111319666	1.49551672830096	6.4
GSE109379	GSM2941215	GSM2941215_3999100101_R03C01	ok	486427	0.228040384271432	0.891068510047798	4.11161387011823e-06	6050.8587959007	1.4040445927459	6.44
GSE109379	GSM2941216	GSM2941216_3999100101_R05C01	ok	486427	0.1599828956863	0.965711055147248	4.11161387011823e-06	8651.58335421203	1.68475704624239	6.71
GSE109379	GSM2941217	GSM2941217_3999100101_R06C01	ok	486427	0.208684961977851	0.910590532970139	4.11161387011823e-06	8989.23150007612	1.44805453764854	6.62
GSE109379	GSM2941218	GSM2941218_3999100101_R06C02	ok	486427	0.190312215399227	0.932573366911651	4.11161387011823e-06	8123.67899741479	1.35598219451652	6.87
GSE109379	GSM2941219	GSM2941219_3999543042_R03C01	ok	486427	0.223005713087473	0.895389833992907	4.11161387011823e-06	4826.26287693286	1.47680955013799	6.6
GSE109379	GSM2941220	GSM2941220_3999543042_R05C02	ok	486427	0.181318060058344	0.941954052526083	4.11161387011823e-06	6975.67135334449	1.68540103756904	6.95
GSE109379	GSM2941221	GSM2941221_3999543042_R06C02	ok	486427	0.171997031414786	0.952356478388241	4.11161387011823e-06	6873.14873579589	1.60250661983633	6.72
GSE109379	GSM2941222	GSM2941222_3999543050_R01C01	ok	486427	0.154086841396551	0.973778074728889	4.11161387011823e-06	6020.70147800115	1.61831618450361	6.69
GSE109379	GSM2941223	GSM2941223_3999543050_R02C01	ok	486427	0.141211322562276	0.988195508043378	4.11161387011823e-06	6738.9910826966	1.58643493559578	6.37
GSE109379	GSM2941224	GSM2941224_3999543050_R03C02	ok	486427	0.220703209320206	0.898169296397184	4.11161387011823e-06	5491.96484466177	1.67418365681627	6.81
GSE109379	GSM2941225	GSM2941225_3999543050_R04C01	ok	486427	0.164774981651923	0.961007349540011	4.11161387011823e-06	7018.35556412997	1.66050871786244	9.67
GSE109379	GSM2941226	GSM2941226_3999543050_R05C02	ok	486427	0.181260497464162	0.945179626869507	4.11161387011823e-06	5095.86751193124	1.23187240201336	7.09
GSE109379	GSM2941227	GSM2941227_3999543050_R06C02	ok	486427	0.261375293723416	0.853652669990235	4.11161387011823e-06	5163.29623016531	1.35546189784615	7.91
GSE109379	GSM2941228	GSM2941228_3999543051_R03C01	ok	486427	0.151138814251676	0.977036542118518	4.11161387011823e-06	6191.99916909393	1.41982116919163	7.44
GSE109379	GSM2941229	GSM2941229_3999543051_R04C01	ok	486427	0.16328657743094	0.962913090404482	4.11161387011823e-06	6922.39201790435	1.78334583180637	7.07
GSE109379	GSM2941230	GSM2941230_3999543051_R05C02	ok	486427	0.153194621186735	0.974960168576862	4.11161387011823e-06	6838.90500333606	1.42269951881483	6.94
GSE109379	GSM2941231	GSM2941231_3999543051_R06C02	ok	486427	0.148566999775917	0.979727604461119	4.11161387011823e-06	7062.44276600308	1.42745027483159	7.16
GSE109379	GSM2941232	GSM2941232_3999547142_R01C01	ok	486427	0.146784615163221	0.980996042555379	4.11161387011823e-06	5851.43490144711	1.63696768753239	8.87
GSE109379	GSM2941233	GSM2941233_3999547142_R01C02	ok	486427	0.15699991982353	0.969835020815131	4.11161387011823e-06	5707.3889741023	1.48926458620643	7.57
GSE109379	GSM2941234	GSM2941234_3999547142_R03C02	ok	486427	0.159892440181158	0.96689314899522	4.11161387011823e-06	6172.57624933843	1.57356681207176	6.76
GSE109379	GSM2941235	GSM2941235_3999547142_R04C02	ok	486427	0.292921651141898	0.817801305442771	4.11161387011823e-06	4934.81154553772	1.62051487102053	7.03
GSE109379	GSM2941236	GSM2941236_3999547142_R05C02	ok	486427	0.144391655890812	0.984540268283908	4.11161387011823e-06	6461.79579337826	1.47879778527086	7.52
GSE109379	GSM2941237	GSM2941237_3999547142_R06C02	ok	486427	0.15511474486408	0.972429459834507	4.11161387011823e-06	6545.83869675301	1.32225822567328	7.06
GSE109379	GSM2941238	GSM2941238_3999834001_R01C02	ok	486427	0.214270589420406	0.904579328776276	4.11161387011823e-06	6300.00377985904	1.727664245107	6.96
GSE109379	GSM2941239	GSM2941239_3999834001_R02C02	ok	486427	0.173103055545848	0.951669836048723	4.11161387011823e-06	6159.44025733301	1.82938421517777	6.92
GSE109379	GSM2941240	GSM2941240_3999834001_R03C02	ok	486427	0.165245761440052	0.961422624248342	4.11161387011823e-06	6281.46296607016	1.43378649164474	7.6
GSE109379	GSM2941241	GSM2941241_3999834001_R06C01	ok	486427	0.19838331342627	0.924707817238012	4.11161387011823e-06	6353.98116816393	1.29038039379245	6.04
GSE109379	GSM2941242	GSM2941242_3999834002_R04C02	ok	486427	0.146965526173506	0.982231587603433	4.11161387011823e-06	6795.29725499608	1.39081779116505	9.3
GSE109379	GSM2941243	GSM2941243_3999834002_R06C02	ok	486427	0.216914357138892	0.902537904096212	4.11161387011823e-06	7309.0333382777	1.30722188708582	7.18
GSE109379	GSM2941244	GSM2941244_3999834003_R01C02	ok	486427	0.142148770524662	0.987192270134142	4.11161387011823e-06	5951.4687750271	1.48975000376943	10.67
GSE109379	GSM2941245	GSM2941245_3999834003_R06C02	ok	486427	0.269510121765445	0.843350979082078	4.11161387011823e-06	4737.33975195349	1.54567004261107	7.04
GSE109379	GSM2941246	GSM2941246_3999834021_R03C01	ok	486427	0.152242782575803	0.975099964023231	4.11161387011823e-06	6882.76333520208	1.60032090025436	6.62
GSE109379	GSM2941247	GSM2941247_3999834063_R01C02	ok	486427	0.183223793087144	0.939857120830549	4.11161387011823e-06	5588.03045428032	1.72029139117032	7
GSE109379	GSM2941248	GSM2941248_3999834063_R03C01	ok	486427	0.155910342147948	0.970712853985712	4.11161387011823e-06	6773.43931351809	1.53479118552933	6.38
GSE109379	GSM2941249	GSM2941249_3999834067_R01C01	ok	486427	0.147064204906389	0.981565503417793	4.11161387011823e-06	4871.82169898938	1.7047548021619	6.76
GSE109379	GSM2941250	GSM2941250_3999834067_R01C02	ok	486427	0.202427085667531	0.919153004060235	4.11161387011823e-06	4125.39119734918	1.38694745655726	6.74
GSE109379	GSM2941251	GSM2941251_3999834067_R02C02	ok	486427	0.186700162614329	0.93631289510202	4.11161387011823e-06	5098.73399675442	1.4811406124295	6.99
GSE109379	GSM2941252	GSM2941252_3999834067_R04C01	ok	486427	0.151344394945182	0.976432132394511	4.11161387011823e-06	5616.43737859559	1.46318008435006	6.64
GSE109379	GSM2941253	GSM2941253_3999834067_R05C02	ok	486427	0.158391701118565	0.968340443028216	4.11161387011823e-06	6161.62078132788	1.51396361742479	7.94
GSE109379	GSM2941254	GSM2941254_3999834068_R01C01	ok	486427	0.185824388859993	0.938529064090045	4.11161387011823e-06	4791.59582900777	1.33141841488545	7.99
GSE109379	GSM2941255	GSM2941255_3999834068_R01C02	ok	486427	0.166536808195269	0.959200287814154	4.11161387011823e-06	4943.03555763075	1.35512607629567	6.8
GSE109379	GSM2941256	GSM2941256_3999834068_R02C01	ok	486427	0.148172284844386	0.979688543968752	4.11161387011823e-06	5645.45005508231	1.44313050818728	6.82
GSE109379	GSM2941257	GSM2941257_3999834068_R04C01	ok	486427	0.177074874544382	0.947136763118672	4.11161387011823e-06	5751.95932904195	1.45304698122669	8.78
GSE109379	GSM2941258	GSM2941258_3999834068_R04C02	ok	486427	0.255016682873278	0.86093025646297	4.11161387011823e-06	5318.26152687395	1.57626685600896	6.17
GSE109379	GSM2941259	GSM2941259_3999834068_R05C02	ok	486427	0.209988343574678	0.91041373284679	4.11161387011823e-06	5972.81754182006	1.5673383534419	9.78
GSE109379	GSM2941260	GSM2941260_3999834068_R06C01	ok	486427	0.178133615115937	0.946055404224701	4.11161387011823e-06	6746.40394308924	1.50206541165421	6.93
GSE109379	GSM2941261	GSM2941261_3999834068_R06C02	ok	486427	0.192250841338988	0.930996556509226	4.11161387011823e-06	6229.98669703152	1.38753414244056	7.78
GSE109379	GSM2941262	GSM2941262_3999834070_R02C02	ok	486427	0.163259851940785	0.962732178650357	4.11161387011823e-06	5641.72523842487	1.62588154069115	7.32
GSE109379	GSM2941263	GSM2941263_3999834070_R03C01	ok	486427	0.142465364792662	0.986764660533484	4.11161387011823e-06	6278.0474963674	1.46369313169376	6.97
GSE109379	GSM2941264	GSM2941264_3999834070_R03C02	ok	486427	0.157460420576983	0.969693169553374	4.11161387011823e-06	6104.26339932831	1.46830378165036	7.07
GSE109379	GSM2941265	GSM2941265_3999834070_R04C01	ok	486427	0.159123568387446	0.967294032995837	4.11161387011823e-06	6242.62709185588	1.5206536804164	6.93
GSE109379	GSM2941266	GSM2941266_3999834070_R05C01	ok	486427	0.15877202540155	0.967832656627435	4.11161387011823e-06	6570.97127428628	1.60885192803436	7.13
GSE109379	GSM2941267	GSM2941267_3999834070_R06C01	ok	486427	0.162330627206138	0.964298709975844	4.11161387011823e-06	6936.12541970988	1.42344837872547	7.01
GSE109379	GSM2941268	GSM2941268_3999834093_R05C02	ok	486427	0.17511569053527	0.9489150434291	4.11161387011823e-06	6210.62128077195	1.40249860119472	7.19
GSE109379	GSM2941269	GSM2941269_3999834094_R02C02	ok	486427	0.298353093064324	0.810753970293468	4.11161387011823e-06	4383.6136360047	1.72579066078183	9.17
GSE109379	GSM2941270	GSM2941270_3999834094_R03C01	ok	486427	0.169930945445051	0.955765020301177	4.11161387011823e-06	5981.82314449762	1.57966326590081	8.82
GSE109379	GSM2941271	GSM2941271_3999834098_R02C02	ok	486427	0.16534649597987	0.960026725600041	4.11161387011823e-06	5137.81460500752	1.52370858912889	6.74
GSE109379	GSM2941272	GSM2941272_3999834098_R04C01	ok	486427	0.151245716212299	0.976658272087167	4.11161387011823e-06	5854.67899073981	1.39836664790894	7
GSE109379	GSM2941273	GSM2941273_3999834100_R02C02	ok	486427	0.162612272756241	0.962222336434188	4.11161387011823e-06	6705.71577082139	1.42683676345625	7.28
GSE109379	GSM2941274	GSM2941274_3999834104_R02C02	ok	486427	0.173312747853224	0.951242226448065	4.11161387011823e-06	6256.56662367451	1.50968893813714	6.83
GSE109379	GSM2941275	GSM2941275_3999834104_R03C01	ok	486427	0.203245296827684	0.918141542889448	4.11161387011823e-06	5603.52405181452	1.69842993332128	6.03
GSE109379	GSM2941276	GSM2941276_3999834105_R03C02	ok	486427	0.142257728292221	0.987054530503161	4.11161387011823e-06	6966.34285594448	1.40506759378044	9.08
GSE109379	GSM2941277	GSM2941277_3999834105_R04C02	ok	486427	0.144695915317201	0.984287402991211	4.11161387011823e-06	7706.00570108695	1.45005396478716	7.01
GSE109379	GSM2941278	GSM2941278_3999834105_R05C02	ok	486427	0.160433117405078	0.966808860564321	4.11161387011823e-06	7237.05350142942	1.46818713669245	7.05
GSE109379	GSM2941279	GSM2941279_3999834105_R06C02	ok	486427	0.163021378336318	0.963163899881791	4.11161387011823e-06	7316.37241902508	1.41750405569827	10.04
GSE109379	GSM2941280	GSM2941280_3999834115_R01C01	ok	486427	0.176861070623136	0.948479210566891	4.11161387011823e-06	6171.6376261863	1.30637490266428	6.52
GSE109379	GSM2941281	GSM2941281_3999834115_R02C01	ok	486427	0.197731622627856	0.924909287146014	4.11161387011823e-06	6500.63327667369	1.34484936701632	6.91
GSE109379	GSM2941282	GSM2941282_3999834115_R03C01	ok	486427	0.152351740343361	0.975381610731356	4.11161387011823e-06	6917.12770522413	1.58773725461592	6.52
GSE109379	GSM2941283	GSM2941283_3999834118_R02C02	ok	486427	0.158385533697759	0.968459680320707	4.11161387011823e-06	7129.54182178306	1.63571749898413	6.81
GSE109379	GSM2941284	GSM2941284_3999834118_R05C02	ok	486427	0.196234995179133	0.926309297425091	4.11161387011823e-06	6518.07071999766	1.72662026079875	6.7
GSE109379	GSM2941285	GSM2941285_3999834120_R01C01	ok	486427	0.178094554784171	0.946291822994295	4.11161387011823e-06	6450.232975492	1.53546715497635	6.75
GSE109379	GSM2941286	GSM2941286_3999834120_R02C01	ok	486427	0.149929999773861	0.978640078120985	4.11161387011823e-06	6937.95733022267	1.09672517235048	6.59
GSE109379	GSM2941287	GSM2941287_3999875055_R05C01	ok	486427	0.252580551655233	0.866715320964177	4.11161387011823e-06	5235.88452036954	1.21299041652022	6.93
GSE109379	GSM2941288	GSM2941288_3999875055_R06C01	ok	486427	0.487117285841452	0.607446163334533	4.11161387011823e-06	2999.1442911059	1.22620740082257	8.07
GSE109379	GSM2941289	GSM2941289_3999875055_R06C02	ok	486427	0.198983609051307	0.922360076065169	4.11161387011823e-06	6745.12567043426	1.34001670392992	6.88
GSE109379	GSM2941290	GSM2941290_3999875056_R01C01	ok	486427	0.1429484794224	0.986633088348666	4.11161387011823e-06	7052.21614417737	1.67374442426626	6.43
GSE109379	GSM2941291	GSM2941291_3999875056_R01C02	ok	486427	0.21507646573895	0.906026622809272	4.11161387011823e-06	5212.66694889201	1.3207746265589	7.37
GSE109379	GSM2941292	GSM2941292_3999875056_R02C01	ok	486427	0.14135111743386	0.987961145089171	4.11161387011823e-06	7008.78237250824	1.68800854291581	6.42
GSE109379	GSM2941293	GSM2941293_3999875056_R02C02	ok	486427	0.183207346631663	0.940461530554556	4.11161387011823e-06	6032.24348116146	1.68814494327207	9.74
GSE109379	GSM2941294	GSM2941294_3999875056_R03C01	ok	486427	0.174692194306648	0.950724160970345	4.11161387011823e-06	6601.95934921429	1.49617591505432	7.16
GSE109379	GSM2941295	GSM2941295_3999875056_R06C01	ok	486427	0.231344066016072	0.885472580562266	4.11161387011823e-06	6216.68999252602	1.60214962113629	7.74
GSE109379	GSM2941296	GSM2941296_3999875057_R02C01	ok	486427	0.219066786999899	0.90296551369687	4.11161387011823e-06	5575.81462641035	1.33253809028386	7.31
GSE109379	GSM2941297	GSM2941297_3999875057_R03C01	ok	486427	0.149037779564046	0.978779873567354	4.11161387011823e-06	7198.79707829522	2.09459647054183	6.46
GSE109379	GSM2941298	GSM2941298_3999875071_R01C02	ok	486427	0.186305447682797	0.937309965565092	4.11161387011823e-06	5533.74791245971	1.55955179518013	6.7
GSE109379	GSM2941299	GSM2941299_3999875071_R02C02	ok	486427	0.154201966584914	0.973095544020147	4.11161387011823e-06	6242.72121178365	1.50013938888595	6.62
GSE109379	GSM2941300	GSM2941300_3999875071_R04C01	ok	486427	0.154816652858497	0.972704939096469	4.11161387011823e-06	6636.22180995763	1.50055794235482	6.86
GSE109379	GSM2941301	GSM2941301_3999875071_R04C02	ok	486427	0.162495091760943	0.964278151821966	4.11161387011823e-06	6270.32717939717	1.41638425087685	6.49
GSE109379	GSM2941302	GSM2941302_3999875071_R05C01	ok	486427	0.151311502034221	0.976767230302719	4.11161387011823e-06	7502.39613020946	1.56099209732596	6.51
GSE109379	GSM2941303	GSM2941303_3999875071_R05C02	ok	486427	0.164941502013663	0.960479004985352	4.11161387011823e-06	6963.7992711579	1.56834282069871	6.65
GSE109379	GSM2941304	GSM2941304_3999875071_R06C01	ok	486427	0.152464809724789	0.974635349745593	4.11161387011823e-06	7629.87844521443	1.87224930525848	9.93
GSE109379	GSM2941305	GSM2941305_3999875073_R01C02	ok	486427	0.150733820285469	0.977075602610886	4.11161387011823e-06	6184.50844128931	1.49144396049578	7.57
GSE109379	GSM2941306	GSM2941306_3999875073_R02C02	ok	486427	0.144327925875825	0.984832194068973	4.11161387011823e-06	6746.74857447579	1.66003804182719	6.7
GSE109379	GSM2941307	GSM2941307_3999875073_R03C01	ok	486427	0.175660479373061	0.948904764352161	4.11161387011823e-06	6966.52359734617	1.59448587760218	6.43
GSE109379	GSM2941308	GSM2941308_3999875073_R04C01	ok	486427	0.14536199676416	0.983789895667369	4.11161387011823e-06	7626.65202673059	1.44815655746018	6.71
GSE109379	GSM2941309	GSM2941309_3999875073_R05C02	ok	486427	0.141640986211703	0.987858354319782	4.11161387011823e-06	7155.89075986161	1.59018151821621	5.87
GSE109379	GSM2941310	GSM2941310_3999875073_R06C02	ok	486427	0.328162293622681	0.77879220845968	4.11161387011823e-06	5268.78791496105	1.66084395165376	9.28
GSE109379	GSM2941311	GSM2941311_3999875076_R01C01	ok	486427	0.156574367787972	0.970348974662075	4.11161387011823e-06	4945.45575518244	1.83435835016333	6.78
GSE109379	GSM2941312	GSM2941312_3999875076_R01C02	ok	486427	0.204521952934356	0.916807318702781	4.11161387011823e-06	5104.81476435524	1.51926456530016	7.45
GSE109379	GSM2941313	GSM2941313_3999875076_R02C02	ok	486427	0.162137381354242	0.964037621421596	4.11161387011823e-06	6115.96427620531	1.89656307969975	7.22
GSE109379	GSM2941314	GSM2941314_3999875076_R04C01	ok	486427	0.191058473316654	0.932262938788097	4.11161387011823e-06	4897.76958836936	1.32099328807778	6.57
GSE109379	GSM2941315	GSM2941315_3999875076_R05C01	ok	486427	0.147243060109739	0.980533484093128	4.11161387011823e-06	6453.50412590145	1.29875257758315	7.21
GSE109379	GSM2941316	GSM2941316_9007225144_R06C01	ok	486427	0.167254284815604	0.959247571568073	4.11161387011823e-06	6879.04788650995	1.80552313759781	6.95
GSE109379	GSM2941317	GSM2941317_9020331028_R04C01	ok	486427	0.152446307462374	0.976175155471039	4.11161387011823e-06	8205.40824683013	1.38956825420058	6.96
GSE109379	GSM2941318	GSM2941318_9296930017_R06C02	ok	486427	0.17647663472628	0.948699182813383	4.11161387011823e-06	7405.80909576766	1.42669788059201	7.19
GSE109379	GSM2941319	GSM2941319_9297949046_R04C01	ok	486427	0.158652788599317	0.968813280567405	4.11161387011823e-06	6747.57905085824	1.65137432629419	6.54
GSE109379	GSM2941320	GSM2941320_9297949046_R05C01	ok	486427	0.167651055554071	0.958789124736599	4.11161387011823e-06	6670.29063228954	1.71638206070751	6.82
GSE109379	GSM2941321	GSM2941321_9297949139_R05C02	ok	486427	0.153079495998372	0.974139898237138	4.11161387011823e-06	8394.204227028	1.9639877239809	10.69
GSE109379	GSM2941322	GSM2941322_9297949139_R06C02	ok	486427	0.219208637678418	0.900177828031043	4.11161387011823e-06	7014.73540860064	1.82255627420222	7.12
GSE109379	GSM2941323	GSM2941323_9305216168_R06C02	ok	486427	0.165632253143843	0.960842884308989	4.11161387011823e-06	8083.1513469683	1.34882341131284	6.83
GSE109379	GSM2941324	GSM2941324_9305651060_R04C02	ok	486427	0.147222502040388	0.980950814616847	4.11161387011823e-06	6103.0269754973	1.81769472482253	6.14
GSE109379	GSM2941325	GSM2941325_9305651060_R06C02	ok	486427	0.169001720710405	0.956463997533022	4.11161387011823e-06	5854.19397343185	1.64412634060552	8.84
GSE109379	GSM2941326	GSM2941326_9305651095_R03C02	ok	486427	0.146443351212001	0.982326155111271	4.11161387011823e-06	9077.93763518662	1.87331012925387	7.55
GSE109379	GSM2941327	GSM2941327_9305651095_R06C01	ok	486427	0.159542953002198	0.967339260934368	4.11161387011823e-06	9356.85017910495	1.7488713733635	7.62
GSE109379	GSM2941328	GSM2941328_9305651146_R01C01	ok	486427	0.143450096314555	0.985742920285758	4.11161387011823e-06	7913.84680642878	1.73012556451788	6.6
GSE109379	GSM2941329	GSM2941329_9305651146_R04C01	ok	486427	0.138764912309555	0.991127100786349	4.11161387011823e-06	8848.08008330192	1.81734205915441	7.34
GSE109379	GSM2941330	GSM2941330_9340996003_R03C02	ok	486427	0.160260429622533	0.967801819396618	4.11161387011823e-06	7062.59189570302	1.39116983759267	6.69
GSE109379	GSM2941331	GSM2941331_9340996058_R01C01	ok	486427	0.152927366285177	0.974421544945264	4.11161387011823e-06	7668.36344069553	1.75127732718923	6.74
GSE109379	GSM2941332	GSM2941332_9340996058_R02C01	ok	486427	0.224566070551182	0.895328159531274	4.11161387011823e-06	6718.68333904468	1.49760431417844	7.19
GSE109379	GSM2941333	GSM2941333_9340996058_R05C01	ok	486427	0.142759345184375	0.986448064963766	4.11161387011823e-06	8801.60697884398	1.96244116204329	10.1
GSE109379	GSM2941334	GSM2941334_9340996058_R06C01	ok	486427	0.224543456674897	0.895597471347073	4.11161387011823e-06	7504.53629382037	1.48816984603604	7.82
GSE109379	GSM2941335	GSM2941335_9370847051_R01C02	ok	486427	0.168615229006614	0.956663411625636	4.11161387011823e-06	6711.21925480126	2.15519318923966	7.05
GSE109379	GSM2941336	GSM2941336_9370847051_R02C02	ok	486427	0.224389271154767	0.894322865806651	4.11161387011823e-06	6443.4738023059	1.98527100077652	6.96
GSE109379	GSM2941337	GSM2941337_9370847051_R04C02	ok	486427	0.141114699636328	0.988746466567302	4.11161387011823e-06	7691.45207477486	1.92998101800633	6.73
GSE109379	GSM2941338	GSM2941338_9373550131_R02C01	ok	486427	0.148221624210827	0.97984684175361	4.11161387011823e-06	6602.83840755237	2.17617564290501	6.91
GSE109379	GSM2941339	GSM2941339_9373550131_R03C02	ok	486427	0.143515882136477	0.985697692347227	4.11161387011823e-06	6780.61634592684	1.74474150250324	6.9
GSE109379	GSM2941340	GSM2941340_9373550131_R04C01	ok	486427	0.206672326988428	0.914582926453204	4.11161387011823e-06	6192.52458339471	1.64464631708039	6.32
GSE109379	GSM2941341	GSM2941341_9373550131_R04C02	ok	486427	0.151064805202014	0.977106439841702	4.11161387011823e-06	6981.65481494672	1.83968488838657	6.26
GSE109379	GSM2941342	GSM2941342_9373550131_R05C01	ok	486427	0.179161518583467	0.945695636531839	4.11161387011823e-06	6631.82923101056	1.90052945632913	8.67
GSE109379	GSM2941343	GSM2941343_9373551039_R04C01	ok	486427	0.1518028398917	0.976284113686591	4.11161387011823e-06	7773.52536491314	2.01074868256346	7.18
GSE109379	GSM2941344	GSM2941344_9373551042_R04C02	ok	486427	0.158480100816772	0.96912370869096	4.11161387011823e-06	7742.38804023068	1.55857722153782	7.55
GSE109379	GSM2941345	GSM2941345_9373551042_R05C02	ok	486427	0.156923854966932	0.970760137739631	4.11161387011823e-06	7569.53473803833	1.65854246074534	7.27
GSE109379	GSM2941346	GSM2941346_9373551108_R01C01	ok	486427	0.260877788445132	0.856284113686591	4.11161387011823e-06	5202.61284704651	1.35269932184376	7.57
GSE109379	GSM2941347	GSM2941347_9373551108_R03C01	ok	486427	0.154859824804133	0.97302770211235	4.11161387011823e-06	7775.37505765685	1.82631635964464	7.27
GSE109379	GSM2941348	GSM2941348_9374342010_R02C01	ok	486427	0.163872482407432	0.961975638587655	4.11161387011823e-06	6709.41618228951	2.07923159422587	6.97
GSE109379	GSM2941349	GSM2941349_9374342010_R04C01	ok	486427	0.226477971000787	0.894949889499923	4.11161387011823e-06	5106.48215654618	1.32763076042414	9.63
GSE109379	GSM2941350	GSM2941350_9374342010_R05C01	ok	486427	0.165566467321921	0.960834661047438	4.11161387011823e-06	7446.20452884646	1.63443635231684	7.91
GSE109379	GSM2941351	GSM2941351_9374342010_R06C02	ok	486427	0.146687992237273	0.981894433879838	4.11161387011823e-06	7296.25259714887	1.64662112767488	7.55
GSE109379	GSM2941352	GSM2941352_9376561022_R03C02	ok	486427	0.148708850454436	0.979931130184509	4.11161387011823e-06	6090.44178638931	1.65005046709861	6.66
GSE109379	GSM2941353	GSM2941353_9376561022_R05C02	ok	486427	0.158778192822356	0.967384488872899	4.11161387011823e-06	6324.54382490648	1.63102517981323	6.62
GSE109379	GSM2941354	GSM2941354_9376561022_R06C02	ok	486427	0.183207346631663	0.939554915968546	4.11161387011823e-06	5852.95839569757	1.69249883889427	6.65
GSE109379	GSM2941355	GSM2941355_9376561024_R04C01	ok	486427	0.160959403980453	0.96665261859485	4.11161387011823e-06	6531.36146842195	1.6112673197068	7.09
GSE109379	GSM2941356	GSM2941356_9376561024_R05C01	ok	486427	0.216914357138892	0.903921467852187	4.11161387011823e-06	5237.75264863477	1.62855475993347	6.61
GSE109379	GSM2941357	GSM2941357_9376561042_R06C02	ok	486427	0.251898023752793	0.862332322557434	4.11161387011823e-06	7417.96736498717	1.56202627575791	6.46
GSE109379	GSM2941358	GSM2941358_9376561062_R01C01	ok	486427	0.18833041751383	0.933864418975176	4.11161387011823e-06	6777.24273659125	2.24281225180476	6.64
GSE109379	GSM2941359	GSM2941359_9376561062_R02C02	ok	486427	0.138503824828803	0.990730328416508	4.11161387011823e-06	8448.371512388	2.27693654044293	9.26
GSE109379	GSM2941360	GSM2941360_9376561062_R03C01	ok	486427	0.166880127953424	0.957812612427404	4.11161387011823e-06	8073.99368383763	2.44739940182921	7.03
GSE109379	GSM2941361	GSM2941361_9376561062_R06C01	ok	486427	0.171600260676319	0.952712134450326	4.11161387011823e-06	7911.85148963546	1.73154722035885	6.98
GSE109379	GSM2941362	GSM2941362_9379082039_R01C02	ok	486427	0.176544476355137	0.948524438505422	4.11161387011823e-06	5664.60566215972	1.64839594152318	7.37
GSE109379	GSM2941363	GSM2941363_9379082039_R04C01	ok	486427	0.170851946951958	0.955267512977335	4.11161387011823e-06	6860.74833501315	1.5564911190316	7.46
GSE109379	GSM2941364	GSM2941364_9379082092_R01C02	ok	486427	0.151062749395079	0.97714550033407	4.11161387011823e-06	6542.3851592751	1.70538293767872	6.98
GSE109379	GSM2941365	GSM2941365_9379082092_R04C01	ok	486427	0.167295400954306	0.958544482705453	4.11161387011823e-06	8185.15196064411	1.97172122001903	7.01
GSE109379	GSM2941366	GSM2941366_9379082092_R04C02	ok	486427	0.166460743338672	0.959710130030323	4.11161387011823e-06	7715.018711604	1.72987153689219	9.59
GSE109379	GSM2941367	GSM2941367_9379082092_R05C02	ok	486427	0.148168173230516	0.980188107107982	4.11161387011823e-06	8096.00138626001	1.79493902986956	7.28
GSE109379	GSM2941368	GSM2941368_9379086132_R02C01	ok	486427	0.211799509484465	0.907800791488924	4.11161387011823e-06	6761.8855724129	1.55676736958588	7.52
GSE109379	GSM2941369	GSM2941369_9379086132_R04C01	ok	486427	0.174747701093895	0.951223724109575	4.11161387011823e-06	6962.07152558355	1.35673032938006	6.84
GSE109379	GSM2941370	GSM2941370_9379086132_R05C01	ok	486427	0.27004463156856	0.843696356067225	4.11161387011823e-06	6599.81369425797	1.51391906845742	6.9
GSE109379	GSM2941371	GSM2941371_9406921039_R03C01	ok	486427	0.140037456802357	0.989056894690857	4.11161387011823e-06	7610.67082492151	1.79670541233901	6.66
GSE109379	GSM2941372	GSM2941372_9406921039_R05C02	ok	486427	0.148595781073008	0.979614534614792	4.11161387011823e-06	7767.76866900272	1.70355374140539	6.59
GSE109379	GSM2941373	GSM2941373_9406921039_R06C02	ok	486427	0.195028236508253	0.925793287762759	4.11161387011823e-06	7586.12520792662	1.87810819668632	6.73
GSE109379	GSM2941374	GSM2941374_9406921070_R01C01	ok	486427	0.166372343640464	0.958433468674513	4.11161387011823e-06	8124.35998529822	1.8768517420687	6.45
GSE109379	GSM2941375	GSM2941375_9406921070_R02C02	ok	486427	0.153741465831461	0.974345479775916	4.11161387011823e-06	7924.36552375785	1.46099127084691	6.34
GSE109379	GSM2941376	GSM2941376_9406921070_R04C01	ok	486427	0.18466080213475	0.938878552705967	4.11161387011823e-06	8289.78122377169	1.96570870571996	9.46
GSE109379	GSM2941377	GSM2941377_9406921070_R05C01	ok	486427	0.166333283308698	0.959527162460811	4.11161387011823e-06	9016.55712193967	1.85053829914633	7.13
GSE109379	GSM2941378	GSM2941378_9406921148_R01C01	ok	486427	0.174258419043351	0.950109472169399	4.11161387011823e-06	6994.43030246787	1.82295217803009	7.25
GSE109379	GSM2941379	GSM2941379_9406921148_R02C01	ok	486427	0.153770247128552	0.973648558359459	4.11161387011823e-06	7426.230561365	1.68068012809678	7.47
GSE109379	GSM2941380	GSM2941380_9406921148_R04C01	ok	486427	0.18551807362667	0.936981035103048	4.11161387011823e-06	7008.39242603881	1.65558481131522	7.52
GSE109379	GSM2941381	GSM2941381_9406921148_R05C01	ok	486427	0.176873405464746	0.948339415120522	4.11161387011823e-06	7427.83455618404	1.48974433901811	6.87
GSE109379	GSM2941382	GSM2941382_9406921148_R06C02	ok	486427	0.162213446210839	0.963180346404893	4.11161387011823e-06	8253.72939131132	1.72201816502036	7
GSE109379	GSM2941383	GSM2941383_9406921149_R01C01	ok	486427	0.147399301436803	0.980942591355296	4.11161387011823e-06	7847.41754684952	1.77015379505872	9.24
GSE109379	GSM2941384	GSM2941384_9406921149_R03C01	ok	486427	0.207788630154165	0.913970293467647	4.11161387011823e-06	6535.03054812271	1.5139256539097	7.76
GSE109379	GSM2941385	GSM2941385_9406922161_R01C01	ok	486427	0.203481714625216	0.91792773808912	4.11161387011823e-06	7746.74260295656	1.58340960297394	7.43
GSE109379	GSM2941386	GSM2941386_9406922161_R01C02	ok	486427	0.167823743336616	0.957563858765483	4.11161387011823e-06	7704.68727526796	1.72664940064023	6.35
GSE109379	GSM2941387	GSM2941387_9406922161_R03C01	ok	486427	0.159707417557002	0.966919874595261	4.11161387011823e-06	9819.57815145644	1.74459478610538	6.66
GSE109379	GSM2941388	GSM2941388_9407201028_R04C02	ok	486427	0.139784592549344	0.990619314385568	4.11161387011823e-06	7646.29121178752	1.6282366502476	6.36
GSE109379	GSM2941389	GSM2941389_9407201029_R01C01	ok	486427	0.218653569805952	0.902348769080537	4.11161387011823e-06	6168.4795836947	1.41590681397815	6.91
GSE109379	GSM2941390	GSM2941390_9407201029_R02C02	ok	486427	0.147475366293401	0.981524387110038	4.11161387011823e-06	7320.09821510921	1.73888716350795	6.68
GSE109379	GSM2941391	GSM2941391_9407201030_R02C01	ok	486427	0.145793716220522	0.983275941820425	4.11161387011823e-06	7496.47816227324	1.56359888244634	6.31
GSE109379	GSM2941392	GSM2941392_9407201030_R04C01	ok	486427	0.157951758434462	0.969304620445084	4.11161387011823e-06	7498.17790252745	1.65509891442048	6.67
GSE109379	GSM2941393	GSM2941393_9407201030_R05C01	ok	486427	0.156987584981919	0.971354268386699	4.11161387011823e-06	7562.24034314041	1.51972522953468	8.95
GSE109379	GSM2941394	GSM2941394_9407201030_R06C01	ok	486427	0.187534820229963	0.935599527162461	4.11161387011823e-06	7404.14754883367	1.61346768213865	7.41
GSE109379	GSM2941395	GSM2941395_9407210090_R06C02	ok	486427	0.153073328577567	0.975449452639153	4.11161387011823e-06	7788.49476340166	1.40867872585045	7.38
GSE109379	GSM2941396	GSM2941396_9420867051_R01C01	ok	486427	0.296064979945603	0.817055044457008	4.11161387011823e-06	4433.91052472946	1.29668304875967	6.8
GSE109379	GSM2941397	GSM2941397_9420867051_R03C01	ok	486427	0.169916554796506	0.956753867502698	4.11161387011823e-06	6832.32341773466	1.42490119872087	7.39
GSE109379	GSM2941398	GSM2941398_9420867051_R04C01	ok	486427	0.173793806676027	0.951908310633705	4.11161387011823e-06	7432.15202951712	1.47283548283754	7.1
GSE109379	GSM2941399	GSM2941399_9420867051_R05C01	ok	486427	0.163033713177928	0.962808243819705	4.11161387011823e-06	7859.25920471553	2.05246772167872	7.15
GSE109379	GSM2941400	GSM2941400_9420867051_R06C01	ok	486427	0.153433094791202	0.974407154237549	4.11161387011823e-06	8328.96109822956	1.61975739519122	10.53
GSE109379	GSM2941401	GSM2941401_9420867121_R02C02	ok	486427	0.148612227528488	0.979754330061161	4.11161387011823e-06	6996.65236604171	1.97234637784228	7.11
GSE109379	GSM2941402	GSM2941402_9420867121_R03C02	ok	486427	0.182103378307536	0.94265097394254	4.11161387011823e-06	7003.31111816514	1.73789700358941	7.36
GSE109379	GSM2941403	GSM2941403_9420867121_R05C02	ok	486427	0.148891817271656	0.980128488461736	4.11161387011823e-06	7103.97959635847	1.35800440290111	6.74
GSE109379	GSM2941404	GSM2941404_9420867121_R06C02	ok	486427	0.159993174720976	0.96741121447294	4.11161387011823e-06	7376.52517193913	1.57611551220673	6.56
GSE109379	GSM2941405	GSM2941405_9420867122_R01C02	ok	486427	0.227359912175928	0.892365729557486	4.11161387011823e-06	4993.95709717784	1.38929152644039	7.01
GSE109379	GSM2941406	GSM2941406_9422491056_R02C01	ok	486427	0.192641444656649	0.929543095030066	4.11161387011823e-06	7714.23916314495	1.73216412419628	7.46
GSE109379	GSM2941407	GSM2941407_9422493146_R04C01	ok	486427	0.214523453673419	0.906409004471398	4.11161387011823e-06	6523.01405128078	1.29595687897095	7.14
GSE109379	GSM2941408	GSM2941408_9422493151_R05C02	ok	486427	0.18238913547151	0.942903839235237	4.11161387011823e-06	7223.87406030276	1.46697805999678	6.48
GSE109379	GSM2941409	GSM2941409_9422493151_R06C01	ok	486427	0.182354186753614	0.942102071234003	4.11161387011823e-06	7335.30506643691	1.38417455538261	6.38
GSE109379	GSM2941410	GSM2941410_9426021175_R01C02	ok	486427	0.167021978631943	0.959356529783625	4.11161387011823e-06	6568.1046045256	1.51937429453704	8.52
GSE109379	GSM2941411	GSM2941411_9426021175_R03C02	ok	486427	0.154333538228758	0.973210669681863	4.11161387011823e-06	7387.19573080466	1.64196135948445	6.66
GSE109379	GSM2941412	GSM2941412_9426021175_R05C01	ok	486427	0.20047201327229	0.921430847509894	4.11161387011823e-06	6513.16649854618	1.35069258109529	6.78
GSE109379	GSM2941413	GSM2941413_9444374133_R03C02	ok	486427	0.14361456086936	0.985522948039266	4.11161387011823e-06	6974.35113486016	1.7435936309445	7.24
GSE109379	GSM2941414	GSM2941414_9444374133_R04C01	ok	486427	0.183470489919351	0.939493241506913	4.11161387011823e-06	6783.37116450954	2.25711350481879	7.11
GSE109379	GSM2941415	GSM2941415_9444374134_R01C02	ok	486427	0.19405995144184	0.927925168319885	4.11161387011823e-06	6562.90497406514	1.94856878808412	6.85
GSE109379	GSM2941416	GSM2941416_9444374134_R06C01	ok	486427	0.151144981672481	0.978142570797142	4.11161387011823e-06	7079.00874505648	1.76419823724956	6.57
GSE109379	GSM2941417	GSM2941417_9444374168_R04C02	ok	486427	0.142136435683052	0.987519144780799	4.11161387011823e-06	7021.68645489167	1.13651093372647	8.91
GSE109379	GSM2941418	GSM2941418_9444375028_R01C02	ok	486427	0.17317706459551	0.95216323174179	4.11161387011823e-06	5402.59353602582	1.59694824871288	7.24
GSE109379	GSM2941419	GSM2941419_9444375028_R03C02	ok	486427	0.159251028417419	0.967933391581436	4.11161387011823e-06	6620.77823448161	1.38272952539838	7.44
GSE109379	GSM2941420	GSM2941420_9444375028_R04C01	ok	486427	0.154863936418003	0.972672046050265	4.11161387011823e-06	6897.70566971556	1.71826679569844	6.28
GSE109379	GSM2941421	GSM2941421_9444375028_R06C01	ok	486427	0.284887557639687	0.827118260780182	4.11161387011823e-06	5705.77345815973	1.5453737775481	6.55
GSE109379	GSM2941422	GSM2941422_9444375033_R04C02	ok	486427	0.152514149091231	0.975299378115845	4.11161387011823e-06	6938.67723723674	1.84755911945342	6.19
GSE109379	GSM2941423	GSM2941423_9444375033_R06C02	ok	486427	0.242846305817728	0.874669270699491	4.11161387011823e-06	5772.19181134536	1.43815277667668	6.63
GSE109379	GSM2941424	GSM2941424_9444375037_R01C01	ok	486427	0.153967604594317	0.973537544328519	4.11161387011823e-06	5301.62990920487	1.83671150038802	6.47
GSE109379	GSM2941425	GSM2941425_9444375037_R05C02	ok	486427	0.174381767459454	0.950502132908465	4.11161387011823e-06	6604.93024522627	1.65111526027766	9.06
GSE109379	GSM2941426	GSM2941426_9444375037_R06C02	ok	486427	0.189576236516476	0.932776892635041	4.11161387011823e-06	6792.18943936395	1.87530665590007	7.32
GSE109379	GSM2941427	GSM2941427_9444375113_R01C01	ok	486427	0.210767494403066	0.908762913090404	4.11161387011823e-06	5444.99989474	2.09412689447396	9.97
GSE109379	GSM2941428	GSM2941428_9444375113_R02C01	ok	486427	0.283364204700808	0.829480392660739	4.11161387011823e-06	4776.3337278756	1.61879505226459	8.29
GSE109379	GSM2941429	GSM2941429_9444375114_R04C02	ok	486427	0.149237192836746	0.978777817751966	4.11161387011823e-06	7227.84283439178	1.84835702991809	6.73
GSE109379	GSM2941430	GSM2941430_9444375114_R05C02	ok	486427	0.15563897563252	0.971574240633191	4.11161387011823e-06	7160.96692968435	1.85687794718068	8.06
GSE109379	GSM2941431	GSM2941431_9444375150_R01C01	ok	486427	0.173057827793276	0.95205221771085	4.11161387011823e-06	5413.33035472691	1.64715805597217	6.56
GSE109379	GSM2941432	GSM2941432_9444375150_R02C01	ok	486427	0.201113425036028	0.922082540987819	4.11161387011823e-06	4916.60969764299	1.36041573511919	6.45
GSE109379	GSM2941433	GSM2941433_9444375150_R04C01	ok	486427	0.167056927349839	0.959446985660688	4.11161387011823e-06	5824.551902519	1.43521887165835	6.67
GSE109379	GSM2941434	GSM2941434_9444375150_R06C01	ok	486427	0.296069091559473	0.813292902297374	4.11161387011823e-06	5406.60377666586	1.6526888386268	6.77
GSE109379	GSM2941435	GSM2941435_9513149129_R01C01	ok	486427	0.148532051058021	0.978771650305802	4.11161387011823e-06	5487.8074096675	1.76367696093896	6.52
GSE109379	GSM2941436	GSM2941436_9513149129_R01C02	ok	486427	0.175853725224957	0.948849257336691	4.11161387011823e-06	4971.58398292765	1.48428775639201	6.95
GSE109379	GSM2941437	GSM2941437_9513149129_R02C01	ok	486427	0.237262734182107	0.877615254150177	4.11161387011823e-06	5076.90595734083	1.7149590607872	6.75
GSE109379	GSM2941438	GSM2941438_9513149129_R03C01	ok	486427	0.257177335962025	0.859371948399034	4.11161387011823e-06	4500.23584966575	1.35566464038841	8.03
GSE109379	GSM2941439	GSM2941439_9513149129_R03C02	ok	486427	0.19232485038865	0.93001182093848	4.11161387011823e-06	4944.40119007762	1.54133485251336	6.65
GSE109379	GSM2941440	GSM2941440_9513149129_R04C01	ok	486427	0.156619595540544	0.970266742046564	4.11161387011823e-06	5753.2027288154	1.49243365832065	6.15
GSE109379	GSM2941441	GSM2941441_9513149129_R04C02	ok	486427	0.150061571417705	0.97660893251786	4.11161387011823e-06	5654.63314977481	1.84868618109705	6.05
GSE109379	GSM2941442	GSM2941442_9513149129_R06C01	ok	486427	0.14206242663339	0.987112093334019	4.11161387011823e-06	6641.01495629769	1.46826740578762	8.48
GSE109379	GSM2941443	GSM2941443_9533774014_R04C02	ok	486427	0.245584640655227	0.872087166572442	4.11161387011823e-06	6018.33172117272	1.30319704430719	7.56
GSE109379	GSM2941444	GSM2941444_9533774014_R05C02	ok	486427	0.151356729786792	0.976824793133577	4.11161387011823e-06	7586.17221980156	1.50611027376269	7.78
GSE109379	GSM2941445	GSM2941445_9533774014_R06C02	ok	486427	0.145314713204654	0.983148481266382	4.11161387011823e-06	8399.61862462532	1.6215111631358	9.2
GSE109379	GSM2941446	GSM2941446_9533774018_R02C02	ok	486427	0.194621186735111	0.927968340443028	4.11161387011823e-06	5704.07710998972	1.40883427399501	7.66
GSE109379	GSM2941447	GSM2941447_9533774021_R01C02	ok	486427	0.168103333079784	0.958055198643162	4.11161387011823e-06	5971.46013444067	1.40559495523891	7.68
GSE109379	GSM2941448	GSM2941448_9533774021_R02C02	ok	486427	0.161991419061853	0.963443490774528	4.11161387011823e-06	6577.33148731574	1.93951019398207	6.41
GSE109379	GSM2941449	GSM2941449_9533774021_R03C02	ok	486427	0.156882738828231	0.969532815953127	4.11161387011823e-06	6280.34433486469	1.3378657666514	6.47
GSE109379	GSM2941450	GSM2941450_9533774023_R02C02	ok	486427	0.164785260686598	0.961455517294547	4.11161387011823e-06	6861.58430593414	1.59429587195039	6.7
GSE109379	GSM2941451	GSM2941451_9533774023_R05C01	ok	486427	0.217333741753644	0.902953178804543	4.11161387011823e-06	6292.70323484844	1.47452058671552	6.73
GSE109379	GSM2941452	GSM2941452_9533774023_R06C01	ok	486427	0.175360331560542	0.949827825461274	4.11161387011823e-06	6670.01942887168	1.45812358091634	6.92
GSE109379	GSM2941453	GSM2941453_9533774024_R05C01	ok	486427	0.14763777504127	0.980177828031043	4.11161387011823e-06	8726.01058177525	1.65762927026389	6.49
GSE109379	GSM2941454	GSM2941454_9533774024_R06C01	ok	486427	0.168208179233472	0.956667523256412	4.11161387011823e-06	8757.62324483056	1.64780507258521	6.88
GSE109379	GSM2941455	GSM2941455_9533774033_R02C02	ok	486427	0.154160850446213	0.973266176697333	4.11161387011823e-06	7121.90696710331	1.66952014849901	6.97
GSE109379	GSM2941456	GSM2941456_9533774033_R03C02	ok	486427	0.178433762928456	0.946110911240171	4.11161387011823e-06	7437.60585291028	1.48420834048094	6.72
GSE109379	GSM2941457	GSM2941457_9533774033_R04C02	ok	486427	0.150698871567573	0.976859741995169	4.11161387011823e-06	8237.27821379184	1.65428475683249	6.73
GSE109379	GSM2941458	GSM2941458_9533774033_R06C01	ok	486427	0.159343539729497	0.968013568381559	4.11161387011823e-06	8668.53105578757	1.43464818583654	6.94
GSE109379	GSM2941459	GSM2941459_9533774033_R06C02	ok	486427	0.142313235079467	0.9870648095801	4.11161387011823e-06	9600.08810413088	1.30298917984306	9.57
GSE109379	GSM2941460	GSM2941460_9533774041_R01C01	ok	486427	0.156936189808543	0.970544277123914	4.11161387011823e-06	7347.88489340926	1.5322677725945	7.07
GSE109379	GSM2941461	GSM2941461_9533774041_R02C01	ok	486427	0.177808797620198	0.94621370200956	4.11161387011823e-06	7139.62006740548	1.57528122765869	7.1
GSE109379	GSM2941462	GSM2941462_9533774088_R02C02	ok	486427	0.191862293828262	0.930301690908156	4.11161387011823e-06	6379.2658152853	1.39205186495045	7.12
GSE109379	GSM2941463	GSM2941463_9533774088_R03C02	ok	486427	0.175703651318697	0.948921210875263	4.11161387011823e-06	7022.70033384439	1.64982263860877	9.7
GSE109379	GSM2941464	GSM2941464_9533774088_R04C02	ok	486427	0.19891576742245	0.922094875880146	4.11161387011823e-06	7333.73644610189	1.65515990471306	8.15
GSE109379	GSM2941465	GSM2941465_9533774088_R05C02	ok	486427	0.175524796115347	0.948789638690446	4.11161387011823e-06	7665.67840014073	1.6441125443821	7.02
GSE109379	GSM2941466	GSM2941466_9533774097_R03C02	ok	486427	0.149335871569629	0.978853882921314	4.11161387011823e-06	6873.82089514008	1.58061750075547	6.61
GSE109379	GSM2941467	GSM2941467_9533774097_R04C01	ok	486427	0.163932100808549	0.962522485480804	4.11161387011823e-06	6696.22318564349	1.49992183242695	6.64
GSE109379	GSM2941468	GSM2941468_9533774097_R05C01	ok	486427	0.186650823247887	0.93657192784088	4.11161387011823e-06	7299.12821443664	1.59149503854808	6.66
GSE109379	GSM2941469	GSM2941469_9534104007_R01C02	ok	486427	0.1987369122191	0.924095184252454	4.11161387011823e-06	4897.43906240763	1.35803320839232	6.67
GSE109379	GSM2941470	GSM2941470_9534104007_R02C01	ok	486427	0.185752435617266	0.936863853625944	4.11161387011823e-06	5251.76681439312	1.77256382907023	6.73
GSE109379	GSM2941471	GSM2941471_9534104007_R03C01	ok	486427	0.190840557781538	0.933288790666598	4.11161387011823e-06	4736.39858759476	1.44693097019271	6.99
GSE109379	GSM2941472	GSM2941472_9534104007_R05C02	ok	486427	0.18500206608597	0.938465333813024	4.11161387011823e-06	5117.23192947414	1.47896933545522	7.21
GSE109379	GSM2941473	GSM2941473_9534104007_R06C01	ok	486427	0.19371457587675	0.928747494474996	4.11161387011823e-06	5905.48351239044	1.56096934983882	6.51
GSE109379	GSM2941474	GSM2941474_9534104007_R06C02	ok	486427	0.202371578880284	0.919627897414812	4.11161387011823e-06	4941.14119576406	1.40779532468732	6.66
GSE109379	GSM2941475	GSM2941475_9534104008_R01C02	ok	486427	0.173366198833535	0.950911240170633	4.11161387011823e-06	5534.3371617171	1.88138529732738	6.1
GSE109379	GSM2941476	GSM2941476_9534104008_R02C01	ok	486427	0.159357930378042	0.967082284010896	4.11161387011823e-06	5947.66317336239	1.88491644680035	9.18
GSE109379	GSM2941477	GSM2941477_9534104008_R03C01	ok	486427	0.153215179256086	0.974218019221874	4.11161387011823e-06	6101.48378683067	1.84338603054204	7.06
GSE109379	GSM2941478	GSM2941478_9534104008_R03C02	ok	486427	0.164275420566704	0.961792671018143	4.11161387011823e-06	6445.35813593996	1.64745447013734	8.16
GSE109379	GSM2941479	GSM2941479_9534104008_R04C01	ok	486427	0.184253752361608	0.939680320707201	4.11161387011823e-06	6077.1963598247	1.6038697099137	9.39
GSE109379	GSM2941480	GSM2941480_9534104008_R05C01	ok	486427	0.157867470350124	0.969462918229943	4.11161387011823e-06	6602.90086081528	1.55935258480737	7.79
GSE109379	GSM2941481	GSM2941481_9534104008_R06C01	ok	486427	0.180948014810033	0.941976666495349	4.11161387011823e-06	6556.47163259469	1.89362911825407	8.06
GSE109379	GSM2941482	GSM2941482_9534104010_R04C01	ok	486427	0.152329126467075	0.975486457316133	4.11161387011823e-06	6265.68236557653	1.55768116315382	6.88
GSE109379	GSM2941483	GSM2941483_9534104010_R04C02	ok	486427	0.151036023904923	0.976991314179987	4.11161387011823e-06	6134.48402194049	1.70833976504557	6.49
GSE109379	GSM2941484	GSM2941484_9534104010_R05C01	ok	486427	0.156259829326908	0.970628565554813	4.11161387011823e-06	6764.90685750098	1.62130260405324	6.43
GSE109379	GSM2941485	GSM2941485_9534104010_R05C02	ok	486427	0.174176186765948	0.950306830446626	4.11161387011823e-06	6021.14633100735	1.68521324647948	6.46
GSE109379	GSM2941486	GSM2941486_9553932002_R02C02	ok	486427	0.272102494310554	0.842853471758236	4.11161387011823e-06	5255.97207674851	1.34067421928902	6.69
GSE109379	GSM2941487	GSM2941487_9553932002_R06C02	ok	486427	0.201070253090392	0.92040705144678	4.11161387011823e-06	7657.90205898493	1.39977936401425	6.63
GSE109379	GSM2941488	GSM2941488_9553932008_R01C01	ok	486427	0.174472222964597	0.949799044045845	4.11161387011823e-06	6527.16495554607	1.77947878714811	6.55
GSE109379	GSM2941489	GSM2941489_9553932008_R02C01	ok	486427	0.232427476270848	0.885891966901372	4.11161387011823e-06	6039.70113477514	1.58110762664524	7.11
GSE109379	GSM2941490	GSM2941490_9553932008_R03C02	ok	486427	0.166473078180282	0.959395590275993	4.11161387011823e-06	6964.45802295277	1.52275706111323	7.11
GSE109379	GSM2941491	GSM2941491_9553932008_R04C01	ok	486427	0.168014933381576	0.957584416919361	4.11161387011823e-06	7428.49286249201	1.85353493859038	6.65
GSE109379	GSM2941492	GSM2941492_9553932010_R06C02	ok	486427	0.151336171717442	0.97668294187182	4.11161387011823e-06	8286.41029317578	1.49200260737221	6.55
GSE109379	GSM2941493	GSM2941493_9553932029_R02C01	ok	486427	0.262349746210634	0.850834147093591	4.11161387011823e-06	6710.25601657588	1.61512932201718	8.56
GSE109379	GSM2941494	GSM2941494_9553932030_R01C02	ok	486427	0.181188544221435	0.942893560158298	4.11161387011823e-06	6422.13716026694	1.6705253489611	7.03
GSE109379	GSM2941495	GSM2941495_9553932030_R03C02	ok	486427	0.23283041443012	0.884705761422624	4.11161387011823e-06	6441.2151780247	1.68024572308748	7.46
GSE109379	GSM2941496	GSM2941496_9553932030_R06C01	ok	486427	0.160056904735962	0.966755409364239	4.11161387011823e-06	6987.18709900806	1.87195765744507	9.24
GSE109379	GSM2941497	GSM2941497_9553932054_R01C02	ok	486427	0.156718274273426	0.970486714293056	4.11161387011823e-06	6333.66259991893	1.75845343828443	7.28
GSE109379	GSM2941498	GSM2941498_9553932054_R02C02	ok	486427	0.182598827778886	0.941931438556818	4.11161387011823e-06	6182.53435935364	1.51493901451985	7.32
GSE109379	GSM2941499	GSM2941499_9553932054_R03C02	ok	486427	0.16291242056876	0.964348049545151	4.11161387011823e-06	6912.45579783152	1.60089450832454	6.23
GSE109379	GSM2941500	GSM2941500_9553932054_R04C01	ok	486427	0.232195170087187	0.885452022408388	4.11161387011823e-06	6439.3958538464	1.889137227508	6.56
GSE109379	GSM2941501	GSM2941501_9553932054_R04C02	ok	486427	0.169443719201442	0.955479261962276	4.11161387011823e-06	7002.31825851115	1.90871742381173	6.53
GSE109379	GSM2941502	GSM2941502_9553932054_R05C01	ok	486427	0.152185219981621	0.975260317623477	4.11161387011823e-06	7039.45189355529	1.94358838897156	6.42
GSE109379	GSM2941503	GSM2941503_9553932054_R05C02	ok	486427	0.201915189740701	0.918846687567456	4.11161387011823e-06	6025.02791439513	2.00924195251098	6.71
GSE109379	GSM2941504	GSM2941504_9553932054_R06C01	ok	486427	0.171121257660451	0.953487176851519	4.11161387011823e-06	6655.4749120523	1.98465387258174	6.48
GSE109379	GSM2941505	GSM2941505_9611519030_R05C01	ok	486427	0.202118714627272	0.919607339260934	4.11161387011823e-06	6061.22442970852	1.58910619585549	6.42
GSE109379	GSM2941506	GSM2941506_9611519051_R01C01	ok	486427	0.214352821697809	0.904439533329907	4.11161387011823e-06	5886.94207214586	1.20571246810259	6.69
GSE109379	GSM2941507	GSM2941507_9611519051_R02C01	ok	486427	0.197382135448896	0.925630878347124	4.11161387011823e-06	6356.25152314452	1.39825362325532	7.38
GSE109379	GSM2941508	GSM2941508_9611519051_R05C01	ok	486427	0.175066351168829	0.948797861951997	4.11161387011823e-06	6730.90655591708	1.90560595907166	6.54
GSE109379	GSM2941509	GSM2941509_9611519051_R06C01	ok	486427	0.186402070608745	0.936409518425245	4.11161387011823e-06	6713.73319934023	1.77366499681089	6.31
GSE109379	GSM2941510	GSM2941510_9647455131_R05C02	ok	486427	0.143828364790606	0.98507478028473	4.11161387011823e-06	7535.98194181912	1.64395431716163	9.32
GSE109379	GSM2941511	GSM2941511_9647455131_R06C02	ok	486427	0.173273687521457	0.952315362080485	4.11161387011823e-06	6732.96728008641	1.52242460877728	7.17
GSE109379	GSM2941512	GSM2941512_9647455233_R01C01	ok	486427	0.149740865535836	0.977708793750321	4.11161387011823e-06	6959.28535136337	2.04061108247803	7.57
GSE109379	GSM2941513	GSM2941513_9647455233_R01C02	ok	486427	0.162731509558474	0.962582104127049	4.11161387011823e-06	6520.29630909045	1.89590172163259	9.29
GSE109379	GSM2941514	GSM2941514_9647455233_R03C01	ok	486427	0.140166972639266	0.989178187798736	4.11161387011823e-06	7194.56042140337	1.99436659535393	7.49
GSE109379	GSM2941515	GSM2941515_9647455233_R04C01	ok	486427	0.144630129495279	0.985718250501105	4.11161387011823e-06	6562.78013312217	1.86422029884683	7.88
GSE109379	GSM2941516	GSM2941516_9647455233_R04C02	ok	486427	0.145429838393017	0.983378732589813	4.11161387011823e-06	7031.6047120368	1.85224691616147	6.08
GSE109379	GSM2941517	GSM2941517_9647455233_R05C02	ok	486427	0.289321933198609	0.824511486868479	4.11161387011823e-06	5373.24511876487	1.41187196358061	6.41
GSE109379	GSM2941518	GSM2941518_9647455233_R06C02	ok	486427	0.145651865542003	0.983109420774015	4.11161387011823e-06	7625.98302574352	1.43183972443636	6.5
GSE109379	GSM2941519	GSM2941519_9721366135_R01C01	ok	486427	0.152288010328374	0.975241815284987	4.11161387011823e-06	6950.66739727555	1.80091662741822	6.64
GSE109379	GSM2941520	GSM2941520_9721366135_R02C01	ok	486427	0.144646575950759	0.984036593513902	4.11161387011823e-06	7583.1258419957	1.8408321092446	6.67
GSE109379	GSM2941521	GSM2941521_9721366138_R03C02	ok	486427	0.425638379448509	0.673452227989927	4.11161387011823e-06	4130.55908738417	1.2530339412596	6.66
GSE109379	GSM2941522	GSM2941522_9721366138_R05C02	ok	486427	0.137817185312493	0.992315362080485	4.11161387011823e-06	9182.24309974044	1.41424259288919	6.5
GSE109379	GSM2941523	GSM2941523_9721366138_R06C02	ok	486427	0.153124723750943	0.974437991468366	4.11161387011823e-06	8901.07367610511	1.61775680960099	6.8
GSE109379	GSM2941524	GSM2941524_9721366149_R01C01	ok	486427	0.150534407012769	0.977939045073752	4.11161387011823e-06	6161.7220719155	1.72293320540636	6.56
GSE109379	GSM2941525	GSM2941525_9721366149_R01C02	ok	486427	0.144169628741826	0.984739682376523	4.11161387011823e-06	6060.1581438605	2.13570302381146	9.24
GSE109379	GSM2941526	GSM2941526_9721366149_R02C01	ok	486427	0.167969705629005	0.958079868427815	4.11161387011823e-06	6903.04409503123	1.60602596557145	10.83
GSE109379	GSM2941527	GSM2941527_9721366149_R03C02	ok	486427	0.138828642324542	0.991131212417125	4.11161387011823e-06	7433.91049501127	1.59740479107127	8.52
GSE109379	GSM2941528	GSM2941528_9721366149_R04C01	ok	486427	0.153609894187617	0.973463534974559	4.11161387011823e-06	8243.51909680108	2.13973250239824	7.42
GSE109379	GSM2941529	GSM2941529_9721366149_R04C02	ok	486427	0.140413669471473	0.98897055044457	4.11161387011823e-06	8384.44507406474	1.80727141387839	6.92
GSE109379	GSM2941530	GSM2941530_9721366149_R05C02	ok	486427	0.1537085729205	0.974349591406692	4.11161387011823e-06	8815.72329203448	1.40978690735194	7.3
GSE109379	GSM2941531	GSM2941531_9721366149_R06C01	ok	486427	0.165944735797972	0.960209693169553	4.11161387011823e-06	7884.12170966488	1.50221503270752	7.2
GSE109379	GSM2941532	GSM2941532_9721366150_R02C01	ok	486427	0.144212800687462	0.984764352161176	4.11161387011823e-06	7655.55175601663	1.96651793308996	6.87
GSE109379	GSM2941533	GSM2941533_9721366150_R02C02	ok	486427	0.151702105351882	0.97625738808655	4.11161387011823e-06	7199.24884880661	1.87097948711434	7.1
GSE109379	GSM2941534	GSM2941534_9721366150_R03C01	ok	486427	0.142520871579908	0.986641311610217	4.11161387011823e-06	8037.11639550311	1.81649311314013	7.19
GSE109379	GSM2941535	GSM2941535_9721366150_R05C01	ok	486427	0.139276808236385	0.990604923677854	4.11161387011823e-06	8503.75198024062	1.53855152877684	7.12
GSE109379	GSM2941536	GSM2941536_9721366150_R06C01	ok	486427	0.158083330078306	0.968089633550907	4.11161387011823e-06	8099.14896389489	1.56317742174094	6.94
GSE109379	GSM2941537	GSM2941537_9741779119_R02C01	ok	486427	0.162647221474137	0.963885491082901	4.11161387011823e-06	5673.86194649167	1.4823704555025	6.87
GSE109379	GSM2941538	GSM2941538_9741779119_R02C02	ok	486427	0.148044824814412	0.980428637508352	4.11161387011823e-06	5631.65903889261	1.55331601952928	7.16
GSE109379	GSM2941539	GSM2941539_9741779119_R03C01	ok	486427	0.156220768995142	0.970106388446317	4.11161387011823e-06	6149.90383510683	1.55664984159993	7.13
GSE109379	GSM2941540	GSM2941540_9741779119_R03C02	ok	486427	0.187376523095963	0.936066197255486	4.11161387011823e-06	5014.77698276168	1.47924760997505	6.28
GSE109379	GSM2941541	GSM2941541_9741779119_R04C01	ok	486427	0.421720011430287	0.677123914272498	4.11161387011823e-06	2581.12505159162	1.22142438759533	6.67
GSE109379	GSM2941542	GSM2941542_9741779119_R04C02	ok	486427	0.181959471822082	0.941296191601994	4.11161387011823e-06	5225.72093753048	1.50503500130032	9.11
GSE109379	GSM2941543	GSM2941543_9741779119_R05C01	ok	486427	0.152294177749179	0.975225368761885	4.11161387011823e-06	6044.20817732966	1.43533028818653	11.11
GSE109379	GSM2941544	GSM2941544_9741950008_R01C01	ok	486427	0.146120589523197	0.982303541142005	4.11161387011823e-06	6291.83212150912	1.55396949611757	7.07
GSE109379	GSM2941545	GSM2941545_9741950008_R01C02	ok	486427	0.15960873882412	0.967269363211184	4.11161387011823e-06	5745.56832235583	1.61851273117456	7.26
GSE109379	GSM2941546	GSM2941546_9741950008_R02C01	ok	486427	0.177539486911705	0.946890065272139	4.11161387011823e-06	6016.66030065182	1.71171485503488	6.54
GSE109379	GSM2941547	GSM2941547_9741950008_R04C01	ok	486427	0.195042627156798	0.927277586472735	4.11161387011823e-06	6766.64220866536	1.62167606409813	6.54
GSE109379	GSM2941548	GSM2941548_9741950008_R05C01	ok	486427	0.155957625707455	0.971422110294496	4.11161387011823e-06	7011.20860398933	1.57518425789599	6.64
GSE109379	GSM2941549	GSM2941549_9741950025_R01C02	ok	486427	0.166205823278724	0.959062548183173	4.11161387011823e-06	4662.99821971129	1.66416640653646	6.39
GSE109379	GSM2941550	GSM2941550_9741950025_R02C02	ok	486427	0.177796462778588	0.94641722773295	4.11161387011823e-06	4712.73501080982	1.66304194799438	6.83
GSE109379	GSM2941551	GSM2941551_9741950025_R03C02	ok	486427	0.147588435674829	0.980946702986072	4.11161387011823e-06	5768.60167912401	1.63894062621064	6.8
GSE109379	GSM2941552	GSM2941552_9741950025_R04C01	ok	486427	0.144430716222578	0.983892686436758	4.11161387011823e-06	6662.72223120272	1.57041107667753	6.83
GSE109379	GSM2941553	GSM2941553_9741950025_R04C02	ok	486427	0.142481811248142	0.986061571670864	4.11161387011823e-06	6136.91877904635	1.64892795189055	6.91
GSE109379	GSM2941554	GSM2941554_9741950025_R05C02	ok	486427	0.154902996749769	0.971705812818009	4.11161387011823e-06	6212.02294812892	1.7480681513578	6.97
GSE109379	GSM2941555	GSM2941555_9741950025_R06C01	ok	486427	0.172173830811201	0.953205530143393	4.11161387011823e-06	5867.77072198891	1.26227946905701	7.08
GSE109379	GSM2941556	GSM2941556_9741950027_R01C01	ok	486427	0.159557343650743	0.96713367939559	4.11161387011823e-06	4322.52395859976	1.41508558019387	6.83
GSE109379	GSM2941557	GSM2941557_9741950085_R01C02	ok	486427	0.153757912286941	0.973042092820065	4.11161387011823e-06	5743.89958908615	1.57302718998552	6.7
GSE109379	GSM2941558	GSM2941558_9741950085_R02C01	ok	486427	0.234596352587336	0.88225728529578	4.11161387011823e-06	4959.49234427916	1.53772876544951	6.4
GSE109379	GSM2941559	GSM2941559_9741950085_R02C02	ok	486427	0.178450209383936	0.945043943053914	4.11161387011823e-06	5767.43088340296	1.54025630730855	9.06
GSE109379	GSM2941560	GSM2941560_9741950085_R03C01	ok	486427	0.164984673959299	0.961167703140258	4.11161387011823e-06	5458.05489172917	1.52076457341637	11.2
GSE109379	GSM2941561	GSM2941561_9741950085_R03C02	ok	486427	0.165654867020128	0.959854037107468	4.11161387011823e-06	5203.47936976637	1.34233353509636	7.25
GSE109379	GSM2941562	GSM2941562_9741950085_R04C01	ok	486427	0.147619272778855	0.980253893200391	4.11161387011823e-06	6415.33930046467	1.45453098805639	7.23
GSE109379	GSM2941563	GSM2941563_9741950085_R05C02	ok	486427	0.145816330096808	0.982979904404584	4.11161387011823e-06	6707.31326000786	1.4785591361414	6.91
GSE109379	GSM2941564	GSM2941564_9741950085_R06C02	ok	486427	0.184722476342802	0.938473557074575	4.11161387011823e-06	5089.41567460937	1.45285900298112	6.24
GSE109379	GSM2941565	GSM2941565_9741950095_R01C02	ok	486427	0.235108248514166	0.880742149354988	4.11161387011823e-06	5138.25169957229	1.50649900401605	6.7
GSE109379	GSM2941566	GSM2941566_9741950095_R02C01	ok	486427	0.157865414543189	0.969633550907129	4.11161387011823e-06	5263.43750287279	1.40727089219529	6.27
GSE109379	GSM2941567	GSM2941567_9741950095_R02C02	ok	486427	0.197073764408637	0.924362440252865	4.11161387011823e-06	5133.50760436845	1.39708442580437	6.55
GSE109379	GSM2941568	GSM2941568_9741950095_R03C01	ok	486427	0.150001953016588	0.977745798427301	4.11161387011823e-06	5768.0589962507	1.52382111156198	6.18
GSE109379	GSM2941569	GSM2941569_9741950095_R03C02	ok	486427	0.160227536711572	0.96661561391787	4.11161387011823e-06	5263.64389242775	1.37900129369289	6.53
GSE109379	GSM2941570	GSM2941570_9741950095_R04C02	ok	486427	0.158214901722149	0.968879066659814	4.11161387011823e-06	4735.78287188303	1.37466970588864	6.37
GSE109379	GSM2941571	GSM2941571_9741950095_R05C01	ok	486427	0.167616106836175	0.95827928252043	4.11161387011823e-06	5220.66895351585	1.43640056229433	6.76
GSE109379	GSM2941572	GSM2941572_9741950095_R05C02	ok	486427	0.154452775030991	0.97282417638896	4.11161387011823e-06	5391.35064603121	1.5115139712082	6.45
GSE109379	GSM2941573	GSM2941573_9741950149_R01C02	ok	486427	0.142722340659544	0.985724417947268	4.11161387011823e-06	5564.79796794197	1.97535438792962	6.4
GSE109379	GSM2941574	GSM2941574_9741950149_R03C02	ok	486427	0.173843146042469	0.951988487433828	4.11161387011823e-06	5467.66631680501	1.50955926461292	6.62
GSE109379	GSM2941575	GSM2941575_9741950149_R04C01	ok	486427	0.17318939943712	0.951456031248394	4.11161387011823e-06	5577.76177733969	1.50196360411633	6.55
GSE109379	GSM2941576	GSM2941576_9741950149_R05C01	ok	486427	0.141344950013054	0.987375237703654	4.11161387011823e-06	6286.98532583663	1.93766540191973	9.02
GSE109379	GSM2941577	GSM2941577_9741950149_R06C01	ok	486427	0.147937922853789	0.979684432337976	4.11161387011823e-06	6243.01752054012	1.67435563922869	11.15
GSE109379	GSM2941578	GSM2941578_9741950149_R06C02	ok	486427	0.201754836799766	0.918106594027856	4.11161387011823e-06	5163.82344208719	1.83193582376093	8.96
GSE109379	GSM2941579	GSM2941579_9829119119_R02C02	ok	486427	0.172523317990161	0.952325641157424	4.11161387011823e-06	7462.99227568367	1.53639833354265	7.15
GSE109379	GSM2941580	GSM2941580_9829119119_R03C01	ok	486427	0.162129158126502	0.964938068561443	4.11161387011823e-06	8223.34922884626	1.49470163324818	6.5
GSE109379	GSM2941581	GSM2941581_9829119119_R04C01	ok	486427	0.230852728158593	0.885760394716554	4.11161387011823e-06	7485.81233099767	1.78824645556219	6.61
GSE109379	GSM2941582	GSM2941582_9829119119_R05C01	ok	486427	0.18135712039011	0.942852443850542	4.11161387011823e-06	8660.79869084141	1.52891972989658	6.78
GSE109379	GSM2941583	GSM2941583_9829119119_R05C02	ok	486427	0.190575358686915	0.932439738911446	4.11161387011823e-06	8170.73876485617	1.37959538440714	6.99
GSE109379	GSM2941584	GSM2941584_9829119119_R06C01	ok	486427	0.172992041971354	0.951176440355656	4.11161387011823e-06	9438.22311525244	1.75607677514359	7.08
GSE109379	GSM2941585	GSM2941585_9855358001_R02C02	ok	486427	0.15666687910005	0.969804183584314	4.11161387011823e-06	7205.36513250781	1.79811542366391	6.17
GSE109379	GSM2941586	GSM2941586_9855358001_R03C02	ok	486427	0.152121489966634	0.975449452639153	4.11161387011823e-06	7530.64433362848	1.58301637956697	6.53
GSE109379	GSM2941587	GSM2941587_9855358001_R04C01	ok	486427	0.184187966539686	0.938845659659763	4.11161387011823e-06	7294.81862762555	1.81420469588265	6.55
GSE109379	GSM2941588	GSM2941588_9855358003_R01C01	ok	486427	0.233786364654923	0.883772421236573	4.11161387011823e-06	5551.49706456885	1.62379673157919	6.64
GSE109379	GSM2941589	GSM2941589_9855358003_R01C02	ok	486427	0.161125924342193	0.965036747700057	4.11161387011823e-06	6834.8337959011	1.79655010153388	6.84
GSE109379	GSM2941590	GSM2941590_9855358003_R02C01	ok	486427	0.150996963573157	0.976633602302513	4.11161387011823e-06	7443.38226399052	1.62535930385259	7.15
GSE109379	GSM2941591	GSM2941591_9855358003_R03C01	ok	486427	0.18466080213475	0.938043891658529	4.11161387011823e-06	7830.08346863653	1.64613272851132	6.88
GSE109379	GSM2941592	GSM2941592_9855358003_R04C01	ok	486427	0.180750657344267	0.94300251837385	4.11161387011823e-06	7961.7376938858	1.77109751231756	6.56
GSE109379	GSM2941593	GSM2941593_9855358026_R02C01	ok	486427	0.156952636264023	0.970147504754073	4.11161387011823e-06	6278.20460676943	1.59191520205108	8.93
GSE109379	GSM2941594	GSM2941594_9855358026_R02C02	ok	486427	0.148227791631632	0.980120265200185	4.11161387011823e-06	6302.37969018868	1.48797992888034	11.54
GSE109379	GSM2941595	GSM2941595_9855358026_R04C02	ok	486427	0.191091366227615	0.932667934419489	4.11161387011823e-06	6501.21119341242	1.46291754697489	7.45
GSE109379	GSM2941596	GSM2941596_9855358026_R05C02	ok	486427	0.151186097811182	0.97720100734954	4.11161387011823e-06	7591.53429216351	1.57600199588587	7.2
GSE109379	GSM2941597	GSM2941597_9855358026_R06C02	ok	486427	0.163942379843224	0.962321015572802	4.11161387011823e-06	6506.65908536036	1.39141075439207	6.44
GSE109379	GSM2941598	GSM2941598_9855358027_R03C02	ok	486427	0.153369364776215	0.974583954360898	4.11161387011823e-06	6802.33144862706	1.65262284924144	6.43
GSE109379	GSM2941599	GSM2941599_9855358027_R05C02	ok	486427	0.184165352663401	0.939517911291566	4.11161387011823e-06	6428.3782045578	1.34947694329909	7.17
GSE109379	GSM2941600	GSM2941600_9855358031_R01C01	ok	486427	0.159703305943132	0.968044405612376	4.11161387011823e-06	6341.38003692715	1.45242786347492	6.61
GSE109379	GSM2941601	GSM2941601_9855358031_R02C01	ok	486427	0.244556737187697	0.872099501464768	4.11161387011823e-06	5562.64176182582	1.70868100837383	6.54
GSE109379	GSM2941602	GSM2941602_9855358031_R03C01	ok	486427	0.26083667230643	0.854294084391222	4.11161387011823e-06	5779.79519225407	1.60345507475624	6.9
GSE109379	GSM2941603	GSM2941603_9855358035_R06C02	ok	486427	0.141686213964274	0.987589042503983	4.11161387011823e-06	6707.01140295272	1.18962838633432	6.67
GSE109379	GSM2941604	GSM2941604_9855358056_R03C01	ok	486427	0.154428105347771	0.973576604820887	4.11161387011823e-06	7784.59510282778	1.54737361420881	6.66
GSE109379	GSM2941605	GSM2941605_9855358056_R03C02	ok	486427	0.211367790028103	0.908121498689418	4.11161387011823e-06	7329.01195627422	1.73212034712302	7.06
GSE109379	GSM2941606	GSM2941606_9855358056_R06C01	ok	486427	0.159386711675133	0.965304003700468	4.11161387011823e-06	8519.88421663356	1.49019433959192	7.43
GSE109379	GSM2941607	GSM2941607_9855358058_R01C02	ok	486427	0.155838388905221	0.97115896592486	4.11161387011823e-06	7124.27855919443	2.28704721985937	6.76
GSE109379	GSM2941608	GSM2941608_9855358058_R02C02	ok	486427	0.284279038786909	0.826524130133114	4.11161387011823e-06	6459.95615055282	1.70905309103724	8.32
GSE109379	GSM2941609	GSM2941609_9855358058_R03C02	ok	486427	0.165272486930207	0.960328930462044	4.11161387011823e-06	8311.95483591291	1.90027759392448	6.6
GSE109379	GSM2941610	GSM2941610_9855358058_R04C02	ok	486427	0.181461966543798	0.941092665878604	4.11161387011823e-06	8161.90644108121	2.09393490507342	8.85
GSE109379	GSM2941611	GSM2941611_9855358058_R05C01	ok	486427	0.184276366237894	0.940338181631289	4.11161387011823e-06	6348.43321849451	1.44269163063525	10.3
GSE109379	GSM2941612	GSM2941612_9878820008_R01C02	ok	486427	0.169616406983987	0.955232564115742	4.11161387011823e-06	6967.29579363209	1.79133979801121	6.8
GSE109379	GSM2941613	GSM2941613_9878820008_R02C02	ok	486427	0.198593005733646	0.924037621421596	4.11161387011823e-06	6653.43082321293	1.46503491165129	7.42
GSE109379	GSM2941614	GSM2941614_9878820008_R03C01	ok	486427	0.199187133937878	0.921938633910675	4.11161387011823e-06	7120.42323398867	1.90280841489349	6.63
GSE109379	GSM2941615	GSM2941615_9878820008_R04C01	ok	486427	0.169044892656041	0.956262527625019	4.11161387011823e-06	7794.6266854254	1.79407847149607	6.42
GSE109379	GSM2941616	GSM2941616_9878820008_R05C01	ok	486427	0.167313903216721	0.959015264429254	4.11161387011823e-06	7909.39796937129	1.46486615614631	6.69
GSE109379	GSM2941617	GSM2941617_9878820017_R01C01	ok	486427	0.264058121773668	0.851537235956211	4.11161387011823e-06	6338.22105949387	1.39420338167306	6.56
GSE109379	GSM2941618	GSM2941618_9878820017_R02C01	ok	486427	0.170954737298711	0.953733874698052	4.11161387011823e-06	7750.44097688231	1.61725946770611	6.69
GSE109379	GSM2941619	GSM2941619_9878820017_R03C01	ok	486427	0.17856944618617	0.945654520224084	4.11161387011823e-06	8207.70494400062	1.59651018651203	6.88
GSE109379	GSM2941620	GSM2941620_9878820017_R06C02	ok	486427	0.337010486671176	0.767988898596906	4.11161387011823e-06	6320.95565077925	1.51622219209875	6.84
GSE109379	GSM2941621	GSM2941621_9878820018_R01C02	ok	486427	0.157859247122384	0.968965410906101	4.11161387011823e-06	6712.08911279245	1.78024156182838	6.66
GSE109379	GSM2941622	GSM2941622_9878820018_R02C01	ok	486427	0.200737212366912	0.920639358585599	4.11161387011823e-06	7013.02229305255	1.65773259777519	6.74
GSE109379	GSM2941623	GSM2941623_9878820018_R02C02	ok	486427	0.178121280274327	0.947068921210875	4.11161387011823e-06	6533.93522294072	1.42933308830366	7.21
GSE109379	GSM2941624	GSM2941624_9878820018_R04C01	ok	486427	0.155129135512626	0.972468520326875	4.11161387011823e-06	7489.74521574019	1.48000225035054	6.7
GSE109379	GSM2941625	GSM2941625_9878820018_R04C02	ok	486427	0.151691826317207	0.976676774425657	4.11161387011823e-06	7727.99063748392	1.53206305199206	10.2
GSE109379	GSM2941626	GSM2941626_9878820018_R05C01	ok	486427	0.160731209410662	0.965425296808347	4.11161387011823e-06	7806.01918557299	1.83731069582094	6.81
GSE109379	GSM2941627	GSM2941627_9878820018_R05C02	ok	486427	0.14970180520407	0.978339929074369	4.11161387011823e-06	8287.64958290181	1.8138665320061	7.34
GSE109379	GSM2941628	GSM2941628_9878820021_R01C01	ok	486427	0.172607606074498	0.952428431926813	4.11161387011823e-06	7384.22100321983	1.45904083500473	7.27
GSE109379	GSM2941629	GSM2941629_9878820021_R01C02	ok	486427	0.158120334603137	0.968959243459937	4.11161387011823e-06	7061.05786392979	1.58460938912724	7.39
GSE109379	GSM2941630	GSM2941630_9878820021_R02C02	ok	486427	0.164361764457976	0.962323071388189	4.11161387011823e-06	7389.97835535613	1.45790237525222	7.34
GSE109379	GSM2941631	GSM2941631_9878820021_R03C01	ok	486427	0.16745986550911	0.958044919566223	4.11161387011823e-06	8105.49151105279	1.37317525944458	7.03
GSE109379	GSM2941632	GSM2941632_9878820066_R01C01	ok	486427	0.141507358760924	0.987599321580922	4.11161387011823e-06	7382.1519813868	1.20170713264764	7.13
GSE109379	GSM2941633	GSM2941633_9878820121_R01C01	ok	486427	0.162542375320449	0.96402528652927	4.11161387011823e-06	6872.87687708152	1.46181664102576	7.08
GSE109379	GSM2941634	GSM2941634_9878820121_R03C01	ok	486427	0.324250093025264	0.786193143855682	4.11161387011823e-06	4748.59583535831	1.1878664620872	7.21
GSE109379	GSM2941635	GSM2941635_9878820122_R05C02	ok	486427	0.145460675497043	0.983304723235853	4.11161387011823e-06	8291.690906748	1.49156223928094	7.11
GSE109379	GSM2941636	GSM2941636_9878820122_R06C02	ok	486427	0.156284499010129	0.97095544020147	4.11161387011823e-06	7722.41057211665	1.3500620398385	7.16
GSE109379	GSM2941637	GSM2941637_9878820123_R03C01	ok	486427	0.185252874532047	0.938779873567354	4.11161387011823e-06	6062.0497627958	1.42595463220786	7.52
GSE109379	GSM2941638	GSM2941638_9878820123_R03C02	ok	486427	0.152986984686294	0.97490671737678	4.11161387011823e-06	6760.36780884957	1.33901765507681	7.11
GSE109379	GSM2941639	GSM2941639_9878820123_R05C01	ok	486427	0.168870149066561	0.955275736238886	4.11161387011823e-06	7443.63177665762	1.89863847387815	7.22
GSE109379	GSM2941640	GSM2941640_9878820127_R01C02	ok	486427	0.191011189757148	0.931944287402991	4.11161387011823e-06	6452.48521917201	1.54400334716833	9.29
GSE109379	GSM2941641	GSM2941641_9878820140_R01C01	ok	486427	0.177282511044823	0.94841548028987	4.11161387011823e-06	4480.37846661281	1.40918714919417	5.82
GSE109379	GSM2941642	GSM2941642_9878820140_R01C02	ok	486427	0.161596704130322	0.963622346713265	4.11161387011823e-06	4853.41642960389	1.68622348661088	9.7
GSE109379	GSM2941643	GSM2941643_9878820140_R02C01	ok	486427	0.169745922820896	0.955744462147299	4.11161387011823e-06	4891.48535095632	1.72486641869938	6.83
GSE109379	GSM2941644	GSM2941644_9878820140_R02C02	ok	486427	0.162682170192033	0.964144523821761	4.11161387011823e-06	5078.15595808772	1.64408602839104	7.51
GSE109379	GSM2941645	GSM2941645_9878820140_R04C01	ok	486427	0.217033593941126	0.903107364958627	4.11161387011823e-06	5450.34845870237	1.80752453943022	6.37
GSE109379	GSM2941646	GSM2941646_9878820140_R05C01	ok	486427	0.167595548766824	0.958007914889243	4.11161387011823e-06	6138.1772597744	1.81163576141704	7.03
GSE109379	GSM2941647	GSM2941647_9878820140_R06C02	ok	486427	0.196177432584951	0.925622655085573	4.11161387011823e-06	5312.72234986526	1.50112921394194	6.9
GSE109379	GSM2941648	GSM2941648_9878820156_R01C01	ok	486427	0.164735921320157	0.96048106080074	4.11161387011823e-06	5112.57262370173	2.21759462141013	6.68
GSE109379	GSM2941649	GSM2941649_9878820156_R01C02	ok	486427	0.147752900229634	0.980159325692553	4.11161387011823e-06	5142.61225176989	2.05832873013676	6.57
GSE109379	GSM2941650	GSM2941650_9878820156_R02C01	ok	486427	0.147722063125608	0.980064758184715	4.11161387011823e-06	5233.33802954321	2.04110158761085	7.01
GSE109379	GSM2941651	GSM2941651_9878820156_R02C02	ok	486427	0.159898607601963	0.966566274348563	4.11161387011823e-06	5133.2310413004	2.07922047129019	6.34
GSE109379	GSM2941652	GSM2941652_9878820156_R03C01	ok	486427	0.219887053966988	0.899020403967724	4.11161387011823e-06	5276.78516061119	1.77683558614461	6.75
GSE109379	GSM2941653	GSM2941653_9878820156_R03C02	ok	486427	0.147483589521141	0.980977540216889	4.11161387011823e-06	5564.25027329897	1.84116577704346	6.28
GSE109379	GSM2941654	GSM2941654_9878820156_R05C01	ok	486427	0.153042491473541	0.974972503469189	4.11161387011823e-06	6201.71155755671	1.84513189339969	6.49
GSE109379	GSM2941655	GSM2941655_9878820156_R05C02	ok	486427	0.243911213810089	0.873729763067277	4.11161387011823e-06	4739.4050982957	1.43404909465123	6.82
GSE109379	GSM2941656	GSM2941656_9878827209_R01C02	ok	486427	0.178696906216143	0.94704630724161	4.11161387011823e-06	5361.1578674717	1.35789350010737	6.7
GSE109379	GSM2941657	GSM2941657_9878827209_R04C02	ok	486427	0.263673685876812	0.850116667523256	4.11161387011823e-06	5532.41875349728	1.59442163790832	6.5
GSE109379	GSM2941658	GSM2941658_9878827209_R06C02	ok	486427	0.195334551741577	0.92657860924089	4.11161387011823e-06	6878.27764460637	1.62839805573777	8.85
GSE109379	GSM2941659	GSM2941659_9878827210_R01C01	ok	486427	0.161927689046866	0.963994449298453	4.11161387011823e-06	6000.12530751768	1.86605614491721	9.61
GSE109379	GSM2941660	GSM2941660_9878827210_R01C02	ok	486427	0.244090069013439	0.873454283805314	4.11161387011823e-06	4374.85920668071	1.29820161052656	6.73
GSE109379	GSM2941661	GSM2941661_9878827210_R02C01	ok	486427	0.1691949665623	0.955637559747135	4.11161387011823e-06	6111.59858180333	1.79495100650878	7.4
GSE109379	GSM2941662	GSM2941662_9878827210_R02C02	ok	486427	0.306346070427834	0.804424114714499	4.11161387011823e-06	4021.94804620791	1.28276068205782	6.53
GSE109379	GSM2941663	GSM2941663_9878827210_R03C01	ok	486427	0.1723321279452	0.951937092049134	4.11161387011823e-06	6302.8907496261	2.04081806948825	6.74
GSE109379	GSM2941664	GSM2941664_9878827210_R03C02	ok	486427	0.14380163930045	0.98448270545305	4.11161387011823e-06	7124.06952241892	1.69938540240027	6.78
GSE109379	GSM2941665	GSM2941665_9878827210_R04C01	ok	486427	0.139385766003943	0.990204039677237	4.11161387011823e-06	6600.09852492821	1.64627209924814	6.47
GSE109379	GSM2941666	GSM2941666_9878827210_R04C02	ok	486427	0.157423416052152	0.969643829984067	4.11161387011823e-06	6908.07255173354	1.70734600061276	6.65
GSE109379	GSM2941667	GSM2941667_9878827210_R05C02	ok	486427	0.153616061608422	0.972877627589043	4.11161387011823e-06	7674.56038127626	2.07791576402163	6.44
GSE109379	GSM2941668	GSM2941668_9878827210_R06C01	ok	486427	0.176926856445058	0.948353805828237	4.11161387011823e-06	6349.67556193019	1.38096328467275	6.79
GSE109379	GSM2941669	GSM2941669_9878827225_R01C01	ok	486427	0.146311779568157	0.982673587911805	4.11161387011823e-06	5319.15899962851	1.54764070947183	6.69
GSE109379	GSM2941670	GSM2941670_9878827225_R01C02	ok	486427	0.144486223009825	0.984486817083826	4.11161387011823e-06	5365.3599224975	1.52534352740157	6.64
GSE109379	GSM2941671	GSM2941671_9878827225_R03C02	ok	486427	0.145436005813822	0.983175206866423	4.11161387011823e-06	6257.7161124149	1.58365955782432	9.37
GSE109379	GSM2941672	GSM2941672_9878827225_R04C01	ok	486427	0.178842868508533	0.945907385516781	4.11161387011823e-06	5492.688325635	1.44251779737125	6.45
GSE109379	GSM2941673	GSM2941673_9878827225_R06C02	ok	486427	0.165439007291947	0.961229377601891	4.11161387011823e-06	5997.61769818596	1.34710816210674	6.6
GSE109379	GSM2941674	GSM2941674_9878827227_R01C01	ok	486427	0.150036901734484	0.977712905381097	4.11161387011823e-06	5796.12916190313	1.7247475323816	5.93
GSE109379	GSM2941675	GSM2941675_9878827227_R02C01	ok	486427	0.144584901742708	0.984106491237087	4.11161387011823e-06	6433.30086913014	1.75743406052541	6.01
GSE109379	GSM2941676	GSM2941676_9878827227_R02C02	ok	486427	0.141447740359807	0.987741172842679	4.11161387011823e-06	6146.1930711602	1.68047417184759	9.97
GSE109379	GSM2941677	GSM2941677_9878827227_R03C02	ok	486427	0.205625921258483	0.916102174024773	4.11161387011823e-06	5375.22164941799	1.43560487009935	6.39
GSE109379	GSM2941678	GSM2941678_9878827227_R04C02	ok	486427	0.199756592458889	0.921552140617773	4.11161387011823e-06	5974.12716849434	1.70945280582415	7.3
GSE109379	GSM2941679	GSM2941679_9878827227_R05C01	ok	486427	0.144362874593721	0.984209282006476	4.11161387011823e-06	7002.01458478258	1.60971335256656	6.85
GSE109379	GSM2941680	GSM2941680_9878827227_R06C01	ok	486427	0.154134124956057	0.972836511281287	4.11161387011823e-06	6176.70311276396	1.58618518668066	9.36
GSE109379	GSM2941681	GSM2941681_9878827235_R06C02	ok	486427	0.189775649789177	0.934736084699594	4.11161387011823e-06	6250.21428272774	1.30662220171926	6.78
GSE109379	GSM2941682	GSM2941682_9878827239_R01C01	ok	486427	0.173199678471795	0.953608469959398	4.11161387011823e-06	5144.92793403987	1.22871582716783	6.41
GSE109379	GSM2941683	GSM2941683_9878827239_R02C02	ok	486427	0.172099821761539	0.95419848897569	4.11161387011823e-06	6381.68912034565	1.3717058547941	6.92
GSE109379	GSM2941684	GSM2941684_9878827239_R03C01	ok	486427	0.152281842907569	0.97557280156242	4.11161387011823e-06	6981.35188511078	1.65043151359939	7.02
GSE109379	GSM2941685	GSM2941685_9878827239_R03C02	ok	486427	0.170724486921984	0.95556766202395	4.11161387011823e-06	6789.88502945774	1.4088412693035	6.72
GSE109379	GSM2941686	GSM2941686_9878827239_R05C02	ok	486427	0.189668747828554	0.933605386236316	4.11161387011823e-06	5838.95699631814	1.45359677678581	6.92
GSE109379	GSM2941687	GSM2941687_9878827239_R06C02	ok	486427	0.176380011800332	0.949371434445187	4.11161387011823e-06	6644.82733743755	1.23119092233964	6.59
GSE109379	GSM2941688	GSM2941688_9878827240_R01C01	ok	486427	0.187341574378067	0.936263555532713	4.11161387011823e-06	5251.09281129545	1.42637956838838	6.85
GSE109379	GSM2941689	GSM2941689_9878827240_R01C02	ok	486427	0.183906320989583	0.938726422367271	4.11161387011823e-06	4922.87559437248	1.38274502883406	6.63
GSE109379	GSM2941690	GSM2941690_9878827240_R05C01	ok	486427	0.152575823299282	0.974549005499306	4.11161387011823e-06	7259.36618262618	1.65474465076591	7
GSE109379	GSM2941691	GSM2941691_9878827240_R06C01	ok	486427	0.174190577414494	0.950761165647325	4.11161387011823e-06	6509.40383389816	1.38921836421996	6.76
GSE109379	GSM2941692	GSM2941692_9968646117_R05C02	ok	486427	0.149313257693343	0.978621575782495	4.11161387011823e-06	7981.98846016133	1.82582239137155	6.22
GSE109379	GSM2941693	GSM2941693_9968646118_R01C02	ok	486427	0.183059328532339	0.940965205324562	4.11161387011823e-06	6998.6001865142	1.28159778988233	10.21
GSE109379	GSM2941694	GSM2941694_9968646118_R02C02	ok	486427	0.207990099233801	0.913320655805109	4.11161387011823e-06	6178.28381250397	1.56879852602773	6.69
GSE109379	GSM2941695	GSM2941695_9968646118_R03C01	ok	486427	0.165593192812077	0.959817032430488	4.11161387011823e-06	8061.61997464397	1.58804500940783	7.23
GSE109379	GSM2941696	GSM2941696_9968646118_R04C01	ok	486427	0.173115390387458	0.951856915249011	4.11161387011823e-06	7884.53953228782	1.43697439546288	7.31
GSE109379	GSM2941697	GSM2941697_9968646118_R04C02	ok	486427	0.164955892662208	0.961155368247931	4.11161387011823e-06	7887.62508146365	1.53234373257409	7.25
GSE109379	GSM2941698	GSM2941698_9968646118_R05C01	ok	486427	0.190141583423618	0.932433571465282	4.11161387011823e-06	6083.10359583781	1.51772583326638	7.24
GSE109379	GSM2941699	GSM2941699_9968646118_R06C01	ok	486427	0.146350839899923	0.982511178496171	4.11161387011823e-06	8159.08382743215	1.34187231316218	7.06
GSE109379	GSM2941700	GSM2941700_9968646118_R06C02	ok	486427	0.196097256114484	0.925151873361772	4.11161387011823e-06	7132.11401336777	1.59570894760906	7.11
GSE109379	GSM2941701	GSM2941701_9968646164_R01C01	ok	486427	0.170041959019545	0.955691010947217	4.11161387011823e-06	8150.12624999693	1.61479050530144	7.33
GSE109379	GSM2941702	GSM2941702_9968646164_R01C02	ok	486427	0.161101254658972	0.965059361669322	4.11161387011823e-06	8262.97047912815	1.86113705435649	7.2
GSE109379	GSM2941703	GSM2941703_9968646164_R02C02	ok	486427	0.152818408517619	0.974616847407103	4.11161387011823e-06	9173.97042563777	1.85551258327039	7.12
GSE109379	GSM2941704	GSM2941704_9968646164_R03C02	ok	486427	0.14816200580971	0.979992804646143	4.11161387011823e-06	8933.31289520042	2.00576854265409	7.41
GSE109379	GSM2941705	GSM2941705_9968646164_R05C02	ok	486427	0.17041817168866	0.955479261962276	4.11161387011823e-06	8840.84105012689	1.42562556312547	7.4
GSE109379	GSM2941706	GSM2941706_9968646165_R01C01	ok	486427	0.163718296887303	0.962760960065786	4.11161387011823e-06	7654.55228897837	1.5076468917208	9.55
GSE109379	GSM2941707	GSM2941707_9968646165_R02C02	ok	486427	0.16274590020702	0.963714858405715	4.11161387011823e-06	8224.54332059463	1.63198250528939	6.81
GSE109379	GSM2941708	GSM2941708_9968646165_R03C01	ok	486427	0.142413969619285	0.98628771136352	4.11161387011823e-06	8743.35841734854	1.86583612645721	6.81
GSE109379	GSM2941709	GSM2941709_9968646165_R04C01	ok	486427	0.173318915274029	0.951795240787377	4.11161387011823e-06	8768.07264460999	1.79498784670789	5.72
GSE109379	GSM2941710	GSM2941710_9968646165_R05C01	ok	486427	0.18553040846828	0.937957547412242	4.11161387011823e-06	8525.25004469518	1.62257497398733	10.01
GSE109379	GSM2941711	GSM2941711_9968646165_R06C01	ok	486427	0.227851250033407	0.891274091586576	4.11161387011823e-06	7942.35029520766	1.54007866813331	6.87
GSE109379	GSM2941712	GSM2941712_9968646165_R06C02	ok	486427	0.21578777493848	0.905191961761834	4.11161387011823e-06	7814.29658514336	1.49797551478162	7.48
GSE109379	GSM2941713	GSM2941713_9968646167_R01C01	ok	486427	0.164355597037171	0.961346559078995	4.11161387011823e-06	7624.09777540952	1.87019092126965	6.79
GSE109379	GSM2941714	GSM2941714_9968646167_R02C02	ok	486427	0.148842477905215	0.979197204091073	4.11161387011823e-06	8066.93821735884	2.02315590355435	6.76
GSE109379	GSM2941715	GSM2941715_9968646167_R06C01	ok	486427	0.153873037475305	0.973958986483014	4.11161387011823e-06	9082.62934157803	1.54431232097543	6.62
GSE109379	GSM2941716	GSM2941716_9969477013_R01C02	ok	486427	0.152727953012477	0.974900549930616	4.11161387011823e-06	6959.81354594025	1.64685057775659	6.34
GSE109379	GSM2941717	GSM2941717_9969477013_R02C02	ok	486427	0.21666971611362	0.902671532096418	4.11161387011823e-06	7051.22268877709	1.72734145618175	6.53
GSE109379	GSM2941718	GSM2941718_9969477013_R03C01	ok	486427	0.155125023898756	0.972421236572956	4.11161387011823e-06	7091.32719558829	1.55385945121499	6.96
GSE109379	GSM2941719	GSM2941719_9969477013_R04C01	ok	486427	0.208793919745409	0.914208768052629	4.11161387011823e-06	5973.75127396651	1.22043184920855	6.4
GSE109379	GSM2941720	GSM2941720_9969477013_R05C01	ok	486427	0.174044615122105	0.950680988847202	4.11161387011823e-06	7570.88543324226	1.47620531554951	6.73
GSE109379	GSM2941721	GSM2941721_9969477013_R05C02	ok	486427	0.160383778038637	0.965669938839492	4.11161387011823e-06	8585.32284099068	1.78578006591613	6.55
GSE109379	GSM2941722	GSM2941722_9969477013_R06C01	ok	486427	0.165547965059505	0.961025851878501	4.11161387011823e-06	8588.09200745714	1.43606431808065	6.57
GSE109379	GSM2941723	GSM2941723_9969477014_R03C01	ok	486427	0.150661867042742	0.97649791848692	4.11161387011823e-06	7418.21894601149	1.73284011029211	6.57
GSE109379	GSM2941724	GSM2941724_9969477014_R03C02	ok	486427	0.169291589488248	0.955952099501465	4.11161387011823e-06	7102.93484618087	1.37196942969338	6.55
GSE109379	GSM2941725	GSM2941725_9969477014_R04C01	ok	486427	0.153313857988969	0.973405972143702	4.11161387011823e-06	7899.36657703458	1.80815833805642	9.46
GSE109379	GSM2941726	GSM2941726_9969477014_R04C02	ok	486427	0.152499758442685	0.975159582669476	4.11161387011823e-06	8687.27298253069	1.56628894567063	7
GSE109379	GSM2941727	GSM2941727_9969477014_R05C01	ok	486427	0.151410180767104	0.975944904147608	4.11161387011823e-06	8579.85348049331	1.85305456004513	6.97
GSE109379	GSM2941728	GSM2941728_9969477014_R06C01	ok	486427	0.198825311917307	0.92096212160148	4.11161387011823e-06	8080.5431458281	1.88981038809556	6.77
GSE109379	GSM2941729	GSM2941729_9969477014_R06C02	ok	486427	0.188381812687207	0.935990132086139	4.11161387011823e-06	7044.34734720909	1.22204713552588	6.75
GSE109379	GSM2941730	GSM2941730_9969477017_R01C01	ok	486427	0.169982340618428	0.952337976049751	4.11161387011823e-06	7143.21143857836	1.7593567914539	6.84
GSE109379	GSM2941731	GSM2941731_9969477017_R02C02	ok	486427	0.21629555925144	0.905455106131469	4.11161387011823e-06	6155.26306990402	1.38886652904967	7.32
GSE109379	GSM2941732	GSM2941732_9969477017_R03C01	ok	486427	0.25577733143925	0.861937606002981	4.11161387011823e-06	5741.99844496652	1.35758398051393	7.18
GSE109379	GSM2941733	GSM2941733_9969477017_R04C01	ok	486427	0.209904055490341	0.912827260112042	4.11161387011823e-06	6188.9283232312	1.26513740837845	7.06
GSE109379	GSM2941734	GSM2941734_9969477017_R05C02	ok	486427	0.146003408527898	0.982963457881482	4.11161387011823e-06	7480.54958694176	1.45737176324079	6.85
GSE109379	GSM2941735	GSM2941735_9969477017_R06C02	ok	486427	0.223764305846509	0.894215963406486	4.11161387011823e-06	6930.32560368985	1.7284612874423	7.03
GSE109379	GSM2941736	GSM2941736_9969477018_R06C01	ok	486427	0.160910064614012	0.964923677853729	4.11161387011823e-06	8004.60239049278	1.91221234063491	6.91
GSE109379	GSM2941737	GSM2941737_9969477022_R01C02	ok	486427	0.157022533699815	0.969793904507375	4.11161387011823e-06	6737.88911050121	1.75157990686532	6.98
GSE109379	GSM2941738	GSM2941738_9969477022_R02C01	ok	486427	0.17197030592463	0.954426684483733	4.11161387011823e-06	6461.95563301462	1.32853612239309	6.77
GSE109379	GSM2941739	GSM2941739_9969477022_R05C01	ok	486427	0.263914215288214	0.849656164876394	4.11161387011823e-06	6960.41291484787	1.43043652526488	7.54
GSE109379	GSM2941740	GSM2941740_9969477022_R05C02	ok	486427	0.159752645309574	0.964878449915198	4.11161387011823e-06	8701.48206285932	1.76401782584984	6.97
GSE109379	GSM2941741	GSM2941741_9969477022_R06C01	ok	486427	0.26064548226147	0.85278717171198	4.11161387011823e-06	7317.89111377815	1.71238269095335	7.07
GSE109379	GSM2941742	GSM2941742_9969477041_R02C02	ok	486427	0.144576678514967	0.984332630929743	4.11161387011823e-06	7897.16673409548	1.09738482396144	10.02
GSE109379	GSM2941743	GSM2941743_9969477041_R03C02	ok	486427	0.14101396509651	0.988534717582361	4.11161387011823e-06	7883.10707403898	1.05927966563171	6.98
GSE109379	GSM2941744	GSM2941744_9969477055_R02C01	ok	486427	0.163738854956653	0.962407359819088	4.11161387011823e-06	6912.80209737505	1.74137464378904	6.97
GSE109379	GSM2941745	GSM2941745_9969477055_R03C01	ok	486427	0.185935402434487	0.938432440766819	4.11161387011823e-06	6987.81865582606	1.48515415413241	6.45
GSE109379	GSM2941746	GSM2941746_9969477055_R04C01	ok	486427	0.255115361606161	0.862227475972658	4.11161387011823e-06	6241.38062530073	1.54302087862442	7.09
GSE109379	GSM2941747	GSM2941747_9969477055_R05C01	ok	486427	0.143080051066244	0.985596957393226	4.11161387011823e-06	8872.15886398108	1.86847276350021	6.62
GSE109379	GSM2941748	GSM2941748_9969477055_R06C01	ok	486427	0.188424984632843	0.934791591715064	4.11161387011823e-06	7062.69085914462	1.45484920996966	6.88
GSE109379	GSM2941749	GSM2941749_9969477057_R01C01	ok	486427	0.153091830839982	0.974386596083672	4.11161387011823e-06	6116.97245255011	1.64525233576563	6.74
GSE109379	GSM2941750	GSM2941750_9969477057_R03C01	ok	486427	0.169949447707467	0.954210823868017	4.11161387011823e-06	6577.54985974973	2.14512391862351	6.78
GSE109379	GSM2941751	GSM2941751_9969477057_R06C01	ok	486427	0.214661192738068	0.90440869609909	4.11161387011823e-06	6486.23914401541	1.66014692206701	6.56
GSE109379	GSM2941752	GSM2941752_9969477058_R01C01	ok	486427	0.150129413046562	0.97786709153518	4.11161387011823e-06	7030.3430053118	1.49200132879195	7.14
GSE109379	GSM2941753	GSM2941753_9969477058_R02C01	ok	486427	0.261194382713131	0.853447088451457	4.11161387011823e-06	6401.48648729376	1.6379312555387	7.08
GSE109379	GSM2941754	GSM2941754_9969477058_R04C01	ok	486427	0.188716909217622	0.933930205067585	4.11161387011823e-06	7874.81774327971	1.73953897975069	6.77
GSE109379	GSM2941755	GSM2941755_9969477064_R04C02	ok	486427	0.174521562331038	0.951303900909698	4.11161387011823e-06	6739.92229752695	1.27071319688979	6.82
GSE109379	GSM2941756	GSM2941756_9969477064_R05C02	ok	486427	0.148731464330722	0.980171660584879	4.11161387011823e-06	8326.21593075427	1.43911311744011	7.26
GSE109379	GSM2941757	GSM2941757_9969477064_R06C01	ok	486427	0.1792807553857	0.945109729146323	4.11161387011823e-06	7097.51838168365	1.48789190814424	7.35
GSE109379	GSM2941758	GSM2941758_9969477065_R01C02	ok	486427	0.161058082713336	0.965427352623734	4.11161387011823e-06	6890.81224064978	1.71993342547293	6.62
GSE109379	GSM2941759	GSM2941759_9969477065_R02C02	ok	486427	0.173489547249639	0.951018142570797	4.11161387011823e-06	7400.52155490879	1.83083607423989	9.24
GSE109379	GSM2941760	GSM2941760_9969477065_R04C01	ok	486427	0.18240147031312	0.942387829572904	4.11161387011823e-06	6777.12298891741	1.50644305302856	6.89
GSE109379	GSM2941761	GSM2941761_9969477065_R06C01	ok	486427	0.22049351701283	0.898309091843552	4.11161387011823e-06	6074.7552166789	1.53086266987016	7.08
GSE109379	GSM2941762	GSM2941762_9969477074_R01C01	ok	486427	0.194510173160618	0.927678470473352	4.11161387011823e-06	7186.44256225728	1.50601401567862	6.51
GSE109379	GSM2941763	GSM2941763_9969477074_R02C01	ok	486427	0.144704138544941	0.983863905021329	4.11161387011823e-06	7793.92164418813	1.62608112663863	7.12
GSE109379	GSM2941764	GSM2941764_9969477074_R02C02	ok	486427	0.158671290861733	0.968309605797399	4.11161387011823e-06	6592.97419955421	1.30721432025843	6.52
GSE109379	GSM2941765	GSM2941765_9969477074_R04C01	ok	486427	0.143857146087697	0.985004882561546	4.11161387011823e-06	8457.69501823282	1.64238574306729	6.75
GSE109379	GSM2941766	GSM2941766_9969477074_R04C02	ok	486427	0.140571966605472	0.988740299121139	4.11161387011823e-06	8750.31964861527	1.62876520995765	7.1
GSE109379	GSM2941767	GSM2941767_9969477074_R05C01	ok	486427	0.168985274254924	0.95625224854808	4.11161387011823e-06	7795.01520345653	1.6282977734228	6.86
GSE109379	GSM2941768	GSM2941768_9969477074_R06C02	ok	486427	0.174568845890545	0.949977899984581	4.11161387011823e-06	8452.9729649268	1.38460199256024	6.81
GSE109379	GSM2941769	GSM2941769_9969477079_R02C01	ok	486427	0.234921170083075	0.883032327696973	4.11161387011823e-06	6514.97410735012	1.55707381858265	7.02
GSE109379	GSM2941770	GSM2941770_9969477079_R04C01	ok	486427	0.338046613366446	0.767943670658375	4.11161387011823e-06	5637.64563909402	1.6171971793213	6.72
GSE109379	GSM2941771	GSM2941771_9969477079_R06C01	ok	486427	0.300030631523332	0.808743382844221	4.11161387011823e-06	6519.55320364057	1.65155305782038	7.01
GSE109379	GSM2941772	GSM2941772_9969477086_R01C02	ok	486427	0.165946791604907	0.960326874646657	4.11161387011823e-06	6926.00923927148	1.57524897304257	7.26
GSE109379	GSM2941773	GSM2941773_9969477086_R02C01	ok	486427	0.158975550288121	0.968295215089685	4.11161387011823e-06	6829.82702993883	1.65021308651233	6.87
GSE109379	GSM2941774	GSM2941774_9969477086_R03C01	ok	486427	0.150559076695989	0.977610114611708	4.11161387011823e-06	7538.5522061757	1.4920245422869	7.39
GSE109379	GSM2941775	GSM2941775_9969477086_R04C01	ok	486427	0.176612317983993	0.948678624659506	4.11161387011823e-06	7488.46264561532	1.7378194838776	6.54
GSE109379	GSM2941776	GSM2941776_9969477086_R04C02	ok	486427	0.159191410016303	0.96816981035103	4.11161387011823e-06	7988.04730082023	1.62705476736325	9.19
GSE109379	GSM2941777	GSM2941777_9969477086_R05C01	ok	486427	0.160075406998378	0.96689314899522	4.11161387011823e-06	8140.65096862705	1.71293741600481	7.03
GSE109379	GSM2941778	GSM2941778_9969477086_R06C01	ok	486427	0.170251651326921	0.95593770879375	4.11161387011823e-06	8358.411755751	1.53125714408354	6.75
GSE109379	GSM2941779	GSM2941779_9969477088_R01C02	ok	486427	0.170642254644582	0.953166469651025	4.11161387011823e-06	6414.74782517338	1.89741656263824	6.55
GSE109379	GSM2941780	GSM2941780_9969477088_R02C01	ok	486427	0.161226658882011	0.965464357300714	4.11161387011823e-06	6209.52230131534	1.57595218797452	6.84
GSE109379	GSM2941781	GSM2941781_9969477088_R03C01	ok	486427	0.228564615039872	0.891142519401758	4.11161387011823e-06	6069.04991957779	1.40139068361227	6.46
GSE109379	GSM2941782	GSM2941782_9969477088_R03C02	ok	486427	0.145561410036861	0.983329393020507	4.11161387011823e-06	7272.96152953068	1.53571478177246	6.73
GSE109379	GSM2941783	GSM2941783_9969477088_R05C02	ok	486427	0.174396158108	0.94969214164568	4.11161387011823e-06	7846.04064242768	1.88524821016994	6.48
GSE109379	GSM2941784	GSM2941784_9969477088_R06C01	ok	486427	0.163642232030706	0.962526597111579	4.11161387011823e-06	7833.9436080197	1.43567430716716	6.64
GSE109379	GSM2941785	GSM2941785_9969477100_R03C01	ok	486427	0.254784376689616	0.859244487844992	4.11161387011823e-06	4585.0599935843	1.47461656528345	6.69
GSE109379	GSM2941786	GSM2941786_9969477100_R04C01	ok	486427	0.25022665271459	0.866643367425605	4.11161387011823e-06	5117.0629327998	1.35234090143538	6.63
GSE109379	GSM2941787	GSM2941787_9969477100_R04C02	ok	486427	0.141215434176146	0.988520326874647	4.11161387011823e-06	7248.52661671131	1.67621185558774	6.61
GSE109379	GSM2941788	GSM2941788_9969477101_R06C01	ok	486427	0.15510652163634	0.972616539034795	4.11161387011823e-06	7413.871219179	1.5220621966911	7.06
GSE109379	GSM2941789	GSM2941789_9969477101_R06C02	ok	486427	0.163309191307226	0.963196792927995	4.11161387011823e-06	7263.07288978951	1.51009254807411	6.88
GSE109379	GSM2941790	GSM2941790_9969477102_R02C01	ok	486427	0.171655767463566	0.954369121652876	4.11161387011823e-06	6548.83091165463	1.40743852793056	8.41
GSE109379	GSM2941791	GSM2941791_9969477102_R02C02	ok	486427	0.160266597043338	0.966354525363622	4.11161387011823e-06	6807.14933332793	1.65485389263972	6.78
GSE109379	GSM2941792	GSM2941792_9969477102_R03C01	ok	486427	0.294856165467789	0.817967826489181	4.11161387011823e-06	4642.05079835429	1.31487118965386	6.15
GSE109379	GSM2941793	GSM2941793_9969477102_R04C01	ok	486427	0.164073951487068	0.963795035205839	4.11161387011823e-06	6960.53257313042	1.20549585275358	9.68
GSE109379	GSM2941794	GSM2941794_9969477102_R05C01	ok	486427	0.218647402385147	0.900636274862517	4.11161387011823e-06	6644.62550141913	1.72032064615115	6.51
GSE109379	GSM2941795	GSM2941795_9969477102_R05C02	ok	486427	0.180927456740683	0.942899727604461	4.11161387011823e-06	7404.03764898032	1.73152122039996	6.94
GSE109379	GSM2941796	GSM2941796_9969477104_R01C01	ok	486427	0.156590814243453	0.970842370355142	4.11161387011823e-06	6765.12125425912	1.54347127516144	6.54
GSE109379	GSM2941797	GSM2941797_9969477104_R02C01	ok	486427	0.152232503541127	0.975428894485275	4.11161387011823e-06	7222.03242719584	1.59058462189919	6.59
GSE109379	GSM2941798	GSM2941798_9969477107_R03C01	ok	486427	0.174114512557897	0.950530914323894	4.11161387011823e-06	6775.76551891328	1.73878403185023	6.58
GSE109379	GSM2941799	GSM2941799_9969477107_R03C02	ok	486427	0.347207289069069	0.757230816672663	4.11161387011823e-06	5269.07601580381	1.67501946705003	6.38
GSE109379	GSM2941800	GSM2941800_9969477107_R04C02	ok	486427	0.268961221313784	0.844740710284216	4.11161387011823e-06	5371.05626173162	1.36678052227441	7.02
GSE109379	GSM2941801	GSM2941801_9969477107_R06C02	ok	486427	0.168241072144433	0.956424937040654	4.11161387011823e-06	7789.96460071259	1.89247828495217	6.56
GSE109379	GSM2941802	GSM2941802_9969477108_R01C01	ok	486427	0.175551521605503	0.948629285090199	4.11161387011823e-06	6160.47109672616	1.78433660594367	6.36
GSE109379	GSM2941803	GSM2941803_9969477108_R03C02	ok	486427	0.202716954445374	0.9175946959963	4.11161387011823e-06	7098.88303235787	1.81812399733539	6.83
GSE109379	GSM2941804	GSM2941804_9969477108_R05C02	ok	486427	0.152316791625465	0.975959294855322	4.11161387011823e-06	7412.26158598808	1.43863349396227	7.14
GSE109379	GSM2941805	GSM2941805_9969477122_R02C02	ok	486427	0.199641467270526	0.923548337359305	4.11161387011823e-06	6565.22131070962	1.17893552587313	7.09
GSE109379	GSM2941806	GSM2941806_9969477122_R03C01	ok	486427	0.16953211889965	0.955758852855014	4.11161387011823e-06	6812.26788301559	1.56234076575751	6.61
GSE109379	GSM2941807	GSM2941807_9969477122_R04C01	ok	486427	0.157246616655737	0.969294341368145	4.11161387011823e-06	7859.65040267697	1.93117567168826	6.83
GSE109379	GSM2941808	GSM2941808_9969477122_R05C01	ok	486427	0.154327370807953	0.973031813743126	4.11161387011823e-06	8108.71477555624	1.62842664818357	7.02
GSE109379	GSM2941809	GSM2941809_9969477122_R06C01	ok	486427	0.178039047996925	0.946117078686334	4.11161387011823e-06	8217.36477403003	1.65302440094123	6.59
GSE109379	GSM2941810	GSM2941810_9969477123_R02C01	ok	486427	0.249984067496253	0.866374055609806	4.11161387011823e-06	6362.7647402158	1.54590460358101	9.59
GSE109379	GSM2941811	GSM2941811_9969477123_R04C01	ok	486427	0.183758302890259	0.941403094002159	4.11161387011823e-06	7389.93495293746	1.37585116864675	7.11
GSE109379	GSM2941812	GSM2941812_9969477123_R05C01	ok	486427	0.245307106718994	0.870991416970756	4.11161387011823e-06	6987.69472061897	1.47565342934881	6.36
GSE109379	GSM2941813	GSM2941813_9969477123_R05C02	ok	486427	0.33418786374934	0.772005961864625	4.11161387011823e-06	5607.14559768617	1.66211319170989	6.61
GSE109379	GSM2941814	GSM2941814_9969477123_R06C02	ok	486427	0.450836405051529	0.644430282160662	4.11161387011823e-06	3885.41978221891	1.51893086388917	6.82
GSE109379	GSM2941815	GSM2941815_9969477124_R01C01	ok	486427	0.14327740853201	0.98548183173151	4.11161387011823e-06	6964.72860865541	1.94002600622333	6.63
GSE109379	GSM2941816	GSM2941816_9980102013_R01C02	ok	486427	0.155696538226702	0.971722259341111	4.11161387011823e-06	6512.31704283136	1.46699424197664	6.51
GSE109379	GSM2941817	GSM2941817_9980102013_R02C01	ok	486427	0.244453946840944	0.872370869095955	4.11161387011823e-06	6340.81187332815	1.4070641589683	6.47
GSE109379	GSM2941818	GSM2941818_9980102013_R02C02	ok	486427	0.147386966595193	0.981137893817135	4.11161387011823e-06	7162.3521879702	1.46721594768657	6.71
GSE109379	GSM2941819	GSM2941819_9980102013_R03C01	ok	486427	0.218641234964342	0.900251837385003	4.11161387011823e-06	6944.66932262478	1.55314295259013	6.73
GSE109379	GSM2941820	GSM2941820_9980102013_R03C02	ok	486427	0.146120589523197	0.982585187850131	4.11161387011823e-06	7877.30590744848	1.60576514034854	6.37
GSE109379	GSM2941821	GSM2941821_9980102013_R04C01	ok	486427	0.168152672446225	0.956743588425759	4.11161387011823e-06	7535.72060832465	1.65146685808131	6.63
GSE109379	GSM2941822	GSM2941822_9980102013_R05C01	ok	486427	0.24569565422972	0.871301845094311	4.11161387011823e-06	6338.26280932509	1.37298056977296	6.98
GSE109379	GSM2941823	GSM2941823_9980102013_R05C02	ok	486427	0.225343165572635	0.893303181374313	4.11161387011823e-06	6920.88356973446	1.46552579430474	6.98
GSE109379	GSM2941824	GSM2941824_9980102013_R06C02	ok	486427	0.176852847395395	0.947424577272961	4.11161387011823e-06	7863.56118910701	1.50536533299518	6.61
GSE109379	GSM2941825	GSM2941825_9980102032_R01C01	ok	486427	0.161736499001906	0.96445084031454	4.11161387011823e-06	6875.13840459408	1.60242898773757	7.71
GSE109379	GSM2941826	GSM2941826_9980102032_R02C01	ok	486427	0.154693304442393	0.972316389988179	4.11161387011823e-06	7003.97180688056	1.64293630613247	7.38
GSE109379	GSM2941827	GSM2941827_9980102032_R03C01	ok	486427	0.15023014758638	0.97760805879632	4.11161387011823e-06	7777.52958036563	1.59082454162875	7.79
GSE109379	GSM2941828	GSM2941828_9980102032_R03C02	ok	486427	0.16067364681648	0.966414144009868	4.11161387011823e-06	7598.64962039284	1.35838401216212	7.7
