cohort	geo_accession	idat_prefix	status	n_probes	frac_na	frac_detected	frac_pval_na	mean_intensity	bisulfite_gct	seconds
GSE90496	GSM2402854	GSM2402854_5684819014_R03C02	ok	486427	0.145806051062133	0.983382844220589	4.11161387011823e-06	6478.23842840049	1.05893509821786	11.48
GSE90496	GSM2402855	GSM2402855_5684819014_R05C02	ok	486427	0.145205755437095	0.983921467852187	4.11161387011823e-06	6491.45774425701	1.06597377440255	10.74
GSE90496	GSM2402856	GSM2402856_5684819014_R06C02	ok	486427	0.188869038930816	0.93287968340443	4.11161387011823e-06	5742.42663303273	1.05071719199676	10.96
GSE90496	GSM2402857	GSM2402857_5684819013_R05C02	ok	486427	0.155046903235223	0.972429459834507	4.11161387011823e-06	6766.43791562145	1.10224871133702	9.81
GSE90496	GSM2402858	GSM2402858_5684819014_R03C01	ok	486427	0.149173462821759	0.978806599167395	4.11161387011823e-06	5528.06147248524	1.08727931195275	9.06
GSE90496	GSM2402859	GSM2402859_5684819014_R01C02	ok	486427	0.155453953008365	0.972086138664748	4.11161387011823e-06	4764.87832909392	1.08286594977734	8.68
GSE90496	GSM2402860	GSM2402860_5911815001_R04C01	ok	486427	0.148509437181735	0.980286786246595	4.11161387011823e-06	9188.73635915492	1.04089657576713	10.15
GSE90496	GSM2402861	GSM2402861_5911815001_R03C01	ok	486427	0.141388121958691	0.987959089273783	4.11161387011823e-06	9223.26490505117	1.04744641004225	12.05
GSE90496	GSM2402862	GSM2402862_5911815001_R02C01	ok	486427	0.145257150610472	0.983752890990389	4.11161387011823e-06	8908.10399982373	1.06090205413544	10.77
GSE90496	GSM2402863	GSM2402863_5684819013_R04C01	ok	486427	0.152736176240217	0.974976615099964	4.11161387011823e-06	6865.75007384684	1.12635954280699	8.83
GSE90496	GSM2402864	GSM2402864_5684819013_R03C02	ok	486427	0.151424571415649	0.976314950917408	4.11161387011823e-06	6427.29386955479	1.11021278038091	9.94
GSE90496	GSM2402865	GSM2402865_5684819014_R02C02	ok	486427	0.144697971124136	0.98429768206815	4.11161387011823e-06	5652.88268333421	1.08281991908049	7.62
GSE90496	GSM2402866	GSM2402866_5684819013_R02C01	ok	486427	0.145565521650731	0.983123811481729	4.11161387011823e-06	6395.61919674054	1.11838095796828	9.77
GSE90496	GSM2402867	GSM2402867_5684819013_R05C01	ok	486427	0.160533851944896	0.966072878655497	4.11161387011823e-06	6622.39886779968	1.10576926218003	8.78
GSE90496	GSM2402868	GSM2402868_5911815023_R01C01	ok	486427	0.138028933426804	0.992198180603382	4.11161387011823e-06	7587.60036811862	1.0847877906647	8.77
GSE90496	GSM2402869	GSM2402869_5911815023_R02C01	ok	486427	0.135969014877875	0.994510972914632	4.11161387011823e-06	8053.18434322195	1.05333912563149	9.19
GSE90496	GSM2402870	GSM2402870_5684819026_R01C02	ok	486427	0.152047480916972	0.97568381559336	4.11161387011823e-06	5438.2945906966	1.06414161760385	7.58
GSE90496	GSM2402871	GSM2402871_5911815001_R03C02	ok	486427	0.143955824820579	0.985348203731305	4.11161387011823e-06	9679.87038582847	1.0589330347144	10.62
GSE90496	GSM2402872	GSM2402872_5911815023_R04C01	ok	486427	0.135052124984838	0.995612889962481	4.11161387011823e-06	8191.66232740124	1.05395458125879	9.68
GSE90496	GSM2402873	GSM2402873_5911815023_R05C01	ok	486427	0.13510557596515	0.995454592177622	4.11161387011823e-06	9231.24445463607	1.05756215226831	8.2
GSE90496	GSM2402874	GSM2402874_5911815023_R06C01	ok	486427	0.140763156650433	0.988466875674564	4.11161387011823e-06	7796.90102701522	1.04163656394666	8.7
GSE90496	GSM2402875	GSM2402875_5684819026_R02C01	ok	486427	0.143904429647203	0.985157012900242	4.11161387011823e-06	5752.80900755375	1.07354210779595	8.5
GSE90496	GSM2402876	GSM2402876_6164621155_R05C02	ok	486427	0.136522026943406	0.993668088605643	4.11161387011823e-06	6721.77409913039	1.17412801309221	8.2
GSE90496	GSM2402877	GSM2402877_6164621081_R06C02	ok	486427	0.282883145878004	0.825699748162615	4.11161387011823e-06	5401.94976121743	1.41754297717769	10.7
GSE90496	GSM2402878	GSM2402878_6164621131_R02C02	ok	486427	0.137420414574027	0.992399650511384	4.11161387011823e-06	7127.73618118017	1.16337214165396	9.28
GSE90496	GSM2402879	GSM2402879_6164621081_R06C01	ok	486427	0.138935544285165	0.990629593462507	4.11161387011823e-06	6729.5217889387	1.07400866426978	10
GSE90496	GSM2402880	GSM2402880_6164621081_R04C02	ok	486427	0.136219823323952	0.993933288790667	4.11161387011823e-06	6922.6630130343	1.07245099732673	10.5
GSE90496	GSM2402881	GSM2402881_6164621155_R03C01	ok	486427	0.13562980673359	0.994786452176595	4.11161387011823e-06	6244.31414385873	1.12013059463626	8.24
GSE90496	GSM2402882	GSM2402882_6164621131_R02C01	ok	486427	0.136968137048314	0.99294032995837	4.11161387011823e-06	6883.86583066237	1.04717423930668	8.79
GSE90496	GSM2402883	GSM2402883_6164621131_R05C02	ok	486427	0.138341416080933	0.991252505525004	4.11161387011823e-06	7241.51047092819	1.08571620774068	8.87
GSE90496	GSM2402884	GSM2402884_6969568005_R02C01	ok	486427	0.136279441725069	0.994256051806548	4.11161387011823e-06	6637.05535996369	1.12612091912776	9.56
GSE90496	GSM2402885	GSM2402885_6929689168_R02C02	ok	486427	0.135239203415929	0.995096880300149	4.11161387011823e-06	6402.2302873928	1.10514829808959	7.92
GSE90496	GSM2402886	GSM2402886_6969568005_R03C01	ok	486427	0.135323491500266	0.995514210823868	4.11161387011823e-06	7061.98697068999	1.13846602099408	9.12
GSE90496	GSM2402887	GSM2402887_6969568005_R04C01	ok	486427	0.135341993762682	0.99551215500848	4.11161387011823e-06	7089.11256301123	1.12382994630795	10.05
GSE90496	GSM2402888	GSM2402888_6969568005_R05C01	ok	486427	0.135814829357745	0.994681605591818	4.11161387011823e-06	7270.6940227721	1.12797188291222	10.58
GSE90496	GSM2402889	GSM2402889_6969568005_R06C01	ok	486427	0.139330259216696	0.990740607493447	4.11161387011823e-06	7006.47691647282	1.09331980553309	9.46
GSE90496	GSM2402890	GSM2402890_6929689168_R03C02	ok	486427	0.134766367820865	0.99610422984016	4.11161387011823e-06	6456.01693847749	1.10304729581246	9.64
GSE90496	GSM2402891	GSM2402891_6969568005_R01C02	ok	486427	0.135855945496447	0.994948861592229	4.11161387011823e-06	5822.17882894736	1.14029708638756	7.83
GSE90496	GSM2402892	GSM2402892_6164621144_R06C02	ok	486427	0.139118511102385	0.990584365523976	4.11161387011823e-06	6117.95584077863	1.09273936381646	8.47
GSE90496	GSM2402893	GSM2402893_6969568005_R03C02	ok	486427	0.135553741876993	0.99521611759264	4.11161387011823e-06	6353.67625592421	1.14394550478574	8.29
GSE90496	GSM2402894	GSM2402894_6969568005_R04C02	ok	486427	0.135393388936058	0.995427866577581	4.11161387011823e-06	6565.36137301579	1.14482995969878	10.25
GSE90496	GSM2402895	GSM2402895_6969568005_R05C02	ok	486427	0.135876503565797	0.994885131315208	4.11161387011823e-06	7131.45458335654	1.14330795248544	8.54
GSE90496	GSM2402896	GSM2402896_6969568005_R06C02	ok	486427	0.139328203409761	0.990670709770263	4.11161387011823e-06	6860.74188879641	1.11430279023798	11.17
GSE90496	GSM2402897	GSM2402897_6929689153_R02C01	ok	486427	0.13682834217673	0.993542683866989	4.11161387011823e-06	5946.04676015749	1.13754250470782	10.79
GSE90496	GSM2402898	GSM2402898_6929689153_R06C01	ok	486427	0.136717328602236	0.993483065220743	4.11161387011823e-06	6917.70467661434	1.12367324410529	10.75
GSE90496	GSM2402899	GSM2402899_6929689153_R01C02	ok	486427	0.136238325586368	0.994323893714344	4.11161387011823e-06	5638.25677070643	1.14272919907732	8.39
GSE90496	GSM2402900	GSM2402900_6929689153_R02C02	ok	486427	0.135855945496447	0.994932415069127	4.11161387011823e-06	6146.78424734194	1.14049967732316	8.04
GSE90496	GSM2402901	GSM2402901_6929689153_R04C02	ok	486427	0.135039790143228	0.995886313409056	4.11161387011823e-06	6443.97151798946	1.14557413581743	9.15
GSE90496	GSM2402902	GSM2402902_6929689153_R05C02	ok	486427	0.134955502058891	0.996001439070771	4.11161387011823e-06	6710.45749970165	1.15180223347874	9.06
GSE90496	GSM2402903	GSM2402903_6929689153_R06C02	ok	486427	0.135897061635148	0.994839903376677	4.11161387011823e-06	6768.62711977079	1.12643702211619	9.58
GSE90496	GSM2402904	GSM2402904_6929689161_R01C01	ok	486427	0.13614170266042	0.994533586883898	4.11161387011823e-06	6493.49407527743	1.12834796282649	8.79
GSE90496	GSM2402905	GSM2402905_6929689161_R04C01	ok	486427	0.135358440218162	0.995189391992599	4.11161387011823e-06	6805.93255974692	1.13035154305834	11.26
GSE90496	GSM2402906	GSM2402906_6929689161_R05C01	ok	486427	0.136439794666003	0.994062805160097	4.11161387011823e-06	6793.23050251601	1.11891043367877	8.78
GSE90496	GSM2402907	GSM2402907_6929689161_R06C01	ok	486427	0.13682834217673	0.993867502698258	4.11161387011823e-06	6775.70023801937	1.10631645378814	10.77
GSE90496	GSM2402908	GSM2402908_6929689161_R01C02	ok	486427	0.136986639310729	0.993450172174539	4.11161387011823e-06	5907.75419525627	1.12039740774724	11
GSE90496	GSM2402909	GSM2402909_6929689168_R05C02	ok	486427	0.134805428152631	0.9960302204862	4.11161387011823e-06	7054.44659613238	1.08897222354395	8.36
GSE90496	GSM2402910	GSM2402910_6929689168_R01C01	ok	486427	0.137173717741819	0.99294032995837	4.11161387011823e-06	6470.49935267036	1.12758269097416	9.07
GSE90496	GSM2402911	GSM2402911_6929689152_R06C02	ok	486427	0.13789736178296	0.991908310633705	4.11161387011823e-06	6551.82548619949	1.13236078433655	10.6
GSE90496	GSM2402912	GSM2402912_6929689168_R05C01	ok	486427	0.136077972645433	0.994307447191242	4.11161387011823e-06	7101.41499964847	1.10009364238823	10.71
GSE90496	GSM2402913	GSM2402913_6929689168_R02C01	ok	486427	0.137060648360391	0.992971167189186	4.11161387011823e-06	6613.5182620029	1.12910094245737	11.04
GSE90496	GSM2402914	GSM2402914_6929689168_R03C01	ok	486427	0.13563802996133	0.99462404276096	4.11161387011823e-06	6942.88473736037	1.16109978594358	9.9
GSE90496	GSM2402915	GSM2402915_6929689168_R06C01	ok	486427	0.13805565891696	0.991994654879992	4.11161387011823e-06	7117.10660579332	1.13557350695675	10.37
GSE90496	GSM2402916	GSM2402916_6929689168_R01C02	ok	486427	0.137967259218752	0.991869250141337	4.11161387011823e-06	6381.82060216393	1.25597982684586	10.63
GSE90496	GSM2402917	GSM2402917_6164621144_R04C02	ok	486427	0.135136413069176	0.995355913039009	4.11161387011823e-06	6241.68714095344	1.06783471312772	8.69
GSE90496	GSM2402918	GSM2402918_6969568004_R01C01	ok	486427	0.135794271288395	0.994517140360796	4.11161387011823e-06	6701.86742098779	1.11379141206486	10.2
GSE90496	GSM2402919	GSM2402919_6164621144_R04C01	ok	486427	0.134842432677462	0.995758852855014	4.11161387011823e-06	6618.17257724556	1.06799623461182	8.91
GSE90496	GSM2402920	GSM2402920_6164621144_R05C01	ok	486427	0.135576355753279	0.994572647376266	4.11161387011823e-06	6505.68090389213	1.06564734321218	8.88
GSE90496	GSM2402921	GSM2402921_6164621144_R02C01	ok	486427	0.13579221548146	0.994712442822634	4.11161387011823e-06	6371.48033804178	1.0898000820623	7
GSE90496	GSM2402922	GSM2402922_6929689152_R05C02	ok	486427	0.134608070686866	0.9962152438711	4.11161387011823e-06	6969.07714857269	1.08899814663904	10.46
GSE90496	GSM2402923	GSM2402923_6929689136_R03C02	ok	486427	0.13528031955463	0.995341522331295	4.11161387011823e-06	7081.71410362799	1.12679347987607	8.59
GSE90496	GSM2402924	GSM2402924_6929689136_R04C02	ok	486427	0.134634796177021	0.9962152438711	4.11161387011823e-06	7411.25557743631	1.13199645327463	10.18
GSE90496	GSM2402925	GSM2402925_6929689136_R05C02	ok	486427	0.134632740370086	0.996209076424937	4.11161387011823e-06	7241.9578423045	1.10717218492598	10.23
GSE90496	GSM2402926	GSM2402926_6929689136_R06C02	ok	486427	0.136112921363329	0.994408182145243	4.11161387011823e-06	7027.57043871567	1.08416027210031	10.4
GSE90496	GSM2402927	GSM2402927_6929689152_R01C01	ok	486427	0.135191919856422	0.995082489592435	4.11161387011823e-06	6477.41685240818	1.11038621890362	9.82
GSE90496	GSM2402928	GSM2402928_6929689152_R02C01	ok	486427	0.135233035995124	0.995495708485378	4.11161387011823e-06	6417.36199066329	1.08618898642978	9.2
GSE90496	GSM2402929	GSM2402929_6929689152_R03C01	ok	486427	0.134490889691567	0.996365318394408	4.11161387011823e-06	6807.76912697738	1.07903991043733	10.82
GSE90496	GSM2402930	GSM2402930_6929689152_R04C01	ok	486427	0.134439494518191	0.996482499871511	4.11161387011823e-06	6926.45774524253	1.07875849538987	12.37
GSE90496	GSM2402931	GSM2402931_6929689152_R06C01	ok	486427	0.136012186823511	0.994391735622141	4.11161387011823e-06	6899.76769713114	1.07523583759212	10.33
GSE90496	GSM2402932	GSM2402932_6929689152_R01C02	ok	486427	0.134854767519073	0.995968546024567	4.11161387011823e-06	6225.92515315025	1.07834496641753	9.47
GSE90496	GSM2402933	GSM2402933_6929689161_R03C02	ok	486427	0.13614992588816	0.994192321529527	4.11161387011823e-06	6606.18129032579	1.13045331295378	9.86
GSE90496	GSM2402934	GSM2402934_6929689161_R04C02	ok	486427	0.136604259220808	0.993787325898134	4.11161387011823e-06	6760.10221301099	1.09811292234738	9.62
GSE90496	GSM2402935	GSM2402935_6929689161_R05C02	ok	486427	0.137716450772675	0.992640180911754	4.11161387011823e-06	6776.39325489359	1.13301635351763	8.95
GSE90496	GSM2402936	GSM2402936_6929689161_R06C02	ok	486427	0.139387821810878	0.990609035308629	4.11161387011823e-06	6655.61346060498	1.09567055833733	9.09
GSE90496	GSM2402937	GSM2402937_6929689161_R02C02	ok	486427	0.138978716230801	0.990882458755204	4.11161387011823e-06	6221.76046173972	1.14270704145456	9.78
GSE90496	GSM2402938	GSM2402938_6969568004_R06C01	ok	486427	0.13632466947764	0.994052526083158	4.11161387011823e-06	7601.66042413205	1.05719706405232	8.14
GSE90496	GSM2402939	GSM2402939_6969568004_R01C02	ok	486427	0.135744931921953	0.99466104743794	4.11161387011823e-06	6740.08611209643	1.06461275099937	10.94
GSE90496	GSM2402940	GSM2402940_6969568004_R02C02	ok	486427	0.134945223024215	0.995894536670607	4.11161387011823e-06	6907.63344192169	1.06572101859119	8.95
GSE90496	GSM2402941	GSM2402941_6969568004_R04C02	ok	486427	0.135919675511433	0.994428740299121	4.11161387011823e-06	7673.88672555786	1.06863634734496	10.05
GSE90496	GSM2402942	GSM2402942_6969568004_R05C02	ok	486427	0.135755210956629	0.994691884668757	4.11161387011823e-06	7507.11390226914	1.05961279070897	10.35
GSE90496	GSM2402943	GSM2402943_6969568004_R06C02	ok	486427	0.138688847452958	0.991328570694352	4.11161387011823e-06	7041.79584316213	1.04988725491214	10.33
GSE90496	GSM2402944	GSM2402944_6929689136_R01C01	ok	486427	0.135257705678344	0.995347689777458	4.11161387011823e-06	6299.28271718237	1.08004989059045	8.81
GSE90496	GSM2402945	GSM2402945_6929689136_R02C01	ok	486427	0.134957557865826	0.995832862208974	4.11161387011823e-06	6512.79230806012	1.07705005208051	9.14
GSE90496	GSM2402946	GSM2402946_6929689136_R03C01	ok	486427	0.135670922872291	0.994648712545613	4.11161387011823e-06	6908.8016281059	1.07088995081532	10.57
GSE90496	GSM2402947	GSM2402947_6929689136_R04C01	ok	486427	0.135358440218162	0.995029038392352	4.11161387011823e-06	7041.8140254005	1.06786586033321	9.49
GSE90496	GSM2402948	GSM2402948_6929689136_R05C01	ok	486427	0.135411891198474	0.995053708177006	4.11161387011823e-06	7087.00780752132	1.06290564137191	9
GSE90496	GSM2402949	GSM2402949_6929689136_R06C01	ok	486427	0.136285609145874	0.993668088605643	4.11161387011823e-06	7284.35733894178	1.0681911495802	9.98
GSE90496	GSM2402950	GSM2402950_6929689136_R01C02	ok	486427	0.135362551832032	0.995357968854397	4.11161387011823e-06	6680.3111834342	1.07656253237703	11.03
GSE90496	GSM2402951	GSM2402951_6969568004_R03C01	ok	486427	0.135574299946343	0.995043429100067	4.11161387011823e-06	6908.0056841943	1.0730817100013	8.91
GSE90496	GSM2402952	GSM2402952_6969568004_R04C01	ok	486427	0.135434505074759	0.995133884977129	4.11161387011823e-06	7198.41283412393	1.04851565653724	9.7
GSE90496	GSM2402953	GSM2402953_6164621144_R03C02	ok	486427	0.134860934939878	0.995705401654931	4.11161387011823e-06	6557.87243012847	1.07448685892495	12.25
GSE90496	GSM2402954	GSM2402954_6164621144_R02C02	ok	486427	0.135128189841436	0.995214061777252	4.11161387011823e-06	6558.88877564155	1.05726755544471	8.45
GSE90496	GSM2402955	GSM2402955_6164621144_R06C01	ok	486427	0.136256827848783	0.993912730636789	4.11161387011823e-06	6580.66397876795	1.06022273164191	9.53
GSE90496	GSM2402956	GSM2402956_6164621144_R01C02	ok	486427	0.135584578981019	0.994751503315002	4.11161387011823e-06	5624.21654921883	1.05482388669749	6.83
GSE90496	GSM2402957	GSM2402957_6969568004_R02C01	ok	486427	0.135512625738292	0.994798787068921	4.11161387011823e-06	6954.59164315874	1.09700651415817	7.04
GSE90496	GSM2402958	GSM2402958_6929718017_R01C01	ok	486427	0.13616637234364	0.9941799866372	4.11161387011823e-06	5806.79981499458	1.17468707288655	8.45
GSE90496	GSM2402959	GSM2402959_6929718027_R01C01	ok	486427	0.135880615179667	0.994658991622552	4.11161387011823e-06	5463.42099422646	1.18495634015772	6.73
GSE90496	GSM2402960	GSM2402960_6929718027_R02C01	ok	486427	0.136080028452368	0.994478079868428	4.11161387011823e-06	5801.33502069213	1.1635442625309	7.14
GSE90496	GSM2402961	GSM2402961_6929718026_R05C02	ok	486427	0.135132301455306	0.995651950454849	4.11161387011823e-06	6698.95347747268	1.14107602092093	7.12
GSE90496	GSM2402962	GSM2402962_6929718027_R06C01	ok	486427	0.139648909291631	0.989926504599887	4.11161387011823e-06	6283.54427647604	1.12434956504615	7.42
GSE90496	GSM2402963	GSM2402963_6929718027_R04C01	ok	486427	0.135422170233149	0.994987922084597	4.11161387011823e-06	6235.9369611571	1.19669394268414	8.22
GSE90496	GSM2402964	GSM2402964_6929718017_R06C01	ok	486427	0.140576078219342	0.988814308475099	4.11161387011823e-06	6417.56480439881	1.06747406325065	6.91
GSE90496	GSM2402965	GSM2402965_6929718017_R01C02	ok	486427	0.136291776566679	0.994484247314591	4.11161387011823e-06	5967.39927681509	1.09338311373964	7.39
GSE90496	GSM2402966	GSM2402966_6929718017_R02C02	ok	486427	0.135905284862888	0.994541810145449	4.11161387011823e-06	6301.29174680816	1.07501781051802	6.9
GSE90496	GSM2402967	GSM2402967_6929718017_R06C02	ok	486427	0.141153759968094	0.988440150074523	4.11161387011823e-06	6375.91240151363	1.07137393928395	8.87
GSE90496	GSM2402968	GSM2402968_6929718017_R02C01	ok	486427	0.135843610654836	0.994508917099244	4.11161387011823e-06	6349.35455788786	1.08534949825651	6.63
GSE90496	GSM2402969	GSM2402969_6929718026_R01C01	ok	486427	0.136367841423276	0.994042247006219	4.11161387011823e-06	5695.20145035468	1.08293669877671	6.4
GSE90496	GSM2402970	GSM2402970_6929718026_R02C01	ok	486427	0.135212477925773	0.995600555070155	4.11161387011823e-06	6018.72969055009	1.08068072109622	6.34
GSE90496	GSM2402971	GSM2402971_6929718017_R03C01	ok	486427	0.135502346703616	0.995117438454027	4.11161387011823e-06	6358.74893025812	1.08672310700701	8.14
GSE90496	GSM2402972	GSM2402972_6929718017_R04C01	ok	486427	0.135685313520837	0.994737112607288	4.11161387011823e-06	6380.61761805091	1.08317974643859	9.58
GSE90496	GSM2402973	GSM2402973_6929718017_R05C01	ok	486427	0.135140524683046	0.995664285347176	4.11161387011823e-06	6622.81408152529	1.07096887449846	8.1
GSE90496	GSM2402974	GSM2402974_6929718026_R06C01	ok	486427	0.148022210938126	0.980342293262065	4.11161387011823e-06	6432.9891085012	1.13066908013072	6.58
GSE90496	GSM2402975	GSM2402975_6929718026_R01C02	ok	486427	0.136622761483224	0.993746209590379	4.11161387011823e-06	6051.40916891568	1.085791315179	8.44
GSE90496	GSM2402976	GSM2402976_6929718027_R03C02	ok	486427	0.137329959068884	0.992915660173716	4.11161387011823e-06	6453.29352099238	1.11590652909025	7.01
GSE90496	GSM2402977	GSM2402977_6929718027_R04C02	ok	486427	0.135584578981019	0.994965308115331	4.11161387011823e-06	6698.18246045222	1.1134669252318	7.02
GSE90496	GSM2402978	GSM2402978_6929718027_R05C02	ok	486427	0.136178707185251	0.994728889345737	4.11161387011823e-06	6941.59834152509	1.12908106094846	7.25
GSE90496	GSM2402979	GSM2402979_6929689149_R01C01	ok	486427	0.136100586521719	0.994214935498792	4.11161387011823e-06	5700.83206113024	1.05794613998901	8.24
GSE90496	GSM2402980	GSM2402980_6929689149_R03C01	ok	486427	0.134982227549046	0.99575268540885	4.11161387011823e-06	6287.88334199644	1.05916798545954	8.31
GSE90496	GSM2402981	GSM2402981_6929718050_R02C01	ok	486427	0.135091185316605	0.995621113224032	4.11161387011823e-06	6918.01564136848	1.07429505707594	6.71
GSE90496	GSM2402982	GSM2402982_6929718049_R01C02	ok	486427	0.137159327093274	0.993004060235391	4.11161387011823e-06	6608.21523341185	1.08150505247736	7.13
GSE90496	GSM2402983	GSM2402983_6929718050_R01C01	ok	486427	0.137077094815872	0.993187027804903	4.11161387011823e-06	6308.50496572592	1.07804336996363	8.62
GSE90496	GSM2402984	GSM2402984_6929718049_R02C02	ok	486427	0.144502669465305	0.984215449452639	4.11161387011823e-06	6989.64878847911	1.08728280864618	6.64
GSE90496	GSM2402985	GSM2402985_6929718049_R03C02	ok	486427	0.135074738861124	0.995590275993216	4.11161387011823e-06	7311.73246376104	1.0761727271818	6.89
GSE90496	GSM2402986	GSM2402986_6929718049_R04C02	ok	486427	0.135222756960448	0.995454592177622	4.11161387011823e-06	7674.7384116198	1.07513457708992	7.05
GSE90496	GSM2402987	GSM2402987_6929718049_R05C02	ok	486427	0.135025399494683	0.995769131931952	4.11161387011823e-06	8007.36080591981	1.0756468252259	7.91
GSE90496	GSM2402988	GSM2402988_6929718050_R03C01	ok	486427	0.135230980188189	0.995355913039009	4.11161387011823e-06	7202.76614151817	1.07305182064168	8.69
GSE90496	GSM2402989	GSM2402989_6929689149_R06C01	ok	486427	0.14257843417409	0.986213702009559	4.11161387011823e-06	6227.66371141866	1.03824860544626	9.67
GSE90496	GSM2402990	GSM2402990_6929689149_R01C02	ok	486427	0.136277385918134	0.993875725959809	4.11161387011823e-06	5483.1789733104	1.06718218457593	6.92
GSE90496	GSM2402991	GSM2402991_6929689149_R02C02	ok	486427	0.135329658921071	0.995431978208357	4.11161387011823e-06	5714.30447050751	1.05298755982266	6.65
GSE90496	GSM2402992	GSM2402992_6929689149_R03C02	ok	486427	0.135726429659538	0.994669270699491	4.11161387011823e-06	5983.09753986148	1.05264112818253	8.93
GSE90496	GSM2402993	GSM2402993_6929689149_R05C01	ok	486427	0.135500290896681	0.995008480238475	4.11161387011823e-06	6718.83004193546	1.05357955231645	7.04
GSE90496	GSM2402994	GSM2402994_6929718050_R04C01	ok	486427	0.136807784107379	0.993372051189803	4.11161387011823e-06	7587.06896208738	1.08106070862937	7.22
GSE90496	GSM2402995	GSM2402995_6929689149_R04C01	ok	486427	0.135413947005409	0.995055763992393	4.11161387011823e-06	6428.95365695691	1.07619575734335	6.94
GSE90496	GSM2402996	GSM2402996_6929689149_R04C02	ok	486427	0.135701759976317	0.994525363622347	4.11161387011823e-06	6006.38146460839	1.07827126805604	7.42
GSE90496	GSM2402997	GSM2402997_6929718001_R01C02	ok	486427	0.14033966042181	0.989437220537596	4.11161387011823e-06	6453.76912484527	1.10535688092567	9.1
GSE90496	GSM2402998	GSM2402998_6929718001_R03C02	ok	486427	0.136476799190834	0.993859279436707	4.11161387011823e-06	7374.50558869032	1.13991113891726	6.7
GSE90496	GSM2402999	GSM2402999_6929718020_R03C02	ok	486427	0.136735830864652	0.993271316235802	4.11161387011823e-06	7123.07249615684	1.10505303170401	6.69
GSE90496	GSM2403000	GSM2403000_6929718020_R05C02	ok	486427	0.136820118948989	0.993522125713111	4.11161387011823e-06	7327.56362628418	1.10999235209888	8.5
GSE90496	GSM2403001	GSM2403001_6929718057_R03C02	ok	486427	0.137952868570207	0.992054273526237	4.11161387011823e-06	6192.27616990663	1.09362989781967	6.8
GSE90496	GSM2403002	GSM2403002_6929718057_R04C02	ok	486427	0.135905284862888	0.994617875314797	4.11161387011823e-06	6705.14844619328	1.11235527321705	7.18
GSE90496	GSM2403003	GSM2403003_6929689149_R06C02	ok	486427	0.139030111404178	0.990516523616179	4.11161387011823e-06	6329.56444104648	1.06632651529948	7.07
GSE90496	GSM2403004	GSM2403004_6929718001_R04C02	ok	486427	0.137005141573145	0.993298041835843	4.11161387011823e-06	7302.44483604367	1.11412883926486	6.26
GSE90496	GSM2403005	GSM2403005_6929718001_R05C02	ok	486427	0.13649941306712	0.993663976974868	4.11161387011823e-06	7508.0450692791	1.094180906079	8.52
GSE90496	GSM2403006	GSM2403006_6929718009_R01C01	ok	486427	0.136653598587249	0.993367939559028	4.11161387011823e-06	6005.96151318541	1.11701714193592	9.72
GSE90496	GSM2403007	GSM2403007_6929718009_R02C01	ok	486427	0.136398678527302	0.994009353960014	4.11161387011823e-06	6575.38149539774	1.09255349331135	6.9
GSE90496	GSM2403008	GSM2403008_6929718009_R03C01	ok	486427	0.13547150959959	0.995177057100272	4.11161387011823e-06	7043.93603855838	1.07809265765326	7.49
GSE90496	GSM2403009	GSM2403009_6929718009_R04C01	ok	486427	0.13736490778678	0.992543557588529	4.11161387011823e-06	7457.60967814389	1.08820256336508	9.02
GSE90496	GSM2403010	GSM2403010_6929718009_R05C01	ok	486427	0.13755198621787	0.992677185588734	4.11161387011823e-06	8022.27410314493	1.1180385838508	7.42
GSE90496	GSM2403011	GSM2403011_6929718009_R06C01	ok	486427	0.136559031468237	0.993645474636378	4.11161387011823e-06	7990.0960958276	1.07996539544956	7.12
GSE90496	GSM2403012	GSM2403012_6929718009_R01C02	ok	486427	0.136285609145874	0.993962070206096	4.11161387011823e-06	6443.12359039574	1.09921799921922	6.98
GSE90496	GSM2403013	GSM2403013_6929718009_R02C02	ok	486427	0.135985461333355	0.994685717222593	4.11161387011823e-06	6826.8335428446	1.08534622662823	7.39
GSE90496	GSM2403014	GSM2403014_6929718009_R03C02	ok	486427	0.135555797683928	0.994811121961248	4.11161387011823e-06	7046.69273092929	1.09108403577348	9.09
GSE90496	GSM2403015	GSM2403015_6929718009_R04C02	ok	486427	0.135142580489981	0.995485429408439	4.11161387011823e-06	7359.90225343874	1.08015756222103	7.15
GSE90496	GSM2403016	GSM2403016_6929718009_R05C02	ok	486427	0.135405723777669	0.995166778023334	4.11161387011823e-06	7648.85460166112	1.09925532791444	7.03
GSE90496	GSM2403017	GSM2403017_6929718009_R06C02	ok	486427	0.137440972643377	0.992806701958164	4.11161387011823e-06	7671.93007478587	1.1043739582638	7.75
GSE90496	GSM2403018	GSM2403018_6929718020_R01C01	ok	486427	0.136394566913432	0.993964126021483	4.11161387011823e-06	4869.19224343331	1.07846556449696	7.23
GSE90496	GSM2403019	GSM2403019_6929718020_R02C01	ok	486427	0.135510569931357	0.995183224546436	4.11161387011823e-06	5452.67978502717	1.08241212655406	6.95
GSE90496	GSM2403020	GSM2403020_6929718020_R03C01	ok	486427	0.135518793159097	0.995098936115537	4.11161387011823e-06	6301.42853671729	1.09155089500495	6.92
GSE90496	GSM2403021	GSM2403021_6929718020_R04C01	ok	486427	0.135060348212579	0.995563550393175	4.11161387011823e-06	6809.70372919612	1.07691198560634	6.62
GSE90496	GSM2403022	GSM2403022_6929718020_R05C01	ok	486427	0.135496179282811	0.994893354576759	4.11161387011823e-06	7346.84457134908	1.08190810134963	8.35
GSE90496	GSM2403023	GSM2403023_6929718020_R01C02	ok	486427	0.137005141573145	0.99338438608213	4.11161387011823e-06	6234.22117980983	1.13579016282079	9.7
GSE90496	GSM2403024	GSM2403024_6929718020_R02C02	ok	486427	0.135564020911668	0.995152387315619	4.11161387011823e-06	6911.09494586794	1.08090828100073	6.82
GSE90496	GSM2403025	GSM2403025_6929718001_R06C02	ok	486427	0.139262417587839	0.990547360846996	4.11161387011823e-06	7694.57866043072	1.08072305700447	7.12
GSE90496	GSM2403026	GSM2403026_6929718049_R06C01	ok	486427	0.138129667966622	0.991486868479211	4.11161387011823e-06	8070.66263576102	1.30944127854043	8.68
GSE90496	GSM2403027	GSM2403027_6929718049_R03C01	ok	486427	0.13596695907094	0.994227270391119	4.11161387011823e-06	7434.24788968264	1.06598935763751	7.13
GSE90496	GSM2403028	GSM2403028_6929718049_R01C01	ok	486427	0.138997218493217	0.990814616847407	4.11161387011823e-06	6674.92057474095	1.06612444441768	6.68
GSE90496	GSM2403029	GSM2403029_6929793058_R06C02	ok	486427	0.195659369237316	0.924545407822378	4.11161387011823e-06	5564.6424498842	1.50481330911052	7.29
GSE90496	GSM2403030	GSM2403030_6929793058_R03C02	ok	486427	0.160075406998378	0.966391530040602	4.11161387011823e-06	6411.09847125328	1.73502157330126	8.58
GSE90496	GSM2403031	GSM2403031_6929793058_R05C02	ok	486427	0.155018121938133	0.971866166418256	4.11161387011823e-06	6400.62426823659	1.61538410652864	7.13
GSE90496	GSM2403032	GSM2403032_6929793089_R03C02	ok	486427	0.137268284860832	0.992897157835226	4.11161387011823e-06	6598.13593157345	1.10029555330953	7.15
GSE90496	GSM2403033	GSM2403033_6929793089_R04C02	ok	486427	0.136552864047432	0.993723595621113	4.11161387011823e-06	6905.68791299689	1.0812962357206	8.16
GSE90496	GSM2403034	GSM2403034_6929793061_R01C02	ok	486427	0.136121144591069	0.994473968237652	4.11161387011823e-06	5887.1502211439	1.10683038288732	6.69
GSE90496	GSM2403035	GSM2403035_6929793061_R02C02	ok	486427	0.136680324077405	0.993834609652053	4.11161387011823e-06	6520.88212325015	1.09128868156818	7.16
GSE90496	GSM2403036	GSM2403036_6929793061_R06C01	ok	486427	0.139926443227864	0.989607853214781	4.11161387011823e-06	6462.56200631448	1.08171861195577	8.27
GSE90496	GSM2403037	GSM2403037_6929793061_R03C02	ok	486427	0.136567254695977	0.993750321221154	4.11161387011823e-06	6312.15425071629	1.1430155337662	6.82
GSE90496	GSM2403038	GSM2403038_6929793052_R06C02	ok	486427	0.145413391937536	0.983389011666752	4.11161387011823e-06	6346.43609455446	1.04675358333754	6.59
GSE90496	GSM2403039	GSM2403039_6929793061_R01C01	ok	486427	0.1384215925514	0.991745901218071	4.11161387011823e-06	5903.11716127305	1.13569444170195	8.31
GSE90496	GSM2403040	GSM2403040_6929793061_R02C01	ok	486427	0.139373431162333	0.990267769954258	4.11161387011823e-06	6259.57208794757	1.20858345398779	9.77
GSE90496	GSM2403041	GSM2403041_6929793061_R03C01	ok	486427	0.139225413063008	0.990452793339158	4.11161387011823e-06	6546.01610435467	1.08256616120836	6.9
GSE90496	GSM2403042	GSM2403042_6929793052_R02C02	ok	486427	0.140724096318667	0.988999331859999	4.11161387011823e-06	6455.34508573879	1.12909524051851	7.01
GSE90496	GSM2403043	GSM2403043_6929793061_R04C01	ok	486427	0.136546696626626	0.993740042144215	4.11161387011823e-06	6834.53444258877	1.08673947237836	8.67
GSE90496	GSM2403044	GSM2403044_6929793061_R05C01	ok	486427	0.136347283353926	0.994122423806342	4.11161387011823e-06	6466.76465703205	1.0769494002967	7.03
GSE90496	GSM2403045	GSM2403045_6929793052_R03C02	ok	486427	0.139572844435033	0.990019016292337	4.11161387011823e-06	6241.22688066458	1.21143532881234	7.04
GSE90496	GSM2403046	GSM2403046_6929793052_R04C02	ok	486427	0.136916741874937	0.993205530143393	4.11161387011823e-06	6101.85214068654	1.0688214330507	6.88
GSE90496	GSM2403047	GSM2403047_6229009095_R06C02	ok	486427	0.176297779522929	0.94760137739631	4.11161387011823e-06	7031.18698882905	1.21167953779988	8.38
GSE90496	GSM2403048	GSM2403048_6229009095_R02C02	ok	486427	0.139264473394775	0.990204039677237	4.11161387011823e-06	7160.37651982099	1.37458135154921	8.15
GSE90496	GSM2403049	GSM2403049_6229017094_R01C01	ok	486427	0.138849200393893	0.991164105463329	4.11161387011823e-06	6017.9977221063	1.05679334982559	6.6
GSE90496	GSM2403050	GSM2403050_6229017094_R02C01	ok	486427	0.136885904770911	0.993503623374621	4.11161387011823e-06	6535.13110919819	1.06102932051349	7.39
GSE90496	GSM2403051	GSM2403051_6229017094_R03C01	ok	486427	0.136168428150576	0.994151205221771	4.11161387011823e-06	6656.79318507898	1.05383347609941	8.35
GSE90496	GSM2403052	GSM2403052_6229017094_R04C01	ok	486427	0.135948456808524	0.994578814822429	4.11161387011823e-06	6584.13112427845	1.04462356793361	7.98
GSE90496	GSM2403053	GSM2403053_6229017094_R05C01	ok	486427	0.135607192857304	0.99501259186925	4.11161387011823e-06	6770.25751792716	1.04904363687189	6.95
GSE90496	GSM2403054	GSM2403054_6229017094_R06C01	ok	486427	0.145456563883173	0.982729094927276	4.11161387011823e-06	6038.06389370558	1.03513939443093	9.66
GSE90496	GSM2403055	GSM2403055_6229017094_R01C02	ok	486427	0.138666233576672	0.991314179986637	4.11161387011823e-06	6075.86006872577	1.0562574593328	6.44
GSE90496	GSM2403056	GSM2403056_6229017094_R02C02	ok	486427	0.135590746401824	0.995004368607699	4.11161387011823e-06	6947.7429018953	1.06046004132925	6.36
GSE90496	GSM2403057	GSM2403057_6229017094_R03C02	ok	486427	0.136289720759744	0.994042247006219	4.11161387011823e-06	6942.46939663973	1.05770982295827	6.55
GSE90496	GSM2403058	GSM2403058_6229017094_R04C02	ok	486427	0.136053302962212	0.994504805468469	4.11161387011823e-06	7067.52955068688	1.04993727535025	6.59
GSE90496	GSM2403059	GSM2403059_6229017094_R05C02	ok	486427	0.137514981693039	0.992691576296449	4.11161387011823e-06	7188.58106325441	1.04210036638506	6.75
GSE90496	GSM2403060	GSM2403060_6229017094_R06C02	ok	486427	0.141404568414171	0.987591098319371	4.11161387011823e-06	6594.82271091323	1.04061898097657	6.88
GSE90496	GSM2403061	GSM2403061_6229017023_R04C02	ok	486427	0.136248604621043	0.994083363313974	4.11161387011823e-06	6896.04275836838	1.21575754285044	7.02
GSE90496	GSM2403062	GSM2403062_6229017057_R05C02	ok	486427	0.136279441725069	0.994044302821607	4.11161387011823e-06	6580.84461970223	1.15034392675713	7.08
GSE90496	GSM2403063	GSM2403063_6229017023_R05C01	ok	486427	0.136351394967796	0.993840777098217	4.11161387011823e-06	7089.27890879765	1.06432773786921	6.99
GSE90496	GSM2403064	GSM2403064_6229017057_R01C01	ok	486427	0.142370797673649	0.987149098010999	4.11161387011823e-06	5522.03983353507	1.12673458667942	7.29
GSE90496	GSM2403065	GSM2403065_6229017023_R02C01	ok	486427	0.13738135424226	0.992502441280773	4.11161387011823e-06	6918.89600995115	1.13356958035332	7.04
GSE90496	GSM2403066	GSM2403066_6229017057_R04C01	ok	486427	0.136199265254601	0.994132702883281	4.11161387011823e-06	6679.80964207906	1.15660133514783	6.72
GSE90496	GSM2403067	GSM2403067_6229017022_R04C02	ok	486427	0.143990773538475	0.984795189391993	4.11161387011823e-06	7635.26905212625	1.21223581751415	22.09
GSE90496	GSM2403068	GSM2403068_6229017022_R02C02	ok	486427	0.138470931917842	0.991301845094311	4.11161387011823e-06	7032.14216544113	1.24781674294271	6.97
GSE90496	GSM2403069	GSM2403069_6229017057_R05C01	ok	486427	0.14032321396633	0.9896551369687	4.11161387011823e-06	6683.91297954648	1.07062735249969	8.39
GSE90496	GSM2403070	GSM2403070_6229017022_R06C02	ok	486427	0.137253894212287	0.992870432235185	4.11161387011823e-06	7354.83998374415	1.07288914786482	5.36
GSE90496	GSM2403071	GSM2403071_6247004023_R01C01	ok	486427	0.146539974137949	0.981487382433058	4.11161387011823e-06	6123.56247315826	1.42275473522282	9.52
GSE90496	GSM2403072	GSM2403072_6247004023_R03C02	ok	486427	0.138641563893452	0.991203165955697	4.11161387011823e-06	6789.52676988325	1.22415198879172	6.46
GSE90496	GSM2403073	GSM2403073_6247004023_R04C02	ok	486427	0.138824530710672	0.991106542632472	4.11161387011823e-06	6929.93594909456	1.24435845639506	6.68
GSE90496	GSM2403074	GSM2403074_6247004023_R02C01	ok	486427	0.146449518632806	0.981941717633756	4.11161387011823e-06	6891.66550239969	1.42023122121552	6.66
GSE90496	GSM2403075	GSM2403075_6247004023_R03C01	ok	486427	0.145793716220522	0.982371383049802	4.11161387011823e-06	7093.00010695437	1.4250041620466	6.69
GSE90496	GSM2403076	GSM2403076_6247004024_R03C01	ok	486427	0.137782236594597	0.992171455003341	4.11161387011823e-06	5943.10979869283	1.12703215582062	6.69
GSE90496	GSM2403077	GSM2403077_6247004027_R01C01	ok	486427	0.141583423617521	0.987942642750681	4.11161387011823e-06	6206.20511624264	1.28572070253129	7.16
GSE90496	GSM2403078	GSM2403078_6247004027_R02C01	ok	486427	0.139472109895216	0.990539137585445	4.11161387011823e-06	7095.06588379895	1.26770859545882	6.78
GSE90496	GSM2403079	GSM2403079_6247004027_R03C01	ok	486427	0.141252438700977	0.988129721950969	4.11161387011823e-06	6575.62789228748	1.49194979843638	6.52
GSE90496	GSM2403080	GSM2403080_6247004027_R05C01	ok	486427	0.140356106877291	0.989061006321632	4.11161387011823e-06	7365.72989112697	1.51146026125939	7.32
GSE90496	GSM2403081	GSM2403081_6247004027_R06C01	ok	486427	0.138972548809996	0.990752942385774	4.11161387011823e-06	7555.58034070764	1.17527150112874	6.71
GSE90496	GSM2403082	GSM2403082_6247004027_R04C02	ok	486427	0.136855067666885	0.993207585958781	4.11161387011823e-06	7400.76469104107	1.05350682368706	7.22
GSE90496	GSM2403083	GSM2403083_6247004027_R05C02	ok	486427	0.136386343685692	0.994081307498587	4.11161387011823e-06	7670.85382216946	1.06002781148683	6.7
GSE90496	GSM2403084	GSM2403084_6247004024_R03C02	ok	486427	0.137136713216988	0.993164413835638	4.11161387011823e-06	7096.23717902737	1.07188088832266	22.78
GSE90496	GSM2403085	GSM2403085_6247004024_R05C02	ok	486427	0.137157271286339	0.993024618389269	4.11161387011823e-06	7615.28659565293	1.06827598802496	6.45
GSE90496	GSM2403086	GSM2403086_6247004027_R01C02	ok	486427	0.137163438707144	0.993189083620291	4.11161387011823e-06	6218.38879290325	1.07281723731489	8.23
GSE90496	GSM2403087	GSM2403087_6229017111_R06C01	ok	486427	0.140763156650433	0.9889150434291	4.11161387011823e-06	8071.06523449681	1.06603103060033	5.29
GSE90496	GSM2403088	GSM2403088_6229017103_R06C01	ok	486427	0.147713839897868	0.980566377139333	4.11161387011823e-06	7836.3800281805	1.05029740369886	10.04
GSE90496	GSM2403089	GSM2403089_6229017111_R01C02	ok	486427	0.140781658912848	0.988777303798119	4.11161387011823e-06	6966.70770416577	1.06994487191549	6.25
GSE90496	GSM2403090	GSM2403090_6229017111_R02C02	ok	486427	0.141272996770327	0.988125610320193	4.11161387011823e-06	7298.34361310959	1.0706607010148	6.28
GSE90496	GSM2403091	GSM2403091_6229017111_R04C02	ok	486427	0.137782236594597	0.992522999434651	4.11161387011823e-06	7889.85361938603	1.0648625083689	6.37
GSE90496	GSM2403092	GSM2403092_6229017120_R01C01	ok	486427	0.140621305971914	0.989418718199106	4.11161387011823e-06	5603.5183829684	1.07215998534007	6.43
GSE90496	GSM2403093	GSM2403093_6229017120_R02C01	ok	486427	0.137099708692157	0.993450172174539	4.11161387011823e-06	6285.9948586581	1.0600593536693	7.11
GSE90496	GSM2403094	GSM2403094_6229017120_R04C01	ok	486427	0.136818063142054	0.993651642082541	4.11161387011823e-06	7233.32997188109	1.06360642333055	6.81
GSE90496	GSM2403095	GSM2403095_6229017120_R05C01	ok	486427	0.14083922150703	0.988450429151462	4.11161387011823e-06	7735.51237721154	1.06405890363972	6.93
GSE90496	GSM2403096	GSM2403096_6229017120_R02C02	ok	486427	0.137344349717429	0.993219920851108	4.11161387011823e-06	6059.86375275918	1.06080721873147	6.66
GSE90496	GSM2403097	GSM2403097_6229017103_R03C02	ok	486427	0.13911645529545	0.991036644909287	4.11161387011823e-06	7785.67275409923	1.05463686656553	6.86
GSE90496	GSM2403098	GSM2403098_6229017103_R04C01	ok	486427	0.139420714721839	0.990407565400627	4.11161387011823e-06	7569.63287559937	1.05928981418988	7.25
GSE90496	GSM2403099	GSM2403099_6229017111_R01C01	ok	486427	0.138951990740646	0.990907128539857	4.11161387011823e-06	7185.93106725275	1.08071866651053	6.33
GSE90496	GSM2403100	GSM2403100_6229017103_R05C01	ok	486427	0.140520571432096	0.989496839183841	4.11161387011823e-06	7945.86145748399	1.0573455700452	7.17
GSE90496	GSM2403101	GSM2403101_6229017111_R04C01	ok	486427	0.138653898735062	0.991281286940433	4.11161387011823e-06	7622.23666328163	1.07296958674928	22.65
GSE90496	GSM2403102	GSM2403102_6229017111_R05C01	ok	486427	0.139971670980435	0.989850439430539	4.11161387011823e-06	8119.7754467547	1.06564388182545	6.33
GSE90496	GSM2403103	GSM2403103_6929793058_R01C01	ok	486427	0.141020132517315	0.988740299121139	4.11161387011823e-06	5653.12698020208	1.08300543599351	15.19
GSE90496	GSM2403104	GSM2403104_6929793058_R02C01	ok	486427	0.136990750924599	0.993419334943722	4.11161387011823e-06	6165.74231419385	1.07080456662637	7.24
GSE90496	GSM2403105	GSM2403105_6969568010_R04C01	ok	486427	0.140863891190251	0.988958215552243	4.11161387011823e-06	8375.97749053481	1.06615910214398	9.9
GSE90496	GSM2403106	GSM2403106_6969568010_R01C01	ok	486427	0.143487100839386	0.985654520224084	4.11161387011823e-06	7832.08215020264	1.08987209924649	7.01
GSE90496	GSM2403107	GSM2403107_6969568010_R02C01	ok	486427	0.143729686057723	0.985533227116205	4.11161387011823e-06	7999.55541963838	1.0760563280083	6.29
GSE90496	GSM2403108	GSM2403108_6969568010_R03C01	ok	486427	0.151216934915208	0.976518476640798	4.11161387011823e-06	8149.10971910032	1.07110322708208	6.58
GSE90496	GSM2403109	GSM2403109_6969568010_R05C02	ok	486427	0.145766990730367	0.982729094927276	4.11161387011823e-06	8310.58559256802	1.06049651130325	6.78
GSE90496	GSM2403110	GSM2403110_6969568010_R02C02	ok	486427	0.142701782590193	0.986618697640952	4.11161387011823e-06	7718.9715067374	1.06775017127675	6.59
GSE90496	GSM2403111	GSM2403111_6969568010_R04C02	ok	486427	0.141455963587548	0.987928252042967	4.11161387011823e-06	8174.98625228627	1.06944782692459	6.45
GSE90496	GSM2403112	GSM2403112_6969568103_R03C01	ok	486427	0.153951158138837	0.973533432697744	4.11161387011823e-06	7062.41664172032	1.33474412895708	9.18
GSE90496	GSM2403113	GSM2403113_6969568103_R03C02	ok	486427	0.14362689571097	0.985218687361875	4.11161387011823e-06	7476.08859842108	1.18117433157846	6.77
GSE90496	GSM2403114	GSM2403114_6969568103_R06C01	ok	486427	0.177477812703653	0.945814873824331	4.11161387011823e-06	6626.66348901078	1.21725794821171	6.93
GSE90496	GSM2403115	GSM2403115_6969568103_R01C01	ok	486427	0.149226913802071	0.978800431721231	4.11161387011823e-06	6401.27733557939	1.47268301791869	6.54
GSE90496	GSM2403116	GSM2403116_6969568103_R02C02	ok	486427	0.147064204906389	0.981234517140361	4.11161387011823e-06	6794.10736411049	1.46072380099781	6.86
GSE90496	GSM2403117	GSM2403117_6969568103_R02C01	ok	486427	0.144186075197306	0.984772575422727	4.11161387011823e-06	6950.38562616371	1.44235785111744	7.03
GSE90496	GSM2403118	GSM2403118_6969568103_R05C01	ok	486427	0.148867147588436	0.979762553322712	4.11161387011823e-06	6997.4301044511	1.06510860557983	8.3
GSE90496	GSM2403119	GSM2403119_6969568103_R04C01	ok	486427	0.167233726746254	0.958340956982063	4.11161387011823e-06	6918.22335866873	1.06784238476793	6.24
GSE90496	GSM2403120	GSM2403120_6285641004_R02C02	ok	486427	0.242776408381936	0.875140052423292	4.11161387011823e-06	5104.5167076037	1.26310739415354	6.39
GSE90496	GSM2403121	GSM2403121_6285641004_R05C01	ok	486427	0.294609468635582	0.814933442976821	4.11161387011823e-06	5529.47736686509	1.39600783462354	6.93
GSE90496	GSM2403122	GSM2403122_6285641005_R05C01	ok	486427	0.191190044960498	0.93206558051087	4.11161387011823e-06	6783.49138092971	1.42487183865428	9.46
GSE90496	GSM2403123	GSM2403123_6285641005_R01C01	ok	486427	0.239178746245583	0.878324510458961	4.11161387011823e-06	5100.17180302283	1.51140009656188	6.58
GSE90496	GSM2403124	GSM2403124_6285641005_R06C01	ok	486427	0.430469525745898	0.667270391118878	4.11161387011823e-06	3155.30856904253	1.26004006351139	6.48
GSE90496	GSM2403125	GSM2403125_6285641004_R06C01	ok	486427	0.229789875973168	0.88757773551935	4.11161387011823e-06	6801.18364125592	1.40190423208585	6.79
GSE90496	GSM2403126	GSM2403126_6285641012_R03C02	ok	486427	0.186659046475627	0.937215398057255	4.11161387011823e-06	7351.35949006664	1.29978890929111	7.08
GSE90496	GSM2403127	GSM2403127_6285641010_R03C01	ok	486427	0.192232339076573	0.931006835586164	4.11161387011823e-06	6367.61290218498	1.21172625364036	6.7
GSE90496	GSM2403128	GSM2403128_6285641010_R02C01	ok	486427	0.185853170157084	0.938222747597266	4.11161387011823e-06	7116.01205007017	1.40596002711587	7.17
GSE90496	GSM2403129	GSM2403129_6752625054_R01C01	ok	486427	0.137288842930183	0.992831371742818	4.11161387011823e-06	5196.76914796689	1.05587425431491	8.34
GSE90496	GSM2403130	GSM2403130_6752625054_R04C01	ok	486427	0.138392811254309	0.991780850079663	4.11161387011823e-06	6536.01510128765	1.04724119881232	6.34
GSE90496	GSM2403131	GSM2403131_6752625054_R05C01	ok	486427	0.139032167211113	0.99106131469394	4.11161387011823e-06	7400.67089535407	1.04815773864956	6.75
GSE90496	GSM2403132	GSM2403132_6752625054_R06C01	ok	486427	0.145995185300158	0.982457727296089	4.11161387011823e-06	7315.39755187908	1.04146216755853	6.8
GSE90496	GSM2403133	GSM2403133_6752625054_R01C02	ok	486427	0.138419536744465	0.991692450017988	4.11161387011823e-06	5307.60260937933	1.05467233297745	6.42
GSE90496	GSM2403134	GSM2403134_6752625054_R02C02	ok	486427	0.138549052581374	0.991231947371126	4.11161387011823e-06	5916.55011361955	1.05610406493781	6.64
GSE90496	GSM2403135	GSM2403135_6752625054_R03C02	ok	486427	0.138185174753869	0.991698617464152	4.11161387011823e-06	6003.85706317163	1.05039506591509	6.94
GSE90496	GSM2403136	GSM2403136_6752625054_R04C02	ok	486427	0.139897661930773	0.989523564783882	4.11161387011823e-06	6821.79358659535	1.05133124529711	6.11
GSE90496	GSM2403137	GSM2403137_6752625054_R05C02	ok	486427	0.1403273255802	0.989523564783882	4.11161387011823e-06	7520.96057757592	1.05042743908254	5.93
GSE90496	GSM2403138	GSM2403138_6752625054_R06C02	ok	486427	0.143376087264893	0.985804594747392	4.11161387011823e-06	7006.04064848314	1.04598286823368	7.4
GSE90496	GSM2403139	GSM2403139_6752625051_R02C02	ok	486427	0.13876285650262	0.991386133525209	4.11161387011823e-06	6441.59817413711	1.04757244876544	9.75
GSE90496	GSM2403140	GSM2403140_6752625051_R03C02	ok	486427	0.137165494514079	0.993407000051395	4.11161387011823e-06	6931.97239244822	1.04736109796838	6.5
GSE90496	GSM2403141	GSM2403141_6752625051_R05C02	ok	486427	0.138292076714492	0.992023436295421	4.11161387011823e-06	7341.58358223862	1.04357011007539	6.4
GSE90496	GSM2403142	GSM2403142_6752625051_R06C02	ok	486427	0.141219545790016	0.988479210566891	4.11161387011823e-06	7499.17724445457	1.04512292801316	6.52
GSE90496	GSM2403143	GSM2403143_6752625079_R05C01	ok	486427	0.137118210954573	0.992782032173511	4.11161387011823e-06	9814.26843643964	1.05295912476327	6.56
GSE90496	GSM2403144	GSM2403144_6752625079_R06C01	ok	486427	0.139731141569033	0.990066300046256	4.11161387011823e-06	8607.54526981028	1.06498201244891	7.14
GSE90496	GSM2403145	GSM2403145_6752625079_R01C02	ok	486427	0.136353450774731	0.994247828544997	4.11161387011823e-06	7665.86844469126	1.07574224927046	6.51
GSE90496	GSM2403146	GSM2403146_6752625079_R02C02	ok	486427	0.136688547305145	0.993962070206096	4.11161387011823e-06	7901.3337432697	1.06464184042174	7.22
GSE90496	GSM2403147	GSM2403147_6752625079_R03C02	ok	486427	0.13685301185995	0.993481009405355	4.11161387011823e-06	8286.26306169311	1.06378593908061	6.82
GSE90496	GSM2403148	GSM2403148_6752625079_R04C02	ok	486427	0.136289720759744	0.993997019067688	4.11161387011823e-06	9058.91424908215	1.06817764504493	6.57
GSE90496	GSM2403149	GSM2403149_6752625095_R05C01	ok	486427	0.136281497532004	0.994348563498998	4.11161387011823e-06	8625.39783216991	1.06916253498594	7.03
GSE90496	GSM2403150	GSM2403150_6752625095_R01C02	ok	486427	0.135662699644551	0.995156498946395	4.11161387011823e-06	7122.1201064057	1.09102699260176	6.87
GSE90496	GSM2403151	GSM2403151_6752625095_R02C02	ok	486427	0.135720262238733	0.995006424423087	4.11161387011823e-06	7100.60926669122	1.07007430271347	6.71
GSE90496	GSM2403152	GSM2403152_6752625095_R03C02	ok	486427	0.135944345194654	0.99480906614586	4.11161387011823e-06	7256.04912422964	1.08242029589007	21.99
GSE90496	GSM2403153	GSM2403153_6752625095_R04C02	ok	486427	0.136010131016576	0.994780284730431	4.11161387011823e-06	7762.48711311836	1.07522645196587	6.64
GSE90496	GSM2403154	GSM2403154_6752625095_R05C02	ok	486427	0.135843610654836	0.995000256976924	4.11161387011823e-06	7787.28862426388	1.05665574131448	10.24
GSE90496	GSM2403155	GSM2403155_6752625088_R03C01	ok	486427	0.135181640821747	0.995913039009097	4.11161387011823e-06	9123.72735383158	1.08131441055859	10.5
GSE90496	GSM2403156	GSM2403156_6752625088_R04C01	ok	486427	0.134758144593125	0.996167960117181	4.11161387011823e-06	9789.79740173667	1.05463703527945	19.69
GSE90496	GSM2403157	GSM2403157_6752625088_R05C01	ok	486427	0.135311156658656	0.995257233900396	4.11161387011823e-06	10080.3133428534	1.06411955807712	14.75
GSE90496	GSM2403158	GSM2403158_6752625088_R06C01	ok	486427	0.136121144591069	0.994408182145243	4.11161387011823e-06	9663.13695806546	1.08156852741285	6.71
GSE90496	GSM2403159	GSM2403159_6752625088_R03C02	ok	486427	0.135095296930475	0.995750629593462	4.11161387011823e-06	8089.83485673098	1.09036933870058	6.64
GSE90496	GSM2403160	GSM2403160_6752625088_R04C02	ok	486427	0.135154915331591	0.995528601531583	4.11161387011823e-06	8916.2124306875	1.06624599250686	6.76
GSE90496	GSM2403161	GSM2403161_6752625088_R06C02	ok	486427	0.135670922872291	0.994626098576348	4.11161387011823e-06	9813.56434149128	1.07648296780314	7.04
GSE90496	GSM2403162	GSM2403162_6752625089_R01C01	ok	486427	0.13597107068481	0.994547977591612	4.11161387011823e-06	6836.27347716603	1.06377915038864	6.99
GSE90496	GSM2403163	GSM2403163_6752625089_R03C01	ok	486427	0.134825986221982	0.995950043686077	4.11161387011823e-06	8542.39337290658	1.05903719406228	7.23
GSE90496	GSM2403164	GSM2403164_6752625089_R06C01	ok	486427	0.136968137048314	0.993400832605232	4.11161387011823e-06	8729.49329552328	1.05582630989762	7.48
GSE90496	GSM2403165	GSM2403165_6752625089_R01C02	ok	486427	0.135907340669823	0.99488307549982	4.11161387011823e-06	7723.76720872598	1.0513323771798	7
GSE90496	GSM2403166	GSM2403166_6752625089_R02C02	ok	486427	0.135648308996006	0.995168833838721	4.11161387011823e-06	8205.81638119509	1.06384977115754	7.27
GSE90496	GSM2403167	GSM2403167_6752625089_R04C02	ok	486427	0.135689425134707	0.994969419746107	4.11161387011823e-06	8992.68950311395	1.06599177621818	7.48
GSE90496	GSM2403168	GSM2403168_6752625089_R05C02	ok	486427	0.135183696628682	0.995773243562728	4.11161387011823e-06	9547.55361605295	1.0615918883118	7.43
GSE90496	GSM2403169	GSM2403169_6752625091_R01C01	ok	486427	0.136059470383017	0.99480906614586	4.11161387011823e-06	9368.46846351774	1.09168220995638	6.56
GSE90496	GSM2403170	GSM2403170_6752625091_R02C01	ok	486427	0.135175473400942	0.995756797039626	4.11161387011823e-06	9807.09870599453	1.08594298097285	5.73
GSE90496	GSM2403171	GSM2403171_6752625091_R03C01	ok	486427	0.13667826827047	0.993816107313563	4.11161387011823e-06	9849.50935813826	1.07321886696799	10.25
GSE90496	GSM2403172	GSM2403172_6752625091_R04C01	ok	486427	0.135954624229329	0.99484607082284	4.11161387011823e-06	9685.3605573372	1.06788127933779	10.13
GSE90496	GSM2403173	GSM2403173_6752625091_R05C01	ok	486427	0.135981349719485	0.994486303129979	4.11161387011823e-06	9368.21535147156	1.06277597765597	13.61
GSE90496	GSM2403174	GSM2403174_6752625091_R06C01	ok	486427	0.137408079732416	0.992798478696613	4.11161387011823e-06	8515.27643691803	1.04027590635274	10.91
GSE90496	GSM2403175	GSM2403175_6752625091_R01C02	ok	486427	0.135504402510551	0.995454592177622	4.11161387011823e-06	8349.69530374469	1.08235945299717	13.7
GSE90496	GSM2403176	GSM2403176_6752625091_R03C02	ok	486427	0.135405723777669	0.995201726884926	4.11161387011823e-06	8863.34661176275	1.06588562246776	7.1
GSE90496	GSM2403177	GSM2403177_6752625091_R05C02	ok	486427	0.135973126491745	0.99464254509945	4.11161387011823e-06	9435.85223819792	1.05482533829548	6.95
GSE90496	GSM2403178	GSM2403178_6752625091_R06C02	ok	486427	0.139352873092982	0.990748830754998	4.11161387011823e-06	8663.68704404962	1.0524235447787	7.29
GSE90496	GSM2403179	GSM2403179_6752625095_R01C01	ok	486427	0.135835387427096	0.995156498946395	4.11161387011823e-06	7479.85032472304	1.09568853525798	7.09
GSE90496	GSM2403180	GSM2403180_6752625095_R03C01	ok	486427	0.135631862540525	0.995246954823457	4.11161387011823e-06	8178.33027347142	1.09763842497545	7.3
GSE90496	GSM2403181	GSM2403181_6752625095_R04C01	ok	486427	0.135535239614577	0.995427866577581	4.11161387011823e-06	8237.79886224238	1.06732516529082	7.53
GSE90496	GSM2403182	GSM2403182_6752625107_R05C02	ok	486427	0.135290598589305	0.99558616436244	4.11161387011823e-06	9642.85674822442	1.0668832705051	7.01
GSE90496	GSM2403183	GSM2403183_6752625106_R01C02	ok	486427	0.137284731316313	0.992979390450738	4.11161387011823e-06	7881.1427096359	1.16994985984914	7.14
GSE90496	GSM2403184	GSM2403184_6752625107_R01C02	ok	486427	0.136098530714784	0.994387623991366	4.11161387011823e-06	7550.34489248575	1.56922510849275	6.81
GSE90496	GSM2403185	GSM2403185_6752625107_R04C02	ok	486427	0.135855945496447	0.994336228606671	4.11161387011823e-06	9130.96769405493	1.47320076646603	6.9
GSE90496	GSM2403186	GSM2403186_6752625107_R01C01	ok	486427	0.13511791080676	0.995785578455055	4.11161387011823e-06	7411.86188358964	1.75398001953207	6.71
GSE90496	GSM2403187	GSM2403187_6929806024_R01C01	ok	486427	0.13546328637185	0.995362080485172	4.11161387011823e-06	6987.55603032823	1.07927673571251	5.84
GSE90496	GSM2403188	GSM2403188_6929806024_R03C01	ok	486427	0.139751699638384	0.990253379246544	4.11161387011823e-06	7080.86195130309	1.06792932212906	9.78
GSE90496	GSM2403189	GSM2403189_6929806024_R02C01	ok	486427	0.139467998281345	0.99041373284679	4.11161387011823e-06	7137.02178621564	1.1419285833625	10.79
GSE90496	GSM2403190	GSM2403190_6929806024_R02C02	ok	486427	0.139864769019812	0.989992290692296	4.11161387011823e-06	6837.69170845402	1.06377153994465	19.01
GSE90496	GSM2403191	GSM2403191_6929806024_R04C02	ok	486427	0.137109987726833	0.993224032481883	4.11161387011823e-06	6880.15107117304	1.06964101569793	6.29
GSE90496	GSM2403192	GSM2403192_6929806024_R06C02	ok	486427	0.137981649867298	0.991955594387624	4.11161387011823e-06	7321.12013446283	1.12059545484941	5.88
GSE90496	GSM2403193	GSM2403193_6929806038_R01C01	ok	486427	0.136104698135589	0.994311558822018	4.11161387011823e-06	6670.51946051003	1.12987712821528	6.75
GSE90496	GSM2403194	GSM2403194_6929806038_R02C01	ok	486427	0.135611304471175	0.994952973223005	4.11161387011823e-06	7354.20451852602	1.13309458348531	7.01
GSE90496	GSM2403195	GSM2403195_6929806038_R03C01	ok	486427	0.136359618195536	0.994188209898751	4.11161387011823e-06	7348.98146743527	1.11857775062771	6.74
GSE90496	GSM2403196	GSM2403196_6929806038_R04C01	ok	486427	0.137095597078287	0.993324767435884	4.11161387011823e-06	7302.92263879991	1.10047446728029	6.44
GSE90496	GSM2403197	GSM2403197_6929806038_R05C01	ok	486427	0.135278263747695	0.995501875931541	4.11161387011823e-06	8113.56872337626	1.24493471221691	6.61
GSE90496	GSM2403198	GSM2403198_6929806038_R04C02	ok	486427	0.136001907788836	0.99456853574549	4.11161387011823e-06	7625.66177782881	1.12157445694816	7.24
GSE90496	GSM2403199	GSM2403199_6929806038_R05C02	ok	486427	0.135761378377434	0.994823456853575	4.11161387011823e-06	8117.58982195823	1.10943680346237	7.21
GSE90496	GSM2403200	GSM2403200_6929806038_R06C02	ok	486427	0.142664778065362	0.98673176748728	4.11161387011823e-06	7868.15364373539	1.16460325286295	6.86
GSE90496	GSM2403201	GSM2403201_6929806046_R01C01	ok	486427	0.138006319550518	0.992091278203217	4.11161387011823e-06	6346.5246447374	1.12191933559199	6.82
GSE90496	GSM2403202	GSM2403202_6929806046_R02C01	ok	486427	0.138814251675997	0.991112710078635	4.11161387011823e-06	7108.94339173753	1.08629605192597	6.64
GSE90496	GSM2403203	GSM2403203_6929806046_R03C01	ok	486427	0.135584578981019	0.99504959654623	4.11161387011823e-06	7722.76654431064	1.10590656573554	7.23
GSE90496	GSM2403204	GSM2403204_6929806046_R04C01	ok	486427	0.137687669475584	0.992747083311919	4.11161387011823e-06	7685.90287130195	1.11332836610822	7.3
GSE90496	GSM2403205	GSM2403205_6929806046_R06C01	ok	486427	0.136281497532004	0.994463689160713	4.11161387011823e-06	8715.35143494267	1.11473772343121	10.12
GSE90496	GSM2403206	GSM2403206_6929806046_R03C02	ok	486427	0.13667826827047	0.993491288482294	4.11161387011823e-06	7986.0923753203	1.16993998826326	9.96
GSE90496	GSM2403207	GSM2403207_6929806046_R04C02	ok	486427	0.136559031468237	0.993799660790461	4.11161387011823e-06	8279.07588977898	1.10069439441787	15.23
GSE90496	GSM2403208	GSM2403208_6929806046_R05C02	ok	486427	0.136164316536705	0.994342396052834	4.11161387011823e-06	8905.51680142794	1.39375595663461	9.24
GSE90496	GSM2403209	GSM2403209_6929806048_R02C01	ok	486427	0.135716150624863	0.994821401038187	4.11161387011823e-06	7107.25730792895	1.09284804788571	5.7
GSE90496	GSM2403210	GSM2403210_6929806048_R05C01	ok	486427	0.135738764501148	0.9951051035617	4.11161387011823e-06	8770.6880011189	1.15229784107737	6.35
GSE90496	GSM2403211	GSM2403211_6929806048_R06C01	ok	486427	0.143431594052139	0.985588734131675	4.11161387011823e-06	8160.9071283307	1.13940411360629	7.12
GSE90496	GSM2403212	GSM2403212_6929806048_R01C02	ok	486427	0.137025699642495	0.993232255743434	4.11161387011823e-06	6523.45257879336	1.07360647908583	6.8
GSE90496	GSM2403213	GSM2403213_6929806048_R02C02	ok	486427	0.153250127973982	0.974359870483631	4.11161387011823e-06	6782.34494356375	1.10902058817547	7
GSE90496	GSM2403214	GSM2403214_6929806048_R04C02	ok	486427	0.140006619698331	0.989938839492214	4.11161387011823e-06	8010.19547290793	1.11457833919469	6.73
GSE90496	GSM2403215	GSM2403215_6929806048_R05C02	ok	486427	0.135555797683928	0.995047540730842	4.11161387011823e-06	8896.22900624547	1.12939188364795	6.8
GSE90496	GSM2403216	GSM2403216_6929806048_R06C02	ok	486427	0.136776947003353	0.993258981343475	4.11161387011823e-06	8634.78609851696	1.12329098558954	8.6
GSE90496	GSM2403217	GSM2403217_7310440067_R01C01	ok	486427	0.136978416082989	0.993684535128745	4.11161387011823e-06	8002.7841625733	1.09860107402598	6.36
GSE90496	GSM2403218	GSM2403218_7310440067_R02C01	ok	486427	0.136415124982783	0.994239605283446	4.11161387011823e-06	8150.09344917095	1.08958748938131	6.74
GSE90496	GSM2403219	GSM2403219_7310440067_R04C01	ok	486427	0.141233936438561	0.988725908413424	4.11161387011823e-06	8783.15969422526	1.09517269550216	6.61
GSE90496	GSM2403220	GSM2403220_7310440067_R05C01	ok	486427	0.141532028444145	0.988123554504805	4.11161387011823e-06	9762.97555220017	1.21645149710357	7.05
GSE90496	GSM2403221	GSM2403221_7310440067_R06C01	ok	486427	0.142013087266949	0.987831628719741	4.11161387011823e-06	9587.91832503207	1.07790096589522	6.99
GSE90496	GSM2403222	GSM2403222_7310440067_R01C02	ok	486427	0.13718605258343	0.99336588374364	4.11161387011823e-06	7757.34897117378	1.15647726061072	9.96
GSE90496	GSM2403223	GSM2403223_7310440067_R03C02	ok	486427	0.137991928901973	0.992105668910932	4.11161387011823e-06	8363.42097667748	1.36149795793951	10.4
GSE90496	GSM2403224	GSM2403224_7310440067_R04C02	ok	486427	0.13910000883997	0.990769388908876	4.11161387011823e-06	8826.03996106039	1.31657975683124	15.14
GSE90496	GSM2403225	GSM2403225_7310440067_R06C02	ok	486427	0.137854189837324	0.992769697281184	4.11161387011823e-06	9867.10489447915	1.05656706615265	10.96
GSE90496	GSM2403226	GSM2403226_6752625135_R01C01	ok	486427	0.179235527633129	0.94634321837899	4.11161387011823e-06	6230.11700405946	1.39651269929879	6.16
GSE90496	GSM2403227	GSM2403227_6752625133_R06C02	ok	486427	0.171869571384812	0.954362954206712	4.11161387011823e-06	7912.23463079581	1.2091543595139	6.5
GSE90496	GSM2403228	GSM2403228_6752625135_R06C02	ok	486427	0.20432048385472	0.919105720306317	4.11161387011823e-06	7300.8051879249	1.18544241708662	7.12
GSE90496	GSM2403229	GSM2403229_6969568124_R02C01	ok	486427	0.137165494514079	0.993404944236008	4.11161387011823e-06	7866.10608432869	1.11384655858209	6.95
GSE90496	GSM2403230	GSM2403230_7310440009_R04C02	ok	486427	0.136887960577846	0.99371742817495	4.11161387011823e-06	9254.01124132801	1.16489719919896	6.91
GSE90496	GSM2403231	GSM2403231_7310440009_R06C01	ok	486427	0.140968737343939	0.988703294444159	4.11161387011823e-06	8854.82201453751	1.11029646343009	6.89
GSE90496	GSM2403232	GSM2403232_7310440009_R03C01	ok	486427	0.137146992251664	0.99314385568176	4.11161387011823e-06	8231.79471001122	1.26418423299285	6.82
GSE90496	GSM2403233	GSM2403233_7310440006_R03C01	ok	486427	0.13737313101452	0.992944441589145	4.11161387011823e-06	8212.79482451835	1.07225014445962	6.91
GSE90496	GSM2403234	GSM2403234_7310440006_R02C01	ok	486427	0.136887960577846	0.993793493344298	4.11161387011823e-06	7481.51909486119	1.08057321941152	6.63
GSE90496	GSM2403235	GSM2403235_7310440006_R05C01	ok	486427	0.137977538253428	0.992580562265509	4.11161387011823e-06	8835.45844263164	1.07766338868137	6.67
GSE90496	GSM2403236	GSM2403236_7310440006_R05C02	ok	486427	0.137753455297506	0.992724469342653	4.11161387011823e-06	8652.9926802322	1.06314193078077	6.9
GSE90496	GSM2403237	GSM2403237_7310440006_R06C01	ok	486427	0.142619550312791	0.987144986380223	4.11161387011823e-06	8364.52964114982	1.08225364862175	7.47
GSE90496	GSM2403238	GSM2403238_7310440006_R03C02	ok	486427	0.136211600096212	0.994506861283857	4.11161387011823e-06	8011.88752840125	1.0787965807685	6.5
GSE90496	GSM2403239	GSM2403239_7310440006_R04C02	ok	486427	0.136739942478522	0.993836665467441	4.11161387011823e-06	8535.90679732672	1.08723550741904	9.92
GSE90496	GSM2403240	GSM2403240_7310440009_R01C01	ok	486427	0.13650352468099	0.99425399599116	4.11161387011823e-06	7580.25107448084	1.09344612736563	10.71
GSE90496	GSM2403241	GSM2403241_7970368141_R02C01	ok	486427	0.150729708671599	0.97795960322763	4.11161387011823e-06	8805.74321761319	1.32712189198634	14.54
GSE90496	GSM2403242	GSM2403242_7970368141_R03C01	ok	486427	0.171339173195567	0.954169707560261	4.11161387011823e-06	8555.29921633031	1.18497478304642	9.03
GSE90496	GSM2403243	GSM2403243_7970368141_R04C01	ok	486427	0.160500959033935	0.966037929793904	4.11161387011823e-06	9125.39946949804	1.31568083093058	10.26
GSE90496	GSM2403244	GSM2403244_7970376005_R06C02	ok	486427	0.283999449043741	0.828799917767384	4.11161387011823e-06	7738.16819017211	1.27823722082005	6.6
GSE90496	GSM2403245	GSM2403245_7970376067_R01C02	ok	486427	0.207361022311673	0.915894536670607	4.11161387011823e-06	5953.41535002722	1.25029712371714	6.44
GSE90496	GSM2403246	GSM2403246_7970376067_R02C02	ok	486427	0.147166995253142	0.982054787480084	4.11161387011823e-06	8420.40524364089	1.36021367346363	7.05
GSE90496	GSM2403247	GSM2403247_7970376067_R03C01	ok	486427	0.144181963583436	0.985430436346816	4.11161387011823e-06	8931.15043645411	1.34217832961658	6.5
GSE90496	GSM2403248	GSM2403248_7970376055_R05C02	ok	486427	0.152133824808245	0.975784550547361	4.11161387011823e-06	9201.27841823721	1.38154667943227	6.86
GSE90496	GSM2403249	GSM2403249_7970368141_R01C02	ok	486427	0.185242595497372	0.938531119905432	4.11161387011823e-06	7473.73648297066	1.21614953492841	7.01
GSE90496	GSM2403250	GSM2403250_7970368141_R02C02	ok	486427	0.161948247116217	0.964169193606414	4.11161387011823e-06	8507.48062507518	1.38802725361393	6.84
GSE90496	GSM2403251	GSM2403251_7970368141_R03C02	ok	486427	0.154977005799431	0.972933134604512	4.11161387011823e-06	8791.58985086064	1.17826626709535	6.8
GSE90496	GSM2403252	GSM2403252_7970368141_R05C02	ok	486427	0.163648399451511	0.963042606773912	4.11161387011823e-06	8553.2837918507	1.31738575305504	7.08
GSE90496	GSM2403253	GSM2403253_7970368141_R06C02	ok	486427	0.183016156586703	0.941660070925631	4.11161387011823e-06	7909.65324367061	1.2156997463912	6.99
GSE90496	GSM2403254	GSM2403254_7970376026_R01C01	ok	486427	0.231942305834174	0.887195353857224	4.11161387011823e-06	5697.79894696034	1.19071446145445	12.05
GSE90496	GSM2403255	GSM2403255_7970376026_R02C01	ok	486427	0.267923038811579	0.849370406537493	4.11161387011823e-06	5543.52762425359	1.22356490462277	9.17
GSE90496	GSM2403256	GSM2403256_7970376026_R03C01	ok	486427	0.174032280280494	0.951127100786349	4.11161387011823e-06	7391.92194321498	1.18248968968277	9.39
GSE90496	GSM2403257	GSM2403257_7970376067_R03C02	ok	486427	0.203586560778904	0.919198231998766	4.11161387011823e-06	7188.84069881921	1.21706570559731	9.71
GSE90496	GSM2403258	GSM2403258_7970376067_R04C01	ok	486427	0.202083765909376	0.921482242894588	4.11161387011823e-06	7378.24831068991	1.20222285570572	8.82
GSE90496	GSM2403259	GSM2403259_7970376067_R05C01	ok	486427	0.184218803643712	0.940667112093334	4.11161387011823e-06	8285.66312916273	1.17731324435976	10.25
GSE90496	GSM2403260	GSM2403260_7970368167_R01C01	ok	486427	0.158480100816772	0.969337513491288	4.11161387011823e-06	8113.07035524422	1.28413318986329	9.46
GSE90496	GSM2403261	GSM2403261_7970368167_R02C01	ok	486427	0.161613150585802	0.965170375700262	4.11161387011823e-06	9188.91728987032	1.24671165163169	9.78
GSE90496	GSM2403262	GSM2403262_7970368167_R03C01	ok	486427	0.159351762957237	0.967437940072981	4.11161387011823e-06	9382.32508230475	1.28268595272258	10.26
GSE90496	GSM2403263	GSM2403263_7970368167_R04C01	ok	486427	0.156611372312803	0.97054838875469	4.11161387011823e-06	9807.41912498697	1.35811095427692	7.69
GSE90496	GSM2403264	GSM2403264_7970368167_R05C01	ok	486427	0.160854557826765	0.965965976255332	4.11161387011823e-06	9965.80983423392	1.26383177610431	9.62
GSE90496	GSM2403265	GSM2403265_7970376026_R01C02	ok	486427	0.173927434126806	0.952461324973017	4.11161387011823e-06	7937.41327397466	1.25858199828569	10.3
GSE90496	GSM2403266	GSM2403266_7970376026_R02C02	ok	486427	0.167313903216721	0.958552705967004	4.11161387011823e-06	7589.47309900762	1.33020093692272	8.38
GSE90496	GSM2403267	GSM2403267_7970376026_R03C02	ok	486427	0.316777234816324	0.78921108084494	4.11161387011823e-06	5783.89930268806	1.1454001562553	9.41
GSE90496	GSM2403268	GSM2403268_7970376026_R04C01	ok	486427	0.150577578958405	0.978008942796937	4.11161387011823e-06	9238.83696382296	1.2508644510146	9.86
GSE90496	GSM2403269	GSM2403269_7970376067_R04C02	ok	486427	0.182999710131222	0.941094721693992	4.11161387011823e-06	8670.00131541759	1.23166052820527	9.18
GSE90496	GSM2403270	GSM2403270_7970376067_R05C02	ok	486427	0.176700717682201	0.94837847561289	4.11161387011823e-06	9350.82803894108	1.31557238942029	8.22
GSE90496	GSM2403271	GSM2403271_7970368167_R03C02	ok	486427	0.160344717706871	0.966387418409827	4.11161387011823e-06	9275.2321980559	1.31953559242706	11.56
GSE90496	GSM2403272	GSM2403272_7970368167_R04C02	ok	486427	0.153155560854969	0.975071182607802	4.11161387011823e-06	9162.66698672085	1.27248774178158	10.19
GSE90496	GSM2403273	GSM2403273_7970368167_R05C02	ok	486427	0.192888141488856	0.930947216939919	4.11161387011823e-06	8407.71881209973	1.24981422379805	10.73
GSE90496	GSM2403274	GSM2403274_7970376029_R02C01	ok	486427	0.173063995214081	0.951842524541296	4.11161387011823e-06	7734.13346168797	1.37167710939139	11.11
GSE90496	GSM2403275	GSM2403275_7970376029_R03C01	ok	486427	0.172862526134446	0.952547669219304	4.11161387011823e-06	8632.38597035731	1.24134583523599	8.97
GSE90496	GSM2403276	GSM2403276_7970376026_R04C02	ok	486427	0.167167940924332	0.959387367014442	4.11161387011823e-06	8078.05378841208	1.2307269810258	10.27
GSE90496	GSM2403277	GSM2403277_7970376026_R05C01	ok	486427	0.25769539930966	0.859147864521766	4.11161387011823e-06	7616.47214747841	1.29987348468688	10.17
GSE90496	GSM2403278	GSM2403278_7970376026_R06C01	ok	486427	0.152688892680711	0.975192475715681	4.11161387011823e-06	9986.57745023489	1.33674366471653	9.69
GSE90496	GSM2403279	GSM2403279_7970368168_R03C01	ok	486427	0.226679440080423	0.893401860512926	4.11161387011823e-06	8188.77498835891	1.20578779454174	10.81
GSE90496	GSM2403280	GSM2403280_7970368168_R04C01	ok	486427	0.156442796144129	0.971457059156088	4.11161387011823e-06	9733.14117304433	1.2223077893934	9.54
GSE90496	GSM2403281	GSM2403281_7970368168_R05C01	ok	486427	0.23073760297023	0.88776275890425	4.11161387011823e-06	8400.87713102378	1.28653906374925	9.9
GSE90496	GSM2403282	GSM2403282_7970368167_R06C02	ok	486427	0.203428263644905	0.918308063935859	4.11161387011823e-06	7962.34773817279	1.26494440761304	10.51
GSE90496	GSM2403283	GSM2403283_7970376029_R01C02	ok	486427	0.162747956013955	0.963850542221309	4.11161387011823e-06	7267.11425366774	1.27704749308752	8.21
GSE90496	GSM2403284	GSM2403284_7970376029_R02C02	ok	486427	0.154444551803251	0.973362800020558	4.11161387011823e-06	8056.19545955166	1.21698520745554	8.87
GSE90496	GSM2403285	GSM2403285_7970376029_R03C02	ok	486427	0.174398213914935	0.950997584416919	4.11161387011823e-06	7809.58882047858	1.22406861406725	9.93
GSE90496	GSM2403286	GSM2403286_7970376029_R04C01	ok	486427	0.189553622640191	0.934588065991674	4.11161387011823e-06	8142.53010269884	1.33620340498497	8.48
GSE90496	GSM2403287	GSM2403287_7970376026_R05C02	ok	486427	0.218071776443331	0.901238628771136	4.11161387011823e-06	7657.27347784422	1.2073934739574	8.09
GSE90496	GSM2403288	GSM2403288_7970376026_R06C02	ok	486427	0.168792028403029	0.957074574703192	4.11161387011823e-06	9140.49500855601	1.21131030199684	12.08
GSE90496	GSM2403289	GSM2403289_7970368168_R01C02	ok	486427	0.155556743355118	0.972053245618543	4.11161387011823e-06	8415.39278181382	1.18642809318255	10.38
GSE90496	GSM2403290	GSM2403290_7970368168_R02C02	ok	486427	0.181400292335746	0.94248445289613	4.11161387011823e-06	8440.45995965309	1.22204200545738	12.19
GSE90496	GSM2403291	GSM2403291_7970368168_R03C02	ok	486427	0.175843446190281	0.950356170015933	4.11161387011823e-06	9984.72141206351	1.11689663035388	9.77
GSE90496	GSM2403292	GSM2403292_7970368168_R04C02	ok	486427	0.155530017864962	0.972474687773038	4.11161387011823e-06	8955.95961775921	1.19362943160622	10.42
GSE90496	GSM2403293	GSM2403293_7970368168_R05C02	ok	486427	0.204550734231447	0.91755769131932	4.11161387011823e-06	7883.57692783516	1.24171122970594	10.34
GSE90496	GSM2403294	GSM2403294_7970368168_R06C01	ok	486427	0.157108877591088	0.970480546846893	4.11161387011823e-06	9533.07689274084	1.23032254691395	9.13
GSE90496	GSM2403295	GSM2403295_7970376055_R01C01	ok	486427	0.173357975605795	0.952825204296654	4.11161387011823e-06	7329.2966283874	1.26123204746695	9.68
GSE90496	GSM2403296	GSM2403296_7970376055_R02C01	ok	486427	0.186157429583473	0.93788559387367	4.11161387011823e-06	7522.41448100289	1.20481131803084	9.98
GSE90496	GSM2403297	GSM2403297_7970376029_R04C02	ok	486427	0.159919165671313	0.967390656319063	4.11161387011823e-06	8559.78853427927	1.24692285954572	11.47
GSE90496	GSM2403298	GSM2403298_7970376005_R01C01	ok	486427	0.161993474868788	0.964919566222953	4.11161387011823e-06	8387.74229331059	1.28544464425993	9.35
GSE90496	GSM2403299	GSM2403299_7970376005_R02C01	ok	486427	0.17997561812975	0.944725291668808	4.11161387011823e-06	8686.0255892095	1.22272326738731	10.4
GSE90496	GSM2403300	GSM2403300_7970376005_R03C01	ok	486427	0.167803185267265	0.95800174744308	4.11161387011823e-06	9643.09521589792	1.18800002093689	7.45
GSE90496	GSM2403301	GSM2403301_7970376005_R04C01	ok	486427	0.179848158099777	0.945506501516164	4.11161387011823e-06	9038.63435993347	1.15882277303245	9.25
GSE90496	GSM2403302	GSM2403302_7970376005_R05C01	ok	486427	0.155449841394495	0.972026520018502	4.11161387011823e-06	10753.2132180232	1.18118662509752	10.71
GSE90496	GSM2403303	GSM2403303_7970368168_R06C02	ok	486427	0.168029324030122	0.958229942951123	4.11161387011823e-06	9427.75925532157	1.13330858875812	8.83
GSE90496	GSM2403304	GSM2403304_7970376055_R01C02	ok	486427	0.189230860951386	0.934503777560775	4.11161387011823e-06	7648.61879633705	1.22101220733473	7.73
GSE90496	GSM2403305	GSM2403305_7970376055_R02C02	ok	486427	0.186029969553499	0.937303798118929	4.11161387011823e-06	7703.07592786027	1.19480908244189	11.64
GSE90496	GSM2403306	GSM2403306_7970376055_R04C01	ok	486427	0.251231942305834	0.865570231793185	4.11161387011823e-06	6464.3165687751	1.27815946132341	9.78
GSE90496	GSM2403307	GSM2403307_7970376029_R05C02	ok	486427	0.213125504957578	0.906279488101968	4.11161387011823e-06	7794.87526570829	1.33081072381388	10.92
GSE90496	GSM2403308	GSM2403308_7970376029_R06C02	ok	486427	0.21266294839719	0.90806393585856	4.11161387011823e-06	8417.5431511989	1.21273098411695	9.08
GSE90496	GSM2403309	GSM2403309_7970376005_R01C02	ok	486427	0.254122406856527	0.859834506861284	4.11161387011823e-06	6082.70479784261	1.3415066407158	9.74
GSE90496	GSM2403310	GSM2403310_7970376005_R02C02	ok	486427	0.17856944618617	0.945960836716863	4.11161387011823e-06	9076.48904086797	1.19853152639943	9.11
GSE90496	GSM2403311	GSM2403311_7970376005_R03C02	ok	486427	0.25805722133023	0.858323482551267	4.11161387011823e-06	7768.38565928851	1.30437205979372	10.17
GSE90496	GSM2403312	GSM2403312_7970376005_R04C02	ok	486427	0.231159043391917	0.886543660379298	4.11161387011823e-06	7367.11123441586	1.28574231838607	8.26
GSE90496	GSM2403313	GSM2403313_7970376005_R05C02	ok	486427	0.180547132457697	0.943302667420466	4.11161387011823e-06	9521.72821007798	1.22242671696545	10.55
GSE90496	GSM2403314	GSM2403314_7970376005_R06C01	ok	486427	0.179027891132688	0.945936166932209	4.11161387011823e-06	9887.63490772188	1.13215395864775	8.39
GSE90496	GSM2403315	GSM2403315_7970376067_R02C01	ok	486427	0.224607186689884	0.894022716760035	4.11161387011823e-06	7480.68210086917	1.33307418084048	8.64
GSE90496	GSM2403316	GSM2403316_7970376055_R03C02	ok	486427	0.323185185032903	0.782940843912217	4.11161387011823e-06	6718.27660195909	1.28699921946531	9.53
GSE90496	GSM2403317	GSM2403317_7970376055_R04C02	ok	486427	0.165036069132676	0.961677545356427	4.11161387011823e-06	8381.79010706546	1.34126375738327	7.89
GSE90496	GSM2403318	GSM2403318_7970376055_R05C01	ok	486427	0.177490147545264	0.946832502441281	4.11161387011823e-06	9192.30395983768	1.26763732168232	10.08
GSE90496	GSM2403319	GSM2403319_7970376055_R06C01	ok	486427	0.185411171666047	0.937538161073136	4.11161387011823e-06	9029.2808912813	1.29527026367087	8.84
GSE90496	GSM2403320	GSM2403320_7970376055_R06C02	ok	486427	0.186622041950796	0.936563704579329	4.11161387011823e-06	9283.91689087889	1.2464640742873	11.24
GSE90496	GSM2403321	GSM2403321_7970376067_R06C01	ok	486427	0.220951961959348	0.898615408336331	4.11161387011823e-06	8113.61944230971	1.45330892420348	8.05
GSE90496	GSM2403322	GSM2403322_7970376067_R06C02	ok	486427	0.224354322436871	0.89326823251272	4.11161387011823e-06	9053.44271502003	1.41247441391838	12.07
GSE90496	GSM2403323	GSM2403323_7990895142_R06C01	ok	486427	0.183748023855584	0.939832451045896	4.11161387011823e-06	9248.69364731476	1.24593636133889	9.01
GSE90496	GSM2403324	GSM2403324_7990895159_R06C02	ok	486427	0.175341829298127	0.949260420414247	4.11161387011823e-06	9881.90421281587	1.25007578073892	9.98
GSE90496	GSM2403325	GSM2403325_7990895095_R03C02	ok	486427	0.166937690547605	0.957814668242792	4.11161387011823e-06	9426.23062461198	1.62634409330133	9.43
GSE90496	GSM2403326	GSM2403326_7990895095_R04C01	ok	486427	0.153293299919618	0.973967209744565	4.11161387011823e-06	9397.97952068025	1.71052056831606	10.15
GSE90496	GSM2403327	GSM2403327_7990895095_R05C01	ok	486427	0.17927664377183	0.944513542683867	4.11161387011823e-06	10224.3758721692	1.56368608135244	9.32
GSE90496	GSM2403328	GSM2403328_7990895095_R06C01	ok	486427	0.168239016337498	0.956609960425554	4.11161387011823e-06	9588.35900106046	1.49935530676625	9.76
GSE90496	GSM2403329	GSM2403329_7990895159_R01C01	ok	486427	0.278331589323783	0.833137688235596	4.11161387011823e-06	7575.56911583136	1.52527431174569	10.38
GSE90496	GSM2403330	GSM2403330_7990895159_R02C01	ok	486427	0.166471022373347	0.958548594336229	4.11161387011823e-06	8861.72556116645	1.59860701888429	9.91
GSE90496	GSM2403331	GSM2403331_7990895127_R05C01	ok	486427	0.161812563858503	0.96376625379041	4.11161387011823e-06	10652.1611377957	1.61713978018423	10.95
GSE90496	GSM2403332	GSM2403332_7990895120_R01C02	ok	486427	0.146453630246676	0.982110294495554	4.11161387011823e-06	9364.08243972447	1.86396377423896	8.31
GSE90496	GSM2403333	GSM2403333_7990895120_R02C01	ok	486427	0.197470535147103	0.923480495451508	4.11161387011823e-06	9473.26201853381	1.70528159146027	11.42
GSE90496	GSM2403334	GSM2403334_7990895120_R03C01	ok	486427	0.163592892664264	0.962018810710798	4.11161387011823e-06	9338.35245536367	1.69356572961537	8.15
GSE90496	GSM2403335	GSM2403335_7990895095_R04C02	ok	486427	0.168033435643992	0.956969728118415	4.11161387011823e-06	9668.3743939371	1.69184544624085	9.73
GSE90496	GSM2403336	GSM2403336_7990895095_R05C02	ok	486427	0.3279464338945	0.778716143290333	4.11161387011823e-06	7901.29207877537	1.27849372868108	8.89
GSE90496	GSM2403337	GSM2403337_7990895095_R06C02	ok	486427	0.22169205245597	0.898391324459064	4.11161387011823e-06	8619.72361032921	1.28453995219004	9.98
GSE90496	GSM2403338	GSM2403338_7990895159_R01C02	ok	486427	0.189491948432139	0.932526083157732	4.11161387011823e-06	7958.19518488758	1.4742434311958	9.09
GSE90496	GSM2403339	GSM2403339_7990895159_R03C01	ok	486427	0.162509482409488	0.963515444313101	4.11161387011823e-06	9417.71276515036	1.71740792797446	12.09
GSE90496	GSM2403340	GSM2403340_7990895142_R04C01	ok	486427	0.157612550290177	0.969016806290795	4.11161387011823e-06	10115.1861901643	1.78159583955085	10.06
GSE90496	GSM2403341	GSM2403341_7990895127_R05C02	ok	486427	0.245985523007563	0.869484504291515	4.11161387011823e-06	9538.94949004323	1.42497226965432	10.95
GSE90496	GSM2403342	GSM2403342_7990895046_R01C02	ok	486427	0.160620195836169	0.965803566839698	4.11161387011823e-06	8299.20125302743	1.73133786537094	9.19
GSE90496	GSM2403343	GSM2403343_7990895046_R02C01	ok	486427	0.181054916770656	0.943117644035566	4.11161387011823e-06	8570.98426384037	1.46652784558171	8.58
GSE90496	GSM2403344	GSM2403344_7990895120_R02C02	ok	486427	0.173325082694834	0.951209333401861	4.11161387011823e-06	8438.84237068784	1.532841213261	10.7
GSE90496	GSM2403345	GSM2403345_7990895120_R03C02	ok	486427	0.154450719224056	0.972236213188056	4.11161387011823e-06	9891.52936928832	1.69939366434838	9.12
GSE90496	GSM2403346	GSM2403346_7990895120_R04C01	ok	486427	0.150542630240509	0.976711723287249	4.11161387011823e-06	9943.81132888765	1.80724809317943	9.72
GSE90496	GSM2403347	GSM2403347_7990895120_R05C01	ok	486427	0.158169673969578	0.968344554658992	4.11161387011823e-06	10381.1889643561	1.61325642284173	9.89
GSE90496	GSM2403348	GSM2403348_7990895120_R06C01	ok	486427	0.158107999761526	0.968001233489233	4.11161387011823e-06	9787.3843926867	1.48472636256936	10.87
GSE90496	GSM2403349	GSM2403349_7990908004_R01C01	ok	486427	0.161777615140607	0.963850542221309	4.11161387011823e-06	9129.72477754938	1.68614655806448	10.03
GSE90496	GSM2403350	GSM2403350_7990895159_R02C02	ok	486427	0.206509918240558	0.914360898391325	4.11161387011823e-06	8302.13401939166	1.3921133424917	9.52
GSE90496	GSM2403351	GSM2403351_7990895159_R03C02	ok	486427	0.164187020868496	0.961718661664183	4.11161387011823e-06	10182.0028366229	1.50246838125108	10.69
GSE90496	GSM2403352	GSM2403352_7990895142_R04C02	ok	486427	0.158391701118565	0.967826489181272	4.11161387011823e-06	9362.83111074935	1.9008738437475	9.87
GSE90496	GSM2403353	GSM2403353_7990895142_R05C01	ok	486427	0.191611485382185	0.930318137431259	4.11161387011823e-06	9370.97747661422	1.46535523147849	9
GSE90496	GSM2403354	GSM2403354_7990895093_R01C01	ok	486427	0.166055749372465	0.959607339260934	4.11161387011823e-06	8205.73704280686	1.75448146732315	10.82
GSE90496	GSM2403355	GSM2403355_7990895046_R02C02	ok	486427	0.171320670933151	0.953187027804903	4.11161387011823e-06	8771.88902213015	1.60304213116586	7.03
GSE90496	GSM2403356	GSM2403356_7990895046_R03C01	ok	486427	0.291429135307045	0.819275325075808	4.11161387011823e-06	7845.28041183916	1.42556387757569	7.57
GSE90496	GSM2403357	GSM2403357_7990895046_R04C01	ok	486427	0.159144126456796	0.967032944441589	4.11161387011823e-06	11237.6198606641	1.46645919083574	7.27
GSE90496	GSM2403358	GSM2403358_7990895120_R04C02	ok	486427	0.188410593984298	0.935071182607802	4.11161387011823e-06	8984.45631419127	1.43075156387164	7.29
GSE90496	GSM2403359	GSM2403359_7990895120_R05C02	ok	486427	0.152429861006893	0.974625070668654	4.11161387011823e-06	10093.0287661199	1.64061230355542	7.48
GSE90496	GSM2403360	GSM2403360_7990895120_R06C02	ok	486427	0.180736266695722	0.942293262065067	4.11161387011823e-06	8928.27065077025	1.55514333069429	8.69
GSE90496	GSM2403361	GSM2403361_7990908004_R01C02	ok	486427	0.180185310437126	0.943541142005448	4.11161387011823e-06	8858.95498107498	1.50509672876297	7.22
GSE90496	GSM2403362	GSM2403362_7990908004_R02C01	ok	486427	0.209416829246732	0.911486868479211	4.11161387011823e-06	8633.85313935722	1.37282305121398	7.16
GSE90496	GSM2403363	GSM2403363_7990908004_R03C01	ok	486427	0.160749711673077	0.964800328930462	4.11161387011823e-06	10182.2267532213	1.63515743101961	7.25
GSE90496	GSM2403364	GSM2403364_7990895159_R04C01	ok	486427	0.152421637779153	0.975040345376985	4.11161387011823e-06	9971.18215320943	1.57581339412005	7.28
GSE90496	GSM2403365	GSM2403365_7990895142_R05C02	ok	486427	0.163911542739198	0.961463740556098	4.11161387011823e-06	9469.99268080708	1.58624127604119	8.27
GSE90496	GSM2403366	GSM2403366_7990895093_R01C02	ok	486427	0.154450719224056	0.972863236881328	4.11161387011823e-06	7730.35036632295	1.78641537863035	8.79
GSE90496	GSM2403367	GSM2403367_7990895093_R02C01	ok	486427	0.166366176219659	0.958602045536311	4.11161387011823e-06	8898.25877631615	1.78267024040776	6.81
GSE90496	GSM2403368	GSM2403368_7990895046_R03C02	ok	486427	0.161646043496763	0.963468160559182	4.11161387011823e-06	9451.57328361978	1.94988920799011	7.52
GSE90496	GSM2403369	GSM2403369_7990895046_R05C01	ok	486427	0.152448363269309	0.974623014853266	4.11161387011823e-06	11328.2711251374	1.62226333635091	7.26
GSE90496	GSM2403370	GSM2403370_7990895046_R06C01	ok	486427	0.178256963532041	0.944460091483785	4.11161387011823e-06	9829.69840315614	1.56335738460935	6.52
GSE90496	GSM2403371	GSM2403371_7990895127_R01C01	ok	486427	0.182374744822964	0.941925271110654	4.11161387011823e-06	7159.56219653252	1.44362221584068	10.67
GSE90496	GSM2403372	GSM2403372_7990895127_R02C01	ok	486427	0.193550111321946	0.930135169861746	4.11161387011823e-06	7624.51513454731	1.19334932704521	6.91
GSE90496	GSM2403373	GSM2403373_7990908004_R02C02	ok	486427	0.155369664924028	0.971742817494989	4.11161387011823e-06	9238.65367705228	1.28343687498311	7.6
GSE90496	GSM2403374	GSM2403374_7990908004_R03C02	ok	486427	0.193615897143867	0.929279950660431	4.11161387011823e-06	8818.99564461114	1.21831329312497	7.37
GSE90496	GSM2403375	GSM2403375_7990895159_R04C02	ok	486427	0.16239641302806	0.964218533175721	4.11161387011823e-06	9857.12602851264	1.22057934378254	7.12
GSE90496	GSM2403376	GSM2403376_7990895159_R05C01	ok	486427	0.184588848892023	0.939053297013928	4.11161387011823e-06	9995.08485978227	1.22809554145889	7.36
GSE90496	GSM2403377	GSM2403377_7990895095_R01C01	ok	486427	0.164598182255508	0.96210926658786	4.11161387011823e-06	8092.77070906996	1.31592851473731	7.92
GSE90496	GSM2403378	GSM2403378_7990895093_R02C02	ok	486427	0.174324204865273	0.950150588477155	4.11161387011823e-06	8907.33432637703	1.29981945001635	7.18
GSE90496	GSM2403379	GSM2403379_7990895093_R03C01	ok	486427	0.169390268221131	0.956823765225883	4.11161387011823e-06	10162.5394688504	1.22752247660713	7.26
GSE90496	GSM2403380	GSM2403380_7990895046_R05C02	ok	486427	0.160979962049804	0.964761268438094	4.11161387011823e-06	9943.16364209928	1.68110998451842	7.2
GSE90496	GSM2403381	GSM2403381_7990895046_R06C02	ok	486427	0.221961363164462	0.897873258981344	4.11161387011823e-06	7195.49729341494	1.19306691139703	7.38
GSE90496	GSM2403382	GSM2403382_7990895127_R01C02	ok	486427	0.19198358643743	0.929853523153621	4.11161387011823e-06	8267.32836530038	1.68095447626612	8.31
GSE90496	GSM2403383	GSM2403383_7990895127_R03C01	ok	486427	0.183495159602571	0.940414246800637	4.11161387011823e-06	8710.49508500647	1.37243581581637	6.82
GSE90496	GSM2403384	GSM2403384_7990895127_R04C01	ok	486427	0.161253384372167	0.964646142776379	4.11161387011823e-06	9899.3498983619	1.54738818063392	8.73
GSE90496	GSM2403385	GSM2403385_7990895159_R05C02	ok	486427	0.189428218417152	0.933181888266434	4.11161387011823e-06	9944.09084179483	1.30819179412207	7.69
GSE90496	GSM2403386	GSM2403386_7990895095_R01C02	ok	486427	0.170736821763595	0.953807884052012	4.11161387011823e-06	8003.26147432023	1.37007164571174	7.04
GSE90496	GSM2403387	GSM2403387_7990895095_R02C01	ok	486427	0.166253106838231	0.958312175566634	4.11161387011823e-06	8629.77829348817	1.70972299490501	6.7
GSE90496	GSM2403388	GSM2403388_7990895093_R03C02	ok	486427	0.155700649840572	0.971257645063473	4.11161387011823e-06	9975.08946361841	1.61482885611878	11.01
GSE90496	GSM2403389	GSM2403389_7990895093_R04C01	ok	486427	0.148974049549059	0.978660636274863	4.11161387011823e-06	11113.6035391036	1.64291069985565	7.36
GSE90496	GSM2403390	GSM2403390_7990895093_R06C01	ok	486427	0.16795942659433	0.955997327439996	4.11161387011823e-06	9566.6729305938	1.61265219732683	6.81
GSE90496	GSM2403391	GSM2403391_7990895142_R01C01	ok	486427	0.179362987663103	0.944468314745336	4.11161387011823e-06	8617.88205398371	1.3726830552643	7.51
GSE90496	GSM2403392	GSM2403392_7990895142_R02C01	ok	486427	0.195984186733056	0.926854088502852	4.11161387011823e-06	7821.22296557687	1.26946365018457	7.23
GSE90496	GSM2403393	GSM2403393_7990895127_R04C02	ok	486427	0.245798444576473	0.870769388908876	4.11161387011823e-06	7758.96874184165	1.17361900289797	7.31
GSE90496	GSM2403394	GSM2403394_7990908004_R04C02	ok	486427	0.197028536656066	0.924502235699234	4.11161387011823e-06	8757.53518943952	1.35288339749336	7.85
GSE90496	GSM2403395	GSM2403395_7990908004_R05C01	ok	486427	0.191854070600522	0.93110345890939	4.11161387011823e-06	9435.84064182688	1.23878534960366	8.8
GSE90496	GSM2403396	GSM2403396_7990895120_R01C01	ok	486427	0.22551996496905	0.894281749498895	4.11161387011823e-06	7344.24660332399	1.26745246748119	6.95
GSE90496	GSM2403397	GSM2403397_7990895095_R02C02	ok	486427	0.2039792199035	0.918634938582515	4.11161387011823e-06	7368.80419766815	1.25122225457973	7.02
GSE90496	GSM2403398	GSM2403398_7990895095_R03C01	ok	486427	0.290863788399904	0.821398982371383	4.11161387011823e-06	6558.5002766457	1.22576851698012	7.11
GSE90496	GSM2403399	GSM2403399_7990895093_R05C02	ok	486427	0.168917432626067	0.955832862208974	4.11161387011823e-06	9803.14499632875	1.61415360147991	7.71
GSE90496	GSM2403400	GSM2403400_7990895093_R06C02	ok	486427	0.184099566841479	0.938633910674821	4.11161387011823e-06	9453.17736093372	1.58601828120612	7.84
GSE90496	GSM2403401	GSM2403401_7990895142_R01C02	ok	486427	0.172227281791512	0.952525055250038	4.11161387011823e-06	8796.6288608737	1.47307709993164	8.72
GSE90496	GSM2403402	GSM2403402_7990895142_R02C02	ok	486427	0.162030479393619	0.963217351081873	4.11161387011823e-06	9596.09742185666	1.76205317194623	7.39
GSE90496	GSM2403403	GSM2403403_8622007028_R04C01	ok	486427	0.138719684556984	0.991250449709616	4.11161387011823e-06	9079.61104783539	1.08190886975457	6.86
GSE90496	GSM2403404	GSM2403404_8622007028_R05C01	ok	486427	0.136908518647197	0.993548851313152	4.11161387011823e-06	9359.0434316905	1.09428223868432	6.7
GSE90496	GSM2403405	GSM2403405_8622007028_R06C01	ok	486427	0.144788426629278	0.984176388960271	4.11161387011823e-06	8906.04049615525	1.08078169813186	11.06
GSE90496	GSM2403406	GSM2403406_8622007028_R01C02	ok	486427	0.141655376860248	0.988306522074318	4.11161387011823e-06	7733.43423054047	1.08601954621326	7.06
GSE90496	GSM2403407	GSM2403407_8622007028_R02C02	ok	486427	0.136752277320132	0.993750321221154	4.11161387011823e-06	8206.92615733033	1.10807859972064	6.94
GSE90496	GSM2403408	GSM2403408_8622007028_R03C02	ok	486427	0.140409557857602	0.98922958318343	4.11161387011823e-06	8820.67214040564	1.07724259904398	7.04
GSE90496	GSM2403409	GSM2403409_8622007028_R04C02	ok	486427	0.13684067701834	0.993620804851724	4.11161387011823e-06	9085.68955938793	1.09817682817254	7.13
GSE90496	GSM2403410	GSM2403410_8622007028_R06C02	ok	486427	0.138292076714492	0.991791129156602	4.11161387011823e-06	9274.47842038656	1.08625197309653	7.3
GSE90496	GSM2403411	GSM2403411_8622007029_R01C01	ok	486427	0.148359363275476	0.980623939970191	4.11161387011823e-06	7970.07038573469	1.15818358217835	8.41
GSE90496	GSM2403412	GSM2403412_8622007029_R02C01	ok	486427	0.139237747904619	0.991034589093899	4.11161387011823e-06	8735.97876093253	1.13848042266601	7.03
GSE90496	GSM2403413	GSM2403413_8622007029_R03C01	ok	486427	0.13910412045384	0.991098319370921	4.11161387011823e-06	8956.52718986793	1.18575849412657	7.08
GSE90496	GSM2403414	GSM2403414_8622007029_R04C01	ok	486427	0.136297943987484	0.994058693529321	4.11161387011823e-06	8937.20344086659	1.11647476473458	6.84
GSE90496	GSM2403415	GSM2403415_8622007029_R05C01	ok	486427	0.138213956050959	0.992155008480239	4.11161387011823e-06	9134.35258336317	1.09693958734136	7.14
GSE90496	GSM2403416	GSM2403416_8622007029_R06C01	ok	486427	0.140228646847317	0.989757927738089	4.11161387011823e-06	9231.08643138823	1.10451686620646	7.72
GSE90496	GSM2403417	GSM2403417_8622007029_R02C02	ok	486427	0.13928708727106	0.990905072724469	4.11161387011823e-06	8324.99212315785	1.16590805553884	7.53
GSE90496	GSM2403418	GSM2403418_8622007029_R03C02	ok	486427	0.136193097833796	0.994389679806753	4.11161387011823e-06	8782.29479150069	1.21828287784763	9.1
GSE90496	GSM2403419	GSM2403419_8622007029_R04C02	ok	486427	0.136536417591951	0.99368042349797	4.11161387011823e-06	8181.42370041481	1.1685332706659	7.1
GSE90496	GSM2403420	GSM2403420_8622007029_R05C02	ok	486427	0.139069171735944	0.990931798324511	4.11161387011823e-06	8759.0953324948	1.15573283048557	7.64
GSE90496	GSM2403421	GSM2403421_8622007021_R05C01	ok	486427	0.139780480935474	0.990273937400421	4.11161387011823e-06	9978.05679718006	1.08159249201991	6.8
GSE90496	GSM2403422	GSM2403422_8622007021_R01C02	ok	486427	0.140958458309263	0.988723852598037	4.11161387011823e-06	8142.84302032118	1.09177549844719	10.34
GSE90496	GSM2403423	GSM2403423_8622007021_R02C02	ok	486427	0.144880937941356	0.984030426067739	4.11161387011823e-06	8527.55014442429	1.19856625144541	6.84
GSE90496	GSM2403424	GSM2403424_8622007027_R03C01	ok	486427	0.138501769021868	0.991741789587295	4.11161387011823e-06	9453.72566671311	1.21380155760768	7.2
GSE90496	GSM2403425	GSM2403425_8622007029_R06C02	ok	486427	0.139550230558748	0.990426067739117	4.11161387011823e-06	9423.53905407483	1.06307589401479	7.12
GSE90496	GSM2403426	GSM2403426_8622007025_R01C01	ok	486427	0.139949057104149	0.989605797399394	4.11161387011823e-06	8015.3954478411	1.24248090745805	7.02
GSE90496	GSM2403427	GSM2403427_8622007025_R03C01	ok	486427	0.138137891194362	0.991801408233541	4.11161387011823e-06	8844.98256865908	1.16842682059964	8.2
GSE90496	GSM2403428	GSM2403428_8622007025_R04C01	ok	486427	0.13787269209974	0.992177622449504	4.11161387011823e-06	9561.60577082421	1.06703505308773	7.26
GSE90496	GSM2403429	GSM2403429_8622007025_R05C01	ok	486427	0.140569910798537	0.988960271367631	4.11161387011823e-06	9760.6532966218	1.0832359965329	7.19
GSE90496	GSM2403430	GSM2403430_8622007026_R04C02	ok	486427	0.138273574452076	0.991698617464152	4.11161387011823e-06	9042.79129208037	1.06599301414297	8.42
GSE90496	GSM2403431	GSM2403431_8622007025_R02C02	ok	486427	0.1382221792787	0.992004933956931	4.11161387011823e-06	8030.23065544082	1.07005857889066	7.14
GSE90496	GSM2403432	GSM2403432_8622007025_R03C02	ok	486427	0.138380476412699	0.991562933648558	4.11161387011823e-06	8693.11855984682	1.07727723826577	6.78
GSE90496	GSM2403433	GSM2403433_8622007025_R04C02	ok	486427	0.13859633614088	0.991351184663617	4.11161387011823e-06	8845.66765961622	1.06316938945367	7.53
GSE90496	GSM2403434	GSM2403434_8622007025_R05C02	ok	486427	0.13720249903891	0.992997892789228	4.11161387011823e-06	9527.93532953179	1.06396730974168	8.65
GSE90496	GSM2403435	GSM2403435_8622007025_R06C02	ok	486427	0.137508814272234	0.992666906511795	4.11161387011823e-06	9631.2453582179	1.05298572401005	6.91
GSE90496	GSM2403436	GSM2403436_8622007026_R01C01	ok	486427	0.140516459818226	0.989112401706327	4.11161387011823e-06	7829.5625832705	1.06249792929803	8.25
GSE90496	GSM2403437	GSM2403437_8622007026_R04C01	ok	486427	0.141053025428276	0.988699182813383	4.11161387011823e-06	8942.22547648963	1.07393737909091	7.29
GSE90496	GSM2403438	GSM2403438_8622007026_R05C01	ok	486427	0.138382532219634	0.991898031556766	4.11161387011823e-06	9393.09945825135	1.07576680535689	6.76
GSE90496	GSM2403439	GSM2403439_8622007026_R06C01	ok	486427	0.145573744878471	0.983060081204708	4.11161387011823e-06	9458.2999480533	1.06810311868849	10.9
GSE90496	GSM2403440	GSM2403440_8622007026_R03C02	ok	486427	0.13682834217673	0.993826386390502	4.11161387011823e-06	8625.90468556235	1.19886109040027	6.8
GSE90496	GSM2403441	GSM2403441_8622007026_R06C02	ok	486427	0.143544663433568	0.985870380839801	4.11161387011823e-06	9136.085547026	1.07647234273523	6.75
GSE90496	GSM2403442	GSM2403442_8622007021_R06C02	ok	486427	0.140592524674823	0.989141183121756	4.11161387011823e-06	10036.2302460957	1.05505881184673	7.16
GSE90496	GSM2403443	GSM2403443_8622007022_R01C01	ok	486427	0.137033922870235	0.993645474636378	4.11161387011823e-06	7979.66381562132	1.06665657293126	7.18
GSE90496	GSM2403444	GSM2403444_8622007022_R02C01	ok	486427	0.136207488482342	0.994484247314591	4.11161387011823e-06	8809.28021225202	1.06463657339477	7.03
GSE90496	GSM2403445	GSM2403445_8622007022_R03C01	ok	486427	0.137665055599299	0.992549725034692	4.11161387011823e-06	8791.88688963268	1.0573911130665	8.37
GSE90496	GSM2403446	GSM2403446_8622007022_R04C01	ok	486427	0.137216889687456	0.993071902143188	4.11161387011823e-06	9198.06613628938	1.05668985666781	6.7
GSE90496	GSM2403447	GSM2403447_8622007022_R06C01	ok	486427	0.139626295415345	0.990119751246338	4.11161387011823e-06	9819.63323946511	1.05417206183684	6.75
GSE90496	GSM2403448	GSM2403448_8622007022_R02C02	ok	486427	0.137412191346286	0.992712134450326	4.11161387011823e-06	8541.4229772645	1.07335270870533	7
GSE90496	GSM2403449	GSM2403449_8622007022_R03C02	ok	486427	0.137447140064182	0.992901269466002	4.11161387011823e-06	9106.45448492838	1.05820142097315	7.11
GSE90496	GSM2403450	GSM2403450_8622007022_R04C02	ok	486427	0.13718194096956	0.993275427866578	4.11161387011823e-06	9408.35111953698	1.05681706575424	7.31
GSE90496	GSM2403451	GSM2403451_8622007022_R05C02	ok	486427	0.13717782935569	0.993456339620702	4.11161387011823e-06	10018.653636217	1.05352760558076	7.77
GSE90496	GSM2403452	GSM2403452_8622007023_R01C01	ok	486427	0.138349639308673	0.991961761833787	4.11161387011823e-06	8051.3559560652	1.08142373846225	9.03
GSE90496	GSM2403453	GSM2403453_8622007023_R03C01	ok	486427	0.136881793157041	0.993394665159069	4.11161387011823e-06	9055.29771334411	1.06590135546363	7.16
GSE90496	GSM2403454	GSM2403454_8622007023_R05C01	ok	486427	0.13824684896192	0.991828133833582	4.11161387011823e-06	9562.00675746032	1.05627811956288	11.58
GSE90496	GSM2403455	GSM2403455_8622007023_R02C02	ok	486427	0.135701759976317	0.995129773346354	4.11161387011823e-06	8381.54964414522	1.06772958520926	13.33
GSE90496	GSM2403456	GSM2403456_8622007023_R03C02	ok	486427	0.136939355751223	0.993509790820784	4.11161387011823e-06	8839.25651312381	1.0691737770843	6.87
GSE90496	GSM2403457	GSM2403457_8622007023_R04C02	ok	486427	0.136739942478522	0.993914786452177	4.11161387011823e-06	9031.62787613455	1.05858856446554	6.92
GSE90496	GSM2403458	GSM2403458_8622007023_R06C02	ok	486427	0.138090607634856	0.992220794572647	4.11161387011823e-06	9583.57578024738	1.05820950276235	6.95
GSE90496	GSM2403459	GSM2403459_8622007021_R03C02	ok	486427	0.138721740363919	0.991324459063576	4.11161387011823e-06	9330.96466460427	1.06393272157439	6.59
GSE90496	GSM2403460	GSM2403460_8622007021_R04C02	ok	486427	0.138035100847609	0.99201521303387	4.11161387011823e-06	9791.20367008335	1.05224594295404	7.08
GSE90496	GSM2403461	GSM2403461_8622007021_R05C02	ok	486427	0.137743176262831	0.992638125096366	4.11161387011823e-06	10120.3766931548	1.0553772249693	6.73
GSE90496	GSM2403462	GSM2403462_8622007027_R02C01	ok	486427	0.145000174743589	0.983987253944596	4.11161387011823e-06	9015.0505961733	1.26665056018927	6.68
GSE90496	GSM2403463	GSM2403463_8622007027_R01C01	ok	486427	0.139537895717137	0.990545305031608	4.11161387011823e-06	8973.87350471642	1.20942644876911	6.81
GSE90496	GSM2403464	GSM2403464_8622007027_R06C02	ok	486427	0.144375209435331	0.98424217505268	4.11161387011823e-06	9718.61046496146	1.37747285841922	7.18
GSE90496	GSM2403465	GSM2403465_8622007028_R01C01	ok	486427	0.145954069161457	0.983210155728016	4.11161387011823e-06	8048.03756704573	1.45140102440539	6.82
GSE90496	GSM2403466	GSM2403466_8622007027_R02C02	ok	486427	0.141190764492925	0.988557331551627	4.11161387011823e-06	8595.94243935007	1.22271030665331	7.09
GSE90496	GSM2403467	GSM2403467_8622007028_R03C01	ok	486427	0.142103542772091	0.987278614380429	4.11161387011823e-06	8792.27641892648	1.38995291839183	7.13
GSE90496	GSM2403468	GSM2403468_8622007028_R02C01	ok	486427	0.142307067658662	0.987079200287814	4.11161387011823e-06	8276.52644704511	1.52867969351234	21.32
GSE90496	GSM2403469	GSM2403469_8622007027_R05C02	ok	486427	0.138030989233739	0.992268078326566	4.11161387011823e-06	9835.90707361208	1.20740566433641	6.4
GSE90496	GSM2403470	GSM2403470_8622007027_R03C02	ok	486427	0.138896483953399	0.991310068355862	4.11161387011823e-06	9028.62355697299	1.16528674837808	5.83
GSE90496	GSM2403471	GSM2403471_8622007011_R01C01	ok	486427	0.138538773546699	0.991349128848229	4.11161387011823e-06	7724.57722729748	1.08265135142281	16.78
GSE90496	GSM2403472	GSM2403472_8622007019_R04C01	ok	486427	0.137574600094156	0.992504497096161	4.11161387011823e-06	7258.8633201795	1.06443713524187	10.78
GSE90496	GSM2403473	GSM2403473_8622007011_R03C01	ok	486427	0.139396045038618	0.990514467800791	4.11161387011823e-06	7815.8050041937	1.06678322413812	6.9
GSE90496	GSM2403474	GSM2403474_8622007019_R05C01	ok	486427	0.140539073694511	0.989128848229429	4.11161387011823e-06	7196.04140895708	1.0520199066093	6.76
GSE90496	GSM2403475	GSM2403475_8622007019_R06C01	ok	486427	0.152773180765048	0.974491442668448	4.11161387011823e-06	7046.79726099308	1.04992237587485	6.7
GSE90496	GSM2403476	GSM2403476_8622007011_R05C02	ok	486427	0.140454785610174	0.989503006630005	4.11161387011823e-06	7501.97855259235	1.06306512445252	6.73
GSE90496	GSM2403477	GSM2403477_8622007013_R02C01	ok	486427	0.137648609143818	0.992650459988693	4.11161387011823e-06	7202.59312057461	1.06508660632555	6.88
GSE90496	GSM2403478	GSM2403478_8622007013_R04C01	ok	486427	0.143799583493515	0.985309143238937	4.11161387011823e-06	7680.70232032153	1.07282233058682	7.08
GSE90496	GSM2403479	GSM2403479_8622007013_R01C02	ok	486427	0.13978664835628	0.990010793030786	4.11161387011823e-06	6993.48545452946	1.06845881243728	6.71
GSE90496	GSM2403480	GSM2403480_8622007013_R05C02	ok	486427	0.142453029951051	0.986838669887444	4.11161387011823e-06	7471.578158182	1.05033824930177	11.05
GSE90496	GSM2403481	GSM2403481_8622007013_R06C02	ok	486427	0.153813419074188	0.973660893251786	4.11161387011823e-06	7120.27718207016	1.04845979915275	6.71
GSE90496	GSM2403482	GSM2403482_8622007014_R02C01	ok	486427	0.137882971134415	0.992198180603382	4.11161387011823e-06	7412.16505410698	1.07800981899974	6.79
GSE90496	GSM2403483	GSM2403483_8622007014_R06C01	ok	486427	0.142261839906091	0.987077144472426	4.11161387011823e-06	7547.31806697772	1.06268549512631	6.64
GSE90496	GSM2403484	GSM2403484_8622007014_R02C02	ok	486427	0.138902651374204	0.990898905278306	4.11161387011823e-06	7468.08583684764	1.07404089169676	6.88
GSE90496	GSM2403485	GSM2403485_8622007014_R04C02	ok	486427	0.139673578974851	0.990056020969317	4.11161387011823e-06	7780.97849155772	1.07048134540205	7.24
GSE90496	GSM2403486	GSM2403486_8622007019_R06C02	ok	486427	0.148468321043034	0.979174590121807	4.11161387011823e-06	7617.45178105644	1.04857775808539	9.72
GSE90496	GSM2403487	GSM2403487_8622007020_R02C01	ok	486427	0.143398701141178	0.985658631854859	4.11161387011823e-06	7567.48783545776	1.08574446200338	6.11
GSE90496	GSM2403488	GSM2403488_8622007020_R06C01	ok	486427	0.145493568408004	0.983592537390142	4.11161387011823e-06	8350.5892384835	1.05575261349895	19.97
GSE90496	GSM2403489	GSM2403489_8622007063_R01C01	ok	486427	0.139285031464125	0.99069126792414	4.11161387011823e-06	7635.91799681336	1.2636465522681	10.27
GSE90496	GSM2403490	GSM2403490_8622007059_R03C02	ok	486427	0.138501769021868	0.991776738448887	4.11161387011823e-06	7905.88432643152	1.091089736285	7.13
GSE90496	GSM2403491	GSM2403491_8622007058_R03C02	ok	486427	0.135204254698033	0.995423754946806	4.11161387011823e-06	7988.17967829311	1.09853351041085	6.53
GSE90496	GSM2403492	GSM2403492_8622007058_R04C02	ok	486427	0.136114977170264	0.99451302873002	4.11161387011823e-06	8204.08543878094	1.08606156929932	6.69
GSE90496	GSM2403493	GSM2403493_8622007058_R01C02	ok	486427	0.137171661934884	0.993306265097394	4.11161387011823e-06	7252.27197737589	1.10461420284963	6.67
GSE90496	GSM2403494	GSM2403494_8622007058_R06C01	ok	486427	0.135903229055953	0.994418461222182	4.11161387011823e-06	8681.41174240396	1.09364886994593	6.76
GSE90496	GSM2403495	GSM2403495_8622007058_R05C01	ok	486427	0.141392233572561	0.988098884720152	4.11161387011823e-06	8142.83323094294	1.13400210348582	6.8
GSE90496	GSM2403496	GSM2403496_8622007061_R03C01	ok	486427	0.135432449267824	0.995181168731048	4.11161387011823e-06	8063.70689469029	1.20699428505269	6.8
GSE90496	GSM2403497	GSM2403497_8622007061_R04C01	ok	486427	0.135350216990422	0.995357968854397	4.11161387011823e-06	7904.75939674213	1.14736347118975	6.31
GSE90496	GSM2403498	GSM2403498_8622007061_R06C01	ok	486427	0.140738486967212	0.988875982936732	4.11161387011823e-06	8069.76264562649	1.23535286393704	6.6
GSE90496	GSM2403499	GSM2403499_8622007061_R02C02	ok	486427	0.138398978675115	0.991926812972195	4.11161387011823e-06	7345.64074569944	1.21360683520889	6.71
GSE90496	GSM2403500	GSM2403500_8622007061_R04C02	ok	486427	0.138493545794127	0.991431361463741	4.11161387011823e-06	7815.70890423277	1.35191857758013	7.29
GSE90496	GSM2403501	GSM2403501_8622007061_R05C02	ok	486427	0.139225413063008	0.99059875623169	4.11161387011823e-06	8217.84570649957	1.21429515998849	7.1
GSE90496	GSM2403502	GSM2403502_8622007067_R05C02	ok	486427	0.177251673940797	0.948705350259547	4.11161387011823e-06	7112.07126224819	1.26795079628221	18.74
GSE90496	GSM2403503	GSM2403503_8622007068_R02C01	ok	486427	0.225450067533258	0.895326103715886	4.11161387011823e-06	6189.6905788047	1.31921319454124	6.45
GSE90496	GSM2403504	GSM2403504_8622007069_R01C01	ok	486427	0.254613744714006	0.864324407668191	4.11161387011823e-06	5711.18550501626	1.28649526209143	6.03
GSE90496	GSM2403505	GSM2403505_8622007069_R06C01	ok	486427	0.230036572805375	0.890268797861952	4.11161387011823e-06	7246.34919414205	1.40512654143634	20
GSE90496	GSM2403506	GSM2403506_8622007067_R04C01	ok	486427	0.176898075147967	0.949420774014494	4.11161387011823e-06	7123.63380202446	1.200850414251	10.5
GSE90496	GSM2403507	GSM2403507_8622007067_R03C02	ok	486427	0.245103581832423	0.874955029038392	4.11161387011823e-06	5053.01151275728	1.23476679935594	7.15
GSE90496	GSM2403508	GSM2403508_8622007067_R04C02	ok	486427	0.213351643720435	0.909130904044817	4.11161387011823e-06	6140.70773411463	1.30821218194866	6.91
GSE90496	GSM2403509	GSM2403509_8622007070_R04C01	ok	486427	0.194205913734229	0.931206249678779	4.11161387011823e-06	6535.47150159462	1.27505580161374	6.78
GSE90496	GSM2403510	GSM2403510_8622007069_R01C02	ok	486427	0.179977673936685	0.945952613455312	4.11161387011823e-06	7093.64910306731	1.23523831179487	6.74
GSE90496	GSM2403511	GSM2403511_8622007069_R05C02	ok	486427	0.159888328567288	0.96759623785784	4.11161387011823e-06	8396.71673410391	1.51929593993746	6.91
GSE90496	GSM2403512	GSM2403512_8622007069_R04C02	ok	486427	0.143966103855255	0.985126175669425	4.11161387011823e-06	8538.57722791377	1.58544783059576	6.94
GSE90496	GSM2403513	GSM2403513_8622007069_R03C02	ok	486427	0.142716173238739	0.986378167240582	4.11161387011823e-06	8277.3570516699	1.57887868724549	7.02
GSE90496	GSM2403514	GSM2403514_8622007069_R02C02	ok	486427	0.152795794641334	0.975963406486098	4.11161387011823e-06	7376.7746968265	1.36597581707773	6.87
GSE90496	GSM2403515	GSM2403515_8622007070_R03C02	ok	486427	0.174281032919636	0.951472477771496	4.11161387011823e-06	7399.624448797	1.42532101263668	6.8
GSE90496	GSM2403516	GSM2403516_8622007065_R02C02	ok	486427	0.236839237953485	0.881066968186257	4.11161387011823e-06	5327.44733187683	1.28630098568968	6.85
GSE90496	GSM2403517	GSM2403517_8622007066_R02C01	ok	486427	0.163597004278134	0.962210001541862	4.11161387011823e-06	7211.0694185798	1.66753795092137	6.82
GSE90496	GSM2403518	GSM2403518_8622007066_R04C01	ok	486427	0.155310046522911	0.97197306881842	4.11161387011823e-06	8443.54148758097	1.52158010192733	6.94
GSE90496	GSM2403519	GSM2403519_8622007067_R06C02	ok	486427	0.172706284807381	0.952592897157835	4.11161387011823e-06	8088.17662926119	1.43555939773776	17.72
GSE90496	GSM2403520	GSM2403520_8622007065_R06C01	ok	486427	0.199123403922891	0.923223518528036	4.11161387011823e-06	6284.68041744291	1.24937205885641	6.31
GSE90496	GSM2403521	GSM2403521_8622007066_R06C02	ok	486427	0.175901008784463	0.949478336845351	4.11161387011823e-06	7902.79535020825	1.30836939063195	6.04
GSE90496	GSM2403522	GSM2403522_8622007065_R01C01	ok	486427	0.18273862265047	0.94189237806445	4.11161387011823e-06	6564.63000901243	1.21803677840413	20
GSE90496	GSM2403523	GSM2403523_8622007066_R06C01	ok	486427	0.156485968089765	0.970562779462404	4.11161387011823e-06	7901.60212699326	1.62011127848927	9.4
GSE90496	GSM2403524	GSM2403524_8622007066_R01C02	ok	486427	0.148330581978385	0.97984684175361	4.11161387011823e-06	8280.33565707505	1.92445381030071	7.29
GSE90496	GSM2403525	GSM2403525_8622007067_R02C01	ok	486427	0.201658213873819	0.919414092614483	4.11161387011823e-06	6409.18093728822	1.34323736156678	6.83
GSE90496	GSM2403526	GSM2403526_8622007069_R03C01	ok	486427	0.156502414545245	0.97056689109318	4.11161387011823e-06	7727.90621537024	1.45015068483822	6.87
GSE90496	GSM2403527	GSM2403527_8622007069_R02C01	ok	486427	0.179718642262868	0.945494166623837	4.11161387011823e-06	7335.06728217023	1.39028850842882	6.72
GSE90496	GSM2403528	GSM2403528_8622007068_R01C02	ok	486427	0.15371268453437	0.973500539651539	4.11161387011823e-06	7946.57207184498	1.26465344595068	6.53
GSE90496	GSM2403529	GSM2403529_8622007074_R03C01	ok	486427	0.138598391947815	0.991125044970962	4.11161387011823e-06	6605.97133273799	1.08846019972556	6.75
GSE90496	GSM2403530	GSM2403530_8622007080_R01C01	ok	486427	0.14311088817027	0.986596083671686	4.11161387011823e-06	6879.34519449407	1.09532148423334	6.75
GSE90496	GSM2403531	GSM2403531_8622007080_R02C01	ok	486427	0.144743198876707	0.984647170684073	4.11161387011823e-06	6870.16427963124	1.11669430476152	6.39
GSE90496	GSM2403532	GSM2403532_8622007080_R03C01	ok	486427	0.138002207936648	0.992444878449915	4.11161387011823e-06	7082.14060276369	1.08636612414011	6.59
GSE90496	GSM2403533	GSM2403533_8622007080_R04C01	ok	486427	0.136386343685692	0.993986739990749	4.11161387011823e-06	7238.75818260925	1.08141121541322	6.68
GSE90496	GSM2403534	GSM2403534_8622007080_R06C01	ok	486427	0.140374609139706	0.989533843860821	4.11161387011823e-06	7313.69129308609	1.07898711223121	6.75
GSE90496	GSM2403535	GSM2403535_8622007080_R03C02	ok	486427	0.138304411556102	0.99194120367991	4.11161387011823e-06	7123.10453806292	1.07951994533554	6.86
GSE90496	GSM2403536	GSM2403536_8622007072_R05C01	ok	486427	0.144420437187903	0.984466258929948	4.11161387011823e-06	7181.26882550475	1.27224050465966	16.71
GSE90496	GSM2403537	GSM2403537_8622007072_R06C01	ok	486427	0.151317669455026	0.976477360333042	4.11161387011823e-06	7574.97216711658	1.24054728713653	7.25
GSE90496	GSM2403538	GSM2403538_8622007072_R02C02	ok	486427	0.143830420597541	0.985140566377139	4.11161387011823e-06	6938.61076182618	1.29446283604348	5.93
GSE90496	GSM2403539	GSM2403539_8622007073_R03C02	ok	486427	0.168559722219367	0.957004676980007	4.11161387011823e-06	6535.29025431313	1.17448692615018	19.8
GSE90496	GSM2403540	GSM2403540_8622007072_R03C02	ok	486427	0.151765835366869	0.976187490363365	4.11161387011823e-06	7100.53194013795	1.2404795671889	9.61
GSE90496	GSM2403541	GSM2403541_8622007073_R01C01	ok	486427	0.144987839901979	0.983734388651899	4.11161387011823e-06	6159.41561814999	1.25794037032632	7.14
GSE90496	GSM2403542	GSM2403542_8622007072_R04C02	ok	486427	0.141914408534066	0.987519144780799	4.11161387011823e-06	6964.10623722705	1.22776834399095	6.46
GSE90496	GSM2403543	GSM2403543_8622007072_R05C02	ok	486427	0.139513226033917	0.990532970139282	4.11161387011823e-06	7353.77473969529	1.19507687206585	6.73
GSE90496	GSM2403544	GSM2403544_8622007073_R02C01	ok	486427	0.141869180781494	0.987344400472838	4.11161387011823e-06	6393.66780650515	1.23235314170131	6.91
GSE90496	GSM2403545	GSM2403545_8622007072_R06C02	ok	486427	0.145653921348938	0.982778434496582	4.11161387011823e-06	7479.09903054808	1.27689884015254	6.72
GSE90496	GSM2403546	GSM2403546_8622007073_R03C01	ok	486427	0.140602803709498	0.988927378321427	4.11161387011823e-06	6844.61839219916	1.16081794647266	7.33
GSE90496	GSM2403547	GSM2403547_8622007071_R02C01	ok	486427	0.13964479767776	0.990222542015727	4.11161387011823e-06	7013.0241621501	1.15209995396518	6.84
GSE90496	GSM2403548	GSM2403548_8622007071_R01C01	ok	486427	0.13981954126724	0.989899778999846	4.11161387011823e-06	6986.01078655647	1.17282882373688	6.7
GSE90496	GSM2403549	GSM2403549_8622007071_R03C01	ok	486427	0.144996063129719	0.984048928406229	4.11161387011823e-06	7081.03041973384	1.1437735374933	6.96
GSE90496	GSM2403550	GSM2403550_8622007071_R04C01	ok	486427	0.141291499032743	0.988203731304929	4.11161387011823e-06	7267.5538825611	1.10218114266464	8.52
GSE90496	GSM2403551	GSM2403551_8622007071_R05C01	ok	486427	0.138191342174674	0.992087166572442	4.11161387011823e-06	7251.19514225756	1.1107625457985	6.57
GSE90496	GSM2403552	GSM2403552_8622007071_R06C01	ok	486427	0.142442750916376	0.986838669887444	4.11161387011823e-06	7266.8839611605	1.09639146743066	6.99
GSE90496	GSM2403553	GSM2403553_8622007071_R01C02	ok	486427	0.138275630259011	0.991725343064193	4.11161387011823e-06	7178.07517240132	1.16285654044733	6.64
GSE90496	GSM2403554	GSM2403554_8622007071_R02C02	ok	486427	0.138904707181139	0.991020198386185	4.11161387011823e-06	7341.17002600718	1.11859335347988	8.63
GSE90496	GSM2403555	GSM2403555_8622007071_R03C02	ok	486427	0.139176073696567	0.990985249524593	4.11161387011823e-06	7277.16728251167	1.11859930108883	41.27
GSE90496	GSM2403556	GSM2403556_8622007071_R04C02	ok	486427	0.145904729795015	0.982920285758339	4.11161387011823e-06	7454.29344943863	1.10221988060854	42.74
GSE90496	GSM2403557	GSM2403557_8622007071_R05C02	ok	486427	0.176312170171475	0.948000205581539	4.11161387011823e-06	7336.14425121676	1.07755651856383	18.1
GSE90496	GSM2403558	GSM2403558_8622007071_R06C02	ok	486427	0.148034545779737	0.980237446677288	4.11161387011823e-06	7783.37231282337	1.06985120931702	7.4
GSE90496	GSM2403559	GSM2403559_8622007072_R01C01	ok	486427	0.179356820242297	0.944174333144884	4.11161387011823e-06	6583.72408041049	1.1040538883379	8.95
GSE90496	GSM2403560	GSM2403560_8622007073_R04C01	ok	486427	0.138435983199946	0.991591715063987	4.11161387011823e-06	6991.48379551515	1.17418131605163	6.58
GSE90496	GSM2403561	GSM2403561_8622007073_R05C01	ok	486427	0.143811918335125	0.985697692347227	4.11161387011823e-06	7142.46255479071	1.18415646010575	7.18
GSE90496	GSM2403562	GSM2403562_8622007072_R02C01	ok	486427	0.137841854995714	0.992115947987871	4.11161387011823e-06	7055.71661531143	1.28770378660276	7.19
GSE90496	GSM2403563	GSM2403563_8622007073_R06C01	ok	486427	0.146809284846442	0.981524387110038	4.11161387011823e-06	7454.55464221957	1.14819456680569	6.79
GSE90496	GSM2403564	GSM2403564_8622007073_R01C02	ok	486427	0.140921453784432	0.98847098730534	4.11161387011823e-06	6410.63193929407	1.19291521376191	7.17
GSE90496	GSM2403565	GSM2403565_8622007072_R03C01	ok	486427	0.143470654383905	0.985609292285553	4.11161387011823e-06	7498.72644326335	1.27180438653449	7.17
GSE90496	GSM2403566	GSM2403566_8622007072_R04C01	ok	486427	0.19282852308774	0.929399187952922	4.11161387011823e-06	6979.38050379662	1.12238465764472	7.38
GSE90496	GSM2403567	GSM2403567_8622007073_R02C02	ok	486427	0.144430716222578	0.984715012591869	4.11161387011823e-06	6356.66229457764	1.17528193408486	8.81
GSE90496	GSM2403568	GSM2403568_8622007073_R04C02	ok	486427	0.138037156654544	0.992019324664645	4.11161387011823e-06	6971.79370071626	1.08025833286651	6.07
GSE90496	GSM2403569	GSM2403569_8622007083_R06C02	ok	486427	0.402779862137587	0.69929177159891	4.11161387011823e-06	4075.68132441288	1.2497077055308	5.64
GSE90496	GSM2403570	GSM2403570_8622007084_R01C01	ok	486427	0.210107580376912	0.912013157218482	4.11161387011823e-06	6339.40243109612	1.3787549297778	5.84
GSE90496	GSM2403571	GSM2403571_8622007084_R01C02	ok	486427	0.181102200330163	0.943757002621165	4.11161387011823e-06	6999.76713412861	1.39456332855104	8.81
GSE90496	GSM2403572	GSM2403572_8622007084_R04C01	ok	486427	0.215927569810064	0.905962892532251	4.11161387011823e-06	6356.13708276479	1.34745700621081	40.73
GSE90496	GSM2403573	GSM2403573_8622007083_R02C01	ok	486427	0.162390245607255	0.964269928560415	4.11161387011823e-06	7663.86406906072	1.54213072418461	41.72
GSE90496	GSM2403574	GSM2403574_8622007083_R03C01	ok	486427	0.168485713169705	0.957226705041887	4.11161387011823e-06	8150.38734754994	1.38279630085104	18.72
GSE90496	GSM2403575	GSM2403575_8622007084_R02C02	ok	486427	0.221938749288177	0.899890013876754	4.11161387011823e-06	6173.3639839897	1.35931882670963	8.19
GSE90496	GSM2403576	GSM2403576_8622007083_R04C01	ok	486427	0.15319667699367	0.975509071285399	4.11161387011823e-06	8080.81632436854	1.25919649796927	8.42
GSE90496	GSM2403577	GSM2403577_8622007084_R03C02	ok	486427	0.190452010270811	0.934228298298813	4.11161387011823e-06	6717.51787835229	1.42410979870922	6.94
GSE90496	GSM2403578	GSM2403578_8622007083_R05C01	ok	486427	0.18396182777683	0.941789587295061	4.11161387011823e-06	7142.28150559863	1.2584106298566	7.34
GSE90496	GSM2403579	GSM2403579_8622007083_R01C02	ok	486427	0.191767726709249	0.931864110602868	4.11161387011823e-06	6770.71214771337	1.37216665535533	7.47
GSE90496	GSM2403580	GSM2403580_8622007083_R02C02	ok	486427	0.15284718981471	0.975219201315722	4.11161387011823e-06	7800.36130039134	1.46043819938588	6.86
GSE90496	GSM2403581	GSM2403581_8622007083_R03C02	ok	486427	0.169246361735677	0.957522742457727	4.11161387011823e-06	7123.5250084178	1.33859789436192	7.27
GSE90496	GSM2403582	GSM2403582_8622007083_R04C02	ok	486427	0.277250234875942	0.838733617721129	4.11161387011823e-06	4537.43208409545	1.26279701691745	7.54
GSE90496	GSM2403583	GSM2403583_8622007084_R04C02	ok	486427	0.144765812752993	0.984046872590841	4.11161387011823e-06	8423.94039520609	1.51423181829117	7.14
GSE90496	GSM2403584	GSM2403584_8622007084_R05C02	ok	486427	0.277042598375501	0.838495143136146	4.11161387011823e-06	5037.87212106556	1.21081230974202	7.13
GSE90496	GSM2403585	GSM2403585_8622007120_R02C01	ok	486427	0.163564111367173	0.962824690342807	4.11161387011823e-06	7923.84119367151	1.66467080781321	6.18
GSE90496	GSM2403586	GSM2403586_8622007091_R01C01	ok	486427	0.436077767064739	0.661752582618081	4.11161387011823e-06	3811.95492327173	1.20430149319808	5.77
GSE90496	GSM2403587	GSM2403587_8622007091_R02C02	ok	486427	0.207531654287283	0.914763838207329	4.11161387011823e-06	6612.91775352979	1.3607868793684	5.79
GSE90496	GSM2403588	GSM2403588_8622007091_R04C01	ok	486427	0.20499890014329	0.917683096057974	4.11161387011823e-06	7001.38840358885	1.24544504291341	8.58
GSE90496	GSM2403589	GSM2403589_8622007091_R05C01	ok	486427	0.178637287815027	0.94660225111785	4.11161387011823e-06	7771.94730100398	1.36493633111388	40.81
GSE90496	GSM2403590	GSM2403590_8622007091_R01C02	ok	486427	0.185997076642538	0.93803361258159	4.11161387011823e-06	7515.71706231912	1.27189968659055	26.67
GSE90496	GSM2403591	GSM2403591_8622007097_R02C02	ok	486427	0.181973862470628	0.94400164465231	4.11161387011823e-06	6266.92219888356	1.22187377884645	6.3
GSE90496	GSM2403592	GSM2403592_8622007106_R04C01	ok	486427	0.135973126491745	0.994397903068304	4.11161387011823e-06	7907.43334140991	1.11145823302665	12.85
GSE90496	GSM2403593	GSM2403593_8622007106_R02C01	ok	486427	0.136117032977199	0.99416148429871	4.11161387011823e-06	7388.80059667239	1.15933762749635	12.68
GSE90496	GSM2403594	GSM2403594_8622007106_R05C01	ok	486427	0.136433627245198	0.99393945623683	4.11161387011823e-06	8769.49024032154	1.1232817849841	6.08
GSE90496	GSM2403595	GSM2403595_8622007106_R03C01	ok	486427	0.136900295419457	0.993466618697641	4.11161387011823e-06	8000.8961493146	1.10686369693313	7.23
GSE90496	GSM2403596	GSM2403596_8622007106_R01C01	ok	486427	0.136470631770029	0.993711260728787	4.11161387011823e-06	7080.26033939022	1.1608669851733	6.4
GSE90496	GSM2403597	GSM2403597_8622007144_R03C02	ok	486427	0.150883894191729	0.976539034794675	4.11161387011823e-06	7292.25320360585	1.34538227005759	6.93
GSE90496	GSM2403598	GSM2403598_8622007144_R01C02	ok	486427	0.151412236574039	0.976493806856144	4.11161387011823e-06	6969.43532246437	1.15695713782179	6.85
GSE90496	GSM2403599	GSM2403599_8622007106_R04C02	ok	486427	0.147855690576387	0.980757567970396	4.11161387011823e-06	7979.5907677971	1.30371857600353	6.9
GSE90496	GSM2403600	GSM2403600_8622007106_R01C02	ok	486427	0.148830143063605	0.979678264891813	4.11161387011823e-06	7245.41829604767	1.14687065451538	7.49
GSE90496	GSM2403601	GSM2403601_8622007106_R05C02	ok	486427	0.141912352727131	0.98747186102688	4.11161387011823e-06	8372.66607940579	1.16686313712844	7.31
GSE90496	GSM2403602	GSM2403602_8622007132_R03C01	ok	486427	0.146202821800599	0.982340545818985	4.11161387011823e-06	6761.54564400484	1.08647616153313	7.35
GSE90496	GSM2403603	GSM2403603_8622007132_R05C01	ok	486427	0.137967259218752	0.992222850388035	4.11161387011823e-06	7433.90474818355	1.17963124230276	7.01
GSE90496	GSM2403604	GSM2403604_8622007144_R04C02	ok	486427	0.146317946988962	0.982050675849309	4.11161387011823e-06	7636.4163772545	1.22850921102276	7.75
GSE90496	GSM2403605	GSM2403605_8622007149_R02C01	ok	486427	0.191134538173251	0.930355142108239	4.11161387011823e-06	6198.45487733841	1.24203611082543	8.55
GSE90496	GSM2403606	GSM2403606_8622007149_R02C02	ok	486427	0.151364953014533	0.976099090301691	4.11161387011823e-06	6812.75127960907	1.19357959801877	41.09
GSE90496	GSM2403607	GSM2403607_8622007118_R04C01	ok	486427	0.190955682969901	0.933794521251992	4.11161387011823e-06	6372.12299272569	1.25876797395278	16.25
GSE90496	GSM2403608	GSM2403608_8622007118_R02C02	ok	486427	0.212315517025165	0.909667471861027	4.11161387011823e-06	6021.10300503812	1.36550833571333	5.88
GSE90496	GSM2403609	GSM2403609_8622007118_R03C02	ok	486427	0.32166799951483	0.790288328108136	4.11161387011823e-06	4784.88947062423	1.23819600151063	6.9
GSE90496	GSM2403610	GSM2403610_8622007119_R01C01	ok	486427	0.187210002734223	0.937969882304569	4.11161387011823e-06	5849.69009652087	1.2354772450509	7.25
GSE90496	GSM2403611	GSM2403611_8622007119_R02C01	ok	486427	0.160496847420065	0.966385362594439	4.11161387011823e-06	7601.7127645672	1.6031520467947	33.6
GSE90496	GSM2403612	GSM2403612_8622007119_R03C01	ok	486427	0.158040158132669	0.970110500077093	4.11161387011823e-06	7167.34680693825	1.48174381302201	8.73
GSE90496	GSM2403613	GSM2403613_8622007119_R04C01	ok	486427	0.164201411517042	0.963022048620034	4.11161387011823e-06	7149.787372127	1.2818024564113	7.02
GSE90496	GSM2403614	GSM2403614_8622007119_R05C01	ok	486427	0.154300645317797	0.973687618851827	4.11161387011823e-06	7836.08980274444	1.53326853254623	6.71
GSE90496	GSM2403615	GSM2403615_8622007119_R06C01	ok	486427	0.169044892656041	0.957251374826541	4.11161387011823e-06	7544.72719234074	1.43920443806694	6.79
GSE90496	GSM2403616	GSM2403616_8622007130_R06C01	ok	486427	0.186957138481211	0.936514365010022	4.11161387011823e-06	7580.66448854985	1.42644367410917	6.7
GSE90496	GSM2403617	GSM2403617_8622007130_R01C02	ok	486427	0.38445851073234	0.722617052988642	4.11161387011823e-06	3551.52301557442	1.08189834361244	6.64
GSE90496	GSM2403618	GSM2403618_8622007120_R04C02	ok	486427	0.161981140027178	0.963945109729146	4.11161387011823e-06	7036.97816921778	1.38134927483761	7.38
GSE90496	GSM2403619	GSM2403619_8622007130_R04C01	ok	486427	0.261576762803052	0.85620188107108	4.11161387011823e-06	3168.88070596247	1.16886419440314	6.78
GSE90496	GSM2403620	GSM2403620_8622007130_R03C01	ok	486427	0.217430364679592	0.903896798067534	4.11161387011823e-06	3981.08885721526	1.20254778037126	6.69
GSE90496	GSM2403621	GSM2403621_8622007130_R02C01	ok	486427	0.220906734206777	0.898730533998047	4.11161387011823e-06	5618.32194692849	1.1258275795446	6.17
GSE90496	GSM2403622	GSM2403622_8622007119_R05C02	ok	486427	0.241989034325808	0.875491596854602	4.11161387011823e-06	5218.63723027496	1.21866894440482	8.5
GSE90496	GSM2403623	GSM2403623_8622007119_R06C02	ok	486427	0.193120447672518	0.929886416199825	4.11161387011823e-06	6423.7111269212	1.2697513355648	40.56
GSE90496	GSM2403624	GSM2403624_8622007189_R01C01	ok	486427	0.189903109819151	0.934808038238166	4.11161387011823e-06	6542.17673291884	1.36956012463459	16.77
GSE90496	GSM2403625	GSM2403625_8622007189_R03C01	ok	486427	0.226403961951125	0.895714652824176	4.11161387011823e-06	6862.13806276219	1.23180710152291	7.23
GSE90496	GSM2403626	GSM2403626_8622007189_R04C01	ok	486427	0.186116313444772	0.93897723184458	4.11161387011823e-06	6900.16340226352	1.3729155480117	8.34
GSE90496	GSM2403627	GSM2403627_8622007189_R05C01	ok	486427	0.179607628688375	0.946127357763273	4.11161387011823e-06	7536.07094418393	1.30363429287355	7.3
GSE90496	GSM2403628	GSM2403628_8622007189_R06C01	ok	486427	0.194423829269346	0.929668499768721	4.11161387011823e-06	7344.62560431972	1.34803094437712	6
GSE90496	GSM2403629	GSM2403629_8622007189_R01C02	ok	486427	0.174501004261688	0.951495091740762	4.11161387011823e-06	6786.3914255898	1.35176515531084	19.53
GSE90496	GSM2403630	GSM2403630_8622007189_R02C02	ok	486427	0.171456354190865	0.9547350567919	4.11161387011823e-06	7083.20996424855	1.29425261039816	6.08
GSE90496	GSM2403631	GSM2403631_8622007189_R05C02	ok	486427	0.181844346633719	0.943882407359819	4.11161387011823e-06	7333.63503596942	1.3978498024627	7.21
GSE90496	GSM2403632	GSM2403632_8622007189_R06C02	ok	486427	0.250234875942331	0.868403145397543	4.11161387011823e-06	6131.59727061363	1.28289608663251	6.71
GSE90496	GSM2403633	GSM2403633_8622007203_R03C01	ok	486427	0.152353796150296	0.975928457624505	4.11161387011823e-06	7604.9851031232	1.36935087301252	6.99
GSE90496	GSM2403634	GSM2403634_8622007203_R04C01	ok	486427	0.216671771920555	0.904881533638279	4.11161387011823e-06	6491.10326307999	1.3294351356304	6.89
GSE90496	GSM2403635	GSM2403635_8622007203_R06C01	ok	486427	0.211478803602596	0.91022870946189	4.11161387011823e-06	6765.12238793567	1.24010459508445	6.86
GSE90496	GSM2403636	GSM2403636_8622007203_R01C02	ok	486427	0.171793506528215	0.953966181836871	4.11161387011823e-06	6626.91876318552	1.44000954268976	7.08
GSE90496	GSM2403637	GSM2403637_8622007203_R02C02	ok	486427	0.158656900213187	0.968737215398057	4.11161387011823e-06	7197.81836793365	1.51482425076514	6.68
GSE90496	GSM2403638	GSM2403638_8622007203_R03C02	ok	486427	0.1545822908679	0.973870586421339	4.11161387011823e-06	7320.59730097313	1.25564273281597	6.9
GSE90496	GSM2403639	GSM2403639_8622007203_R04C02	ok	486427	0.321408967841012	0.789579071799352	4.11161387011823e-06	4479.25857546481	1.27607255953505	8.37
GSE90496	GSM2403640	GSM2403640_8622007203_R05C02	ok	486427	0.192254952952858	0.932532250603896	4.11161387011823e-06	6129.58307006625	1.32463749388671	42.52
GSE90496	GSM2403641	GSM2403641_8622007203_R06C02	ok	486427	0.246088313354316	0.872615511127101	4.11161387011823e-06	5336.66837675988	1.34343879701994	17.8
GSE90496	GSM2403642	GSM2403642_8942351007_R05C01	ok	486427	0.174616129450051	0.951865138510562	4.11161387011823e-06	6076.7272174738	1.26137924350844	6.19
GSE90496	GSM2403643	GSM2403643_8942351007_R06C01	ok	486427	0.18346226669161	0.941647736033304	4.11161387011823e-06	6150.0816938919	1.32959524856966	6.18
GSE90496	GSM2403644	GSM2403644_8942351007_R01C02	ok	486427	0.161086864010427	0.965378013054428	4.11161387011823e-06	6773.52836603102	1.76733632435838	6.13
GSE90496	GSM2403645	GSM2403645_8942351007_R02C02	ok	486427	0.177810853427133	0.945934111116822	4.11161387011823e-06	6062.6728153327	1.57394934468657	33.65
GSE90496	GSM2403646	GSM2403646_8942351007_R03C02	ok	486427	0.183472545726286	0.940769902862723	4.11161387011823e-06	5511.6907655305	1.30919229296011	7.83
GSE90496	GSM2403647	GSM2403647_8942351007_R04C02	ok	486427	0.205091411455367	0.916468109163797	4.11161387011823e-06	5833.62608668063	1.47249843617979	6.95
GSE90496	GSM2403648	GSM2403648_8942326114_R02C02	ok	486427	0.151537640797077	0.976395127717531	4.11161387011823e-06	6596.21839781096	1.27729047663006	6.54
GSE90496	GSM2403649	GSM2403649_8942326114_R05C02	ok	486427	0.153100054067722	0.974840931284371	4.11161387011823e-06	7182.78473337829	1.11816189217036	6.52
GSE90496	GSM2403650	GSM2403650_8942326114_R03C02	ok	486427	0.147134102342181	0.981388703294444	4.11161387011823e-06	7013.48309415044	1.27311538582981	6.59
GSE90496	GSM2403651	GSM2403651_8963311099_R01C01	ok	486427	0.19787141749944	0.925795343578147	4.11161387011823e-06	5614.60354807665	1.36784854875904	6.98
GSE90496	GSM2403652	GSM2403652_8963311099_R02C01	ok	486427	0.184703974080386	0.940907642493704	4.11161387011823e-06	5754.3368098361	1.28951716123011	7.06
GSE90496	GSM2403653	GSM2403653_8963311099_R04C01	ok	486427	0.14450472527224	0.984240119237292	4.11161387011823e-06	7719.45660914757	1.78294188426332	7.18
GSE90496	GSM2403654	GSM2403654_8963311099_R05C01	ok	486427	0.15929214455612	0.968036182350825	4.11161387011823e-06	7174.20975193035	1.4104588206455	13.14
GSE90496	GSM2403655	GSM2403655_8963311099_R06C01	ok	486427	0.178174731254638	0.946814000102791	4.11161387011823e-06	7495.09304821947	1.40213324730882	7.62
GSE90496	GSM2403656	GSM2403656_8963311099_R01C02	ok	486427	0.147119711693635	0.981470935909955	4.11161387011823e-06	7112.22623701026	1.5001209792992	6.94
GSE90496	GSM2403657	GSM2403657_8963311099_R02C02	ok	486427	0.163370865515278	0.963328365112813	4.11161387011823e-06	6216.8662201396	1.4001993001619	7.06
GSE90496	GSM2403658	GSM2403658_8963311099_R03C02	ok	486427	0.156893017862906	0.970899933186	4.11161387011823e-06	6685.72133924561	1.47336224357972	6.79
GSE90496	GSM2403659	GSM2403659_8963311099_R04C02	ok	486427	0.150466565383912	0.978171352212571	4.11161387011823e-06	7115.53114505661	1.40342017895387	6.73
GSE90496	GSM2403660	GSM2403660_8963311099_R06C02	ok	486427	0.21961979906543	0.898666803721026	4.11161387011823e-06	6957.92711268929	1.44534724025989	6.8
GSE90496	GSM2403661	GSM2403661_9003865058_R01C02	ok	486427	0.152906808215827	0.974226242483425	4.11161387011823e-06	7218.34006710021	1.55203488323339	6.76
GSE90496	GSM2403662	GSM2403662_9003865058_R04C02	ok	486427	0.155875393430052	0.971350156755923	4.11161387011823e-06	7385.78007954833	1.5059290257684	7.17
GSE90496	GSM2403663	GSM2403663_9003865058_R04C01	ok	486427	0.222000423496229	0.900225111784962	4.11161387011823e-06	5725.63865306853	1.15410366173358	7.15
GSE90496	GSM2403664	GSM2403664_9003865058_R03C01	ok	486427	0.151767891173804	0.976088811224752	4.11161387011823e-06	7649.47812799222	1.31387420451203	6.7
GSE90496	GSM2403665	GSM2403665_9003865058_R06C01	ok	486427	0.159754701116509	0.965770673793493	4.11161387011823e-06	8385.72118882776	1.52531128828849	7.15
GSE90496	GSM2403666	GSM2403666_9003865058_R03C02	ok	486427	0.184895164125347	0.938804543352007	4.11161387011823e-06	7605.85613712062	1.48343764653251	7.23
GSE90496	GSM2403667	GSM2403667_9003865058_R05C02	ok	486427	0.142060370826455	0.98710181425708	4.11161387011823e-06	8216.11147544439	1.4389478681678	6.64
GSE90496	GSM2403668	GSM2403668_8963311098_R02C01	ok	486427	0.149420159653967	0.979022459783112	4.11161387011823e-06	6848.72755051238	1.07827984464457	6.95
GSE90496	GSM2403669	GSM2403669_8963282018_R03C02	ok	486427	0.141990473390663	0.987350567919001	4.11161387011823e-06	6815.74984548061	1.2296249030582	6.85
GSE90496	GSM2403670	GSM2403670_8959312010_R03C01	ok	486427	0.152076262214063	0.975786606362749	4.11161387011823e-06	5953.26436086385	1.08100872946717	6.91
GSE90496	GSM2403671	GSM2403671_8963311098_R05C01	ok	486427	0.142418081233155	0.986756437271933	4.11161387011823e-06	7207.72458045083	1.22302535807409	12.37
GSE90496	GSM2403672	GSM2403672_8959312010_R06C01	ok	486427	0.200546022321952	0.919292799506604	4.11161387011823e-06	6600.57371672184	1.0711797603038	7.17
GSE90496	GSM2403673	GSM2403673_8963282018_R01C01	ok	486427	0.146953191331896	0.981729968648815	4.11161387011823e-06	6123.57446319762	1.22674710746512	6.81
GSE90496	GSM2403674	GSM2403674_8963282039_R02C01	ok	486427	0.141893850464715	0.987188158503366	4.11161387011823e-06	6328.21811439238	1.15820788732025	6.89
GSE90496	GSM2403675	GSM2403675_8963282062_R03C01	ok	486427	0.141135257705678	0.988353805828237	4.11161387011823e-06	6585.07274231878	1.12486915874977	6.98
GSE90496	GSM2403676	GSM2403676_8963282039_R05C02	ok	486427	0.145121467352758	0.983715886313409	4.11161387011823e-06	7375.82600502132	1.12200261147476	7.1
GSE90496	GSM2403677	GSM2403677_8963282062_R01C02	ok	486427	0.149224857995136	0.978909389936784	4.11161387011823e-06	6786.90789033577	1.16507841381011	6.82
GSE90496	GSM2403678	GSM2403678_8959312010_R04C01	ok	486427	0.148127057091814	0.980233335046513	4.11161387011823e-06	6365.46826920777	1.17633114091021	6.85
GSE90496	GSM2403679	GSM2403679_8963282039_R06C01	ok	486427	0.144266251667773	0.984653338130236	4.11161387011823e-06	7335.98289300612	1.1411949803519	6.86
GSE90496	GSM2403680	GSM2403680_8963282046_R05C01	ok	486427	0.142274174747701	0.986563190625482	4.11161387011823e-06	7750.49448286512	1.33483890905089	7.3
GSE90496	GSM2403681	GSM2403681_8959312010_R02C02	ok	486427	0.143189008833802	0.985890938993678	4.11161387011823e-06	6937.36081277333	1.19247498153051	7.62
GSE90496	GSM2403682	GSM2403682_8963282018_R01C02	ok	486427	0.143320580477646	0.985640129516369	4.11161387011823e-06	6128.92282274569	1.26014300752585	7.19
GSE90496	GSM2403683	GSM2403683_8963282062_R04C01	ok	486427	0.155813719222	0.971450891709924	4.11161387011823e-06	6818.89791694149	1.19823461344667	7.41
GSE90496	GSM2403684	GSM2403684_8963282018_R02C02	ok	486427	0.141334670978379	0.988152335920234	4.11161387011823e-06	6598.3093121192	1.20027689767023	8.68
GSE90496	GSM2403685	GSM2403685_8963282062_R06C02	ok	486427	0.146408402494105	0.982402220280619	4.11161387011823e-06	7402.63502093882	1.14392525257334	6.98
GSE90496	GSM2403686	GSM2403686_7497398017_R06C02	ok	486427	0.138444206427686	0.990767333093488	4.11161387011823e-06	4445.28045333166	1.81644309743902	6.8
GSE90496	GSM2403687	GSM2403687_7497398022_R05C02	ok	486427	0.14135522904773	0.98667626047181	4.11161387011823e-06	4130.2737462283	1.87950890946947	6.83
GSE90496	GSM2403688	GSM2403688_8963282062_R02C01	ok	486427	0.145250983189667	0.983808398005859	4.11161387011823e-06	6505.70338779969	1.09953863947701	12.11
GSE90496	GSM2403689	GSM2403689_8963311098_R02C02	ok	486427	0.145884171725665	0.982774322865807	4.11161387011823e-06	6810.10059758832	1.27390687724608	7.33
GSE90496	GSM2403690	GSM2403690_8963311098_R04C01	ok	486427	0.143682402498217	0.985638073700982	4.11161387011823e-06	6996.36975107143	1.11758853676143	6.48
GSE90496	GSM2403691	GSM2403691_8963282046_R03C01	ok	486427	0.140898839908147	0.988709461890322	4.11161387011823e-06	7159.45190828302	1.27567810132535	6.93
GSE90496	GSM2403692	GSM2403692_9007217108_R06C01	ok	486427	0.170712152080374	0.953811995682788	4.11161387011823e-06	6992.64072415198	1.09949489653825	6.54
GSE90496	GSM2403693	GSM2403693_9007217139_R02C02	ok	486427	0.155519738830287	0.972201264326463	4.11161387011823e-06	6289.71277031054	1.08958898605602	6.75
GSE90496	GSM2403694	GSM2403694_9007217139_R02C01	ok	486427	0.153332360251384	0.974538726422367	4.11161387011823e-06	6629.35180294945	1.07707009122295	6.84
GSE90496	GSM2403695	GSM2403695_9007217108_R05C02	ok	486427	0.147224557847323	0.98154083363314	4.11161387011823e-06	7547.30060246044	1.2120386684211	6.81
GSE90496	GSM2403696	GSM2403696_9007217139_R01C02	ok	486427	0.151204600073598	0.977412756334481	4.11161387011823e-06	7093.03276430205	1.1937971129908	6.91
GSE90496	GSM2403697	GSM2403697_9007217139_R03C02	ok	486427	0.14222072376739	0.987033972349283	4.11161387011823e-06	6783.24860657737	1.19745390735967	6.86
GSE90496	GSM2403698	GSM2403698_9007217016_R06C02	ok	486427	0.150390500527314	0.977696458857994	4.11161387011823e-06	7648.02890106618	1.15296707032844	7.26
GSE90496	GSM2403699	GSM2403699_9007217016_R02C02	ok	486427	0.144537618183201	0.984708845145706	4.11161387011823e-06	7054.22755438263	1.18477543924228	6.83
GSE90496	GSM2403700	GSM2403700_9007217016_R03C01	ok	486427	0.144469776554344	0.984460091483785	4.11161387011823e-06	6554.55588025423	1.25640106152246	7.17
GSE90496	GSM2403701	GSM2403701_9007225035_R04C02	ok	486427	0.139953168718019	0.989883332476744	4.11161387011823e-06	7057.81980901117	1.1255650003723	6.7
GSE90496	GSM2403702	GSM2403702_9007217139_R03C01	ok	486427	0.14310266494253	0.986297990440458	4.11161387011823e-06	7077.29248378079	1.22324880450851	7.1
GSE90496	GSM2403703	GSM2403703_9007217153_R03C02	ok	486427	0.183232016314884	0.941814257079714	4.11161387011823e-06	6346.31940383697	1.41029588196462	7.29
GSE90496	GSM2403704	GSM2403704_9007225003_R04C01	ok	486427	0.246770841256756	0.871127100786349	4.11161387011823e-06	5470.045723828	1.42650943325983	7.07
GSE90496	GSM2403705	GSM2403705_9007217153_R01C01	ok	486427	0.211519919741297	0.909110345890939	4.11161387011823e-06	5793.62918977682	1.51752603178428	13.17
GSE90496	GSM2403706	GSM2403706_9007217153_R02C01	ok	486427	0.233852150476844	0.883564783882407	4.11161387011823e-06	6372.81827501923	1.6162003056861	7.34
GSE90496	GSM2403707	GSM2403707_9007217153_R04C01	ok	486427	0.218914657286705	0.901717633756489	4.11161387011823e-06	5975.53122892975	1.31827333919335	6.62
GSE90496	GSM2403708	GSM2403708_9007217153_R04C02	ok	486427	0.188782695039543	0.935589248085522	4.11161387011823e-06	6467.93971694531	1.39182813571209	6.8
GSE90496	GSM2403709	GSM2403709_9007217153_R05C02	ok	486427	0.1935357206734	0.929795960322763	4.11161387011823e-06	6719.62367621908	1.47170849629372	6.79
GSE90496	GSM2403710	GSM2403710_9007225003_R03C01	ok	486427	0.14797903899249	0.980599270185537	4.11161387011823e-06	6636.84816184753	1.71645822208833	6.75
GSE90496	GSM2403711	GSM2403711_9007225003_R02C01	ok	486427	0.239678307330802	0.878365626766716	4.11161387011823e-06	5299.41533634513	1.44233185653542	6.86
GSE90496	GSM2403712	GSM2403712_9007225017_R03C02	ok	486427	0.155355274275482	0.972223878295729	4.11161387011823e-06	6389.71538667963	1.35054532917415	6.98
GSE90496	GSM2403713	GSM2403713_9007225026_R02C02	ok	486427	0.187471090214976	0.936195713624916	4.11161387011823e-06	6406.09235852506	1.68781593775962	7.16
GSE90496	GSM2403714	GSM2403714_9007225026_R01C01	ok	486427	0.187742456730404	0.935583080639359	4.11161387011823e-06	5584.5673342113	1.45181375972689	7.15
GSE90496	GSM2403715	GSM2403715_9007225017_R05C01	ok	486427	0.179122458251701	0.945903273886005	4.11161387011823e-06	5846.09903880449	1.29170039343544	7.05
GSE90496	GSM2403716	GSM2403716_9007225017_R01C01	ok	486427	0.233514998139495	0.885914580870638	4.11161387011823e-06	4916.91987296439	1.24357259114568	6.84
GSE90496	GSM2403717	GSM2403717_9007225026_R02C01	ok	486427	0.151878904748297	0.976029192578506	4.11161387011823e-06	6494.93932390595	1.59476378876949	7.2
GSE90496	GSM2403718	GSM2403718_9007225017_R03C01	ok	486427	0.157069817259322	0.97010433263093	4.11161387011823e-06	6374.47461124934	1.29571634463755	6.82
GSE90496	GSM2403719	GSM2403719_9007225017_R01C02	ok	486427	0.245070688921462	0.871375854448271	4.11161387011823e-06	4739.98616667534	1.24498748505226	6.77
GSE90496	GSM2403720	GSM2403720_9007225017_R04C01	ok	486427	0.251844572772482	0.865113840777098	4.11161387011823e-06	4892.72325309992	1.18441894906974	7.17
GSE90496	GSM2403721	GSM2403721_9007225026_R04C01	ok	486427	0.241549091641706	0.876681913964126	4.11161387011823e-06	5108.72283387975	1.29006528537972	7.13
GSE90496	GSM2403722	GSM2403722_9007225064_R06C01	ok	486427	0.181795007267278	0.943664490928715	4.11161387011823e-06	5183.87148842423	1.16363408727254	12.17
GSE90496	GSM2403723	GSM2403723_9007225064_R02C02	ok	486427	0.22239925004163	0.897741686796526	4.11161387011823e-06	4109.82825936547	1.19154252629058	6.78
GSE90496	GSM2403724	GSM2403724_9007225082_R05C02	ok	486427	0.15876791378768	0.968371280259033	4.11161387011823e-06	6665.10077358192	1.07528411301359	6.42
GSE90496	GSM2403725	GSM2403725_9221197132_R03C01	ok	486427	0.171339173195567	0.953629028113275	4.11161387011823e-06	6447.10240820504	1.45508239497725	7.02
GSE90496	GSM2403726	GSM2403726_9221197135_R01C01	ok	486427	0.201434130917897	0.91868633396721	4.11161387011823e-06	5142.93046579985	1.69973367842925	6.82
GSE90496	GSM2403727	GSM2403727_9221197132_R01C02	ok	486427	0.184385324005452	0.93866269209025	4.11161387011823e-06	5740.87953694803	1.62650352827842	6.96
GSE90496	GSM2403728	GSM2403728_9221197132_R02C02	ok	486427	0.143275352725075	0.985076836100118	4.11161387011823e-06	7204.06262463387	1.70275898311543	6.98
GSE90496	GSM2403729	GSM2403729_9221197135_R04C01	ok	486427	0.160363219969286	0.965092254715527	4.11161387011823e-06	7140.07203448631	1.57029881467423	6.77
GSE90496	GSM2403730	GSM2403730_9221197135_R02C02	ok	486427	0.167704506534382	0.956924500179884	4.11161387011823e-06	5940.40887721176	1.67004638997038	6.49
GSE90496	GSM2403731	GSM2403731_9221197132_R04C02	ok	486427	0.158685681510278	0.966512823148481	4.11161387011823e-06	7081.4591921174	2.19463980151939	7.18
GSE90496	GSM2403732	GSM2403732_9007225086_R01C01	ok	486427	0.311695280072858	0.800733926093437	4.11161387011823e-06	4679.70545881633	1.20508272271966	6.89
GSE90496	GSM2403733	GSM2403733_9007225086_R04C01	ok	486427	0.215020958951703	0.906822223364342	4.11161387011823e-06	6060.12327541121	1.18795029618212	7.18
GSE90496	GSM2403734	GSM2403734_9020331028_R06C01	ok	486427	0.19804204947505	0.924426170529886	4.11161387011823e-06	7233.10359675064	1.53362668987086	7.11
GSE90496	GSM2403735	GSM2403735_9007225086_R05C01	ok	486427	0.280307219788375	0.833984684175361	4.11161387011823e-06	5236.87334755851	1.20130275908285	6.67
GSE90496	GSM2403736	GSM2403736_9020331028_R01C02	ok	486427	0.292385085531848	0.818080896335509	4.11161387011823e-06	5183.76335396954	1.3908310467039	6.98
GSE90496	GSM2403737	GSM2403737_9007225086_R01C02	ok	486427	0.220055630135663	0.900780181939662	4.11161387011823e-06	5475.94647957148	1.18003796820563	6.82
GSE90496	GSM2403738	GSM2403738_9007225086_R02C02	ok	486427	0.316327013097546	0.793892172482911	4.11161387011823e-06	4777.91319701078	1.18089336832955	7.03
GSE90496	GSM2403739	GSM2403739_9007225086_R05C02	ok	486427	0.233619844293183	0.886035873978517	4.11161387011823e-06	5534.65684259552	1.19191126008756	12.78
GSE90496	GSM2403740	GSM2403740_9007225163_R05C02	ok	486427	0.171805841369825	0.953970293467647	4.11161387011823e-06	7126.27838833924	1.49627298924485	7.12
GSE90496	GSM2403741	GSM2403741_9007225142_R02C01	ok	486427	0.154389045016004	0.973868530605952	4.11161387011823e-06	7003.58609000071	1.36415256634497	6.72
GSE90496	GSM2403742	GSM2403742_9007225163_R04C01	ok	486427	0.169421105325157	0.957432286580665	4.11161387011823e-06	6917.36313325068	1.45373885804734	6.69
GSE90496	GSM2403743	GSM2403743_9007225091_R05C01	ok	486427	0.18605052762285	0.939857120830549	4.11161387011823e-06	6573.43603408477	1.19944555991196	6.95
GSE90496	GSM2403744	GSM2403744_9007225144_R01C01	ok	486427	0.155856891167637	0.972184817803361	4.11161387011823e-06	6045.09245376659	1.55728547054817	6.57
GSE90496	GSM2403745	GSM2403745_9007225142_R05C02	ok	486427	0.190877562306369	0.934477051960734	4.11161387011823e-06	7194.06392025357	1.44424627862262	7.17
GSE90496	GSM2403746	GSM2403746_9007225144_R04C02	ok	486427	0.1733641430266	0.952738860050367	4.11161387011823e-06	6160.96378256866	1.44214905250444	7.12
GSE90496	GSM2403747	GSM2403747_9007225163_R06C01	ok	486427	0.150460397963106	0.97777457984273	4.11161387011823e-06	7573.67278842277	1.75578874102547	6.81
GSE90496	GSM2403748	GSM2403748_9007225163_R01C02	ok	486427	0.193835868485919	0.929467029860718	4.11161387011823e-06	6115.45576268355	1.51715085359974	6.82
GSE90496	GSM2403749	GSM2403749_9007225163_R02C02	ok	486427	0.187621164121235	0.937492933134604	4.11161387011823e-06	6306.54921427286	1.41335586574236	6.97
GSE90496	GSM2403750	GSM2403750_9007225163_R04C02	ok	486427	0.211217716121844	0.911889808295215	4.11161387011823e-06	5853.92087394816	1.23352111591437	7.37
GSE90496	GSM2403751	GSM2403751_9003865025_R02C02	ok	486427	0.141710883647495	0.987737061211903	4.11161387011823e-06	6102.5009287956	1.07938473844542	21.14
GSE90496	GSM2403752	GSM2403752_9003865025_R06C02	ok	486427	0.145411336130601	0.983598704836306	4.11161387011823e-06	6791.44985024852	1.0933882213177	6.66
GSE90496	GSM2403753	GSM2403753_9283265153_R02C01	ok	486427	0.156952636264023	0.971278203217351	4.11161387011823e-06	6825.73323759034	1.44111107359437	6.65
GSE90496	GSM2403754	GSM2403754_9283265153_R03C01	ok	486427	0.157596103834697	0.970889654109061	4.11161387011823e-06	7075.93977179985	1.39821069119241	11.75
GSE90496	GSM2403755	GSM2403755_9283265153_R04C01	ok	486427	0.149407824812356	0.979367836768258	4.11161387011823e-06	7401.2113785761	1.67120722908849	10.88
GSE90496	GSM2403756	GSM2403756_9283265153_R06C01	ok	486427	0.156934134001608	0.970552500385465	4.11161387011823e-06	7447.9022499792	1.66978879005928	10.2
GSE90496	GSM2403757	GSM2403757_9283265153_R01C02	ok	486427	0.164933278785923	0.963227630158812	4.11161387011823e-06	6666.02552830862	1.2779679382443	10.35
GSE90496	GSM2403758	GSM2403758_9283265153_R04C02	ok	486427	0.154557621184679	0.973810967775094	4.11161387011823e-06	6822.23169610213	1.57445483714998	8.44
GSE90496	GSM2403759	GSM2403759_9283265153_R05C02	ok	486427	0.357624062809013	0.748851313152079	4.11161387011823e-06	4373.61388055547	1.45266199251766	10.05
GSE90496	GSM2403760	GSM2403760_9283265153_R06C02	ok	486427	0.164121235046574	0.963155676620239	4.11161387011823e-06	6718.08222102184	1.63484633720178	8.54
GSE90496	GSM2403761	GSM2403761_9283265032_R03C01	ok	486427	0.138244793154985	0.99199671069538	4.11161387011823e-06	7021.66135685899	1.06785365409782	10.04
GSE90496	GSM2403762	GSM2403762_9283265032_R04C01	ok	486427	0.139030111404178	0.990822840108958	4.11161387011823e-06	7026.87525953547	1.06715094485322	8.81
GSE90496	GSM2403763	GSM2403763_9283265032_R05C01	ok	486427	0.1410016302549	0.988440150074523	4.11161387011823e-06	7552.33604773637	1.07583603347949	10.59
GSE90496	GSM2403764	GSM2403764_9283265033_R01C02	ok	486427	0.14622749148382	0.982811327542787	4.11161387011823e-06	6183.25214090871	1.12220093135799	9.36
GSE90496	GSM2403765	GSM2403765_9283265033_R06C02	ok	486427	0.141653321053313	0.988020763735417	4.11161387011823e-06	7324.50779131052	1.09116090662418	10.17
GSE90496	GSM2403766	GSM2403766_9296930031_R05C02	ok	486427	0.139731141569033	0.990101248907848	4.11161387011823e-06	9314.33473565931	1.52421296387931	8.14
GSE90496	GSM2403767	GSM2403767_9296930031_R06C02	ok	486427	0.15389565135159	0.97371228863648	4.11161387011823e-06	8826.69107973775	1.64497431385496	9.78
GSE90496	GSM2403768	GSM2403768_9296930017_R02C01	ok	486427	0.152610772017178	0.97605386236316	4.11161387011823e-06	8051.56991047964	1.48748346614993	8.37
GSE90496	GSM2403769	GSM2403769_9296930017_R05C01	ok	486427	0.151350562365987	0.977077658426273	4.11161387011823e-06	8408.89002972901	1.57037279609569	8.9
GSE90496	GSM2403770	GSM2403770_9296930017_R06C01	ok	486427	0.148754078207007	0.979859176645937	4.11161387011823e-06	9086.43618128266	1.50046306655994	8.2
GSE90496	GSM2403771	GSM2403771_9296930017_R01C02	ok	486427	0.143413091789724	0.986016343732333	4.11161387011823e-06	7908.24640906684	1.4197808732857	11.08
GSE90496	GSM2403772	GSM2403772_9296930017_R02C02	ok	486427	0.140360218491161	0.989443387983759	4.11161387011823e-06	8439.397724345	1.61778700177802	11.66
GSE90496	GSM2403773	GSM2403773_9296930014_R02C01	ok	486427	0.144412213960163	0.984540268283908	4.11161387011823e-06	9605.89492399206	1.60751520385094	11.28
GSE90496	GSM2403774	GSM2403774_9296930017_R03C02	ok	486427	0.139192520152047	0.990911240170633	4.11161387011823e-06	9063.31369205788	1.53935388752924	9.73
GSE90496	GSM2403775	GSM2403775_9296930017_R04C02	ok	486427	0.141127034477938	0.98874852238269	4.11161387011823e-06	9422.92126567881	1.5776594161589	8.94
GSE90496	GSM2403776	GSM2403776_9296930017_R05C02	ok	486427	0.14849093491932	0.980531428277741	4.11161387011823e-06	9031.42755189327	1.55902300613561	9.97
GSE90496	GSM2403777	GSM2403777_9296930016_R03C02	ok	486427	0.202801242529712	0.91955594387624	4.11161387011823e-06	8234.41088116158	1.53285724915203	8.55
GSE90496	GSM2403778	GSM2403778_9296930016_R05C01	ok	486427	0.146161705661898	0.982677699542581	4.11161387011823e-06	9919.64070610895	1.46331565028389	10.49
GSE90496	GSM2403779	GSM2403779_9296930016_R06C02	ok	486427	0.191882851897613	0.933124325435576	4.11161387011823e-06	7737.62320705913	1.2312350253665	8.8
GSE90496	GSM2403780	GSM2403780_9296930011_R02C01	ok	486427	0.13963657445002	0.989936783676826	4.11161387011823e-06	7799.77135083748	1.08864637819307	10.05
GSE90496	GSM2403781	GSM2403781_9296930094_R03C01	ok	486427	0.158190232038929	0.969405355399085	4.11161387011823e-06	6767.29190089188	1.44269058328057	8.81
GSE90496	GSM2403782	GSM2403782_9296930094_R04C01	ok	486427	0.166791728255216	0.959909544122938	4.11161387011823e-06	6786.56643262936	1.36564114748868	9.89
GSE90496	GSM2403783	GSM2403783_9296930094_R05C01	ok	486427	0.149851879110329	0.978944338798376	4.11161387011823e-06	7333.89699930423	1.38198827359739	7.61
GSE90496	GSM2403784	GSM2403784_9296930094_R06C02	ok	486427	0.189265809669282	0.935005396515393	4.11161387011823e-06	6154.5941939386	1.21818502958019	8.05
GSE90496	GSM2403785	GSM2403785_9296930094_R03C02	ok	486427	0.140395167209057	0.989447499614535	4.11161387011823e-06	7157.61872671569	1.56030012997398	10.07
GSE90496	GSM2403786	GSM2403786_9296930094_R02C02	ok	486427	0.15597612796987	0.972709050727245	4.11161387011823e-06	6051.56706929583	1.31564876930031	8.55
GSE90496	GSM2403787	GSM2403787_9296930094_R05C02	ok	486427	0.163559999753303	0.963743639821144	4.11161387011823e-06	6624.82063970571	1.30201054128367	7.85
GSE90496	GSM2403788	GSM2403788_9296930094_R04C02	ok	486427	0.147547319536128	0.981588117387059	4.11161387011823e-06	7032.54359858042	1.40655363136464	12.27
GSE90496	GSM2403789	GSM2403789_9296930089_R06C02	ok	486427	0.140463008837914	0.989780541707355	4.11161387011823e-06	7936.58147177139	1.45545511578929	10.38
GSE90496	GSM2403790	GSM2403790_9296930094_R01C01	ok	486427	0.139486500543761	0.990530914323894	4.11161387011823e-06	6270.27662695353	1.5847700246012	10.64
GSE90496	GSM2403791	GSM2403791_9296930089_R02C02	ok	486427	0.213176900130955	0.908468931489952	4.11161387011823e-06	5673.55490128086	1.20330990121836	11.02
GSE90496	GSM2403792	GSM2403792_9296930089_R03C02	ok	486427	0.237665672341379	0.882029089787737	4.11161387011823e-06	5590.5605924643	1.19981797837832	11.24
GSE90496	GSM2403793	GSM2403793_9296930047_R04C02	ok	486427	0.166836956007787	0.960341265354371	4.11161387011823e-06	6848.87554417392	1.2688339228393	9.77
GSE90496	GSM2403794	GSM2403794_9296930047_R05C02	ok	486427	0.165554132480311	0.961346559078995	4.11161387011823e-06	7505.10176136884	1.23041923733957	10.97
GSE90496	GSM2403795	GSM2403795_9296930052_R01C01	ok	486427	0.170936235036295	0.954130647067893	4.11161387011823e-06	6243.27808194961	1.23423226524613	10.79
GSE90496	GSM2403796	GSM2403796_9296930052_R04C01	ok	486427	0.181276943919643	0.944137328467904	4.11161387011823e-06	6734.75889998694	1.25796814709602	9.85
GSE90496	GSM2403797	GSM2403797_9296930052_R05C01	ok	486427	0.143583723765334	0.986197255486457	4.11161387011823e-06	7917.08263179027	1.27499210553897	8.65
GSE90496	GSM2403798	GSM2403798_9296930052_R06C01	ok	486427	0.161280109862323	0.96646759520995	4.11161387011823e-06	7782.30041458847	1.38841888177602	10.03
GSE90496	GSM2403799	GSM2403799_9296930052_R01C02	ok	486427	0.208150452174735	0.914829624299738	4.11161387011823e-06	5231.36327910546	1.17394444681096	9.88
GSE90496	GSM2403800	GSM2403800_9296930066_R01C01	ok	486427	0.303757809496595	0.807812098473557	4.11161387011823e-06	5129.47261279554	1.21900655863277	10.03
GSE90496	GSM2403801	GSM2403801_9296930066_R02C01	ok	486427	0.272780910599124	0.842849360127461	4.11161387011823e-06	5398.42127602743	1.2086154516583	9.07
GSE90496	GSM2403802	GSM2403802_9296930066_R03C01	ok	486427	0.240899456650227	0.879911599938326	4.11161387011823e-06	5710.07393600879	1.20278510695111	9.26
GSE90496	GSM2403803	GSM2403803_9296930066_R01C02	ok	486427	0.319264761207745	0.791501259186925	4.11161387011823e-06	4859.49459242629	1.22672402097879	7.93
GSE90496	GSM2403804	GSM2403804_9296930066_R02C02	ok	486427	0.226457412931437	0.894596289253225	4.11161387011823e-06	5644.16890118354	1.22168670126012	6.66
GSE90496	GSM2403805	GSM2403805_9296930066_R03C02	ok	486427	0.266381183610285	0.850513439893098	4.11161387011823e-06	5123.93435959558	1.21462033167197	11.98
GSE90496	GSM2403806	GSM2403806_9296930066_R06C02	ok	486427	0.293232077989092	0.820239502492676	4.11161387011823e-06	5275.18202304967	1.19400445217866	10.6
GSE90496	GSM2403807	GSM2403807_9296930076_R05C01	ok	486427	0.26795182010867	0.848585085059362	4.11161387011823e-06	5628.75124315409	1.18900120041754	10.16
GSE90496	GSM2403808	GSM2403808_9296930076_R01C02	ok	486427	0.309937565143382	0.802543043634682	4.11161387011823e-06	4768.86655820676	1.17835008044627	10.16
GSE90496	GSM2403809	GSM2403809_9296930076_R02C02	ok	486427	0.248306529037245	0.871910366449093	4.11161387011823e-06	5111.47852105123	1.24768070402423	8.88
GSE90496	GSM2403810	GSM2403810_9296930089_R01C01	ok	486427	0.31697870389596	0.794459577529938	4.11161387011823e-06	4640.66807186625	1.18382503692706	9.84
GSE90496	GSM2403811	GSM2403811_9296930089_R03C01	ok	486427	0.271286338957336	0.84556098062394	4.11161387011823e-06	5231.58740479858	1.20118983361632	9.13
GSE90496	GSM2403812	GSM2403812_9296930089_R04C01	ok	486427	0.298834151887128	0.813998046975382	4.11161387011823e-06	5185.58490685533	1.20489789017304	9.37
GSE90496	GSM2403813	GSM2403813_9296930089_R06C01	ok	486427	0.304976903009085	0.807460554042247	4.11161387011823e-06	5046.28293616401	1.18187855139365	8.81
GSE90496	GSM2403814	GSM2403814_9297949098_R01C02	ok	486427	0.150906508068014	0.977435370303747	4.11161387011823e-06	6232.37026849866	1.44370719117785	9.15
GSE90496	GSM2403815	GSM2403815_9297949098_R05C01	ok	486427	0.173232571382756	0.953022562573881	4.11161387011823e-06	6142.67994042563	1.34928265378933	10.1
GSE90496	GSM2403816	GSM2403816_9297949078_R05C01	ok	486427	0.171489247101826	0.954591149714756	4.11161387011823e-06	6495.40210974256	1.38045353841806	8.17
GSE90496	GSM2403817	GSM2403817_9297949078_R01C02	ok	486427	0.174653133974882	0.950193760600298	4.11161387011823e-06	6217.49533556365	1.39919756822768	9.71
GSE90496	GSM2403818	GSM2403818_9297949078_R02C02	ok	486427	0.192220004234962	0.930772472631958	4.11161387011823e-06	5429.61135261687	1.38847704006978	7.39
GSE90496	GSM2403819	GSM2403819_9297949078_R04C02	ok	486427	0.376410026581584	0.731539291771599	4.11161387011823e-06	4153.11283073012	1.30074399397323	9.64
GSE90496	GSM2403820	GSM2403820_9297949078_R05C02	ok	486427	0.253756473222087	0.866082129824742	4.11161387011823e-06	5303.76107706379	1.2961596597238	10.06
GSE90496	GSM2403821	GSM2403821_9297949078_R06C02	ok	486427	0.175625530655165	0.949435164722208	4.11161387011823e-06	7392.70360551517	1.41983899586932	7.71
GSE90496	GSM2403822	GSM2403822_9297949098_R02C01	ok	486427	0.215853560760402	0.906822223364342	4.11161387011823e-06	5200.42160206173	1.2906039442774	11.46
GSE90496	GSM2403823	GSM2403823_9297949098_R04C01	ok	486427	0.194972729721006	0.927953949735314	4.11161387011823e-06	5647.27392878222	1.3177945131289	11.32
GSE90496	GSM2403824	GSM2403824_9297949046_R06C02	ok	486427	0.173152394912289	0.953131520789433	4.11161387011823e-06	7543.96511842954	1.45204928909923	10.22
GSE90496	GSM2403825	GSM2403825_9297949046_R04C02	ok	486427	0.151697993738012	0.976925528087578	4.11161387011823e-06	7109.41586689414	1.6718800432077	9.52
GSE90496	GSM2403826	GSM2403826_9297949046_R03C01	ok	486427	0.228753749277898	0.889724006784191	4.11161387011823e-06	6095.76246753001	1.78182812926663	9.52
GSE90496	GSM2403827	GSM2403827_9297949046_R01C02	ok	486427	0.156370842901401	0.970737523770365	4.11161387011823e-06	7238.79278902403	1.6596929457368	8.47
GSE90496	GSM2403828	GSM2403828_9297949046_R02C02	ok	486427	0.158399924346305	0.969518425245413	4.11161387011823e-06	6762.48506243996	1.54788771103255	9.01
GSE90496	GSM2403829	GSM2403829_9297949033_R05C01	ok	486427	0.1429484794224	0.986320604409724	4.11161387011823e-06	7103.11633138586	1.06607719963787	9.92
GSE90496	GSM2403830	GSM2403830_9297949033_R05C02	ok	486427	0.14311499978414	0.986164362440253	4.11161387011823e-06	7508.39310683324	1.0667471120146	9.56
GSE90496	GSM2403831	GSM2403831_9297949033_R06C02	ok	486427	0.143990773538475	0.985150845454078	4.11161387011823e-06	7479.50227813574	1.05626064099153	8.5
GSE90496	GSM2403832	GSM2403832_9297949037_R02C01	ok	486427	0.138795749413581	0.99102431001696	4.11161387011823e-06	6359.92393633746	1.08300583508995	10.56
GSE90496	GSM2403833	GSM2403833_9297949037_R03C01	ok	486427	0.143587835379204	0.985695636531839	4.11161387011823e-06	6101.78766901442	1.07257716140958	9.99
GSE90496	GSM2403834	GSM2403834_9297949040_R05C01	ok	486427	0.136663877621925	0.993614637405561	4.11161387011823e-06	7035.92831782448	1.11081730470052	7.82
GSE90496	GSM2403835	GSM2403835_9297949040_R06C01	ok	486427	0.140752877615757	0.988795806136609	4.11161387011823e-06	7113.95964304898	1.06478135426118	8.53
GSE90496	GSM2403836	GSM2403836_9305216163_R04C01	ok	486427	0.138902651374204	0.991273063678882	4.11161387011823e-06	8421.72381999218	1.06869752996065	9.08
GSE90496	GSM2403837	GSM2403837_9305216163_R05C02	ok	486427	0.139346705672177	0.990576142262425	4.11161387011823e-06	8500.59242000216	1.07987524481906	9.21
GSE90496	GSM2403838	GSM2403838_9305216168_R01C01	ok	486427	0.142426304460895	0.986925014133731	4.11161387011823e-06	7979.18732526653	1.07366190036919	7.62
GSE90496	GSM2403839	GSM2403839_9297949139_R04C01	ok	486427	0.270180314826274	0.846572441794727	4.11161387011823e-06	6070.96603369764	1.28058096998408	12.08
GSE90496	GSM2403840	GSM2403840_9297949139_R06C01	ok	486427	0.337939711405822	0.770817700570489	4.11161387011823e-06	5650.74618564717	1.31769718936207	10.4
GSE90496	GSM2403841	GSM2403841_9297949139_R01C02	ok	486427	0.19458829382415	0.928326052320502	4.11161387011823e-06	6854.89786067171	1.43814348308784	10.56
GSE90496	GSM2403842	GSM2403842_9297949139_R03C02	ok	486427	0.224701753808896	0.897834198488976	4.11161387011823e-06	6447.03972881126	1.31883179128798	10.68
GSE90496	GSM2403843	GSM2403843_9297949139_R04C02	ok	486427	0.141418959062717	0.988148224289459	4.11161387011823e-06	8440.72027868868	1.80719984824118	9.82
GSE90496	GSM2403844	GSM2403844_9305651037_R01C01	ok	486427	0.220507907661376	0.90100426581693	4.11161387011823e-06	6562.69865063245	1.41273566798988	9.88
GSE90496	GSM2403845	GSM2403845_9305651037_R02C01	ok	486427	0.142432471881701	0.986680372102585	4.11161387011823e-06	8178.68244573139	1.73436684430177	9.41
GSE90496	GSM2403846	GSM2403846_9305651037_R04C02	ok	486427	0.190145695037488	0.934522279899265	4.11161387011823e-06	7219.47626848323	1.4069652038382	9.63
GSE90496	GSM2403847	GSM2403847_9305651037_R05C01	ok	486427	0.148390200379502	0.980081204707817	4.11161387011823e-06	8389.63763391432	1.63328122528308	8.55
GSE90496	GSM2403848	GSM2403848_9305651037_R02C02	ok	486427	0.328670077935641	0.781479159171506	4.11161387011823e-06	5088.33978427259	1.35131395776212	10.16
GSE90496	GSM2403849	GSM2403849_9305651037_R06C01	ok	486427	0.166750612116515	0.960150074523308	4.11161387011823e-06	8532.27753447385	1.35637249248382	9.98
GSE90496	GSM2403850	GSM2403850_9305651037_R04C01	ok	486427	0.143295910794425	0.986038957701598	4.11161387011823e-06	8273.08764707291	1.61182930899743	9.34
GSE90496	GSM2403851	GSM2403851_9305651037_R01C02	ok	486427	0.173440207883197	0.952816981035103	4.11161387011823e-06	7148.17969866117	1.47091237825845	8.5
GSE90496	GSM2403852	GSM2403852_9305651037_R06C02	ok	486427	0.150797550300456	0.977414812149869	4.11161387011823e-06	8444.1467181039	1.87467021548083	9.23
GSE90496	GSM2403853	GSM2403853_9305651003_R06C02	ok	486427	0.197396526097441	0.925947473916842	4.11161387011823e-06	7143.59157793327	1.29499121208727	8.64
GSE90496	GSM2403854	GSM2403854_9305651005_R03C02	ok	486427	0.158981717708927	0.968365112812869	4.11161387011823e-06	7595.16099059293	1.42576260754432	10.76
GSE90496	GSM2403855	GSM2403855_9305651013_R06C01	ok	486427	0.171071918294009	0.954774117284268	4.11161387011823e-06	8855.06139365692	1.4153215308752	7.22
GSE90496	GSM2403856	GSM2403856_9305651003_R02C01	ok	486427	0.151432794643389	0.977215398057254	4.11161387011823e-06	8374.03147552224	1.31437928220999	7.22
GSE90496	GSM2403857	GSM2403857_9305651005_R04C02	ok	486427	0.232955818653159	0.887703140258005	4.11161387011823e-06	6443.73751492716	1.34305658652107	7.45
GSE90496	GSM2403858	GSM2403858_9305651016_R04C01	ok	486427	0.159127680001316	0.968052628873927	4.11161387011823e-06	9353.17005150468	1.33937083785078	7.35
GSE90496	GSM2403859	GSM2403859_9305651003_R03C01	ok	486427	0.243929716072504	0.874406126329856	4.11161387011823e-06	5288.79347902826	1.34335645609829	7.07
GSE90496	GSM2403860	GSM2403860_9305651005_R05C02	ok	486427	0.165796717698647	0.960575628308578	4.11161387011823e-06	8076.81164574263	1.31426750253528	7.77
GSE90496	GSM2403861	GSM2403861_9305651013_R01C02	ok	486427	0.204005945393656	0.916406434702164	4.11161387011823e-06	7408.17158741283	1.31588017008068	9.07
GSE90496	GSM2403862	GSM2403862_9305651016_R05C01	ok	486427	0.187179165630197	0.937129053810968	4.11161387011823e-06	8666.91082690631	1.39894908790477	7
GSE90496	GSM2403863	GSM2403863_9305651027_R03C01	ok	486427	0.154779648333666	0.97287968340443	4.11161387011823e-06	8100.97691785553	1.32108496593386	7.51
GSE90496	GSM2403864	GSM2403864_9305651005_R01C01	ok	486427	0.245823114259694	0.869274811121961	4.11161387011823e-06	7267.70319102079	1.2461290757233	7.16
GSE90496	GSM2403865	GSM2403865_9305651005_R06C02	ok	486427	0.184268143010154	0.939219818060338	4.11161387011823e-06	8129.76876209515	1.31737383634254	7.4
GSE90496	GSM2403866	GSM2403866_9305651016_R06C01	ok	486427	0.183184732755377	0.94037518630827	4.11161387011823e-06	9030.47033194974	1.43673886568441	9.32
GSE90496	GSM2403867	GSM2403867_9305651003_R04C01	ok	486427	0.189625575882918	0.935132857069435	4.11161387011823e-06	6995.6288388901	1.28468991273388	7.25
GSE90496	GSM2403868	GSM2403868_9305651013_R01C01	ok	486427	0.436743848511699	0.659838618492059	4.11161387011823e-06	3781.37779318896	1.290195806994	7.31
GSE90496	GSM2403869	GSM2403869_9305651027_R05C01	ok	486427	0.172471922816784	0.953719483990338	4.11161387011823e-06	7498.38843321452	1.31960914584561	7.77
GSE90496	GSM2403870	GSM2403870_9305651003_R05C01	ok	486427	0.220353722141246	0.901898545510613	4.11161387011823e-06	6474.42295527884	1.2219766920893	8.04
GSE90496	GSM2403871	GSM2403871_9305651005_R03C01	ok	486427	0.164404936403612	0.962485480803824	4.11161387011823e-06	7723.96344721564	1.3156379418756	10.95
GSE90496	GSM2403872	GSM2403872_9305651013_R02C01	ok	486427	0.148916486954877	0.980005139538469	4.11161387011823e-06	8512.47244523935	1.18801969810307	6.92
GSE90496	GSM2403873	GSM2403873_9305651016_R01C02	ok	486427	0.173910987671326	0.953320655805109	4.11161387011823e-06	6532.78424611852	1.26317777668411	6.9
GSE90496	GSM2403874	GSM2403874_9305651003_R06C01	ok	486427	0.148509437181735	0.980716451662641	4.11161387011823e-06	8935.626020477	1.27629167043871	7.01
GSE90496	GSM2403875	GSM2403875_9305651005_R04C01	ok	486427	0.214453556237627	0.908070103304723	4.11161387011823e-06	6593.50326397169	1.25438640690402	7.08
GSE90496	GSM2403876	GSM2403876_9305651013_R03C01	ok	486427	0.1737218534333	0.951770571002724	4.11161387011823e-06	8282.78251803634	1.29116584947304	7.4
GSE90496	GSM2403877	GSM2403877_9305651016_R02C02	ok	486427	0.19249548236426	0.931919617618338	4.11161387011823e-06	6413.58383395915	1.31294030207666	7.4
GSE90496	GSM2403878	GSM2403878_9305651027_R06C01	ok	486427	0.182288400931692	0.94255846225009	4.11161387011823e-06	7121.25375522569	1.37071722308231	9.11
GSE90496	GSM2403879	GSM2403879_9305651013_R04C01	ok	486427	0.157754400968696	0.970425039831423	4.11161387011823e-06	8756.27959410195	1.27242102348774	7.41
GSE90496	GSM2403880	GSM2403880_9305651013_R06C02	ok	486427	0.226537589401904	0.892577478542427	4.11161387011823e-06	6805.51121753547	1.31787544228905	7.25
GSE90496	GSM2403881	GSM2403881_9305651016_R03C02	ok	486427	0.16798409627755	0.959013208613867	4.11161387011823e-06	7607.06617508821	1.31366724265022	6.86
GSE90496	GSM2403882	GSM2403882_9305651003_R02C02	ok	486427	0.182054038941095	0.942949067173768	4.11161387011823e-06	7006.6042361989	1.29458460823114	8.47
GSE90496	GSM2403883	GSM2403883_9305651003_R03C02	ok	486427	0.148951435672773	0.979429511229892	4.11161387011823e-06	8109.74987343993	1.41459487090181	7.1
GSE90496	GSM2403884	GSM2403884_9305651005_R01C02	ok	486427	0.170560022367179	0.955964434393791	4.11161387011823e-06	7315.32579066599	1.2757013888545	6.82
GSE90496	GSM2403885	GSM2403885_9305651027_R02C02	ok	486427	0.174350930355428	0.951131212417125	4.11161387011823e-06	7269.73506542437	1.35173892919183	7.22
GSE90496	GSM2403886	GSM2403886_9305651027_R03C02	ok	486427	0.169756201855571	0.956963560672252	4.11161387011823e-06	7462.3187332709	1.3310924899132	6.9
GSE90496	GSM2403887	GSM2403887_9305651003_R05C02	ok	486427	0.169957670935207	0.954745335868839	4.11161387011823e-06	8026.31784174511	1.44691248771992	7.68
GSE90496	GSM2403888	GSM2403888_9305651005_R02C02	ok	486427	0.179177965038947	0.945173459423344	4.11161387011823e-06	6527.99339251136	1.29970168260644	11.09
GSE90496	GSM2403889	GSM2403889_9305651016_R06C02	ok	486427	0.179648744827076	0.945103561700159	4.11161387011823e-06	7289.05829998873	1.40484848060909	6.94
GSE90496	GSM2403890	GSM2403890_9305651027_R04C02	ok	486427	0.16467630291904	0.962333350465128	4.11161387011823e-06	8051.18833302414	1.50793274780337	7.06
GSE90496	GSM2403891	GSM2403891_9297949147_R01C01	ok	486427	0.141412791641911	0.98804543352007	4.11161387011823e-06	6226.32064877359	1.31682210578836	7
GSE90496	GSM2403892	GSM2403892_9297949147_R05C01	ok	486427	0.146081529191431	0.982774322865807	4.11161387011823e-06	8072.16204408935	1.25264437839986	6.83
GSE90496	GSM2403893	GSM2403893_9297949147_R02C02	ok	486427	0.13753553976239	0.992488050573059	4.11161387011823e-06	7020.95260983046	1.14086894457602	7.42
GSE90496	GSM2403894	GSM2403894_9297949146_R04C02	ok	486427	0.145822497517613	0.983078583543198	4.11161387011823e-06	7387.64758799887	1.12436450705301	7.75
GSE90496	GSM2403895	GSM2403895_9297949146_R05C02	ok	486427	0.151876848941362	0.976008634424629	4.11161387011823e-06	7789.84865673048	1.13935613150505	9.8
GSE90496	GSM2403896	GSM2403896_9297949146_R06C02	ok	486427	0.158362919821474	0.967999177673845	4.11161387011823e-06	7364.98948665456	1.75339210985515	7.28
GSE90496	GSM2403897	GSM2403897_9305216209_R05C01	ok	486427	0.213879986102745	0.908273629028113	4.11161387011823e-06	6645.34067294036	1.45988705365472	7.33
GSE90496	GSM2403898	GSM2403898_9305216209_R06C01	ok	486427	0.155768491469429	0.971080844940124	4.11161387011823e-06	8398.01709234153	1.8767550558178	7.54
GSE90496	GSM2403899	GSM2403899_9305216209_R04C01	ok	486427	0.169209357210846	0.957350053965154	4.11161387011823e-06	8120.3856721111	1.63920390323061	8.87
GSE90496	GSM2403900	GSM2403900_9305216209_R01C02	ok	486427	0.221977809619943	0.899193092460297	4.11161387011823e-06	6024.35044787919	1.42597214122627	6.99
GSE90496	GSM2403901	GSM2403901_9305216209_R03C01	ok	486427	0.153634563870838	0.97361977694403	4.11161387011823e-06	8512.96852343176	2.1779495648571	7.08
GSE90496	GSM2403902	GSM2403902_9305216209_R02C01	ok	486427	0.1410016302549	0.987965256719947	4.11161387011823e-06	8623.21850791225	2.24720283363297	7.08
GSE90496	GSM2403903	GSM2403903_9305216209_R01C01	ok	486427	0.165985851936673	0.960674307447191	4.11161387011823e-06	7460.35841179315	1.55784651003598	8.58
GSE90496	GSM2403904	GSM2403904_9305216209_R05C02	ok	486427	0.145086518634862	0.983699439790307	4.11161387011823e-06	8565.639039092	1.81854171691228	6.33
GSE90496	GSM2403905	GSM2403905_9305216208_R01C01	ok	486427	0.152228391927257	0.976635658117901	4.11161387011823e-06	7522.98436403055	1.67147728393892	10.54
GSE90496	GSM2403906	GSM2403906_9305216208_R02C01	ok	486427	0.146825731301922	0.982075345633962	4.11161387011823e-06	8178.83079131582	2.11042540308652	6.93
GSE90496	GSM2403907	GSM2403907_9305216208_R03C01	ok	486427	0.14329385498749	0.985958780901475	4.11161387011823e-06	8940.64034931701	2.02768634739224	7.54
GSE90496	GSM2403908	GSM2403908_9305216208_R04C01	ok	486427	0.169053115883781	0.958059310273937	4.11161387011823e-06	8457.3230213398	1.2363652518993	7.26
GSE90496	GSM2403909	GSM2403909_9305216208_R05C01	ok	486427	0.158611672460616	0.969436192629902	4.11161387011823e-06	8488.73038616999	1.59684378482055	7.55
GSE90496	GSM2403910	GSM2403910_9305216208_R06C01	ok	486427	0.270414676816871	0.846222953178805	4.11161387011823e-06	6228.07489740232	1.35810360408333	7.31
GSE90496	GSM2403911	GSM2403911_9305216208_R01C02	ok	486427	0.154865992224938	0.973134604512515	4.11161387011823e-06	7765.53057167488	1.73276850479884	7.78
GSE90496	GSM2403912	GSM2403912_9305216208_R02C02	ok	486427	0.180902787057462	0.944895924345994	4.11161387011823e-06	7427.82277771306	1.52373298260873	8.97
GSE90496	GSM2403913	GSM2403913_9305216208_R03C02	ok	486427	0.167324182251396	0.959938325538367	4.11161387011823e-06	7945.14378244817	1.44673580919177	7.01
GSE90496	GSM2403914	GSM2403914_9305216208_R04C02	ok	486427	0.212732845832982	0.9096551369687	4.11161387011823e-06	7375.62526057563	1.41512451504578	7.6
GSE90496	GSM2403915	GSM2403915_9305216208_R05C02	ok	486427	0.147156716218466	0.981312638125096	4.11161387011823e-06	8678.21973675509	1.98162885158696	6.88
GSE90496	GSM2403916	GSM2403916_9305216208_R06C02	ok	486427	0.314166360008799	0.79757619365781	4.11161387011823e-06	5725.68381313764	1.38319319770324	6.84
GSE90496	GSM2403917	GSM2403917_9305216199_R02C01	ok	486427	0.136591924379198	0.994003186513851	4.11161387011823e-06	9220.31780872873	1.23530678212939	7.02
GSE90496	GSM2403918	GSM2403918_9305216199_R04C01	ok	486427	0.138752577467945	0.991513594079252	4.11161387011823e-06	9778.69775768141	1.18762318013399	8.48
GSE90496	GSM2403919	GSM2403919_9305216199_R03C02	ok	486427	0.174330372286078	0.95087629130904	4.11161387011823e-06	8294.31472042123	1.1772713710424	6.85
GSE90496	GSM2403920	GSM2403920_9305651050_R02C02	ok	486427	0.165582913777401	0.96135067070977	4.11161387011823e-06	7272.24509513919	1.30207161745512	6.85
GSE90496	GSM2403921	GSM2403921_9305651046_R04C02	ok	486427	0.196938081150923	0.926385362594439	4.11161387011823e-06	6591.44989325758	1.41858593920786	6.3
GSE90496	GSM2403922	GSM2403922_9305651050_R05C01	ok	486427	0.233829536600559	0.885891966901372	4.11161387011823e-06	6048.42669702673	1.53231868518925	11.59
GSE90496	GSM2403923	GSM2403923_9305651050_R01C01	ok	486427	0.235104136900295	0.88389577015984	4.11161387011823e-06	5797.67848424035	1.30213357300395	7.12
GSE90496	GSM2403924	GSM2403924_9305651050_R03C01	ok	486427	0.16223811589406	0.964695482345685	4.11161387011823e-06	7183.53051512737	1.48121768912743	8.29
GSE90496	GSM2403925	GSM2403925_9305651050_R02C01	ok	486427	0.175317159614906	0.950084802384746	4.11161387011823e-06	7308.51551144771	1.4002894869825	6.97
GSE90496	GSM2403926	GSM2403926_9305651046_R03C01	ok	486427	0.151233381370689	0.977085881687824	4.11161387011823e-06	8038.26201468917	1.42596047710261	6.72
GSE90496	GSM2403927	GSM2403927_9305651050_R06C01	ok	486427	0.165765880594622	0.960635246954823	4.11161387011823e-06	7706.38436192999	1.38328468838662	7.17
GSE90496	GSM2403928	GSM2403928_9305651046_R03C02	ok	486427	0.144716473386551	0.983808398005859	4.11161387011823e-06	8774.24361594931	1.90561904336927	7.92
GSE90496	GSM2403929	GSM2403929_9305651046_R05C01	ok	486427	0.166779393413606	0.960127460554042	4.11161387011823e-06	7368.66241154849	1.37858692629316	7.85
GSE90496	GSM2403930	GSM2403930_9305651046_R04C01	ok	486427	0.186439075133576	0.938214524335715	4.11161387011823e-06	7360.42463199067	1.31959827904215	8.46
GSE90496	GSM2403931	GSM2403931_9305651046_R06C01	ok	486427	0.178552999730689	0.945958780901475	4.11161387011823e-06	7218.54520464986	1.51080885423567	6.77
GSE90496	GSM2403932	GSM2403932_9305651046_R02C02	ok	486427	0.145688870066834	0.983230713881893	4.11161387011823e-06	8271.36034777155	1.41054487833528	7.01
GSE90496	GSM2403933	GSM2403933_9305651050_R01C02	ok	486427	0.192939536662233	0.931553682479313	4.11161387011823e-06	7390.81924009715	1.29888796367577	7.24
GSE90496	GSM2403934	GSM2403934_9305651046_R06C02	ok	486427	0.182125992183822	0.941686796525672	4.11161387011823e-06	7633.5719978403	1.46278742356028	7.38
GSE90496	GSM2403935	GSM2403935_9305651053_R04C01	ok	486427	0.167468088736851	0.95983347895359	4.11161387011823e-06	8087.0464744309	1.35853796127864	7.54
GSE90496	GSM2403936	GSM2403936_9305651053_R05C01	ok	486427	0.170488069124452	0.956435216117593	4.11161387011823e-06	8035.69661756458	1.32333992394474	8.73
GSE90496	GSM2403937	GSM2403937_9305651053_R06C02	ok	486427	0.176579425073033	0.949484504291515	4.11161387011823e-06	7596.48876084457	1.53110556818258	8.12
GSE90496	GSM2403938	GSM2403938_9305651053_R06C01	ok	486427	0.15927158648677	0.968198591766459	4.11161387011823e-06	8349.01943356874	1.9985153401418	6.19
GSE90496	GSM2403939	GSM2403939_9305651053_R03C01	ok	486427	0.152993152107099	0.974826540576656	4.11161387011823e-06	8472.25918274996	2.10022918142512	11.22
GSE90496	GSM2403940	GSM2403940_9305651053_R01C02	ok	486427	0.152275675486764	0.975827722670504	4.11161387011823e-06	8055.67052293694	1.59383682714201	6.93
GSE90496	GSM2403941	GSM2403941_9305651053_R02C02	ok	486427	0.160540019365701	0.966529269671583	4.11161387011823e-06	7808.8438016806	1.43181592093893	6.88
GSE90496	GSM2403942	GSM2403942_9305651053_R05C02	ok	486427	0.161907130977516	0.964812663822789	4.11161387011823e-06	8158.53628148275	1.71703995459811	6.84
GSE90496	GSM2403943	GSM2403943_9305651051_R04C01	ok	486427	0.155034568393613	0.972857069435165	4.11161387011823e-06	9344.3197943568	1.49994268404949	7.24
GSE90496	GSM2403944	GSM2403944_9305651051_R01C02	ok	486427	0.157193165675425	0.970334583954361	4.11161387011823e-06	8179.55683612	1.41904195692659	7.11
GSE90496	GSM2403945	GSM2403945_9305651051_R04C02	ok	486427	0.175294545738621	0.951264840417331	4.11161387011823e-06	7507.36291052156	1.31124701844116	7.59
GSE90496	GSM2403946	GSM2403946_9305651051_R05C02	ok	486427	0.163975272754185	0.963634681605592	4.11161387011823e-06	8134.14603872782	1.20532733374348	9
GSE90496	GSM2403947	GSM2403947_9305651051_R06C02	ok	486427	0.182765348140625	0.942823662435113	4.11161387011823e-06	7508.91382258984	1.33213843588263	7.27
GSE90496	GSM2403948	GSM2403948_9305651053_R01C01	ok	486427	0.171964138503825	0.954334172791283	4.11161387011823e-06	7676.48664331272	1.44341772512308	7.62
GSE90496	GSM2403949	GSM2403949_9305651053_R02C01	ok	486427	0.157522094785035	0.970817700570489	4.11161387011823e-06	7976.36063360434	1.38861987451952	7.28
GSE90496	GSM2403950	GSM2403950_9305651055_R01C01	ok	486427	0.173479268214963	0.952185845711055	4.11161387011823e-06	5318.1329874133	1.58126169386437	7.43
GSE90496	GSM2403951	GSM2403951_9305651055_R02C01	ok	486427	0.176519806671916	0.948847201521303	4.11161387011823e-06	5902.83161463546	1.58009669605765	8.44
GSE90496	GSM2403952	GSM2403952_9305651060_R05C02	ok	486427	0.14866979012267	0.979131417998664	4.11161387011823e-06	6005.0767217547	1.87929738962241	6.88
GSE90496	GSM2403953	GSM2403953_9305651055_R05C02	ok	486427	0.158375254663084	0.969127820321735	4.11161387011823e-06	6234.85791831418	1.61010565193124	6.79
GSE90496	GSM2403954	GSM2403954_9305651055_R06C02	ok	486427	0.145283876100628	0.983500025697692	4.11161387011823e-06	6534.25545172647	1.85811785747872	8.48
GSE90496	GSM2403955	GSM2403955_9305651060_R01C01	ok	486427	0.184103678455349	0.940646553939456	4.11161387011823e-06	4818.99359332586	1.55981416043781	7.33
GSE90496	GSM2403956	GSM2403956_9305651060_R02C01	ok	486427	0.162219613631645	0.964977129053811	4.11161387011823e-06	5418.31220057791	1.51499462848407	6.93
GSE90496	GSM2403957	GSM2403957_9305651060_R03C01	ok	486427	0.148388144572567	0.979351390245156	4.11161387011823e-06	6082.61321191674	2.12112776308484	6.94
GSE90496	GSM2403958	GSM2403958_9305651060_R04C01	ok	486427	0.187545099264638	0.937581333196279	4.11161387011823e-06	5960.91006588701	1.39686351362706	10.71
GSE90496	GSM2403959	GSM2403959_9305651060_R05C01	ok	486427	0.300865289138966	0.812832399650511	4.11161387011823e-06	4340.39534775968	1.3263689482478	6.62
GSE90496	GSM2403960	GSM2403960_9305651060_R06C01	ok	486427	0.169472500498533	0.957167086395642	4.11161387011823e-06	5917.06324877428	1.49142102286825	6.28
GSE90496	GSM2403961	GSM2403961_9305651060_R01C02	ok	486427	0.233284747762768	0.886531325486971	4.11161387011823e-06	4581.08778584382	1.46807978294566	6.99
GSE90496	GSM2403962	GSM2403962_9305651060_R02C02	ok	486427	0.190690483875278	0.934205684329547	4.11161387011823e-06	5104.3356183654	1.42900026662248	6.79
GSE90496	GSM2403963	GSM2403963_9305651060_R03C02	ok	486427	0.143351417581672	0.986154083363314	4.11161387011823e-06	5869.15499159812	1.73798575148903	6.9
GSE90496	GSM2403964	GSM2403964_9305651055_R02C02	ok	486427	0.163765580446809	0.962374466772884	4.11161387011823e-06	6029.07363161314	1.74000284714778	6.85
GSE90496	GSM2403965	GSM2403965_9305651055_R06C01	ok	486427	0.158887150589914	0.968825615459732	4.11161387011823e-06	6183.03493502194	1.51933668028586	7.07
GSE90496	GSM2403966	GSM2403966_9305651055_R04C02	ok	486427	0.175134192797686	0.951170272909493	4.11161387011823e-06	5855.6464612018	1.4199966951716	7.23
GSE90496	GSM2403967	GSM2403967_9305651054_R04C01	ok	486427	0.139860657405942	0.9902102071234	4.11161387011823e-06	6148.1185183185	1.06038463614625	6.72
GSE90496	GSM2403968	GSM2403968_9305651054_R03C02	ok	486427	0.143519993750347	0.986038957701598	4.11161387011823e-06	6438.8711745661	1.06534373220013	7.13
GSE90496	GSM2403969	GSM2403969_9305651054_R01C02	ok	486427	0.139167850468827	0.990991416970756	4.11161387011823e-06	6411.04190483303	1.08620756937465	7.12
GSE90496	GSM2403970	GSM2403970_6026818091_R02C01	ok	486427	0.136092363293978	0.994058693529321	4.11161387011823e-06	3108.63576464369	1.11128644142387	6.74
GSE90496	GSM2403971	GSM2403971_6026818091_R03C01	ok	486427	0.136690603112081	0.993441948912988	4.11161387011823e-06	3312.79066800142	1.10027814900813	8.96
GSE90496	GSM2403972	GSM2403972_6026818091_R04C02	ok	486427	0.139498835385371	0.990088914015521	4.11161387011823e-06	3324.25950274667	1.10249208790048	6.56
GSE90496	GSM2403973	GSM2403973_6026818091_R05C01	ok	486427	0.136238325586368	0.994075140052423	4.11161387011823e-06	3583.71021547429	1.07181472299386	6.77
GSE90496	GSM2403974	GSM2403974_6026818091_R05C02	ok	486427	0.136386343685692	0.993997019067688	4.11161387011823e-06	3634.30014525779	1.08387116734992	6.36
GSE90496	GSM2403975	GSM2403975_6026818091_R06C01	ok	486427	0.136741998285457	0.993361772112864	4.11161387011823e-06	4610.53231766951	1.11956746304089	10.18
GSE90496	GSM2403976	GSM2403976_6026818091_R06C02	ok	486427	0.136094419100913	0.99423549365267	4.11161387011823e-06	4239.91190885574	1.09940478066229	7.03
GSE90496	GSM2403977	GSM2403977_6026818094_R03C01	ok	486427	0.138524382898153	0.99133884977129	4.11161387011823e-06	3461.69849551093	1.19028797823644	6.13
GSE90496	GSM2403978	GSM2403978_6026818094_R03C02	ok	486427	0.135564020911668	0.995000256976924	4.11161387011823e-06	3505.03040859129	1.13185428629526	7.89
GSE90496	GSM2403979	GSM2403979_6026818094_R04C01	ok	486427	0.136672100849665	0.993530348974662	4.11161387011823e-06	3531.85059507291	1.09120173398725	6.21
GSE90496	GSM2403980	GSM2403980_6026818094_R04C02	ok	486427	0.137038034484106	0.992917715989104	4.11161387011823e-06	3466.34980172599	1.09680967104295	6.62
GSE90496	GSM2403981	GSM2403981_6026818094_R05C02	ok	486427	0.137325847455014	0.992837539188981	4.11161387011823e-06	3887.75254990019	1.22094730967988	6.22
GSE90496	GSM2403982	GSM2403982_6026818101_R06C01	ok	486427	0.155131191319561	0.971755152387316	4.11161387011823e-06	3621.55299604008	1.14915431091068	6.61
GSE90496	GSM2403983	GSM2403983_6026818101_R06C02	ok	486427	0.152347628729491	0.975396001439071	4.11161387011823e-06	3471.13758238514	1.04528705661616	6.32
GSE90496	GSM2403984	GSM2403984_6026818110_R03C02	ok	486427	0.137077094815872	0.992827260112042	4.11161387011823e-06	3189.77425929239	1.14905307686685	6.15
GSE90496	GSM2403985	GSM2403985_6026818110_R04C01	ok	486427	0.137126434182313	0.993154134758699	4.11161387011823e-06	3442.14015661161	1.05005683316741	6.66
GSE90496	GSM2403986	GSM2403986_6026818110_R05C02	ok	486427	0.136123200398004	0.994397903068304	4.11161387011823e-06	3730.7721701751	1.09945856926594	6.9
GSE90496	GSM2403987	GSM2403987_6026818110_R06C01	ok	486427	0.140608971130303	0.989200801768001	4.11161387011823e-06	4168.1548488241	1.03925451753397	6.67
GSE90496	GSM2403988	GSM2403988_6026818110_R06C02	ok	486427	0.136065637803823	0.994496582206918	4.11161387011823e-06	3773.09880367209	1.08615710621966	9.11
GSE90496	GSM2403989	GSM2403989_9305651089_R01C02	ok	486427	0.184424384337218	0.941129670555584	4.11161387011823e-06	6847.3894110683	1.26915002582458	7.09
GSE90496	GSM2403990	GSM2403990_9305651089_R03C02	ok	486427	0.195418839825914	0.927871717119803	4.11161387011823e-06	7320.69134500728	1.53016575249006	6.93
GSE90496	GSM2403991	GSM2403991_9305651089_R04C02	ok	486427	0.17057646882266	0.955890425039831	4.11161387011823e-06	8295.00788163355	1.51681410122404	7.3
GSE90496	GSM2403992	GSM2403992_9305651089_R05C02	ok	486427	0.187501927319002	0.936777509379658	4.11161387011823e-06	7869.14016928584	1.43753100273467	10.74
GSE90496	GSM2403993	GSM2403993_9305651089_R06C02	ok	486427	0.204297869978435	0.918509533843861	4.11161387011823e-06	7429.39066622975	1.39667445518649	8.2
GSE90496	GSM2403994	GSM2403994_9305651095_R01C01	ok	486427	0.204077898636383	0.917824947319731	4.11161387011823e-06	7080.96612299503	1.36579954860594	6.94
GSE90496	GSM2403995	GSM2403995_9305651095_R02C01	ok	486427	0.232435699498589	0.886660841856401	4.11161387011823e-06	7277.82038329947	1.29228092928112	6.72
GSE90496	GSM2403996	GSM2403996_9305651095_R03C01	ok	486427	0.169914498989571	0.955224340854191	4.11161387011823e-06	8633.26863051957	1.83037760003303	6.73
GSE90496	GSM2403997	GSM2403997_9305651095_R04C01	ok	486427	0.177278399430953	0.948162614997173	4.11161387011823e-06	8883.67962466056	1.58609311720897	6.81
GSE90496	GSM2403998	GSM2403998_9305651095_R01C02	ok	486427	0.144416325574033	0.98535231536208	4.11161387011823e-06	8662.95056060578	1.59857511205555	6.79
GSE90496	GSM2403999	GSM2403999_9305651095_R02C02	ok	486427	0.143258906269594	0.986293878809683	4.11161387011823e-06	8404.94823377309	1.71725421724254	6.92
GSE90496	GSM2404000	GSM2404000_9305651095_R05C02	ok	486427	0.139864769019812	0.989809323122784	4.11161387011823e-06	9530.28096859937	1.99696123539903	6.44
GSE90496	GSM2404001	GSM2404001_9305651095_R06C02	ok	486427	0.16277056989024	0.962931592742972	4.11161387011823e-06	8354.057933481	1.92103212022251	7.98
GSE90496	GSM2404002	GSM2404002_9305651146_R02C01	ok	486427	0.138729963591659	0.990853677339775	4.11161387011823e-06	8322.18475967201	1.77604099891484	6.66
GSE90496	GSM2404003	GSM2404003_9305651146_R05C01	ok	486427	0.159828710166171	0.967242637611142	4.11161387011823e-06	9143.79914118653	1.80206725375652	7.36
GSE90496	GSM2404004	GSM2404004_9305651146_R06C01	ok	486427	0.160338550286066	0.96607904610166	4.11161387011823e-06	9616.55248217319	1.98502978678345	6.54
GSE90496	GSM2404005	GSM2404005_9305651146_R01C02	ok	486427	0.15893032253555	0.968936629490672	4.11161387011823e-06	7098.35711996109	1.28840975445951	9.4
GSE90496	GSM2404006	GSM2404006_9305651146_R02C02	ok	486427	0.196078753852068	0.927639409980984	4.11161387011823e-06	6564.87132942153	1.41010956111628	7.34
GSE90496	GSM2404007	GSM2404007_9305651146_R03C02	ok	486427	0.200249986123303	0.923098113789382	4.11161387011823e-06	6723.05005374107	1.46616113675949	7.12
GSE90496	GSM2404008	GSM2404008_9305651146_R05C02	ok	486427	0.16501756687026	0.961371228863648	4.11161387011823e-06	8544.62568659639	1.82524702799866	6.78
GSE90496	GSM2404009	GSM2404009_9340996003_R01C02	ok	486427	0.156407847426233	0.972322557434342	4.11161387011823e-06	7422.37436181342	1.6468138673046	10.38
GSE90496	GSM2404010	GSM2404010_9340996003_R01C01	ok	486427	0.166804063096826	0.960236418769595	4.11161387011823e-06	6993.54783072248	1.46951611842406	9.18
GSE90496	GSM2404011	GSM2404011_9340996008_R04C01	ok	486427	0.154619295392731	0.974012437683096	4.11161387011823e-06	8623.5728849309	1.35748341575873	6.81
GSE90496	GSM2404012	GSM2404012_9340996008_R05C01	ok	486427	0.168345918298121	0.958266947628103	4.11161387011823e-06	8107.86962635589	1.40760766924526	6.65
GSE90496	GSM2404013	GSM2404013_9340996008_R01C02	ok	486427	0.149670968100044	0.981119391478645	4.11161387011823e-06	7623.81040582335	1.42173031517422	6.9
GSE90496	GSM2404014	GSM2404014_9340996008_R02C02	ok	486427	0.142144658910792	0.987852186873619	4.11161387011823e-06	8078.75848579479	1.55565120582829	6.37
GSE90496	GSM2404015	GSM2404015_9340996008_R04C02	ok	486427	0.246197271121874	0.873281595312741	4.11161387011823e-06	6234.41825322998	1.27190489548465	6.82
GSE90496	GSM2404016	GSM2404016_9340996003_R02C01	ok	486427	0.227853305840342	0.892484966849977	4.11161387011823e-06	6722.6720988356	1.3715272043251	6.6
GSE90496	GSM2404017	GSM2404017_9340996003_R03C01	ok	486427	0.155139414547301	0.972764557742715	4.11161387011823e-06	8586.30169548984	2.00737694210757	6.82
GSE90496	GSM2404018	GSM2404018_9340996003_R04C01	ok	486427	0.148791082731838	0.9803196792928	4.11161387011823e-06	8183.66819706422	1.54388088210343	7.21
GSE90496	GSM2404019	GSM2404019_9340996003_R04C02	ok	486427	0.14554907519525	0.984090044713985	4.11161387011823e-06	8207.31517249449	1.58661980044734	7.12
GSE90496	GSM2404020	GSM2404020_9340996003_R05C02	ok	486427	0.140222479426512	0.989371434445187	4.11161387011823e-06	8692.27255812915	1.92407363672569	7.09
GSE90496	GSM2404021	GSM2404021_9340996003_R06C02	ok	486427	0.158893318010719	0.968626201367117	4.11161387011823e-06	8637.39946233038	1.60314472364033	6.62
GSE90496	GSM2404022	GSM2404022_9340996008_R01C01	ok	486427	0.141928799182611	0.987778177519659	4.11161387011823e-06	8364.20220552352	1.75289926808401	9.22
GSE90496	GSM2404023	GSM2404023_9340996014_R04C02	ok	486427	0.249363213801865	0.870041630261603	4.11161387011823e-06	5922.85967746127	1.1450509061706	6.95
GSE90496	GSM2404024	GSM2404024_9340996012_R04C02	ok	486427	0.156383177743012	0.972330780695894	4.11161387011823e-06	8734.57668723289	1.20594699786122	7
GSE90496	GSM2404025	GSM2404025_9340996014_R05C01	ok	486427	0.157657778042748	0.970527830600812	4.11161387011823e-06	9113.88225461664	1.14821568966214	6.68
GSE90496	GSM2404026	GSM2404026_9340996014_R02C01	ok	486427	0.170695705624893	0.95593770879375	4.11161387011823e-06	7531.92229710933	1.23786359912321	10.99
GSE90496	GSM2404027	GSM2404027_9340996032_R02C01	ok	486427	0.151075084236689	0.977369584211338	4.11161387011823e-06	7535.4251508444	1.42451852407297	6.48
GSE90496	GSM2404028	GSM2404028_9340996032_R03C01	ok	486427	0.146550253172624	0.982603690188621	4.11161387011823e-06	7938.25154979905	1.47903649561477	6.61
GSE90496	GSM2404029	GSM2404029_9340996032_R01C01	ok	486427	0.176462244077734	0.94959962995323	4.11161387011823e-06	6577.53416149835	1.23270068365008	6.73
GSE90496	GSM2404030	GSM2404030_9340996050_R06C02	ok	486427	0.201119592456833	0.921990029295369	4.11161387011823e-06	7436.11075751609	1.55777521733891	6.85
GSE90496	GSM2404031	GSM2404031_9340996058_R01C02	ok	486427	0.19978126214211	0.923591509482449	4.11161387011823e-06	6633.86959711475	1.34171163794404	7.07
GSE90496	GSM2404032	GSM2404032_9340996058_R02C02	ok	486427	0.141714995261365	0.988123554504805	4.11161387011823e-06	8035.13383345376	1.32944642340206	6.63
GSE90496	GSM2404033	GSM2404033_9340996058_R04C02	ok	486427	0.161456909258738	0.966019427455414	4.11161387011823e-06	7915.84368310853	1.46205301661193	7.13
GSE90496	GSM2404034	GSM2404034_9340996058_R03C01	ok	486427	0.136071805224628	0.994488358945367	4.11161387011823e-06	8385.61794662961	1.6705115023284	6.61
GSE90496	GSM2404035	GSM2404035_9340996050_R04C02	ok	486427	0.232731735697237	0.88809580099707	4.11161387011823e-06	5873.79248968108	1.22362685473622	7.06
GSE90496	GSM2404036	GSM2404036_9373550164_R05C01	ok	486427	0.149420159653967	0.979667985814874	4.11161387011823e-06	7949.62858120464	1.63801019352183	6.68
GSE90496	GSM2404037	GSM2404037_9373550164_R06C01	ok	486427	0.213224183690461	0.908343526751298	4.11161387011823e-06	5287.09241195598	1.39591210485211	6.87
GSE90496	GSM2404038	GSM2404038_9373550164_R02C02	ok	486427	0.143203399482348	0.986419283548337	4.11161387011823e-06	6906.88304073583	1.56250700127548	6.59
GSE90496	GSM2404039	GSM2404039_9373550164_R03C02	ok	486427	0.156027523143247	0.972332836511281	4.11161387011823e-06	7152.48957021908	1.41849718383605	9.06
GSE90496	GSM2404040	GSM2404040_9373550131_R03C01	ok	486427	0.159129735808251	0.96848435010536	4.11161387011823e-06	6602.10883685757	1.82961010037835	7.11
GSE90496	GSM2404041	GSM2404041_9373550164_R04C02	ok	486427	0.179531563831777	0.945091226807833	4.11161387011823e-06	7168.24250818702	1.59577062980317	6.96
GSE90496	GSM2404042	GSM2404042_9373550164_R05C02	ok	486427	0.277313964890929	0.836601737164003	4.11161387011823e-06	5473.17741806714	1.49965022584036	7.03
GSE90496	GSM2404043	GSM2404043_9373550164_R06C02	ok	486427	0.184533342104776	0.939016292336948	4.11161387011823e-06	6151.44725806185	1.69956373203701	10.32
GSE90496	GSM2404044	GSM2404044_9373550164_R01C01	ok	486427	0.184872550249061	0.940319679292799	4.11161387011823e-06	6536.15449685135	1.49967799306137	8.26
GSE90496	GSM2404045	GSM2404045_9373550131_R06C01	ok	486427	0.149907385897576	0.977743742611913	4.11161387011823e-06	6892.42389068337	1.83644942250632	6.47
GSE90496	GSM2404046	GSM2404046_9373550131_R02C02	ok	486427	0.137449195871117	0.99262579020404	4.11161387011823e-06	6501.66134545019	1.79896217817497	6.25
GSE90496	GSM2404047	GSM2404047_9373550131_R05C02	ok	486427	0.141291499032743	0.988039266073907	4.11161387011823e-06	7188.12710645945	1.94833921348501	7.91
GSE90496	GSM2404048	GSM2404048_9373550131_R06C02	ok	486427	0.160361164162351	0.965441743331449	4.11161387011823e-06	6676.25894073653	1.7512354383584	6.3
GSE90496	GSM2404049	GSM2404049_9373550018_R01C02	ok	486427	0.318946111132811	0.79192270134142	4.11161387011823e-06	3670.56958683401	1.27455314208478	6.51
GSE90496	GSM2404050	GSM2404050_9373550028_R05C01	ok	486427	0.482514334113855	0.6110849565709	4.11161387011823e-06	2463.19124950241	1.15318361438368	6.64
GSE90496	GSM2404051	GSM2404051_9373550034_R05C02	ok	486427	0.405956083852253	0.694035051652362	4.11161387011823e-06	3866.87425992085	1.20877201330808	6.83
GSE90496	GSM2404052	GSM2404052_9373550035_R06C01	ok	486427	0.320880625458702	0.790796114508917	4.11161387011823e-06	4624.17480438288	1.24566582470041	7.23
GSE90496	GSM2404053	GSM2404053_9373550035_R01C02	ok	486427	0.262888367627619	0.851099347278614	4.11161387011823e-06	4805.04755551801	1.23974706473067	6.65
GSE90496	GSM2404054	GSM2404054_9373550018_R06C01	ok	486427	0.162285399453567	0.965123091946343	4.11161387011823e-06	7100.88766146869	1.09521458247442	9.57
GSE90496	GSM2404055	GSM2404055_9373550018_R01C01	ok	486427	0.342419314717316	0.763235853420363	4.11161387011823e-06	3347.93625977066	1.19393823520583	7.46
GSE90496	GSM2404056	GSM2404056_9373551023_R03C02	ok	486427	0.202790963495036	0.919586781107057	4.11161387011823e-06	6533.24494229762	1.5167674905372	7.44
GSE90496	GSM2404057	GSM2404057_9373551023_R06C02	ok	486427	0.193911933342516	0.930422984016035	4.11161387011823e-06	6491.89480674288	1.3959642886784	9.69
GSE90496	GSM2404058	GSM2404058_9373551023_R03C01	ok	486427	0.458969177286623	0.637049904918538	4.11161387011823e-06	4342.70702493295	1.4028002369257	9.65
GSE90496	GSM2404059	GSM2404059_9373551039_R01C01	ok	486427	0.149564066139421	0.97864418975176	4.11161387011823e-06	7281.95335157427	2.01464186983259	6.8
GSE90496	GSM2404060	GSM2404060_9373551039_R02C01	ok	486427	0.159253084224354	0.968206815028011	4.11161387011823e-06	7197.41687137601	1.83270325398752	7.29
GSE90496	GSM2404061	GSM2404061_9373551039_R05C01	ok	486427	0.14344392889375	0.986339106748214	4.11161387011823e-06	7820.91934694882	1.76633384390097	6.8
GSE90496	GSM2404062	GSM2404062_9373551042_R06C02	ok	486427	0.171890129454163	0.952428431926813	4.11161387011823e-06	7704.9429559034	1.93237270324937	6.81
GSE90496	GSM2404063	GSM2404063_9373551020_R05C01	ok	486427	0.310905850209795	0.801437014956057	4.11161387011823e-06	4502.44080740467	1.18234379003628	6.83
GSE90496	GSM2404064	GSM2404064_9374341006_R02C01	ok	486427	0.138033045040674	0.992198180603382	4.11161387011823e-06	6973.02969423882	1.0703170742994	6.74
GSE90496	GSM2404065	GSM2404065_9374341006_R04C01	ok	486427	0.136976360276054	0.99340288842062	4.11161387011823e-06	7669.7867681597	1.07023563643538	6.91
GSE90496	GSM2404066	GSM2404066_9374341006_R05C01	ok	486427	0.137615716232857	0.992590841342447	4.11161387011823e-06	7710.46714070052	1.07244447911319	7.42
GSE90496	GSM2404067	GSM2404067_9374341006_R04C02	ok	486427	0.140391055595187	0.989529732230046	4.11161387011823e-06	7867.03962396391	1.07829060420152	8.38
GSE90496	GSM2404068	GSM2404068_9374341144_R02C02	ok	486427	0.139694137044202	0.989967620907642	4.11161387011823e-06	7350.42140325862	1.17615126417758	6.64
GSE90496	GSM2404069	GSM2404069_9373551108_R02C02	ok	486427	0.203029437099503	0.918400575628309	4.11161387011823e-06	6457.43814405953	1.50859240702409	6.85
GSE90496	GSM2404070	GSM2404070_9373551108_R03C02	ok	486427	0.179576791584349	0.94503777560775	4.11161387011823e-06	6922.58928014515	1.30800828630114	6.76
GSE90496	GSM2404071	GSM2404071_9373551108_R04C02	ok	486427	0.191773894130054	0.931720203525723	4.11161387011823e-06	6627.02460979219	1.32668569430806	9.5
GSE90496	GSM2404072	GSM2404072_9373551108_R06C02	ok	486427	0.222867974022824	0.897334635349746	4.11161387011823e-06	6775.56049924341	1.43824236965644	7.86
GSE90496	GSM2404073	GSM2404073_9373551108_R06C01	ok	486427	0.240866563739266	0.87731716091895	4.11161387011823e-06	6238.39400809791	1.50935982788429	7.72
GSE90496	GSM2404074	GSM2404074_9376561043_R04C01	ok	486427	0.279778877406065	0.834825512668962	4.11161387011823e-06	6439.66593415627	1.42604358431268	10.57
GSE90496	GSM2404075	GSM2404075_9376561043_R05C01	ok	486427	0.172451364747434	0.953460451251478	4.11161387011823e-06	8090.73215558135	1.57407186559417	9.47
GSE90496	GSM2404076	GSM2404076_9376561043_R06C01	ok	486427	0.175395280278438	0.949657192784088	4.11161387011823e-06	7848.14980984234	1.51312887796747	6.89
GSE90496	GSM2404077	GSM2404077_9376561043_R02C02	ok	486427	0.303099951277376	0.809304620445084	4.11161387011823e-06	6716.04062794655	1.31725146928793	6.95
GSE90496	GSM2404078	GSM2404078_9376561043_R03C02	ok	486427	0.223667682920562	0.896976923472272	4.11161387011823e-06	7529.13123606982	1.3211460788092	7.49
GSE90496	GSM2404079	GSM2404079_9376561043_R04C02	ok	486427	0.236919414423953	0.881079303078584	4.11161387011823e-06	7391.69383455678	1.42125974733602	7.02
GSE90496	GSM2404080	GSM2404080_9376561043_R05C02	ok	486427	0.198812977075697	0.924868170838259	4.11161387011823e-06	7530.02904407107	1.46989165485443	7.66
GSE90496	GSM2404081	GSM2404081_9376561057_R03C02	ok	486427	0.183028491428313	0.941939661818369	4.11161387011823e-06	7331.75552469229	1.50291384919997	7.39
GSE90496	GSM2404082	GSM2404082_9376561043_R06C02	ok	486427	0.232008091656096	0.887546898288534	4.11161387011823e-06	6589.65114676643	1.35709416731507	7.4
GSE90496	GSM2404083	GSM2404083_9376561057_R04C02	ok	486427	0.178135670922872	0.94763838207329	4.11161387011823e-06	7238.2851425463	1.47489079567383	7.24
GSE90496	GSM2404084	GSM2404084_9376561057_R05C02	ok	486427	0.199306370740111	0.924267872745028	4.11161387011823e-06	6909.80671623046	1.40995428406811	7.27
GSE90496	GSM2404085	GSM2404085_9376561057_R01C01	ok	486427	0.238068610500651	0.881052577478542	4.11161387011823e-06	5911.62022543792	1.43548367493553	7.16
GSE90496	GSM2404086	GSM2404086_9376561057_R02C01	ok	486427	0.188811476336634	0.935835945932055	4.11161387011823e-06	7029.75773480425	1.40515004980983	7.13
GSE90496	GSM2404087	GSM2404087_9376561057_R04C01	ok	486427	0.236530866913226	0.883363313974405	4.11161387011823e-06	6638.47660836132	1.42340667657133	6.52
GSE90496	GSM2404088	GSM2404088_9376561057_R05C01	ok	486427	0.21300010073454	0.909593462507067	4.11161387011823e-06	7040.34356239882	1.43113289645564	9.1
GSE90496	GSM2404089	GSM2404089_9376561057_R06C01	ok	486427	0.266683387229738	0.849154545921776	4.11161387011823e-06	6121.96728958718	1.39931207997384	7.87
GSE90496	GSM2404090	GSM2404090_9376561057_R02C02	ok	486427	0.179844046485906	0.945494166623837	4.11161387011823e-06	7306.90765538317	1.55160739496307	10.03
GSE90496	GSM2404091	GSM2404091_9376561057_R03C01	ok	486427	0.195883452193238	0.927049390964691	4.11161387011823e-06	7621.69326045318	1.71520439840388	7.04
GSE90496	GSM2404092	GSM2404092_9376561057_R06C02	ok	486427	0.23786097400021	0.881782391941204	4.11161387011823e-06	6797.74226917025	1.40459694590658	8.78
GSE90496	GSM2404093	GSM2404093_9374342010_R01C01	ok	486427	0.146920298420935	0.982017782803104	4.11161387011823e-06	6222.34942384372	1.58976768758618	6.56
GSE90496	GSM2404094	GSM2404094_9374342010_R03C02	ok	486427	0.139926443227864	0.989846327799764	4.11161387011823e-06	7470.81240387112	1.80111877005916	6.94
GSE90496	GSM2404095	GSM2404095_9374342010_R04C02	ok	486427	0.152421637779153	0.975326103715886	4.11161387011823e-06	7156.12830029049	1.69795843706875	6.55
GSE90496	GSM2404096	GSM2404096_9374342010_R05C02	ok	486427	0.148240126473243	0.980630107416354	4.11161387011823e-06	7460.84597881381	1.63795298203721	6.52
GSE90496	GSM2404097	GSM2404097_9376538156_R01C02	ok	486427	0.137406023925481	0.993028730020044	4.11161387011823e-06	7045.22043654811	1.18806026921354	6.51
GSE90496	GSM2404098	GSM2404098_9376538156_R02C01	ok	486427	0.136538473398886	0.993733874698052	4.11161387011823e-06	7028.17078496766	1.21149887645896	6.54
GSE90496	GSM2404099	GSM2404099_9376538156_R03C01	ok	486427	0.136376064651016	0.994060749344709	4.11161387011823e-06	7167.97041277316	1.16063367227498	6.98
GSE90496	GSM2404100	GSM2404100_9376538156_R03C02	ok	486427	0.138871814270178	0.991231947371126	4.11161387011823e-06	7507.34185401207	1.20134588171152	8.18
GSE90496	GSM2404101	GSM2404101_9370847051_R04C01	ok	486427	0.15284718981471	0.975975741378424	4.11161387011823e-06	7253.6723774268	1.51159448440156	6.51
GSE90496	GSM2404102	GSM2404102_9370847051_R05C01	ok	486427	0.148626618177034	0.980206609446472	4.11161387011823e-06	7626.54465523894	1.82024874000392	6.32
GSE90496	GSM2404103	GSM2404103_9370847051_R06C01	ok	486427	0.188595616608453	0.936362234671327	4.11161387011823e-06	7172.69371810599	1.48192953006722	6.67
GSE90496	GSM2404104	GSM2404104_9370847051_R03C02	ok	486427	0.170860170179698	0.954391735622141	4.11161387011823e-06	7266.34817147126	2.37545623182298	6.66
GSE90496	GSM2404105	GSM2404105_9370847061_R01C01	ok	486427	0.164764702617248	0.962403248188313	4.11161387011823e-06	7088.71102158873	1.63207976794091	9.28
GSE90496	GSM2404106	GSM2404106_9370847061_R03C01	ok	486427	0.256151488301431	0.861396926555995	4.11161387011823e-06	5857.9892022827	1.41732331168157	7.38
GSE90496	GSM2404107	GSM2404107_9370847061_R02C02	ok	486427	0.147876248645737	0.981378424217505	4.11161387011823e-06	7738.08428294492	1.38616299908521	7.05
GSE90496	GSM2404108	GSM2404108_9379082039_R03C01	ok	486427	0.190809720677512	0.93151051035617	4.11161387011823e-06	5773.69350289666	2.09552888868796	10.27
GSE90496	GSM2404109	GSM2404109_9370847051_R05C02	ok	486427	0.188402370756557	0.936693220948759	4.11161387011823e-06	6785.74310217762	1.52625494066831	9.06
GSE90496	GSM2404110	GSM2404110_9379082039_R05C01	ok	486427	0.179206746336038	0.946799609395076	4.11161387011823e-06	6554.63834684596	1.57566292009258	6.88
GSE90496	GSM2404111	GSM2404111_9379082039_R06C01	ok	486427	0.29561681403376	0.815967518116873	4.11161387011823e-06	5395.58163252794	1.60524256547333	6.74
GSE90496	GSM2404112	GSM2404112_9379082039_R02C02	ok	486427	0.221461802079243	0.897400421442154	4.11161387011823e-06	5350.14341833151	1.87515517269136	6.71
GSE90496	GSM2404113	GSM2404113_9379082039_R01C01	ok	486427	0.184079008772128	0.938557845505474	4.11161387011823e-06	5879.99501058019	2.2449605126294	6.98
GSE90496	GSM2404114	GSM2404114_9379082039_R02C01	ok	486427	0.204992732722485	0.91560466670093	4.11161387011823e-06	6170.45483804888	2.30902533445863	6.83
GSE90496	GSM2404115	GSM2404115_9379086117_R03C02	ok	486427	0.140777547298978	0.988982885336897	4.11161387011823e-06	7812.12754991582	1.09629224432416	6.7
GSE90496	GSM2404116	GSM2404116_9379086117_R04C02	ok	486427	0.141455963587548	0.988020763735417	4.11161387011823e-06	8235.59340843656	1.09992626496036	7.08
GSE90496	GSM2404117	GSM2404117_9376561062_R06C02	ok	486427	0.175750934878204	0.94647273474842	4.11161387011823e-06	7847.04292028968	1.95568745399462	7.17
GSE90496	GSM2404118	GSM2404118_9376561062_R02C01	ok	486427	0.152958203389203	0.97442565657604	4.11161387011823e-06	7457.41715993211	1.6796968149503	7.47
GSE90496	GSM2404119	GSM2404119_9376561062_R05C01	ok	486427	0.13947005408828	0.989402271676003	4.11161387011823e-06	9690.45408901365	2.23505078790777	7.2
GSE90496	GSM2404120	GSM2404120_9376561062_R04C02	ok	486427	0.168167063094771	0.956192629901835	4.11161387011823e-06	8022.19869666448	2.19043135369366	7.05
GSE90496	GSM2404121	GSM2404121_9379086132_R03C02	ok	486427	0.245578473234422	0.873156190574086	4.11161387011823e-06	6173.50961533596	1.25037622601768	6.61
GSE90496	GSM2404122	GSM2404122_9379086132_R06C01	ok	486427	0.212066764386023	0.907998149766151	4.11161387011823e-06	6687.21957705021	1.63637898815435	9.84
GSE90496	GSM2404123	GSM2404123_9379086124_R05C01	ok	486427	0.138960213968386	0.991293621832759	4.11161387011823e-06	7944.35259827397	1.16925860779666	7.56
GSE90496	GSM2404124	GSM2404124_9379086124_R04C01	ok	486427	0.151665100827051	0.976976923472272	4.11161387011823e-06	7369.15987210376	1.14258524475659	7.28
GSE90496	GSM2404125	GSM2404125_9379086129_R06C01	ok	486427	0.20412929380976	0.915832862208974	4.11161387011823e-06	6159.83041297862	1.2912394388609	10.31
GSE90496	GSM2404126	GSM2404126_9379086129_R01C02	ok	486427	0.157088319521737	0.970194788507992	4.11161387011823e-06	4593.71858265622	1.10427658708695	9.21
GSE90496	GSM2404127	GSM2404127_9379086124_R01C02	ok	486427	0.140035400995422	0.989942951122989	4.11161387011823e-06	5496.9846203216	1.08024469957828	6.64
GSE90496	GSM2404128	GSM2404128_9379086124_R02C02	ok	486427	0.139813373846435	0.990319165338953	4.11161387011823e-06	6158.48175839026	1.09415616708343	6.47
GSE90496	GSM2404129	GSM2404129_9379086124_R05C02	ok	486427	0.155414892676599	0.972339003957445	4.11161387011823e-06	6703.34115128376	1.08640991651041	6.71
GSE90496	GSM2404130	GSM2404130_9379086129_R01C01	ok	486427	0.152351740343361	0.975969573932261	4.11161387011823e-06	5169.55435244228	1.08145909755529	6.55
GSE90496	GSM2404131	GSM2404131_9406921073_R04C01	ok	486427	0.170329771990453	0.955740350516524	4.11161387011823e-06	7369.58710545408	1.56694533858386	6.88
GSE90496	GSM2404132	GSM2404132_9406921073_R06C01	ok	486427	0.171775004265799	0.95323636737421	4.11161387011823e-06	7449.62896802198	1.87378547003684	6.8
GSE90496	GSM2404133	GSM2404133_9406921070_R03C02	ok	486427	0.194255253100671	0.929553374107005	4.11161387011823e-06	7149.91956754482	1.30648482430553	7.48
GSE90496	GSM2404134	GSM2404134_9406921070_R06C01	ok	486427	0.148094164180853	0.980344349077453	4.11161387011823e-06	8789.12859246477	1.65995601712235	7.04
GSE90496	GSM2404135	GSM2404135_9406922161_R02C02	ok	486427	0.193260242544102	0.93084442617053	4.11161387011823e-06	7835.65798472155	1.32626781441088	7.11
GSE90496	GSM2404136	GSM2404136_9406922161_R03C02	ok	486427	0.168802307437704	0.957773551935036	4.11161387011823e-06	8474.36833560713	1.41606384240315	7.3
GSE90496	GSM2404137	GSM2404137_9406922158_R06C01	ok	486427	0.164865437157066	0.961130698463278	4.11161387011823e-06	9723.43489752313	1.38979479950666	6.9
GSE90496	GSM2404138	GSM2404138_9406922158_R05C02	ok	486427	0.162544431127384	0.963943053913759	4.11161387011823e-06	10225.7999191513	1.56013011026954	6.63
GSE90496	GSM2404139	GSM2404139_9406922158_R06C02	ok	486427	0.190782995187356	0.932094361926299	4.11161387011823e-06	10031.6734306539	1.68553082235024	9.84
GSE90496	GSM2404140	GSM2404140_9406922161_R02C01	ok	486427	0.184457277248179	0.938601017628617	4.11161387011823e-06	8807.07516396184	1.8254198533616	7.65
GSE90496	GSM2404141	GSM2404141_9406922158_R01C02	ok	486427	0.1950837432955	0.928504908259238	4.11161387011823e-06	6980.83947721643	1.32636042769634	7.17
GSE90496	GSM2404142	GSM2404142_9406922158_R03C02	ok	486427	0.220423619577038	0.898701752582618	4.11161387011823e-06	8503.84895677903	1.6149480438263	7.32
GSE90496	GSM2404143	GSM2404143_9406922161_R04C01	ok	486427	0.213376313403656	0.907330009765123	4.11161387011823e-06	9194.51367603255	1.51318647302587	13.01
GSE90496	GSM2404144	GSM2404144_9406922161_R05C01	ok	486427	0.212856194249086	0.909764095184252	4.11161387011823e-06	8227.28997625641	1.246819849163	7.46
GSE90496	GSM2404145	GSM2404145_9406922161_R06C01	ok	486427	0.177560044981056	0.947167600349489	4.11161387011823e-06	9023.76323097663	1.37682416629005	6.76
GSE90496	GSM2404146	GSM2404146_9406922161_R05C02	ok	486427	0.374491958711174	0.730554556200853	4.11161387011823e-06	6551.49179474841	1.16782518960483	6.87
GSE90496	GSM2404147	GSM2404147_9406922161_R06C02	ok	486427	0.197711064558505	0.924327491391273	4.11161387011823e-06	9115.25509987094	1.41906635314259	6.94
GSE90496	GSM2404148	GSM2404148_9407201022_R06C01	ok	486427	0.156424293881713	0.97093693786298	4.11161387011823e-06	10533.1774669458	1.49055996844073	7.17
GSE90496	GSM2404149	GSM2404149_9407201022_R03C02	ok	486427	0.165638420564648	0.961262270648096	4.11161387011823e-06	8092.90636074111	1.28558642072483	6.78
GSE90496	GSM2404150	GSM2404150_9407201022_R06C02	ok	486427	0.146895628737714	0.981557280156242	4.11161387011823e-06	10324.5158564777	1.32868389916536	7.13
GSE90496	GSM2404151	GSM2404151_9407201021_R02C02	ok	486427	0.142002808232273	0.987455414503778	4.11161387011823e-06	9453.09855692093	1.52850512988653	6.94
GSE90496	GSM2404152	GSM2404152_9407201022_R03C01	ok	486427	0.140384888174382	0.989196690137226	4.11161387011823e-06	10005.528643952	1.47307906053973	6.73
GSE90496	GSM2404153	GSM2404153_9407201022_R04C01	ok	486427	0.212969263630514	0.907118260780182	4.11161387011823e-06	8761.45437020593	1.54754209110939	6.71
GSE90496	GSM2404154	GSM2404154_9407201022_R01C02	ok	486427	0.138440094813816	0.991266896232718	4.11161387011823e-06	8980.74952425882	1.38064888296972	9.25
GSE90496	GSM2404155	GSM2404155_9407201022_R04C02	ok	486427	0.146480355736832	0.981867708279797	4.11161387011823e-06	9382.49135937574	1.29647807213836	7.75
GSE90496	GSM2404156	GSM2404156_9407201021_R02C01	ok	486427	0.144759645332188	0.984665673022563	4.11161387011823e-06	9573.27102421727	1.38681753541542	9.07
GSE90496	GSM2404157	GSM2404157_9407201021_R06C01	ok	486427	0.147530873080647	0.980582823662435	4.11161387011823e-06	9707.60675565428	1.51788314322154	8.31
GSE90496	GSM2404158	GSM2404158_9407201021_R04C02	ok	486427	0.139955224524954	0.989780541707355	4.11161387011823e-06	10569.6075282381	1.46244525239017	7.47
GSE90496	GSM2404159	GSM2404159_9407201022_R01C01	ok	486427	0.139334370830567	0.98998817906152	4.11161387011823e-06	8703.77094715045	1.71359605125217	6.46
GSE90496	GSM2404160	GSM2404160_9407201022_R05C01	ok	486427	0.139860657405942	0.989484504291515	4.11161387011823e-06	9945.09227849302	1.52811641053722	7.1
GSE90496	GSM2404161	GSM2404161_9407201022_R02C02	ok	486427	0.137303233578728	0.992851929896695	4.11161387011823e-06	9305.75775974437	1.43513644462466	6.93
GSE90496	GSM2404162	GSM2404162_9407201022_R05C02	ok	486427	0.137753455297506	0.992453101711466	4.11161387011823e-06	10446.6732301159	1.43490792753818	6.58
GSE90496	GSM2404163	GSM2404163_9407201025_R01C01	ok	486427	0.136941411558158	0.993160302204862	4.11161387011823e-06	8393.57922049494	1.78101226580319	6.81
GSE90496	GSM2404164	GSM2404164_9407201021_R03C01	ok	486427	0.153831921336603	0.973821246852033	4.11161387011823e-06	10189.1199526996	1.51699093557516	6.82
GSE90496	GSM2404165	GSM2404165_9407201021_R01C02	ok	486427	0.150131468853497	0.978500282674616	4.11161387011823e-06	8197.79643863871	1.28963622565978	6.67
GSE90496	GSM2404166	GSM2404166_9407201021_R05C02	ok	486427	0.175080741817374	0.950162923369481	4.11161387011823e-06	9627.20736829245	1.25602465073754	7.02
GSE90496	GSM2404167	GSM2404167_9407201021_R05C01	ok	486427	0.143077995259309	0.986197255486457	4.11161387011823e-06	10209.114418872	1.27199870580221	6.69
GSE90496	GSM2404168	GSM2404168_9407201022_R02C01	ok	486427	0.169236082701001	0.956694248856453	4.11161387011823e-06	8376.54500975508	1.32871913791718	6.92
GSE90496	GSM2404169	GSM2404169_9407201033_R06C01	ok	486427	0.184862271214386	0.938786041013517	4.11161387011823e-06	9394.46566789991	1.32950441506417	7.5
GSE90496	GSM2404170	GSM2404170_9407201032_R06C02	ok	486427	0.172272509544084	0.953546795497764	4.11161387011823e-06	9260.77734144798	1.3862152149188	6.63
GSE90496	GSM2404171	GSM2404171_9407201033_R02C01	ok	486427	0.24255438123295	0.873935344606054	4.11161387011823e-06	6735.28516107273	1.1850946152486	9.91
GSE90496	GSM2404172	GSM2404172_9407201033_R01C02	ok	486427	0.28290164814042	0.830187593154135	4.11161387011823e-06	6119.73182690115	1.20819939866196	7.91
GSE90496	GSM2404173	GSM2404173_9376538149_R01C01	ok	486427	0.435792009900766	0.65699748162615	4.11161387011823e-06	4712.56354885881	1.187000275986	9.31
GSE90496	GSM2404174	GSM2404174_9407201033_R04C01	ok	486427	0.469862898235501	0.625730585393432	4.11161387011823e-06	4272.72871284783	1.16197272732451	9.08
GSE90496	GSM2404175	GSM2404175_9407201033_R03C01	ok	486427	0.203485826239086	0.918552705967004	4.11161387011823e-06	7673.72807112888	1.24134194432185	7.11
GSE90496	GSM2404176	GSM2404176_9407201033_R05C01	ok	486427	0.189263753862347	0.935108187284782	4.11161387011823e-06	8283.08239292504	1.24603424101676	7.04
GSE90496	GSM2404177	GSM2404177_9407201033_R01C01	ok	486427	0.159520339125912	0.967908721796783	4.11161387011823e-06	8302.5055208229	1.3333533992998	6.91
GSE90496	GSM2404178	GSM2404178_9407201032_R04C01	ok	486427	0.263326254504787	0.853418307036028	4.11161387011823e-06	6493.54664161602	1.21596680816531	7.06
GSE90496	GSM2404179	GSM2404179_9407201032_R04C02	ok	486427	0.29960302368084	0.812341059772832	4.11161387011823e-06	5606.16925352095	1.16659939001822	6.84
GSE90496	GSM2404180	GSM2404180_9407201032_R02C01	ok	486427	0.162106544250216	0.965026468623118	4.11161387011823e-06	8554.06631359229	1.22523887850697	7.14
GSE90496	GSM2404181	GSM2404181_9407201032_R03C01	ok	486427	0.224786041893234	0.895533741070052	4.11161387011823e-06	6839.28360516713	1.22209092289206	7.11
GSE90496	GSM2404182	GSM2404182_9407201032_R01C01	ok	486427	0.385985975285089	0.716287197409673	4.11161387011823e-06	5377.40539433762	1.13711730304166	6.92
GSE90496	GSM2404183	GSM2404183_9407201032_R05C01	ok	486427	0.239988734177996	0.879747134707303	4.11161387011823e-06	6551.95910443425	1.18822961479035	6.97
GSE90496	GSM2404184	GSM2404184_9407201032_R06C01	ok	486427	0.353321258893935	0.75406897260626	4.11161387011823e-06	6214.3422690768	1.17094554878978	7.19
GSE90496	GSM2404185	GSM2404185_9376538149_R02C01	ok	486427	0.20570198611508	0.917407616796012	4.11161387011823e-06	7516.7404482946	1.26542310750529	7.29
GSE90496	GSM2404186	GSM2404186_9376538149_R03C01	ok	486427	0.160897729772402	0.966623837179421	4.11161387011823e-06	8446.21243317493	1.47272447020706	7.21
GSE90496	GSM2404187	GSM2404187_9376538149_R05C01	ok	486427	0.153042491473541	0.975052680269312	4.11161387011823e-06	9107.20342523821	1.64126612012262	6.63
GSE90496	GSM2404188	GSM2404188_9376538149_R06C01	ok	486427	0.186402070608745	0.938368710489798	4.11161387011823e-06	8483.09187782485	1.29791713416635	9.91
GSE90496	GSM2404189	GSM2404189_9376538149_R03C02	ok	486427	0.240188147450697	0.878661664182556	4.11161387011823e-06	6739.67425084924	1.23790126413286	7.85
GSE90496	GSM2404190	GSM2404190_9376538153_R04C01	ok	486427	0.173115390387458	0.953647530451765	4.11161387011823e-06	7796.22168931302	1.25365928940364	9.98
GSE90496	GSM2404191	GSM2404191_9376538153_R06C01	ok	486427	0.212025648247322	0.908427815182197	4.11161387011823e-06	8749.1794786871	1.22808561164455	8.57
GSE90496	GSM2404192	GSM2404192_9376538153_R01C02	ok	486427	0.167231670939319	0.959921879015264	4.11161387011823e-06	8213.39994034295	1.30036416615934	6.87
GSE90496	GSM2404193	GSM2404193_9376538153_R02C02	ok	486427	0.179720698069803	0.945753199362697	4.11161387011823e-06	7698.46645964972	1.22763453351005	6.94
GSE90496	GSM2404194	GSM2404194_9376538153_R03C02	ok	486427	0.162048981656035	0.965768617978106	4.11161387011823e-06	8278.15670612996	1.32700087069143	6.99
GSE90496	GSM2404195	GSM2404195_9376538153_R06C02	ok	486427	0.191179765925822	0.933015367220024	4.11161387011823e-06	8693.68698935452	1.32643704028258	7.26
GSE90496	GSM2404196	GSM2404196_9376561024_R05C02	ok	486427	0.167646943940201	0.960008223261551	4.11161387011823e-06	5662.45782870414	1.43276781691728	6.63
GSE90496	GSM2404197	GSM2404197_9376561024_R06C02	ok	486427	0.250701544116589	0.868943824844529	4.11161387011823e-06	4585.10399920676	1.2645970030254	6.83
GSE90496	GSM2404198	GSM2404198_9376561024_R01C01	ok	486427	0.18728195597695	0.93797810556612	4.11161387011823e-06	6363.96095378942	1.26290159653642	6.77
GSE90496	GSM2404199	GSM2404199_9376561024_R02C01	ok	486427	0.217300848842683	0.905122064038649	4.11161387011823e-06	5073.06063052443	1.56449867993951	7.41
GSE90496	GSM2404200	GSM2404200_9376561024_R03C01	ok	486427	0.159421660393029	0.967738089119597	4.11161387011823e-06	6609.98923429045	1.95347959881857	6.9
GSE90496	GSM2404201	GSM2404201_9376561024_R06C01	ok	486427	0.177058428088901	0.947850131058231	4.11161387011823e-06	6254.89711533213	1.38091086506192	6.65
GSE90496	GSM2404202	GSM2404202_9376561024_R01C02	ok	486427	0.16103135722318	0.966103715886313	4.11161387011823e-06	5795.32970709988	1.91695630241186	6.71
GSE90496	GSM2404203	GSM2404203_9376561024_R02C02	ok	486427	0.153147337627229	0.974509945006938	4.11161387011823e-06	6025.47143226989	1.84864229161832	6.93
GSE90496	GSM2404204	GSM2404204_9376561042_R03C01	ok	486427	0.270455792955572	0.842672560004112	4.11161387011823e-06	6653.84190491757	1.6275300044148	6.49
GSE90496	GSM2404205	GSM2404205_9376561042_R04C01	ok	486427	0.278372705462485	0.836408490517552	4.11161387011823e-06	6002.07981283061	1.28252406128151	9.67
GSE90496	GSM2404206	GSM2404206_9379082092_R02C01	ok	486427	0.187438197304015	0.936033304209282	4.11161387011823e-06	6476.7214744085	1.60582782620932	7.79
GSE90496	GSM2404207	GSM2404207_9379082092_R02C02	ok	486427	0.182952426571716	0.942182248034127	4.11161387011823e-06	7071.62973522513	1.40082544473704	9.15
GSE90496	GSM2404208	GSM2404208_9379082092_R03C02	ok	486427	0.17111303443271	0.954118312175567	4.11161387011823e-06	7910.27613264337	1.74057189371747	8.83
GSE90496	GSM2404209	GSM2404209_9379086163_R05C01	ok	486427	0.145606637789432	0.983820732898186	4.11161387011823e-06	8268.23290281846	1.39937430386093	7.18
GSE90496	GSM2404210	GSM2404210_9379086138_R05C02	ok	486427	0.141675934929599	0.987815182196639	4.11161387011823e-06	9518.92774749034	1.08111800153517	8.32
GSE90496	GSM2404211	GSM2404211_9379086138_R06C02	ok	486427	0.156792283323089	0.971200082232616	4.11161387011823e-06	8504.46993137267	1.20267857392141	6.42
GSE90496	GSM2404212	GSM2404212_9379086163_R06C01	ok	486427	0.140736431160277	0.989065117952408	4.11161387011823e-06	8950.117730882	1.1073087516092	6.57
GSE90496	GSM2404213	GSM2404213_9379086166_R06C02	ok	486427	0.357556221180157	0.748152335920234	4.11161387011823e-06	5438.72956178567	1.35603411184783	6.77
GSE90496	GSM2404214	GSM2404214_9379086138_R04C01	ok	486427	0.156148815752415	0.971763375648867	4.11161387011823e-06	7549.04584067288	1.39760865742901	6.69
GSE90496	GSM2404215	GSM2404215_9379086163_R04C01	ok	486427	0.139023943983373	0.991030477463124	4.11161387011823e-06	7836.33817053844	1.29286398691032	6.6
GSE90496	GSM2404216	GSM2404216_9379086163_R03C02	ok	486427	0.156122090262259	0.971642082540988	4.11161387011823e-06	7302.45950374433	1.33094928627771	6.57
GSE90496	GSM2404217	GSM2404217_9379086163_R04C02	ok	486427	0.149533229035395	0.978948450429151	4.11161387011823e-06	8007.23054486093	1.37818586726465	6.87
GSE90496	GSM2404218	GSM2404218_9379086163_R05C02	ok	486427	0.159429883620769	0.967458498226859	4.11161387011823e-06	8629.29360309334	1.43110160681043	6.78
GSE90496	GSM2404219	GSM2404219_9379086167_R06C01	ok	486427	0.346942089974446	0.760119237292491	4.11161387011823e-06	5420.09899129201	1.39832848649309	7.24
GSE90496	GSM2404220	GSM2404220_9379086167_R02C02	ok	486427	0.240038073544437	0.877249319011153	4.11161387011823e-06	6180.78728749945	1.35343031965539	7.08
GSE90496	GSM2404221	GSM2404221_9379086167_R05C02	ok	486427	0.181622319484733	0.942930564835278	4.11161387011823e-06	7568.74059536933	1.14706430812916	6.28
GSE90496	GSM2404222	GSM2404222_9406922104_R01C01	ok	486427	0.180105133966659	0.944275068098885	4.11161387011823e-06	7768.59997239534	1.17108188716553	10.06
GSE90496	GSM2404223	GSM2404223_9406922104_R02C01	ok	486427	0.218030660304629	0.902694146065683	4.11161387011823e-06	7039.45913849931	1.2559953886483	7.57
GSE90496	GSM2404224	GSM2404224_9406922104_R03C01	ok	486427	0.253612566736633	0.863765225882716	4.11161387011823e-06	7311.87530916368	1.26695832503301	9.69
GSE90496	GSM2404225	GSM2404225_9379086138_R06C01	ok	486427	0.144502669465305	0.984418975176029	4.11161387011823e-06	9049.04882189514	1.06796623653216	9.18
GSE90496	GSM2404226	GSM2404226_9379086155_R02C02	ok	486427	0.18709898915973	0.937593668088606	4.11161387011823e-06	7407.15793521022	1.33042644674857	7.24
GSE90496	GSM2404227	GSM2404227_9406922106_R01C02	ok	486427	0.16919907817617	0.956708639564167	4.11161387011823e-06	7345.74228356503	1.25372653818545	6.53
GSE90496	GSM2404228	GSM2404228_9406922106_R04C02	ok	486427	0.223667682920562	0.894875880145963	4.11161387011823e-06	8529.37827878124	1.36995051979985	6.93
GSE90496	GSM2404229	GSM2404229_9406922107_R01C01	ok	486427	0.192431752349273	0.928957187644549	4.11161387011823e-06	8543.22182629043	1.47888242081421	6.92
GSE90496	GSM2404230	GSM2404230_9379086164_R06C02	ok	486427	0.218466491374862	0.902223364341882	4.11161387011823e-06	6680.48944067365	1.34279065111739	6.74
GSE90496	GSM2404231	GSM2404231_9406922107_R02C01	ok	486427	0.210461179169742	0.910397286323688	4.11161387011823e-06	7798.66351210939	1.34010967341472	6.99
GSE90496	GSM2404232	GSM2404232_9379086138_R03C01	ok	486427	0.155499180760936	0.972357506295935	4.11161387011823e-06	7366.45029050224	1.37067411160757	6.97
GSE90496	GSM2404233	GSM2404233_9379086138_R05C01	ok	486427	0.170255762940791	0.955394973531377	4.11161387011823e-06	7399.91579078148	1.39263759836028	7.2
GSE90496	GSM2404234	GSM2404234_9406922107_R06C02	ok	486427	0.216139317924375	0.904087988898597	4.11161387011823e-06	9085.66828354795	1.24702933560784	6.76
GSE90496	GSM2404235	GSM2404235_9379086138_R04C02	ok	486427	0.168117723728329	0.958641106028679	4.11161387011823e-06	7471.58961194227	1.36060216999708	7.32
GSE90496	GSM2404236	GSM2404236_9379086164_R03C02	ok	486427	0.158147060093293	0.969107262167857	4.11161387011823e-06	7951.89167955522	1.48659088622971	7.35
GSE90496	GSM2404237	GSM2404237_9379086155_R06C01	ok	486427	0.175294545738621	0.950419900292954	4.11161387011823e-06	7425.62964242553	1.26343758521237	6.94
GSE90496	GSM2404238	GSM2404238_9406922108_R06C01	ok	486427	0.22030232696787	0.900482088708434	4.11161387011823e-06	8276.17881072652	1.25888454277177	6.66
GSE90496	GSM2404239	GSM2404239_9406921149_R04C01	ok	486427	0.210021236485639	0.912564115742406	4.11161387011823e-06	6183.32149098345	1.40588264901461	9.97
GSE90496	GSM2404240	GSM2404240_9406921038_R03C01	ok	486427	0.193321916752154	0.930649123708691	4.11161387011823e-06	5910.69725408171	1.38803740370374	7.73
GSE90496	GSM2404241	GSM2404241_9406921038_R04C01	ok	486427	0.227847138419537	0.890330472323585	4.11161387011823e-06	5918.46695482972	1.45051351349733	9.22
GSE90496	GSM2404242	GSM2404242_9406921038_R06C01	ok	486427	0.17770806308038	0.946209590378784	4.11161387011823e-06	7228.93740805929	1.62352918760739	8.95
GSE90496	GSM2404243	GSM2404243_9406921038_R01C02	ok	486427	0.172545931866447	0.953444004728375	4.11161387011823e-06	5923.44953293595	1.49068643322814	6.92
GSE90496	GSM2404244	GSM2404244_9406921149_R06C01	ok	486427	0.206127538150637	0.916352983502081	4.11161387011823e-06	6935.43631847538	1.32312416716969	6.78
GSE90496	GSM2404245	GSM2404245_9406921149_R01C02	ok	486427	0.224574293778923	0.897176337564887	4.11161387011823e-06	6096.72350167428	1.26627488690378	6.64
GSE90496	GSM2404246	GSM2404246_9406921149_R02C02	ok	486427	0.15786952615706	0.969872025492111	4.11161387011823e-06	7573.879450998	1.3707379964753	6.86
GSE90496	GSM2404247	GSM2404247_9406921149_R03C02	ok	486427	0.153698293885825	0.974218019221874	4.11161387011823e-06	7840.43094784821	1.40146628443124	6.69
GSE90496	GSM2404248	GSM2404248_9406921149_R05C02	ok	486427	0.160975850435934	0.96628257182505	4.11161387011823e-06	7702.50244964803	1.46068390337081	6.95
GSE90496	GSM2404249	GSM2404249_9406921038_R02C02	ok	486427	0.161138259183804	0.966687567456442	4.11161387011823e-06	5817.46297832339	1.36356878519837	6.98
GSE90496	GSM2404250	GSM2404250_9406921038_R04C02	ok	486427	0.188026158087442	0.936413630056021	4.11161387011823e-06	6901.74279403803	1.43862665404086	7.19
GSE90496	GSM2404251	GSM2404251_9406921038_R05C02	ok	486427	0.16206748391845	0.964753045176543	4.11161387011823e-06	7459.10099539097	1.61560819696231	6.82
GSE90496	GSM2404252	GSM2404252_9406921038_R06C02	ok	486427	0.157585824800021	0.969263504137328	4.11161387011823e-06	7897.14007212386	1.78227066635187	6.75
GSE90496	GSM2404253	GSM2404253_9406921039_R01C01	ok	486427	0.144038057097982	0.985013105823097	4.11161387011823e-06	6277.81827034652	1.58553846451546	7.03
GSE90496	GSM2404254	GSM2404254_9406921039_R02C01	ok	486427	0.177999987665158	0.947535591303901	4.11161387011823e-06	6196.59872231744	1.28712901389048	8.65
GSE90496	GSM2404255	GSM2404255_9406921039_R04C01	ok	486427	0.1371901641973	0.993030785835432	4.11161387011823e-06	7678.97975415728	1.60651053222564	6.83
GSE90496	GSM2404256	GSM2404256_9406921039_R06C01	ok	486427	0.252553826165077	0.863247160404996	4.11161387011823e-06	5210.29472486593	1.34601143981536	9.82
GSE90496	GSM2404257	GSM2404257_9406921039_R04C02	ok	486427	0.181529808172655	0.941211903171095	4.11161387011823e-06	7498.12609250953	1.90864340834036	8.87
GSE90496	GSM2404258	GSM2404258_9406921148_R06C01	ok	486427	0.323302366028202	0.786674204656422	4.11161387011823e-06	4867.34413960752	1.4314663825533	6.09
GSE90496	GSM2404259	GSM2404259_9406921148_R01C02	ok	486427	0.155303879102106	0.972947525312227	4.11161387011823e-06	6980.82939218016	1.38813368574998	6.63
GSE90496	GSM2404260	GSM2404260_9406921148_R02C02	ok	486427	0.141828064642793	0.98763838207329	4.11161387011823e-06	8175.51738146321	1.7401421706309	6.79
GSE90496	GSM2404261	GSM2404261_9406921148_R03C02	ok	486427	0.29195542188242	0.82194788507992	4.11161387011823e-06	5141.04329609497	1.23354784191662	6.49
GSE90496	GSM2404262	GSM2404262_9406921148_R04C02	ok	486427	0.158445152098876	0.969000359767693	4.11161387011823e-06	7388.1613086147	1.51396401554339	6.59
GSE90496	GSM2404263	GSM2404263_9406921148_R05C02	ok	486427	0.144954946991018	0.983896798067533	4.11161387011823e-06	8022.52536708617	1.80435937453501	6.61
GSE90496	GSM2404264	GSM2404264_9406921149_R02C01	ok	486427	0.252050153465988	0.863611039728632	4.11161387011823e-06	6706.0883232437	1.64292848464887	6.71
GSE90496	GSM2404265	GSM2404265_9379086095_R06C02	ok	486427	0.147662444724491	0.980728786554967	4.11161387011823e-06	7641.50386818176	1.08722896524386	6.45
GSE90496	GSM2404266	GSM2404266_9379086088_R06C02	ok	486427	0.144264195860838	0.984336742560518	4.11161387011823e-06	7311.59925254957	1.10836441046296	6.75
GSE90496	GSM2404267	GSM2404267_9379086095_R04C02	ok	486427	0.138179007333063	0.991924757156807	4.11161387011823e-06	7230.32984959059	1.13569805728279	6.62
GSE90496	GSM2404268	GSM2404268_9379086089_R06C01	ok	486427	0.149387266743006	0.979038906306214	4.11161387011823e-06	7905.59790705901	1.08460963183022	6.67
GSE90496	GSM2404269	GSM2404269_9379086089_R05C02	ok	486427	0.139245971132359	0.990921519247572	4.11161387011823e-06	7554.5230771262	1.08938715721792	6.68
GSE90496	GSM2404270	GSM2404270_9379086095_R02C02	ok	486427	0.138335248660128	0.991604049956314	4.11161387011823e-06	6956.80208620417	1.09580292046383	6.91
GSE90496	GSM2404271	GSM2404271_9379086089_R02C01	ok	486427	0.139241859518489	0.99063576090867	4.11161387011823e-06	6487.01924172648	1.14741570587536	8.84
GSE90496	GSM2404272	GSM2404272_9422491130_R01C01	ok	486427	0.23823101924852	0.88133216837128	4.11161387011823e-06	6460.30254332887	1.31137628937969	7.37
GSE90496	GSM2404273	GSM2404273_9422491130_R02C01	ok	486427	0.235338498890892	0.884385054222131	4.11161387011823e-06	6582.88989906461	1.33152271157783	10.03
GSE90496	GSM2404274	GSM2404274_9422491130_R02C02	ok	486427	0.158311524648097	0.969510201983862	4.11161387011823e-06	7637.73282003487	1.38217278480477	8.63
GSE90496	GSM2404275	GSM2404275_9422491130_R03C02	ok	486427	0.173049604565536	0.95358791180552	4.11161387011823e-06	7401.27996824737	1.37356016001815	6.55
GSE90496	GSM2404276	GSM2404276_9422491130_R04C02	ok	486427	0.167484535192331	0.959268129721951	4.11161387011823e-06	7845.78482849296	1.4090906484966	6.63
GSE90496	GSM2404277	GSM2404277_9422491130_R06C02	ok	486427	0.166602594017191	0.960503674770006	4.11161387011823e-06	7605.61578354304	1.40725057377139	6.69
GSE90496	GSM2404278	GSM2404278_9422491056_R04C01	ok	486427	0.188233794587883	0.93525826180809	4.11161387011823e-06	7402.81473247402	1.49890793060088	7.05
GSE90496	GSM2404279	GSM2404279_9422491056_R05C01	ok	486427	0.209120793048083	0.913244590635761	4.11161387011823e-06	7025.26807919467	1.41079934284213	6.91
GSE90496	GSM2404280	GSM2404280_9422491056_R01C02	ok	486427	0.285294607412829	0.828520326874647	4.11161387011823e-06	5852.07569161179	1.3318672703551	6.65
GSE90496	GSM2404281	GSM2404281_9422491056_R03C02	ok	486427	0.200599473302263	0.92225728529578	4.11161387011823e-06	7344.65736011441	1.44724595903615	6.77
GSE90496	GSM2404282	GSM2404282_9422491056_R05C02	ok	486427	0.188223515553207	0.936010690240016	4.11161387011823e-06	7470.48309060542	1.47738694739992	6.89
GSE90496	GSM2404283	GSM2404283_9422491056_R01C01	ok	486427	0.203596839813579	0.919231125044971	4.11161387011823e-06	6799.38134000839	1.36156542361375	6.87
GSE90496	GSM2404284	GSM2404284_9422491130_R01C02	ok	486427	0.227820412929381	0.893122269620188	4.11161387011823e-06	6175.5229857692	1.30213324860881	6.81
GSE90496	GSM2404285	GSM2404285_9379086120_R01C01	ok	486427	0.136684435691275	0.993614637405561	4.11161387011823e-06	5893.43903316511	1.14814888684871	7.28
GSE90496	GSM2404286	GSM2404286_9407201028_R04C01	ok	486427	0.180450509531749	0.94509328262322	4.11161387011823e-06	6859.45432308443	1.4753224660521	7.11
GSE90496	GSM2404287	GSM2404287_9407201028_R01C02	ok	486427	0.209443554736888	0.91245926915763	4.11161387011823e-06	6013.50196299613	1.47755317779349	6.69
GSE90496	GSM2404288	GSM2404288_9407201027_R02C01	ok	486427	0.176051082690722	0.950234876908054	4.11161387011823e-06	5787.4056755798	1.38403604631605	8.96
GSE90496	GSM2404289	GSM2404289_9407201027_R03C01	ok	486427	0.20187818521587	0.920908670401398	4.11161387011823e-06	6551.19370229819	1.27745245731842	7.52
GSE90496	GSM2404290	GSM2404290_9407201027_R04C01	ok	486427	0.17146252161167	0.955232564115742	4.11161387011823e-06	6480.41405678916	1.48798872350164	11.35
GSE90496	GSM2404291	GSM2404291_9407201027_R05C01	ok	486427	0.165406114380986	0.961124531017115	4.11161387011823e-06	6889.33238887522	1.46318779437222	8.47
GSE90496	GSM2404292	GSM2404292_9407201027_R06C01	ok	486427	0.174098066102416	0.951034589093899	4.11161387011823e-06	7135.24657935576	1.55810161336961	6.54
GSE90496	GSM2404293	GSM2404293_9407201028_R02C02	ok	486427	0.157984651345423	0.969802127768926	4.11161387011823e-06	6934.15611137206	1.52837131508774	6.73
GSE90496	GSM2404294	GSM2404294_9407201028_R06C02	ok	486427	0.182066373782705	0.941658015110243	4.11161387011823e-06	8312.50312955991	1.88544209724315	6.55
GSE90496	GSM2404295	GSM2404295_9407201029_R02C01	ok	486427	0.200798886574964	0.921792671018143	4.11161387011823e-06	6468.25155158029	1.78050993748375	6.81
GSE90496	GSM2404296	GSM2404296_9407201029_R03C01	ok	486427	0.355570311680889	0.751665724417947	4.11161387011823e-06	4829.78505253985	1.38162790636862	6.78
GSE90496	GSM2404297	GSM2404297_9407201029_R04C01	ok	486427	0.312098218232129	0.797658426273321	4.11161387011823e-06	5263.48072110024	1.65786175627658	6.9
GSE90496	GSM2404298	GSM2404298_9407201029_R06C01	ok	486427	0.176610262177058	0.94869301536722	4.11161387011823e-06	7108.92994370651	1.6311661644533	6.93
GSE90496	GSM2404299	GSM2404299_9407201029_R01C02	ok	486427	0.139918220000123	0.990567919000874	4.11161387011823e-06	6995.69411875391	1.86063941062816	6.78
GSE90496	GSM2404300	GSM2404300_9407201029_R06C02	ok	486427	0.152312680011595	0.975067070977026	4.11161387011823e-06	8203.15533686877	1.98605524911733	6.73
GSE90496	GSM2404301	GSM2404301_9407201030_R03C01	ok	486427	0.184187966539686	0.940418358431413	4.11161387011823e-06	6671.03478365005	1.43017357771052	6.6
GSE90496	GSM2404302	GSM2404302_9407201030_R01C02	ok	486427	0.175078686010439	0.951077761217043	4.11161387011823e-06	6152.61478064864	1.35055143246648	7.1
GSE90496	GSM2404303	GSM2404303_9407201030_R02C02	ok	486427	0.189773593982242	0.935060903530863	4.11161387011823e-06	6082.13717920791	1.35482819973078	7.55
GSE90496	GSM2404304	GSM2404304_9407201030_R04C02	ok	486427	0.154791983175276	0.973348409312844	4.11161387011823e-06	7341.09450113159	1.57862196843151	6.31
GSE90496	GSM2404305	GSM2404305_9407201030_R05C02	ok	486427	0.216708776445386	0.903078583543198	4.11161387011823e-06	7228.13103335732	1.67636631397408	9.17
GSE90496	GSM2404306	GSM2404306_9407201030_R06C02	ok	486427	0.160408447721858	0.966321632317418	4.11161387011823e-06	8193.22706425	1.89269760321453	7.13
GSE90496	GSM2404307	GSM2404307_9407201029_R05C01	ok	486427	0.199836768929356	0.921562419694711	4.11161387011823e-06	7571.69610730277	2.0704042224729	10.9
GSE90496	GSM2404308	GSM2404308_9403904125_R04C01	ok	486427	0.178478990681027	0.946318548594336	4.11161387011823e-06	7744.70421347206	1.09277263494627	8.68
GSE90496	GSM2404309	GSM2404309_9403904111_R06C02	ok	486427	0.210925791537065	0.909087731921673	4.11161387011823e-06	7169.32095550453	1.08368358684676	6.35
GSE90496	GSM2404310	GSM2404310_9403904071_R03C02	ok	486427	0.249500952866514	0.86509328262322	4.11161387011823e-06	7507.67452135977	1.10393766183831	6.45
GSE90496	GSM2404311	GSM2404311_9403904111_R04C02	ok	486427	0.170736821763595	0.955098936115537	4.11161387011823e-06	7804.33551855488	1.09888609314755	6.2
GSE90496	GSM2404312	GSM2404312_9403904109_R03C02	ok	486427	0.16294120186585	0.964290486714293	4.11161387011823e-06	8235.50815319353	1.11262933766568	6.74
GSE90496	GSM2404313	GSM2404313_9403904111_R01C02	ok	486427	0.213647679919083	0.90643573007144	4.11161387011823e-06	6327.80777216655	1.09098676785389	6.6
GSE90496	GSM2404314	GSM2404314_9403904125_R02C01	ok	486427	0.181480468806213	0.942992239296911	4.11161387011823e-06	7399.84299904078	1.09385314225045	6.59
GSE90496	GSM2404315	GSM2404315_9403904071_R03C01	ok	486427	0.254852218318473	0.858290589505062	4.11161387011823e-06	7260.55849666089	1.17287345725427	6.79
GSE90496	GSM2404316	GSM2404316_9403904109_R05C02	ok	486427	0.204437664850019	0.916840211748985	4.11161387011823e-06	8194.33099791461	1.18471074602131	6.77
GSE90496	GSM2404317	GSM2404317_9422492026_R05C01	ok	486427	0.21597485336957	0.9051302873002	4.11161387011823e-06	7149.47213121337	1.23103586281547	6.99
GSE90496	GSM2404318	GSM2404318_9422492074_R01C02	ok	486427	0.300250602865384	0.811644138356376	4.11161387011823e-06	5265.1803491655	1.22018688451212	6.62
GSE90496	GSM2404319	GSM2404319_9422492026_R03C02	ok	486427	0.222175167085709	0.898555789690086	4.11161387011823e-06	6954.24758824982	1.24196951557365	6.8
GSE90496	GSM2404320	GSM2404320_9422492035_R03C01	ok	486427	0.222066209318151	0.896909081564475	4.11161387011823e-06	6857.24350441287	1.3610874696134	7.13
GSE90496	GSM2404321	GSM2404321_9422492074_R01C01	ok	486427	0.254140909118943	0.860525260831577	4.11161387011823e-06	6263.84490872501	1.26811383498688	6.6
GSE90496	GSM2404322	GSM2404322_9422492035_R05C01	ok	486427	0.178129503502067	0.947327953949735	4.11161387011823e-06	7992.88483519677	1.29755412966391	9.25
GSE90496	GSM2404323	GSM2404323_9422492035_R03C02	ok	486427	0.191471690510601	0.931767487279642	4.11161387011823e-06	7352.55288124855	1.28927101760243	7.18
GSE90496	GSM2404324	GSM2404324_9422492075_R03C01	ok	486427	0.255674541092497	0.859735827722671	4.11161387011823e-06	6752.5485349437	1.29025621710844	10.67
GSE90496	GSM2404325	GSM2404325_9422492026_R04C02	ok	486427	0.193735133946101	0.929501978722311	4.11161387011823e-06	8109.44677372398	1.29148137564252	8.98
GSE90496	GSM2404326	GSM2404326_9422492035_R01C01	ok	486427	0.215960462721025	0.903868016652105	4.11161387011823e-06	6274.80589103815	1.42036129730265	6.82
GSE90496	GSM2404327	GSM2404327_9422492075_R04C01	ok	486427	0.235667428000502	0.881397954463689	4.11161387011823e-06	6845.93133529887	1.3582215207372	6.43
GSE90496	GSM2404328	GSM2404328_9422492035_R01C02	ok	486427	0.223476492875601	0.895934625070669	4.11161387011823e-06	6561.69312404281	1.46363293984901	6.59
GSE90496	GSM2404329	GSM2404329_9422492075_R03C02	ok	486427	0.270184426440144	0.843468160559182	4.11161387011823e-06	6618.97470158479	1.3488814606367	7.22
GSE90496	GSM2404330	GSM2404330_9422492026_R06C02	ok	486427	0.199137794571436	0.923215295266485	4.11161387011823e-06	8123.11248720751	1.36972562144572	6.9
GSE90496	GSM2404331	GSM2404331_9422492035_R04C01	ok	486427	0.22936843555148	0.889841188261294	4.11161387011823e-06	7291.09568354908	1.33206857665286	7.07
GSE90496	GSM2404332	GSM2404332_9422492074_R05C02	ok	486427	0.246885966445119	0.868236624351133	4.11161387011823e-06	7615.72602858073	1.28559678420036	7.1
GSE90496	GSM2404333	GSM2404333_9422492035_R06C01	ok	486427	0.238171400847404	0.879134501721745	4.11161387011823e-06	7577.9800067862	1.43524123572077	7.02
GSE90496	GSM2404334	GSM2404334_9422492075_R06C02	ok	486427	0.217728456685176	0.901894433879838	4.11161387011823e-06	7795.23438356558	1.22578357490425	7.36
GSE90496	GSM2404335	GSM2404335_9422492075_R01C01	ok	486427	0.204433553236148	0.917755049596546	4.11161387011823e-06	6365.6268113805	1.30384056023692	7.32
GSE90496	GSM2404336	GSM2404336_9422492035_R06C02	ok	486427	0.225242431032817	0.895916122732179	4.11161387011823e-06	6640.84388981173	1.26570437195551	6.84
GSE90496	GSM2404337	GSM2404337_9422492035_R02C01	ok	486427	0.181568868504421	0.942562573880866	4.11161387011823e-06	7418.32418591762	1.46108126233124	7.16
GSE90496	GSM2404338	GSM2404338_9422492035_R02C02	ok	486427	0.348438717423169	0.756951225779925	4.11161387011823e-06	5302.47965757022	1.22857989017514	6.69
GSE90496	GSM2404339	GSM2404339_9422492075_R06C01	ok	486427	0.233325863901469	0.884697538161073	4.11161387011823e-06	7951.67156290199	1.20142917176137	9.05
GSE90496	GSM2404340	GSM2404340_9422492075_R01C02	ok	486427	0.239721479276438	0.879255794829624	4.11161387011823e-06	5793.6820236045	1.29139690435557	7.14
GSE90496	GSM2404341	GSM2404341_9422492026_R02C02	ok	486427	0.220429786997843	0.898510561751555	4.11161387011823e-06	7246.65771673895	1.35864101148651	10.94
GSE90496	GSM2404342	GSM2404342_9407210003_R03C01	ok	486427	0.174733310445349	0.951618440664028	4.11161387011823e-06	6789.92349621813	1.26351697112816	8.48
GSE90496	GSM2404343	GSM2404343_9407210003_R05C01	ok	486427	0.159296256169991	0.967250860872694	4.11161387011823e-06	7963.70884269015	1.86601826942212	6.91
GSE90496	GSM2404344	GSM2404344_9407210003_R06C01	ok	486427	0.185250818725112	0.938076784704734	4.11161387011823e-06	7495.20451847027	1.68312212654703	6.79
GSE90496	GSM2404345	GSM2404345_9407210003_R02C02	ok	486427	0.229428053952597	0.889374518168269	4.11161387011823e-06	5346.50747588801	1.27081993106171	6.43
GSE90496	GSM2404346	GSM2404346_9407210003_R03C02	ok	486427	0.221496750797139	0.898728478182659	4.11161387011823e-06	6638.6235531219	1.21086773501872	6.89
GSE90496	GSM2404347	GSM2404347_9407210003_R04C02	ok	486427	0.225953740232347	0.893588939713214	4.11161387011823e-06	6129.2283060118	1.36582454440794	6.67
GSE90496	GSM2404348	GSM2404348_9407210003_R05C02	ok	486427	0.2345531806417	0.88409929588323	4.11161387011823e-06	6232.82631387102	1.4787062191629	7.07
GSE90496	GSM2404349	GSM2404349_9407210003_R06C02	ok	486427	0.177093376806797	0.94737934933443	4.11161387011823e-06	7459.15783971848	1.48864973731449	6.6
GSE90496	GSM2404350	GSM2404350_9407210069_R01C01	ok	486427	0.175759158105944	0.949476281029964	4.11161387011823e-06	7077.58538747751	1.45336743463088	6.49
GSE90496	GSM2404351	GSM2404351_9407210069_R02C01	ok	486427	0.170872505021308	0.95493858251529	4.11161387011823e-06	7388.54109932514	1.37351640382404	6.77
GSE90496	GSM2404352	GSM2404352_9407210069_R03C01	ok	486427	0.185557133958436	0.937764300765791	4.11161387011823e-06	7645.8612046271	1.32888501914649	6.9
GSE90496	GSM2404353	GSM2404353_9407210069_R04C01	ok	486427	0.233981666313753	0.884345993729763	4.11161387011823e-06	6481.6946715357	1.42970688374912	7.29
GSE90496	GSM2404354	GSM2404354_9407210069_R05C01	ok	486427	0.206898465751284	0.914550033407	4.11161387011823e-06	7502.10721536291	1.34521128644374	10.02
GSE90496	GSM2404355	GSM2404355_9407210069_R06C01	ok	486427	0.214015669360459	0.90621370200956	4.11161387011823e-06	7292.56545245462	1.34486829315554	10.94
GSE90496	GSM2404356	GSM2404356_9407210069_R01C02	ok	486427	0.242250121806561	0.87493858251529	4.11161387011823e-06	5847.543277973	1.32976176821527	10.16
GSE90496	GSM2404357	GSM2404357_9407210069_R02C02	ok	486427	0.214264421999601	0.905625738808655	4.11161387011823e-06	6605.44673751369	1.32135787446864	6.94
GSE90496	GSM2404358	GSM2404358_9407210069_R03C02	ok	486427	0.223178400870018	0.896604820887084	4.11161387011823e-06	6795.02678299725	1.32226623754156	7.25
GSE90496	GSM2404359	GSM2404359_9407210069_R04C02	ok	486427	0.248339421948206	0.868370252351339	4.11161387011823e-06	6377.40649359331	1.33563215373136	6.41
GSE90496	GSM2404360	GSM2404360_9407210069_R05C02	ok	486427	0.189683138477099	0.933642390913296	4.11161387011823e-06	7557.19108966241	1.45090533684194	7.41
GSE90496	GSM2404361	GSM2404361_9407210069_R06C02	ok	486427	0.18137356684559	0.942533792465437	4.11161387011823e-06	7730.52245121471	1.50818705644289	6.58
GSE90496	GSM2404362	GSM2404362_9407210090_R02C01	ok	486427	0.183980330039245	0.940103818677083	4.11161387011823e-06	7222.65030141628	1.37148849223783	6.81
GSE90496	GSM2404363	GSM2404363_9407210090_R04C01	ok	486427	0.195916345104199	0.927423549365267	4.11161387011823e-06	7241.51594527119	1.39413298472673	6.8
GSE90496	GSM2404364	GSM2404364_9407210090_R05C01	ok	486427	0.187271676942275	0.936818625687413	4.11161387011823e-06	7496.99686152498	1.40450213377545	6.5
GSE90496	GSM2404365	GSM2404365_9407210090_R06C01	ok	486427	0.161498025397439	0.965162152438711	4.11161387011823e-06	8300.97501415734	1.85792127363825	6.72
GSE90496	GSM2404366	GSM2404366_9407210090_R01C02	ok	486427	0.175730376808853	0.950430179369893	4.11161387011823e-06	7377.28602369017	1.44701652278966	6.53
GSE90496	GSM2404367	GSM2404367_9407210090_R02C02	ok	486427	0.153211067642216	0.975287043223519	4.11161387011823e-06	7478.72651129666	1.4120521501329	7
GSE90496	GSM2404368	GSM2404368_9407210090_R04C02	ok	486427	0.197581548721596	0.925667883024104	4.11161387011823e-06	7570.4008021155	1.46999413246899	6.63
GSE90496	GSM2404369	GSM2404369_9422493146_R01C02	ok	486427	0.236315007185045	0.886543660379298	4.11161387011823e-06	5737.22661679821	1.36908369023676	6.59
GSE90496	GSM2404370	GSM2404370_9422493146_R02C02	ok	486427	0.186214992177655	0.939184869198746	4.11161387011823e-06	5993.13577305553	1.44041891461381	6.55
GSE90496	GSM2404371	GSM2404371_9422493146_R03C02	ok	486427	0.200681705579666	0.923400318651385	4.11161387011823e-06	6228.42534542209	1.34389130106806	9.04
GSE90496	GSM2404372	GSM2404372_9422493146_R04C02	ok	486427	0.177564156594926	0.947905638073701	4.11161387011823e-06	7350.73032585586	1.45914918087076	10.73
GSE90496	GSM2404373	GSM2404373_9422493146_R05C02	ok	486427	0.193757747822387	0.929703448630313	4.11161387011823e-06	7746.15281145661	1.37960419919086	8.07
GSE90496	GSM2404374	GSM2404374_9422493146_R06C02	ok	486427	0.283997393236806	0.830613146939405	4.11161387011823e-06	5010.90082042309	1.29666698933007	6.68
GSE90496	GSM2404375	GSM2404375_9422493151_R04C01	ok	486427	0.183328639240832	0.941008377447705	4.11161387011823e-06	6722.35326761747	1.3010230989321	6.8
GSE90496	GSM2404376	GSM2404376_9422493151_R01C02	ok	486427	0.148758189820878	0.979546692706995	4.11161387011823e-06	7147.64940782821	1.4264450597032	6.65
GSE90496	GSM2404377	GSM2404377_9422493151_R02C02	ok	486427	0.141472410043028	0.98832296859742	4.11161387011823e-06	7724.45636637605	1.53879780103718	6.52
GSE90496	GSM2404378	GSM2404378_9422493151_R03C02	ok	486427	0.151231325563754	0.977001593256925	4.11161387011823e-06	7493.55430492494	1.41169179306178	7.19
GSE90496	GSM2404379	GSM2404379_9422493151_R06C02	ok	486427	0.198266132430971	0.924658477668705	4.11161387011823e-06	7731.71263632673	1.35197072655264	6.75
GSE90496	GSM2404380	GSM2404380_9426020065_R03C02	ok	486427	0.190711041944629	0.931598910417844	4.11161387011823e-06	6734.46053829183	1.14850600186895	6.57
GSE90496	GSM2404381	GSM2404381_9426020065_R04C02	ok	486427	0.194284034397762	0.927166572441795	4.11161387011823e-06	6771.3712191183	1.13291462946643	6.69
GSE90496	GSM2404382	GSM2404382_9426020065_R05C02	ok	486427	0.171596149062449	0.953715372359562	4.11161387011823e-06	7142.63185083039	1.11804541511069	6.87
GSE90496	GSM2404383	GSM2404383_9426020065_R06C02	ok	486427	0.183003821745092	0.940159325692553	4.11161387011823e-06	7430.51723253233	1.13562442101202	6.44
GSE90496	GSM2404384	GSM2404384_9422493152_R02C01	ok	486427	0.167120657364826	0.958953589967621	4.11161387011823e-06	6833.41704879823	1.14984078365717	6.56
GSE90496	GSM2404385	GSM2404385_9422493152_R03C01	ok	486427	0.201419740269352	0.91929691113738	4.11161387011823e-06	6652.22487155287	1.14483141626956	6.71
GSE90496	GSM2404386	GSM2404386_9422493152_R04C01	ok	486427	0.156952636264023	0.970264686231176	4.11161387011823e-06	7788.64141189195	1.13398933647837	6.62
GSE90496	GSM2404387	GSM2404387_9426020061_R02C01	ok	486427	0.238837482294363	0.875612889962481	4.11161387011823e-06	6095.93049949003	1.0915686126664	6.63
GSE90496	GSM2404388	GSM2404388_9426020061_R06C02	ok	486427	0.182086931852056	0.94107827517089	4.11161387011823e-06	7026.5697207716	1.10539369368074	9.78
GSE90496	GSM2404389	GSM2404389_9426020064_R01C01	ok	486427	0.156631930382154	0.9707149098011	4.11161387011823e-06	6541.37779336709	1.11464686497523	10.5
GSE90496	GSM2404390	GSM2404390_9422493133_R06C02	ok	486427	0.178520106819728	0.945372873515958	4.11161387011823e-06	8016.23920706992	1.14542228885432	8.44
GSE90496	GSM2404391	GSM2404391_9426020065_R05C01	ok	486427	0.153786693584032	0.97415634476024	4.11161387011823e-06	7579.83460812001	1.17096461927194	6.52
GSE90496	GSM2404392	GSM2404392_9426020064_R04C01	ok	486427	0.1594668881456	0.967458498226859	4.11161387011823e-06	7184.84928800694	1.07705476745204	7.58
GSE90496	GSM2404393	GSM2404393_9426020064_R05C01	ok	486427	0.179317759910531	0.944832194068973	4.11161387011823e-06	7395.23477581972	1.1287024910595	6.76
GSE90496	GSM2404394	GSM2404394_9426020064_R06C01	ok	486427	0.161409625699231	0.965435575885286	4.11161387011823e-06	7522.84079995437	1.11156951518479	6.52
GSE90496	GSM2404395	GSM2404395_9426020064_R01C02	ok	486427	0.170249595519986	0.955300406023539	4.11161387011823e-06	6540.53513089728	1.08320760221588	7.42
GSE90496	GSM2404396	GSM2404396_9426020065_R06C01	ok	486427	0.166596426596385	0.95903787839852	4.11161387011823e-06	7528.32843393502	1.1151956580056	6.63
GSE90496	GSM2404397	GSM2404397_9426020064_R03C02	ok	486427	0.194497838319008	0.927304312072776	4.11161387011823e-06	6243.26378156889	1.21537785643253	6.69
GSE90496	GSM2404398	GSM2404398_9426020064_R06C02	ok	486427	0.171737999740968	0.953610525774785	4.11161387011823e-06	7156.0512717717	1.1203032343188	6.53
GSE90496	GSM2404399	GSM2404399_9426020065_R01C01	ok	486427	0.14694702391109	0.981894433879838	4.11161387011823e-06	6488.27482334359	1.25493300686962	6.48
GSE90496	GSM2404400	GSM2404400_9426020061_R01C02	ok	486427	0.170535352683959	0.9541799866372	4.11161387011823e-06	6933.1267018281	1.1305104385021	6.82
GSE90496	GSM2404401	GSM2404401_9426020065_R02C01	ok	486427	0.256733281664052	0.85612787171712	4.11161387011823e-06	5872.41062818572	1.15790430505613	6.45
GSE90496	GSM2404402	GSM2404402_9426020065_R03C01	ok	486427	0.163430483916394	0.962670504188724	4.11161387011823e-06	6211.39599759021	1.18628660175694	7.24
GSE90496	GSM2404403	GSM2404403_9426020065_R04C01	ok	486427	0.188112501978714	0.93475869866886	4.11161387011823e-06	6696.68435085904	1.16246304166712	6.91
GSE90496	GSM2404404	GSM2404404_9426020061_R01C01	ok	486427	0.217833302838864	0.899943465076836	4.11161387011823e-06	5989.14834987009	1.16644932921409	6.95
GSE90496	GSM2404405	GSM2404405_9426021175_R05C02	ok	486427	0.227419530577044	0.893574549005499	4.11161387011823e-06	6106.64579809337	1.25568835005882	9.88
GSE90496	GSM2404406	GSM2404406_9426021086_R01C01	ok	486427	0.237455980034003	0.880030837230817	4.11161387011823e-06	6137.00378714581	1.39577637043868	10.65
GSE90496	GSM2404407	GSM2404407_9426021086_R02C01	ok	486427	0.206812121860012	0.914619931130184	4.11161387011823e-06	6760.70619475599	1.40291439117492	8.44
GSE90496	GSM2404408	GSM2404408_9426021086_R03C01	ok	486427	0.1994523330325	0.923445546589916	4.11161387011823e-06	6413.3108764757	1.28761411198086	6.67
GSE90496	GSM2404409	GSM2404409_9426021086_R04C01	ok	486427	0.21943683224821	0.901380480032893	4.11161387011823e-06	6301.17069148634	1.37578706070664	7.21
GSE90496	GSM2404410	GSM2404410_9426021086_R05C01	ok	486427	0.278251412853316	0.835933597162975	4.11161387011823e-06	5247.67003077917	1.39217161788134	6.62
GSE90496	GSM2404411	GSM2404411_9426021103_R01C01	ok	486427	0.198272299851776	0.92469137071491	4.11161387011823e-06	5941.75648235792	1.34617579732003	6.49
GSE90496	GSM2404412	GSM2404412_9426021103_R02C01	ok	486427	0.243592563735155	0.874299223929691	4.11161387011823e-06	5865.4352021881	1.28123652664007	7.7
GSE90496	GSM2404413	GSM2404413_9426021103_R03C01	ok	486427	0.244044841260868	0.873964126021483	4.11161387011823e-06	5501.17881781962	1.356448098991	6.82
GSE90496	GSM2404414	GSM2404414_9426021103_R04C01	ok	486427	0.272885756752812	0.841975638587655	4.11161387011823e-06	5506.97672385758	1.32740495246549	6.61
GSE90496	GSM2404415	GSM2404415_9426021103_R05C01	ok	486427	0.195657313430381	0.926642339517911	4.11161387011823e-06	7469.74964808784	1.46789176656588	6.89
GSE90496	GSM2404416	GSM2404416_9426021103_R06C01	ok	486427	0.241438078067213	0.877150639872539	4.11161387011823e-06	5622.30253623551	1.35956864634739	7.03
GSE90496	GSM2404417	GSM2404417_9426021103_R01C02	ok	486427	0.25003135105576	0.866851004779771	4.11161387011823e-06	5612.33319039226	1.4609465892666	6.77
GSE90496	GSM2404418	GSM2404418_9426021103_R02C02	ok	486427	0.203862038908202	0.918106594027856	4.11161387011823e-06	6754.51015856749	1.38044442963766	6.82
GSE90496	GSM2404419	GSM2404419_9426021103_R03C02	ok	486427	0.190316327013098	0.933401860512926	4.11161387011823e-06	6788.24938540828	1.40845953757303	7.08
GSE90496	GSM2404420	GSM2404420_9426021103_R04C02	ok	486427	0.239378159518283	0.877789998458138	4.11161387011823e-06	5900.06778329049	1.53972904604721	6.79
GSE90496	GSM2404421	GSM2404421_9426021103_R05C02	ok	486427	0.249192581826256	0.868199619674153	4.11161387011823e-06	5987.37802901092	1.43050605783532	6.5
GSE90496	GSM2404422	GSM2404422_9426021162_R02C01	ok	486427	0.325539083973546	0.783621318805571	4.11161387011823e-06	5036.53106527177	1.28450594404816	9.4
GSE90496	GSM2404423	GSM2404423_9426021162_R03C01	ok	486427	0.295980691861266	0.816060029809323	4.11161387011823e-06	5106.60967371923	1.31948189566934	10.87
GSE90496	GSM2404424	GSM2404424_9426021162_R05C01	ok	486427	0.253493329934399	0.8630950300663	4.11161387011823e-06	6147.81804797564	1.35963862319198	8.73
GSE90496	GSM2404425	GSM2404425_9426021162_R01C02	ok	486427	0.281575652667307	0.833121241712494	4.11161387011823e-06	5460.48385588625	1.24710334296051	6.71
GSE90496	GSM2404426	GSM2404426_9426021162_R03C02	ok	486427	0.179833767451231	0.944217505268027	4.11161387011823e-06	7512.37906187458	1.48447805490036	7
GSE90496	GSM2404427	GSM2404427_9426021162_R04C02	ok	486427	0.341064537947112	0.765933083209128	4.11161387011823e-06	4810.80373998558	1.31653534930725	6.89
GSE90496	GSM2404428	GSM2404428_9426021162_R05C02	ok	486427	0.246217829191225	0.87247777149612	4.11161387011823e-06	5916.30709952135	1.33769161852682	6.7
GSE90496	GSM2404429	GSM2404429_9426021162_R06C02	ok	486427	0.221071198761582	0.898461222182248	4.11161387011823e-06	6877.82327580601	1.50191909254024	7.07
GSE90496	GSM2404430	GSM2404430_9426021086_R01C02	ok	486427	0.156619595540544	0.971037672816981	4.11161387011823e-06	7361.7303411755	1.47656413843083	6.34
GSE90496	GSM2404431	GSM2404431_9426021175_R06C01	ok	486427	0.359936845610955	0.745985506501516	4.11161387011823e-06	4279.71676525806	1.41741607480278	6.67
GSE90496	GSM2404432	GSM2404432_9420867051_R05C02	ok	486427	0.160595526152948	0.966667009302565	4.11161387011823e-06	7710.80618372879	1.48886581754726	8.05
GSE90496	GSM2404433	GSM2404433_9420867053_R06C01	ok	486427	0.220222150497402	0.899719381199568	4.11161387011823e-06	6882.49804191911	1.55660076685183	6.66
GSE90496	GSM2404434	GSM2404434_9420867053_R01C02	ok	486427	0.202373634687219	0.919451097291463	4.11161387011823e-06	6390.91419389619	1.50371661198327	6.4
GSE90496	GSM2404435	GSM2404435_9420867053_R06C02	ok	486427	0.228264467227354	0.888776275890425	4.11161387011823e-06	6894.12155545753	1.40723750498115	6.63
GSE90496	GSM2404436	GSM2404436_9420867053_R02C02	ok	486427	0.170259874554661	0.955076322146271	4.11161387011823e-06	6942.42847490578	1.84972582216603	6.54
GSE90496	GSM2404437	GSM2404437_9420867053_R03C02	ok	486427	0.161409625699231	0.96644909287146	4.11161387011823e-06	6905.41765884182	1.35869860529929	6.64
GSE90496	GSM2404438	GSM2404438_9420867051_R01C02	ok	486427	0.281433801988788	0.830216374569564	4.11161387011823e-06	6164.96628070384	1.54197272796281	6.48
GSE90496	GSM2404439	GSM2404439_9420867051_R02C02	ok	486427	0.221087645217062	0.900227167600349	4.11161387011823e-06	5736.05398189748	1.55156320668207	9.91
GSE90496	GSM2404440	GSM2404440_9420867051_R03C02	ok	486427	0.197684339068349	0.924204142468006	4.11161387011823e-06	7129.93402137271	1.94913541865577	10.99
GSE90496	GSM2404441	GSM2404441_9420867097_R02C01	ok	486427	0.194292257625502	0.930453821246852	4.11161387011823e-06	6503.95894959034	1.31528738994313	8.34
GSE90496	GSM2404442	GSM2404442_9420867097_R03C01	ok	486427	0.152020755426816	0.976012746055404	4.11161387011823e-06	7752.05868672324	1.5690348446709	6.52
GSE90496	GSM2404443	GSM2404443_9420867087_R01C01	ok	486427	0.162982318004552	0.964156858714088	4.11161387011823e-06	6246.0282978355	1.56370491185071	7.31
GSE90496	GSM2404444	GSM2404444_9420867087_R02C01	ok	486427	0.175471345135036	0.950796114508917	4.11161387011823e-06	6683.38291345758	1.44003137542384	7.85
GSE90496	GSM2404445	GSM2404445_9420867097_R02C02	ok	486427	0.248179069007271	0.870754998201162	4.11161387011823e-06	6152.84852320162	1.51193864078565	6.53
GSE90496	GSM2404446	GSM2404446_9420867097_R03C02	ok	486427	0.276853464137476	0.839035822583132	4.11161387011823e-06	6240.03113549743	1.45088627530898	6.87
GSE90496	GSM2404447	GSM2404447_9420867097_R04C02	ok	486427	0.239230141418959	0.88005550701547	4.11161387011823e-06	6925.44971930288	1.47939730702516	6.96
GSE90496	GSM2404448	GSM2404448_9420867087_R04C01	ok	486427	0.143863313508502	0.985239245515753	4.11161387011823e-06	8035.41027555727	1.57202713614318	6.57
GSE90496	GSM2404449	GSM2404449_9420867087_R02C02	ok	486427	0.149204299925785	0.979433622860667	4.11161387011823e-06	7522.45913121319	1.55417033777134	7.03
GSE90496	GSM2404450	GSM2404450_9420867087_R04C02	ok	486427	0.156611372312803	0.971193914786452	4.11161387011823e-06	7540.33396469881	1.42231789192414	6.53
GSE90496	GSM2404451	GSM2404451_9420867121_R02C01	ok	486427	0.274770931712261	0.84070308886262	4.11161387011823e-06	5259.16939611047	1.61299837024782	7.02
GSE90496	GSM2404452	GSM2404452_9420867121_R05C01	ok	486427	0.249375548643476	0.869239862260369	4.11161387011823e-06	5279.25326224836	1.56685043079428	6.7
GSE90496	GSM2404453	GSM2404453_9420867121_R06C01	ok	486427	0.248098892536804	0.870594644600915	4.11161387011823e-06	5705.17650374945	1.55781201276606	6.96
GSE90496	GSM2404454	GSM2404454_9420867121_R01C02	ok	486427	0.265515688890625	0.851555738294701	4.11161387011823e-06	4915.76716734255	1.58682872753334	10.35
GSE90496	GSM2404455	GSM2404455_9420867121_R04C02	ok	486427	0.180086631704243	0.943935858559901	4.11161387011823e-06	6589.29772682665	1.66054175546558	7.18
GSE90496	GSM2404456	GSM2404456_9420867122_R02C01	ok	486427	0.16726045223641	0.959638176491751	4.11161387011823e-06	6152.36007203438	1.38760564149997	7.38
GSE90496	GSM2404457	GSM2404457_9420867122_R02C02	ok	486427	0.15285130142858	0.975422727039112	4.11161387011823e-06	6413.22475341486	1.63429159623476	7.55
GSE90496	GSM2404458	GSM2404458_9420867122_R04C02	ok	486427	0.172330072138265	0.953896284113687	4.11161387011823e-06	5596.5421287924	1.39899641238109	6.95
GSE90496	GSM2404459	GSM2404459_9420867122_R05C02	ok	486427	0.187417639234664	0.936578095287043	4.11161387011823e-06	6186.42712651254	1.27270177507266	7.2
GSE90496	GSM2404460	GSM2404460_9420867122_R06C02	ok	486427	0.187288123397755	0.937980161381508	4.11161387011823e-06	5748.00314541716	1.33901988688403	7.24
GSE90496	GSM2404461	GSM2404461_9420867125_R04C01	ok	486427	0.13891704202275	0.991382021894434	4.11161387011823e-06	7231.20798859111	1.20795313904019	7.34
GSE90496	GSM2404462	GSM2404462_9420867124_R01C02	ok	486427	0.15946277653173	0.966987716503058	4.11161387011823e-06	6335.02825905289	1.16005584193452	6.93
GSE90496	GSM2404463	GSM2404463_9420867124_R04C02	ok	486427	0.1556143059493	0.971767487279642	4.11161387011823e-06	7009.9724690207	1.15547909199536	7.4
GSE90496	GSM2404464	GSM2404464_9420867124_R06C02	ok	486427	0.226708221377514	0.889909030169091	4.11161387011823e-06	6113.38058021573	1.13211843495552	7.33
GSE90496	GSM2404465	GSM2404465_9444374132_R01C01	ok	486427	0.180427895655463	0.944988436038444	4.11161387011823e-06	5738.28973218433	1.36627269112675	7.13
GSE90496	GSM2404466	GSM2404466_9444374132_R02C01	ok	486427	0.235418675361359	0.883379760497507	4.11161387011823e-06	5774.8356179694	1.39716538376393	7.02
GSE90496	GSM2404467	GSM2404467_9444374132_R03C01	ok	486427	0.168327416035705	0.957970910212263	4.11161387011823e-06	6600.46523609299	1.46724180243956	7.28
GSE90496	GSM2404468	GSM2404468_9444374132_R04C01	ok	486427	0.217886753819175	0.903294444158915	4.11161387011823e-06	5298.09925609629	1.43540809985005	10.61
GSE90496	GSM2404469	GSM2404469_9444374132_R05C01	ok	486427	0.249120628583528	0.869295369275839	4.11161387011823e-06	5373.67225504078	1.40669342099634	8.32
GSE90496	GSM2404470	GSM2404470_9444374132_R06C01	ok	486427	0.236528811106291	0.882933648558359	4.11161387011823e-06	5350.04453080861	1.39849350999409	6.16
GSE90496	GSM2404471	GSM2404471_9444374132_R02C02	ok	486427	0.204026503463007	0.918277226705042	4.11161387011823e-06	6190.36913206723	1.51234818661872	10.49
GSE90496	GSM2404472	GSM2404472_9444374132_R03C02	ok	486427	0.156416070653973	0.970729300508814	4.11161387011823e-06	6936.00589539614	1.88336262261542	6.89
GSE90496	GSM2404473	GSM2404473_9444374132_R06C02	ok	486427	0.194752758378955	0.929329290229737	4.11161387011823e-06	6734.89062492339	1.35491772405256	7.2
GSE90496	GSM2404474	GSM2404474_9444374133_R02C01	ok	486427	0.203241185213814	0.91998149766151	4.11161387011823e-06	5288.05378540344	1.33337182996662	7.32
GSE90496	GSM2404475	GSM2404475_9444374133_R03C01	ok	486427	0.164285699601379	0.963108392866321	4.11161387011823e-06	5601.64830248751	1.52880177079633	7.01
GSE90496	GSM2404476	GSM2404476_9444374133_R02C02	ok	486427	0.191586815698964	0.930688184201059	4.11161387011823e-06	6530.87077155613	1.82771398836058	6.96
GSE90496	GSM2404477	GSM2404477_9444374133_R05C02	ok	486427	0.14205831501952	0.987576707611657	4.11161387011823e-06	7374.80896828039	1.91753008878721	7.09
GSE90496	GSM2404478	GSM2404478_9444374133_R06C02	ok	486427	0.150030734313679	0.978191910366449	4.11161387011823e-06	7230.81995866995	1.8971757995946	6.9
GSE90496	GSM2404479	GSM2404479_9444374134_R01C01	ok	486427	0.155935011831169	0.971607133679396	4.11161387011823e-06	5651.56197685045	1.48730462332896	6.77
GSE90496	GSM2404480	GSM2404480_9444374134_R02C01	ok	486427	0.161804340630763	0.965020301176954	4.11161387011823e-06	6530.50003258935	1.64231371445807	6.79
GSE90496	GSM2404481	GSM2404481_9444374134_R03C01	ok	486427	0.178616729745676	0.946332939302051	4.11161387011823e-06	6569.49068387585	1.58139746541297	7.08
GSE90496	GSM2404482	GSM2404482_9444374134_R04C01	ok	486427	0.154156738832343	0.973856195713625	4.11161387011823e-06	7214.50981930265	1.61918174136968	7.18
GSE90496	GSM2404483	GSM2404483_9444374134_R02C02	ok	486427	0.212971319437449	0.906215757824947	4.11161387011823e-06	5874.52377504633	1.90185363101068	7
GSE90496	GSM2404484	GSM2404484_9444374134_R05C02	ok	486427	0.183079886601689	0.941859485018245	4.11161387011823e-06	6072.82565610781	1.51367117722294	9.21
GSE90496	GSM2404485	GSM2404485_9444375019_R01C01	ok	486427	0.208366311902917	0.913330934882048	4.11161387011823e-06	4908.18228196632	1.34622066642776	7.7
GSE90496	GSM2404486	GSM2404486_9444375019_R04C01	ok	486427	0.280648483739595	0.833195251066454	4.11161387011823e-06	4919.42137338411	1.13645527909239	8.52
GSE90496	GSM2404487	GSM2404487_9444375019_R05C01	ok	486427	0.223579283222354	0.8978300868582	4.11161387011823e-06	5712.48826162975	1.18575368982391	6.32
GSE90496	GSM2404488	GSM2404488_9444375004_R06C01	ok	486427	0.196888741784482	0.925678162101043	4.11161387011823e-06	6732.89450723842	1.36568626516737	10.37
GSE90496	GSM2404489	GSM2404489_9444375004_R01C02	ok	486427	0.154010776539954	0.973111990543249	4.11161387011823e-06	6687.37130640036	1.86664170632547	6.96
GSE90496	GSM2404490	GSM2404490_9444375004_R02C02	ok	486427	0.146488578964572	0.982145243357146	4.11161387011823e-06	6884.05214975871	1.79184449952286	7.36
GSE90496	GSM2404491	GSM2404491_9444375004_R05C02	ok	486427	0.178528330047469	0.946458344040705	4.11161387011823e-06	6318.04186216501	1.36999704446292	7.64
GSE90496	GSM2404492	GSM2404492_9444375004_R06C02	ok	486427	0.147508259204362	0.981380480032893	4.11161387011823e-06	6993.41436340384	1.52066107405943	6.58
GSE90496	GSM2404493	GSM2404493_9444375014_R03C01	ok	486427	0.156907408511452	0.969779513799661	4.11161387011823e-06	6785.09276747826	1.64655912518152	6.98
GSE90496	GSM2404494	GSM2404494_9444375014_R05C01	ok	486427	0.143012209437387	0.986236315978825	4.11161387011823e-06	6903.96282923212	1.71287376250475	7.07
GSE90496	GSM2404495	GSM2404495_9444375014_R01C02	ok	486427	0.157853079701579	0.969245001798838	4.11161387011823e-06	5942.48551233655	1.61183322429672	6.64
GSE90496	GSM2404496	GSM2404496_9444375014_R02C02	ok	486427	0.166468966566412	0.95950043686077	4.11161387011823e-06	6022.20338544835	1.46181421456914	6.75
GSE90496	GSM2404497	GSM2404497_9444375014_R04C02	ok	486427	0.151757612139129	0.976335509071285	4.11161387011823e-06	7002.10841644434	1.51997203069817	6.8
GSE90496	GSM2404498	GSM2404498_9444375014_R05C02	ok	486427	0.145304434169978	0.984046872590841	4.11161387011823e-06	6569.18265458263	1.28654139558993	6.79
GSE90496	GSM2404499	GSM2404499_9444375017_R01C01	ok	486427	0.160916232034817	0.965554813177777	4.11161387011823e-06	5200.50144225649	1.35132743507264	6.44
GSE90496	GSM2404500	GSM2404500_9444375017_R03C01	ok	486427	0.156397568391557	0.970969830909184	4.11161387011823e-06	5910.47575349929	1.56323333420623	7.02
GSE90496	GSM2404501	GSM2404501_9444375017_R05C01	ok	486427	0.190299880557617	0.932577478542427	4.11161387011823e-06	6187.53890119101	1.4025933440045	6.78
GSE90496	GSM2404502	GSM2404502_9444375017_R01C02	ok	486427	0.14641456991491	0.982437169142211	4.11161387011823e-06	5483.75859196191	1.28050699072602	7.03
GSE90496	GSM2404503	GSM2404503_9444375017_R03C02	ok	486427	0.202513429558803	0.921225265971116	4.11161387011823e-06	4937.10336653383	1.26988124711933	10.97
GSE90496	GSM2404504	GSM2404504_9444375017_R04C02	ok	486427	0.144375209435331	0.984700621884155	4.11161387011823e-06	6515.97731533108	1.41440059957651	6.69
GSE90496	GSM2404505	GSM2404505_9444375017_R05C02	ok	486427	0.158909764466199	0.968256154597317	4.11161387011823e-06	6376.44657032099	1.57765225357778	10.07
GSE90496	GSM2404506	GSM2404506_9444375018_R05C01	ok	486427	0.311185439952963	0.800026725600041	4.11161387011823e-06	4515.37393637332	1.378696967485	6.57
GSE90496	GSM2404507	GSM2404507_9444375018_R02C02	ok	486427	0.237826025282314	0.879897209230611	4.11161387011823e-06	5125.69082871031	1.25840221846059	7.42
GSE90496	GSM2404508	GSM2404508_9444375018_R06C01	ok	486427	0.351436083934486	0.754436963560672	4.11161387011823e-06	4200.3808079923	1.22827595422145	7.23
GSE90496	GSM2404509	GSM2404509_9444375018_R04C01	ok	486427	0.290473185082243	0.822801048465848	4.11161387011823e-06	5166.60575620832	1.22295114671029	7.13
GSE90496	GSM2404510	GSM2404510_9444375028_R05C01	ok	486427	0.344736209133128	0.762851415942848	4.11161387011823e-06	4179.50831203086	1.28061675005074	6.65
GSE90496	GSM2404511	GSM2404511_9444375028_R04C02	ok	486427	0.160706539727441	0.96630107416354	4.11161387011823e-06	7051.32377693949	1.6891257369974	6.87
GSE90496	GSM2404512	GSM2404512_9444375028_R06C02	ok	486427	0.19264966788439	0.931019170478491	4.11161387011823e-06	6079.46739216189	1.39855466508426	7.31
GSE90496	GSM2404513	GSM2404513_9444375033_R01C01	ok	486427	0.198140728207933	0.925314282777407	4.11161387011823e-06	4318.25297060764	1.40789107208257	6.54
GSE90496	GSM2404514	GSM2404514_9444375033_R05C01	ok	486427	0.173641676962833	0.952249575988076	4.11161387011823e-06	6430.46561496455	1.43233123794973	7.01
GSE90496	GSM2404515	GSM2404515_9444375033_R06C01	ok	486427	0.195916345104199	0.927382433057511	4.11161387011823e-06	6195.08333603003	1.41087875792856	6.69
GSE90496	GSM2404516	GSM2404516_9444375033_R01C02	ok	486427	0.204575403914668	0.918081924243203	4.11161387011823e-06	5324.43097951034	1.40528142266609	7.04
GSE90496	GSM2404517	GSM2404517_9444375037_R01C02	ok	486427	0.166995253141787	0.959190008737215	4.11161387011823e-06	5189.48146551296	1.47841359046414	6.87
GSE90496	GSM2404518	GSM2404518_9444375037_R04C02	ok	486427	0.157939423592852	0.969403299583697	4.11161387011823e-06	6690.11473069604	1.49027649949177	9.09
GSE90496	GSM2404519	GSM2404519_9444374147_R03C01	ok	486427	0.156804618164699	0.970797142416611	4.11161387011823e-06	6081.47622557884	1.49386581565458	7.59
GSE90496	GSM2404520	GSM2404520_9444374157_R04C02	ok	486427	0.146537918331014	0.982219252711107	4.11161387011823e-06	6302.52078777088	1.72381377643123	7.62
GSE90496	GSM2404521	GSM2404521_9444375114_R02C01	ok	486427	0.181336562320759	0.944077709821658	4.11161387011823e-06	5924.20985029059	1.45631817634631	6.44
GSE90496	GSM2404522	GSM2404522_9444375114_R03C01	ok	486427	0.175983241061865	0.949056894690857	4.11161387011823e-06	6513.43755413757	1.55464119191696	10.42
GSE90496	GSM2404523	GSM2404523_9444375114_R05C01	ok	486427	0.241857462681965	0.876213188055713	4.11161387011823e-06	4620.39653722355	1.3896781299573	6.46
GSE90496	GSM2404524	GSM2404524_9444375114_R03C02	ok	486427	0.149253639292227	0.978966952767641	4.11161387011823e-06	6829.91438635364	1.81320026757444	7.22
GSE90496	GSM2404525	GSM2404525_9444375114_R06C02	ok	486427	0.16535883082148	0.961788559387367	4.11161387011823e-06	6703.69202851693	1.3881637257344	7.01
GSE90496	GSM2404526	GSM2404526_9444375150_R03C01	ok	486427	0.171359731264917	0.95516061057717	4.11161387011823e-06	5406.07085911363	1.45988674162146	6.77
GSE90496	GSM2404527	GSM2404527_9444375114_R06C01	ok	486427	0.186712497455939	0.937207174795703	4.11161387011823e-06	6047.6105627406	1.33723786431053	6.52
GSE90496	GSM2404528	GSM2404528_9444374168_R06C02	ok	486427	0.160778492970168	0.966280516009662	4.11161387011823e-06	6425.71551795962	1.07223575722939	6.73
GSE90496	GSM2404529	GSM2404529_9553932010_R01C01	ok	486427	0.295974524440461	0.815548131777766	4.11161387011823e-06	5075.90045218389	1.38811567729936	7.03
GSE90496	GSM2404530	GSM2404530_9553932010_R03C01	ok	486427	0.185631143008098	0.938726422367271	4.11161387011823e-06	6476.20634398816	1.39526713037471	6.81
GSE90496	GSM2404531	GSM2404531_9553932010_R04C01	ok	486427	0.234111182150662	0.886531325486971	4.11161387011823e-06	5520.38404806982	1.36034700045585	6.93
GSE90496	GSM2404532	GSM2404532_9553932010_R02C01	ok	486427	0.31820602063619	0.792120059618646	4.11161387011823e-06	5270.65838442461	1.47886895856474	6.98
GSE90496	GSM2404533	GSM2404533_9553932008_R06C01	ok	486427	0.185129526115943	0.937902040396772	4.11161387011823e-06	7650.84222617014	1.7246730289887	6.9
GSE90496	GSM2404534	GSM2404534_9553932008_R02C02	ok	486427	0.158188176231994	0.968963355090713	4.11161387011823e-06	7204.83153405391	1.75738800270079	6.62
GSE90496	GSM2404535	GSM2404535_9553932002_R05C02	ok	486427	0.174044615122105	0.951717119802642	4.11161387011823e-06	7722.74887695383	1.33124626559176	6.86
GSE90496	GSM2404536	GSM2404536_9553932010_R05C01	ok	486427	0.183945381321349	0.9405047026777	4.11161387011823e-06	7348.0457360066	1.4437615473937	7.13
GSE90496	GSM2404537	GSM2404537_9553932008_R05C02	ok	486427	0.172728898683667	0.953123297527882	4.11161387011823e-06	7385.69652013636	1.33888005665866	7.17
GSE90496	GSM2404538	GSM2404538_9553932008_R06C02	ok	486427	0.341814907478409	0.765951585547618	4.11161387011823e-06	5377.9788300259	1.36097772164847	10.5
GSE90496	GSM2404539	GSM2404539_9610361003_R05C02	ok	486427	0.160589358732143	0.966529269671583	4.11161387011823e-06	7732.02446156238	1.07177992940914	10.84
GSE90496	GSM2404540	GSM2404540_9553932012_R04C02	ok	486427	0.242581106723105	0.876552397594696	4.11161387011823e-06	5776.85363514808	1.21413142041858	6.43
GSE90496	GSM2404541	GSM2404541_9553932029_R03C01	ok	486427	0.268124507891215	0.844666700930256	4.11161387011823e-06	5401.32312531949	1.71607068065889	7.25
GSE90496	GSM2404542	GSM2404542_9553932029_R04C01	ok	486427	0.291871133798083	0.817924654366038	4.11161387011823e-06	5918.01401137935	1.71437589355848	7.17
GSE90496	GSM2404543	GSM2404543_9553932029_R05C01	ok	486427	0.239635135385166	0.878768566582721	4.11161387011823e-06	5747.33578434712	1.48400332880706	7.17
GSE90496	GSM2404544	GSM2404544_9553932029_R01C02	ok	486427	0.181920411490316	0.942862722927481	4.11161387011823e-06	6445.43154168478	1.43729270451844	7.04
GSE90496	GSM2404545	GSM2404545_9553932029_R02C02	ok	486427	0.161504192818244	0.965287557177365	4.11161387011823e-06	7186.24107664417	1.72632110882227	6.96
GSE90496	GSM2404546	GSM2404546_9553932029_R05C02	ok	486427	0.290432068943541	0.820959037878399	4.11161387011823e-06	5697.43801969318	1.65627822852692	7.01
GSE90496	GSM2404547	GSM2404547_9553932029_R06C02	ok	486427	0.220557247027817	0.898707920028781	4.11161387011823e-06	6001.77467803945	1.44418736520073	6.84
GSE90496	GSM2404548	GSM2404548_9553932030_R01C01	ok	486427	0.179663135475621	0.944404584468315	4.11161387011823e-06	6373.14424991959	1.58080692784388	7.05
GSE90496	GSM2404549	GSM2404549_9553932030_R04C01	ok	486427	0.206133705571442	0.916005550701547	4.11161387011823e-06	6255.53724458638	1.69293818662207	7.09
GSE90496	GSM2404550	GSM2404550_9553932030_R05C01	ok	486427	0.18377886095961	0.939577529937812	4.11161387011823e-06	7009.68199065261	2.12799214262717	6.89
GSE90496	GSM2404551	GSM2404551_9553932053_R01C02	ok	486427	0.288612679806014	0.823136146374056	4.11161387011823e-06	5359.85138549078	1.44328751973464	6.81
GSE90496	GSM2404552	GSM2404552_9553932029_R06C01	ok	486427	0.191671103783302	0.931181579894126	4.11161387011823e-06	6504.62219643031	1.5206985689553	6.95
GSE90496	GSM2404553	GSM2404553_9553932053_R02C02	ok	486427	0.235120583355776	0.883587397851673	4.11161387011823e-06	5553.15709122608	1.37469494275281	9.99
GSE90496	GSM2404554	GSM2404554_9553932053_R04C02	ok	486427	0.207655002703386	0.91443901937606	4.11161387011823e-06	5710.19404970009	1.54180135339221	8.82
GSE90496	GSM2404555	GSM2404555_9553932113_R01C02	ok	486427	0.320527026665872	0.788892429459835	4.11161387011823e-06	4899.85403085391	1.43335146522221	7.02
GSE90496	GSM2404556	GSM2404556_9553932098_R03C02	ok	486427	0.185388557789761	0.940029809323123	4.11161387011823e-06	6364.89324700396	1.28954088919716	8.21
GSE90496	GSM2404557	GSM2404557_9553932113_R04C02	ok	486427	0.156757334605193	0.970632677185589	4.11161387011823e-06	6469.14985654739	1.61079652558856	7.26
GSE90496	GSM2404558	GSM2404558_9553932113_R05C02	ok	486427	0.153042491473541	0.974960168576862	4.11161387011823e-06	6576.44740404185	1.60525497509464	7.14
GSE90496	GSM2404559	GSM2404559_9553932113_R06C02	ok	486427	0.189058173168841	0.935122577992496	4.11161387011823e-06	6218.75208305844	1.48702702026807	7.08
GSE90496	GSM2404560	GSM2404560_9553932123_R01C01	ok	486427	0.175609084199685	0.949844271984376	4.11161387011823e-06	5300.13596052485	1.59197951802459	7.18
GSE90496	GSM2404561	GSM2404561_9553932123_R02C01	ok	486427	0.273767697927952	0.841108084494012	4.11161387011823e-06	4895.3998468602	1.57844878959283	6.82
GSE90496	GSM2404562	GSM2404562_9553932088_R02C02	ok	486427	0.17387603895343	0.950257490877319	4.11161387011823e-06	7153.26274409989	1.7757452888479	7.05
GSE90496	GSM2404563	GSM2404563_9553932123_R01C02	ok	486427	0.165307435648103	0.960958009970705	4.11161387011823e-06	4980.5146186486	1.56885367291129	7.3
GSE90496	GSM2404564	GSM2404564_9553932088_R06C02	ok	486427	0.151913853466193	0.975743434239605	4.11161387011823e-06	7575.99587834272	1.81257993027319	6.91
GSE90496	GSM2404565	GSM2404565_9553932123_R02C02	ok	486427	0.191644378293146	0.931648249987151	4.11161387011823e-06	5340.97486095784	1.40900033238126	10.74
GSE90496	GSM2404566	GSM2404566_9553932123_R05C02	ok	486427	0.146712661920494	0.981993113018451	4.11161387011823e-06	6703.33003066135	1.52110413472152	7.13
GSE90496	GSM2404567	GSM2404567_9553932098_R05C01	ok	486427	0.173769136992807	0.951219612478799	4.11161387011823e-06	6644.28791699011	1.79674189570452	7.28
GSE90496	GSM2404568	GSM2404568_9611518113_R01C01	ok	486427	0.137808962084753	0.99255178085008	4.11161387011823e-06	6644.78965946129	1.07397112178284	6.68
GSE90496	GSM2404569	GSM2404569_9611518113_R02C02	ok	486427	0.139467998281345	0.990592588785527	4.11161387011823e-06	6412.51753236586	1.08032386505618	6.89
GSE90496	GSM2404570	GSM2404570_9611518110_R04C02	ok	486427	0.142535262228454	0.987179935241815	4.11161387011823e-06	7800.78309386753	1.11199949988908	6.35
GSE90496	GSM2404571	GSM2404571_9611518113_R01C02	ok	486427	0.145604581982497	0.983606928097857	4.11161387011823e-06	6206.8802576739	1.0776943507374	8.8
GSE90496	GSM2404572	GSM2404572_9611518110_R03C01	ok	486427	0.141653321053313	0.98791591715064	4.11161387011823e-06	7286.13778433006	1.0769659974517	6.97
GSE90496	GSM2404573	GSM2404573_9611518110_R05C02	ok	486427	0.149257750906097	0.979702934676466	4.11161387011823e-06	8114.55877802811	1.08940468391052	7.94
GSE90496	GSM2404574	GSM2404574_9611518113_R03C01	ok	486427	0.146833954529662	0.98222542015727	4.11161387011823e-06	6345.30730060764	1.08613805264259	7.38
GSE90496	GSM2404575	GSM2404575_9611518110_R06C01	ok	486427	0.146669489974857	0.981729968648815	4.11161387011823e-06	7725.83947475695	1.07133503257627	7.16
GSE90496	GSM2404576	GSM2404576_9611518099_R03C01	ok	486427	0.141439517132067	0.988105052166316	4.11161387011823e-06	6116.79878067677	1.08273776067526	7.24
GSE90496	GSM2404577	GSM2404577_9611518099_R06C01	ok	486427	0.176898075147967	0.946622809271727	4.11161387011823e-06	6100.5273738355	1.11231200864464	7.19
GSE90496	GSM2404578	GSM2404578_9611518099_R02C02	ok	486427	0.139009553334827	0.991279231125045	4.11161387011823e-06	6803.41139270112	1.08016747951003	7.21
GSE90496	GSM2404579	GSM2404579_9611518099_R03C02	ok	486427	0.150380221492639	0.97816312895102	4.11161387011823e-06	6455.90076810365	1.15314595642871	7.04
GSE90496	GSM2404580	GSM2404580_9611518099_R04C02	ok	486427	0.140317046545525	0.989640746260986	4.11161387011823e-06	6861.7320701226	1.12277670123368	7.12
GSE90496	GSM2404581	GSM2404581_9611518109_R04C01	ok	486427	0.140312934931655	0.989498894999229	4.11161387011823e-06	7261.27958352292	1.08333444328515	9.09
GSE90496	GSM2404582	GSM2404582_9611518109_R01C02	ok	486427	0.152333238080945	0.975759880762707	4.11161387011823e-06	6689.70339247157	1.08014345704424	8.41
GSE90496	GSM2404583	GSM2404583_9611519028_R01C01	ok	486427	0.189023224450945	0.934682633499512	4.11161387011823e-06	5474.63012329058	1.52435422696303	6.99
GSE90496	GSM2404584	GSM2404584_9611519028_R02C01	ok	486427	0.197949538162972	0.92365523975947	4.11161387011823e-06	5882.7465775587	1.69774624845264	6.74
GSE90496	GSM2404585	GSM2404585_9611519028_R04C01	ok	486427	0.203981275710435	0.917417895872951	4.11161387011823e-06	5684.01922611296	1.43210278949228	6.71
GSE90496	GSM2404586	GSM2404586_9611519028_R03C02	ok	486427	0.146511192840858	0.982367271419027	4.11161387011823e-06	6579.71643487391	1.56779935766865	6.21
GSE90496	GSM2404587	GSM2404587_9611519030_R01C01	ok	486427	0.143887983191722	0.985364650254407	4.11161387011823e-06	6058.54002089001	1.64468309971744	6.13
GSE90496	GSM2404588	GSM2404588_9611519030_R03C01	ok	486427	0.159639575928145	0.96796628462764	4.11161387011823e-06	6078.60724726909	1.3678153443324	9.06
GSE90496	GSM2404589	GSM2404589_9611519030_R06C01	ok	486427	0.146975805208181	0.980825409878193	4.11161387011823e-06	7256.49269849526	1.86929804236556	7.26
GSE90496	GSM2404590	GSM2404590_9611519054_R04C01	ok	486427	0.231187824689008	0.887351595826695	4.11161387011823e-06	6499.56132706948	1.32439047130308	8.02
GSE90496	GSM2404591	GSM2404591_9611519051_R03C01	ok	486427	0.151147037479416	0.977272960888112	4.11161387011823e-06	6626.46410348535	1.59291497064104	6.89
GSE90496	GSM2404592	GSM2404592_9611518116_R01C02	ok	486427	0.141832176256663	0.987724726319577	4.11161387011823e-06	5547.74696676833	1.09403425886752	7.02
GSE90496	GSM2404593	GSM2404593_9611518117_R06C02	ok	486427	0.171871627191747	0.953067790512412	4.11161387011823e-06	6451.64670579802	1.08734816340489	7.18
GSE90496	GSM2404594	GSM2404594_9611518117_R05C02	ok	486427	0.149693581976329	0.978539343166984	4.11161387011823e-06	6187.30565996168	1.06669451988759	7.35
GSE90496	GSM2404595	GSM2404595_9611518117_R02C02	ok	486427	0.140658310496745	0.988869815490569	4.11161387011823e-06	6411.58462427171	1.06783491405922	7.15
GSE90496	GSM2404596	GSM2404596_9611518115_R06C02	ok	486427	0.165062794622831	0.960448167754536	4.11161387011823e-06	6408.53630005683	1.08065345465084	7.35
GSE90496	GSM2404597	GSM2404597_9611518116_R01C01	ok	486427	0.194240862452125	0.92765174487331	4.11161387011823e-06	5751.67901599968	1.09766953207054	7.33
GSE90496	GSM2404598	GSM2404598_9611518117_R05C01	ok	486427	0.146556420593429	0.982254201572699	4.11161387011823e-06	6482.442750239	1.08542652957097	9.65
GSE90496	GSM2404599	GSM2404599_9611518117_R03C01	ok	486427	0.138884149111789	0.991071593770879	4.11161387011823e-06	6585.74731155209	1.07347054014949	8.56
GSE90496	GSM2404600	GSM2404600_9611518116_R02C02	ok	486427	0.144369042014526	0.984680063730277	4.11161387011823e-06	6300.63958495591	1.09204524764317	6.97
GSE90496	GSM2404601	GSM2404601_9611518166_R03C01	ok	486427	0.142074761475	0.987352623734389	4.11161387011823e-06	6460.13046544998	1.06691958079913	6.53
GSE90496	GSM2404602	GSM2404602_9611518117_R01C02	ok	486427	0.145530572932835	0.983253327851159	4.11161387011823e-06	5822.72155787632	1.08254803631318	6.46
GSE90496	GSM2404603	GSM2404603_9611518117_R04C01	ok	486427	0.155429283325144	0.971767487279642	4.11161387011823e-06	6618.56633033767	1.08694985609879	6.74
GSE90496	GSM2404604	GSM2404604_9611518115_R03C02	ok	486427	0.142929977159985	0.986515906871563	4.11161387011823e-06	6237.84042237884	1.08104007967965	6.1
GSE90496	GSM2404605	GSM2404605_9741950007_R02C02	ok	486427	0.283995337429871	0.830600812047078	4.11161387011823e-06	3593.24533785963	1.22228317573537	9.06
GSE90496	GSM2404606	GSM2404606_9741950007_R03C02	ok	486427	0.206771005721311	0.915325075808192	4.11161387011823e-06	4655.83435475399	1.21265315310915	6.94
GSE90496	GSM2404607	GSM2404607_9741950021_R05C02	ok	486427	0.196387124892327	0.927339260934368	4.11161387011823e-06	5455.1605334331	1.28489366012174	7.59
GSE90496	GSM2404608	GSM2404608_9741950021_R06C02	ok	486427	0.263172068984658	0.854098781929383	4.11161387011823e-06	4796.09151074809	1.39215029010479	7.33
GSE90496	GSM2404609	GSM2404609_9741950023_R01C01	ok	486427	0.248672462671686	0.869548234568536	4.11161387011823e-06	5162.02498894769	1.44682353130057	7.29
GSE90496	GSM2404610	GSM2404610_9741950007_R05C02	ok	486427	0.182845524611093	0.941304414863545	4.11161387011823e-06	5985.61765028993	1.48447372681567	7.2
GSE90496	GSM2404611	GSM2404611_9741950023_R03C01	ok	486427	0.328707082460472	0.781298247417382	4.11161387011823e-06	4507.97013672064	1.39468854434997	7.08
GSE90496	GSM2404612	GSM2404612_9741950008_R03C02	ok	486427	0.172767959015433	0.95316235802025	4.11161387011823e-06	5329.40242311144	1.3486201069439	6.51
GSE90496	GSM2404613	GSM2404613_9741950008_R06C02	ok	486427	0.16622432554114	0.959004985352315	4.11161387011823e-06	6359.46133606508	1.68372521011698	9.28
GSE90496	GSM2404614	GSM2404614_9741950021_R02C01	ok	486427	0.172753568366888	0.953145911497148	4.11161387011823e-06	6057.63618486672	1.46028864048723	6.85
GSE90496	GSM2404615	GSM2404615_9741950021_R03C01	ok	486427	0.17997150651588	0.944283291360436	4.11161387011823e-06	6128.49076534407	1.46349674553052	6.69
GSE90496	GSM2404616	GSM2404616_9741950021_R06C01	ok	486427	0.188780639232608	0.935607750424012	4.11161387011823e-06	6276.7250944301	1.30605364032542	6.86
GSE90496	GSM2404617	GSM2404617_9741950021_R01C02	ok	486427	0.16937382176565	0.956501002210002	4.11161387011823e-06	5652.4493566505	1.4081249135539	7
GSE90496	GSM2404618	GSM2404618_9741950021_R02C02	ok	486427	0.181108367750968	0.943183430127974	4.11161387011823e-06	5636.65637483778	1.4996882095154	6.69
GSE90496	GSM2404619	GSM2404619_9741950021_R03C02	ok	486427	0.154917387398315	0.973290846481986	4.11161387011823e-06	6265.25009518331	1.30839478925387	6.74
GSE90496	GSM2404620	GSM2404620_9741950023_R02C01	ok	486427	0.178775026879676	0.946883897825975	4.11161387011823e-06	6025.28608536434	1.30549483044514	6.98
GSE90496	GSM2404621	GSM2404621_9741950023_R06C01	ok	486427	0.159170851946952	0.968223261551113	4.11161387011823e-06	6773.15996396919	1.39011532142048	6.22
GSE90496	GSM2404622	GSM2404622_9741950023_R01C02	ok	486427	0.154343817263433	0.973183944081821	4.11161387011823e-06	6357.75285879846	1.67667168224558	9.12
GSE90496	GSM2404623	GSM2404623_9741950023_R02C02	ok	486427	0.330878014583894	0.779445957752994	4.11161387011823e-06	3762.78212525441	1.25536236113873	7.07
GSE90496	GSM2404624	GSM2404624_9741950023_R03C02	ok	486427	0.192071986135638	0.931617412756334	4.11161387011823e-06	5761.4774488421	1.26468237557322	7.5
GSE90496	GSM2404625	GSM2404625_9741950023_R04C02	ok	486427	0.174338595513818	0.951708896541091	4.11161387011823e-06	6208.09969976572	1.34426863144888	7.29
GSE90496	GSM2404626	GSM2404626_9741950023_R05C02	ok	486427	0.164978506538494	0.961973582772267	4.11161387011823e-06	6714.4006993062	1.36196071659141	6.82
GSE90496	GSM2404627	GSM2404627_9741950008_R06C01	ok	486427	0.265484851786599	0.849080536567816	4.11161387011823e-06	5154.68939487034	1.35362787812615	6.74
GSE90496	GSM2404628	GSM2404628_9741950008_R02C02	ok	486427	0.174157684503533	0.951094207740145	4.11161387011823e-06	6170.48049680749	1.52254075320812	7.05
GSE90496	GSM2404629	GSM2404629_9741950023_R06C02	ok	486427	0.22170849891145	0.899799557999692	4.11161387011823e-06	5419.45018608907	1.27136196850575	6.88
GSE90496	GSM2404630	GSM2404630_9721365095_R01C02	ok	486427	0.14361867248323	0.985631906254818	4.11161387011823e-06	6609.05256829363	1.06404156019748	6.89
GSE90496	GSM2404631	GSM2404631_9721365095_R06C01	ok	486427	0.205054406930536	0.914813177776636	4.11161387011823e-06	6047.25713615342	1.06679310567251	7.24
GSE90496	GSM2404632	GSM2404632_9721365095_R02C01	ok	486427	0.142921753932245	0.986633088348666	4.11161387011823e-06	6603.83085448817	1.08675284945547	8.74
GSE90496	GSM2404633	GSM2404633_9721365103_R03C01	ok	486427	0.206185100744819	0.913705093282623	4.11161387011823e-06	6326.37998257759	1.09205937339591	7.61
GSE90496	GSM2404634	GSM2404634_9721365105_R01C01	ok	486427	0.170309213921102	0.955528601531582	4.11161387011823e-06	6358.69707234614	1.08787412173917	7.56
GSE90496	GSM2404635	GSM2404635_9721365137_R03C01	ok	486427	0.142097375351286	0.987735005396515	4.11161387011823e-06	6816.2475397706	1.08011835120904	6.43
GSE90496	GSM2404636	GSM2404636_9721365103_R01C01	ok	486427	0.141928799182611	0.987578763427044	4.11161387011823e-06	6255.5220742603	1.10944016754849	6.7
GSE90496	GSM2404637	GSM2404637_9721365095_R03C02	ok	486427	0.157102710170282	0.970017988384643	4.11161387011823e-06	6625.56109821307	1.07202533658026	6.09
GSE90496	GSM2404638	GSM2404638_9721365105_R04C01	ok	486427	0.139905885158513	0.990249267615768	4.11161387011823e-06	7376.39316506585	1.06462447923867	6.64
GSE90496	GSM2404639	GSM2404639_9721365104_R03C02	ok	486427	0.141762278820871	0.987735005396515	4.11161387011823e-06	6752.4955347467	1.06766072737694	8.91
GSE90496	GSM2404640	GSM2404640_9721365104_R02C02	ok	486427	0.151658933406246	0.976804234979699	4.11161387011823e-06	6199.40748630175	1.07897161207612	6.96
GSE90496	GSM2404641	GSM2404641_9721365137_R06C01	ok	486427	0.199927224434499	0.920896335509071	4.11161387011823e-06	6513.83424350083	1.0975834722441	9.38
GSE90496	GSM2404642	GSM2404642_9721365103_R03C02	ok	486427	0.142831298427102	0.986869507118261	4.11161387011823e-06	6680.80060757999	1.06745185995233	7.52
GSE90496	GSM2404643	GSM2404643_9721365104_R04C01	ok	486427	0.145376387412705	0.983656267667164	4.11161387011823e-06	6237.83726518975	1.07271559635231	6.43
GSE90496	GSM2404644	GSM2404644_9721365105_R02C02	ok	486427	0.1481496709681	0.980525260831577	4.11161387011823e-06	6526.95036479596	1.0788056261814	6.45
GSE90496	GSM2404645	GSM2404645_9721365105_R05C02	ok	486427	0.173277799135328	0.952074831680115	4.11161387011823e-06	6654.121530703	1.08761410486417	6.87
GSE90496	GSM2404646	GSM2404646_9721365104_R06C02	ok	486427	0.154816652858497	0.972386287711363	4.11161387011823e-06	6920.49850816483	1.07986824462632	6.81
GSE90496	GSM2404647	GSM2404647_9721365137_R03C02	ok	486427	0.147547319536128	0.981183121755666	4.11161387011823e-06	6621.49424685146	1.08555106274941	6.93
GSE90496	GSM2404648	GSM2404648_9741950025_R05C01	ok	486427	0.146445407018936	0.981840982679755	4.11161387011823e-06	6862.44221318539	1.54899583645705	6.33
GSE90496	GSM2404649	GSM2404649_9741950027_R05C01	ok	486427	0.21353666634459	0.906949683918384	4.11161387011823e-06	4588.55148667932	1.41724305229058	6.8
GSE90496	GSM2404650	GSM2404650_9741950025_R06C02	ok	486427	0.147308845931661	0.981117335663257	4.11161387011823e-06	6642.08907301926	1.45201638982793	6.48
GSE90496	GSM2404651	GSM2404651_9741950027_R02C01	ok	486427	0.153928544262551	0.972910520635247	4.11161387011823e-06	5335.78879378807	1.79465753674642	7.08
GSE90496	GSM2404652	GSM2404652_9741950030_R01C01	ok	486427	0.155655422088001	0.971502287094619	4.11161387011823e-06	4669.09737949672	1.53407426384056	6.76
GSE90496	GSM2404653	GSM2404653_9741950030_R04C01	ok	486427	0.160583191311338	0.965953641363006	4.11161387011823e-06	5535.98711225779	1.56018873655973	6.95
GSE90496	GSM2404654	GSM2404654_9741950099_R02C01	ok	486427	0.179632298371595	0.944653338130236	4.11161387011823e-06	6245.2736835067	1.29853860075833	10.94
GSE90496	GSM2404655	GSM2404655_9741950109_R01C01	ok	486427	0.20013897254881	0.922633499511744	4.11161387011823e-06	5201.79381964411	1.20556744507986	6.8
GSE90496	GSM2404656	GSM2404656_9741950109_R02C01	ok	486427	0.183593838335454	0.940656833016395	4.11161387011823e-06	5661.22939155876	1.30674256587902	6.92
GSE90496	GSM2404657	GSM2404657_9741950109_R03C01	ok	486427	0.162606105335436	0.96435832862209	4.11161387011823e-06	5688.25013816866	1.3345390331484	6.73
GSE90496	GSM2404658	GSM2404658_9741950109_R04C01	ok	486427	0.166802007289891	0.959845813845917	4.11161387011823e-06	5969.46551660735	1.30795610575133	6.41
GSE90496	GSM2404659	GSM2404659_9741950109_R06C01	ok	486427	0.227452423488005	0.891319319525107	4.11161387011823e-06	5411.14528061493	1.22172536572565	6.67
GSE90496	GSM2404660	GSM2404660_9741950109_R01C02	ok	486427	0.165445174712752	0.960871665724418	4.11161387011823e-06	6177.2285984213	1.25687447224824	6.74
GSE90496	GSM2404661	GSM2404661_9741950109_R02C02	ok	486427	0.188591504994583	0.935515238731562	4.11161387011823e-06	5951.24383101658	1.27359236830742	6.92
GSE90496	GSM2404662	GSM2404662_9741950109_R03C02	ok	486427	0.17508279762431	0.950600812047078	4.11161387011823e-06	5875.44169202337	1.34597329355103	6.94
GSE90496	GSM2404663	GSM2404663_9741950109_R04C02	ok	486427	0.184726587956672	0.940101762861695	4.11161387011823e-06	6034.37483685157	1.27415124290538	7.16
GSE90496	GSM2404664	GSM2404664_9741950109_R06C02	ok	486427	0.191956860947275	0.931220640386493	4.11161387011823e-06	6109.15780247069	1.27584172262781	6.98
GSE90496	GSM2404665	GSM2404665_9741950099_R05C01	ok	486427	0.207652946896451	0.914492470576142	4.11161387011823e-06	5662.66615039115	1.25971958990111	6.92
GSE90496	GSM2404666	GSM2404666_9741950099_R01C02	ok	486427	0.189859937873514	0.934456493806856	4.11161387011823e-06	5711.50921396093	1.25287506602824	7.16
GSE90496	GSM2404667	GSM2404667_9741950099_R04C02	ok	486427	0.204711087172381	0.917549468057768	4.11161387011823e-06	6252.37705821356	1.30104648665144	6.81
GSE90496	GSM2404668	GSM2404668_9741950099_R05C02	ok	486427	0.172214946949902	0.953450172174539	4.11161387011823e-06	7186.15524011433	1.34571874823471	6.98
GSE90496	GSM2404669	GSM2404669_9741950100_R05C01	ok	486427	0.176519806671916	0.94934059721437	4.11161387011823e-06	6044.37417169612	1.29371793437758	7.72
GSE90496	GSM2404670	GSM2404670_9741950100_R06C01	ok	486427	0.17631833759228	0.949301536722002	4.11161387011823e-06	6001.60281673909	1.26043327230421	7.29
GSE90496	GSM2404671	GSM2404671_9741950100_R02C02	ok	486427	0.188262575884973	0.937196895718764	4.11161387011823e-06	5853.25282929689	1.2054746835545	10.59
GSE90496	GSM2404672	GSM2404672_9741950100_R04C02	ok	486427	0.181445520088317	0.94363159788251	4.11161387011823e-06	5485.74026663365	1.27367351241869	6.69
GSE90496	GSM2404673	GSM2404673_9741950099_R01C01	ok	486427	0.182403526120055	0.942757876342704	4.11161387011823e-06	5591.93310838734	1.31658326981511	6.78
GSE90496	GSM2404674	GSM2404674_9741950100_R06C02	ok	486427	0.284328378153351	0.82845248496685	4.11161387011823e-06	4395.99857260235	1.24037069961656	6.63
GSE90496	GSM2404675	GSM2404675_9741950102_R01C01	ok	486427	0.215062075090404	0.906567302256257	4.11161387011823e-06	4273.2306870301	1.29675029608104	6.54
GSE90496	GSM2404676	GSM2404676_9741950102_R02C01	ok	486427	0.210763382789196	0.911638998817906	4.11161387011823e-06	4733.39136737355	1.32151546230049	6.87
GSE90496	GSM2404677	GSM2404677_9741950102_R05C01	ok	486427	0.18795214903778	0.935862671532096	4.11161387011823e-06	5920.72547110255	1.36051828215122	6.58
GSE90496	GSM2404678	GSM2404678_9741950102_R02C02	ok	486427	0.15755293188906	0.970087886107827	4.11161387011823e-06	5186.43186039428	1.41934895829901	6.66
GSE90496	GSM2404679	GSM2404679_9741950102_R05C02	ok	486427	0.170897174704529	0.955090712853986	4.11161387011823e-06	6081.95573743929	1.36690415508159	6.55
GSE90496	GSM2404680	GSM2404680_9741950087_R02C01	ok	486427	0.146679769009533	0.981446266125302	4.11161387011823e-06	6096.22217536554	1.47601424626266	6.87
GSE90496	GSM2404681	GSM2404681_9741950085_R01C01	ok	486427	0.174842268212908	0.948678624659506	4.11161387011823e-06	5382.06393372626	1.56703301527559	6.89
GSE90496	GSM2404682	GSM2404682_9741950085_R06C01	ok	486427	0.147358185298102	0.980704116770314	4.11161387011823e-06	6312.49194849556	1.45977238892723	6.76
GSE90496	GSM2404683	GSM2404683_9741950087_R02C02	ok	486427	0.155174363265197	0.971911394356787	4.11161387011823e-06	5762.82289460102	1.51028258871599	7.02
GSE90496	GSM2404684	GSM2404684_9741950087_R03C02	ok	486427	0.190859060043953	0.933321683712803	4.11161387011823e-06	5155.43730758945	1.30030588467558	6.88
GSE90496	GSM2404685	GSM2404685_9741950075_R01C01	ok	486427	0.152411358744478	0.975447396823765	4.11161387011823e-06	5269.13877938322	1.08828981944691	7.07
GSE90496	GSM2404686	GSM2404686_9647455008_R06C01	ok	486427	0.227588106745719	0.89195456647993	4.11161387011823e-06	5387.92341965772	1.3395865904188	7.09
GSE90496	GSM2404687	GSM2404687_9647455008_R02C02	ok	486427	0.2601253631069	0.85572082027034	4.11161387011823e-06	4805.61024520323	1.31303066003653	6.87
GSE90496	GSM2404688	GSM2404688_9647455112_R01C02	ok	486427	0.185631143008098	0.938344040705145	4.11161387011823e-06	5342.20971253688	1.42103088000101	10.83
GSE90496	GSM2404689	GSM2404689_9647455131_R04C02	ok	486427	0.141400456800301	0.988057768412397	4.11161387011823e-06	7099.66206804981	1.66638188778086	6.91
GSE90496	GSM2404690	GSM2404690_9647455233_R02C01	ok	486427	0.141425126483522	0.987833684535129	4.11161387011823e-06	7425.68442613396	1.9240883773252	6.66
GSE90496	GSM2404691	GSM2404691_9647455131_R04C01	ok	486427	0.174455776509116	0.950683044662589	4.11161387011823e-06	6579.06038828365	1.66481056415485	6.32
GSE90496	GSM2404692	GSM2404692_9647455131_R06C01	ok	486427	0.222779574324616	0.89795960322763	4.11161387011823e-06	5860.74592790463	1.39339347218443	6.72
GSE90496	GSM2404693	GSM2404693_9647455233_R06C01	ok	486427	0.194777428062176	0.927863493858252	4.11161387011823e-06	6839.78377799549	1.34060934054084	7.08
GSE90496	GSM2404694	GSM2404694_6969568075_R05C01	ok	486427	0.136365785616341	0.99393945623683	4.11161387011823e-06	8721.21499699617	1.04891107379302	7.39
GSE90496	GSM2404695	GSM2404695_6969568075_R02C02	ok	486427	0.138199565402414	0.991840468725908	4.11161387011823e-06	6743.52857799082	1.05514139525688	6.93
GSE90496	GSM2404696	GSM2404696_8784241104_R01C02	ok	486427	0.138509992249608	0.991155882201778	4.11161387011823e-06	9037.06603964477	1.05855152437516	6.97
GSE90496	GSM2404697	GSM2404697_9513149129_R06C02	ok	486427	0.251022249998458	0.865535282931593	4.11161387011823e-06	5243.06574218945	1.20326366952954	6.91
GSE90496	GSM2404698	GSM2404698_9721365197_R01C01	ok	486427	0.163710073659562	0.961420568432955	4.11161387011823e-06	6519.04229868227	1.77479272382337	7.06
GSE90496	GSM2404699	GSM2404699_9741950149_R02C02	ok	486427	0.165827554802673	0.9588898596906	4.11161387011823e-06	5982.15337872686	1.91103752310063	6.75
GSE90496	GSM2404700	GSM2404700_9741950149_R05C02	ok	486427	0.159530618160587	0.966126329855579	4.11161387011823e-06	6127.97255651864	1.79983889600341	6.73
GSE90496	GSM2404701	GSM2404701_9513149129_R05C01	ok	486427	0.180226426575827	0.942215141080331	4.11161387011823e-06	6029.18260541058	2.02052320174002	6.81
GSE90496	GSM2404702	GSM2404702_9513149129_R02C02	ok	486427	0.177794406971652	0.944505319422316	4.11161387011823e-06	5410.34300101671	2.19010849749286	7.49
GSE90496	GSM2404703	GSM2404703_9721365197_R02C01	ok	486427	0.176462244077734	0.9483599732744	4.11161387011823e-06	6623.59848862071	1.54129890237099	7.19
GSE90496	GSM2404704	GSM2404704_9721365197_R03C02	ok	486427	0.300700824584162	0.811905226910623	4.11161387011823e-06	4751.65587314102	1.35564549584238	7.31
GSE90496	GSM2404705	GSM2404705_9721365197_R04C02	ok	486427	0.215218316417469	0.906078018193966	4.11161387011823e-06	5264.33020990107	1.58802171571791	10.22
GSE90496	GSM2404706	GSM2404706_9721365197_R06C02	ok	486427	0.19804616108892	0.922549211080845	4.11161387011823e-06	5599.78960360347	1.79163077195962	7.08
GSE90496	GSM2404707	GSM2404707_9741950140_R02C01	ok	486427	0.151455408519675	0.975792773808912	4.11161387011823e-06	5818.43767569724	2.02410570488604	6.42
GSE90496	GSM2404708	GSM2404708_9721366150_R06C02	ok	486427	0.215777495903805	0.903541142005448	4.11161387011823e-06	7583.10753073685	1.2310241441546	6.77
GSE90496	GSM2404709	GSM2404709_9721366135_R06C01	ok	486427	0.184340096252881	0.939746106799609	4.11161387011823e-06	7628.79927693892	1.37951173025271	6.9
GSE90496	GSM2404710	GSM2404710_9721366135_R01C02	ok	486427	0.159995230527911	0.966876702472118	4.11161387011823e-06	6864.78862950286	1.48355198275527	7.25
GSE90496	GSM2404711	GSM2404711_9721366135_R03C01	ok	486427	0.152717673977801	0.975375443285193	4.11161387011823e-06	8146.59383779116	1.73710492651604	7.11
GSE90496	GSM2404712	GSM2404712_9721366135_R03C02	ok	486427	0.169287477874378	0.956649020917922	4.11161387011823e-06	7595.83076169228	1.39561272069496	6.88
GSE90496	GSM2404713	GSM2404713_9721366138_R04C02	ok	486427	0.166816397938437	0.959132445906358	4.11161387011823e-06	8349.57494049698	1.662499438386	6.75
GSE90496	GSM2404714	GSM2404714_9721366149_R05C01	ok	486427	0.149124123455318	0.978524952459269	4.11161387011823e-06	9388.28020586208	1.81247528876801	7.01
GSE90496	GSM2404715	GSM2404715_9721366149_R02C02	ok	486427	0.16171388512562	0.964461119391479	4.11161387011823e-06	6311.23739010891	1.75624087826813	6.9
GSE90496	GSM2404716	GSM2404716_9721366150_R01C01	ok	486427	0.146282998271066	0.98270648095801	4.11161387011823e-06	6566.13655937831	1.75031899045403	6.79
GSE90496	GSM2404717	GSM2404717_9721366138_R06C01	ok	486427	0.158453375326616	0.967775093796577	4.11161387011823e-06	8159.92521977714	1.92414189584568	7.37
GSE90496	GSM2404718	GSM2404718_9721366150_R04C01	ok	486427	0.14067270114529	0.988746466567302	4.11161387011823e-06	8256.85528355329	1.8601701636643	6.95
GSE90496	GSM2404719	GSM2404719_9721366150_R01C02	ok	486427	0.171972361731565	0.952880711312124	4.11161387011823e-06	6065.5619692244	1.88816960054459	7.33
GSE90496	GSM2404720	GSM2404720_9721367020_R04C02	ok	486427	0.151340283331312	0.976580151102431	4.11161387011823e-06	6993.69753544036	1.10054471602379	7.1
GSE90496	GSM2404721	GSM2404721_9741950111_R01C02	ok	486427	0.181137149048059	0.943547309451611	4.11161387011823e-06	4992.00441274273	1.39029691308254	6.93
GSE90496	GSM2404722	GSM2404722_9741950111_R05C02	ok	486427	0.195396225949629	0.928393894228298	4.11161387011823e-06	4865.95195368102	1.263699755684	10.57
GSE90496	GSM2404723	GSM2404723_9741950120_R02C01	ok	486427	0.248401096156258	0.868960271367631	4.11161387011823e-06	4438.33282952325	1.30573092453062	6.87
GSE90496	GSM2404724	GSM2404724_9741950101_R02C01	ok	486427	0.148885649850851	0.979293827414298	4.11161387011823e-06	5122.16758337881	1.5681318676569	6.57
GSE90496	GSM2404725	GSM2404725_9741950120_R04C01	ok	486427	0.181459910736863	0.942519401757722	4.11161387011823e-06	5615.4964674092	1.44154607141975	6.47
GSE90496	GSM2404726	GSM2404726_9741950120_R06C01	ok	486427	0.235346722118632	0.882978876496891	4.11161387011823e-06	4814.33995013511	1.27263025260684	6.41
GSE90496	GSM2404727	GSM2404727_9741950120_R01C02	ok	486427	0.192435863963143	0.930597728323996	4.11161387011823e-06	3902.87344451679	1.40671122084545	6.72
GSE90496	GSM2404728	GSM2404728_9741950120_R02C02	ok	486427	0.228988111268495	0.889608881122475	4.11161387011823e-06	3404.43850387223	1.34354441521479	6.35
GSE90496	GSM2404729	GSM2404729_9741950120_R03C02	ok	486427	0.231124094674021	0.887326926042041	4.11161387011823e-06	3498.09803990684	1.38313670360143	6.45
GSE90496	GSM2404730	GSM2404730_9741950120_R04C02	ok	486427	0.191765670902314	0.931886724572133	4.11161387011823e-06	3918.99408754007	1.34433877427412	6.63
GSE90496	GSM2404731	GSM2404731_9741950120_R05C02	ok	486427	0.19752193032048	0.925828236624351	4.11161387011823e-06	4316.40319492924	1.32292186285653	6.76
GSE90496	GSM2404732	GSM2404732_9741950101_R04C01	ok	486427	0.197104601512663	0.924705761422624	4.11161387011823e-06	5539.26966203986	1.63325165251495	6.69
GSE90496	GSM2404733	GSM2404733_9741950101_R05C01	ok	486427	0.171073974100944	0.954101865652464	4.11161387011823e-06	5874.80441522226	1.49741850024172	6.84
GSE90496	GSM2404734	GSM2404734_9741950101_R01C02	ok	486427	0.24256671607456	0.875783522639667	4.11161387011823e-06	4384.00249528514	1.41587764212523	7.16
GSE90496	GSM2404735	GSM2404735_9741950111_R06C01	ok	486427	0.174470167157662	0.951182607801819	4.11161387011823e-06	5502.00676698361	1.21232474468411	6.98
GSE90496	GSM2404736	GSM2404736_9741779119_R06C01	ok	486427	0.347604059807535	0.75599321580922	4.11161387011823e-06	4010.65522199431	1.46213547236935	6.84
GSE90496	GSM2404737	GSM2404737_9741779119_R01C02	ok	486427	0.176466355691604	0.947492419180758	4.11161387011823e-06	5245.45811746604	1.69436732127572	8.53
GSE90496	GSM2404738	GSM2404738_9741779119_R05C02	ok	486427	0.203496105273762	0.916256360178856	4.11161387011823e-06	5125.46055889942	1.7105368168718	6.87
GSE90496	GSM2404739	GSM2404739_9741950101_R06C02	ok	486427	0.223486771910276	0.894988949992291	4.11161387011823e-06	4797.85371890778	1.21870273792245	10.45
GSE90496	GSM2404740	GSM2404740_9741950107_R01C01	ok	486427	0.17456679008361	0.948795806136609	4.11161387011823e-06	4645.36200448756	1.82596360696301	6.8
GSE90496	GSM2404741	GSM2404741_9761749097_R04C01	ok	486427	0.146866847440623	0.982241866680372	4.11161387011823e-06	6493.78284549277	1.08429696069231	6.69
GSE90496	GSM2404742	GSM2404742_9741950152_R02C02	ok	486427	0.141069471883756	0.98821195456648	4.11161387011823e-06	5431.56903750476	1.14325375978134	6.08
GSE90496	GSM2404743	GSM2404743_9741950152_R06C02	ok	486427	0.143141725274296	0.985714138870329	4.11161387011823e-06	5864.03044849201	1.10697895326508	6.63
GSE90496	GSM2404744	GSM2404744_9761749012_R05C01	ok	486427	0.153667456781799	0.973891144575217	4.11161387011823e-06	6216.01427124979	1.19478390775871	6.61
GSE90496	GSM2404745	GSM2404745_9761749012_R06C01	ok	486427	0.190737767434785	0.930494937554608	4.11161387011823e-06	5796.44680514176	1.19809053232476	6.52
GSE90496	GSM2404746	GSM2404746_9761749088_R03C01	ok	486427	0.154187575936369	0.972937246235288	4.11161387011823e-06	5461.18210789408	1.21619327202795	6.6
GSE90496	GSM2404747	GSM2404747_9761749088_R06C01	ok	486427	0.190357443151799	0.930867040139795	4.11161387011823e-06	5515.77480343245	1.13827847221561	6.74
GSE90496	GSM2404748	GSM2404748_9769100008_R01C02	ok	486427	0.143668011849671	0.985448938685306	4.11161387011823e-06	6667.06380284907	1.07201889746225	6.48
GSE90496	GSM2404749	GSM2404749_9769100023_R02C01	ok	486427	0.15094556839978	0.976888523410598	4.11161387011823e-06	7120.65672534929	1.0674811124201	6.67
GSE90496	GSM2404750	GSM2404750_9769100023_R06C02	ok	486427	0.145912953022756	0.982648918127152	4.11161387011823e-06	8490.40811437503	1.06389476032449	7.04
GSE90496	GSM2404751	GSM2404751_9769100024_R02C01	ok	486427	0.149751144570511	0.978191910366449	4.11161387011823e-06	7250.33249336998	1.08311558269097	7.19
GSE90496	GSM2404752	GSM2404752_9769100024_R04C01	ok	486427	0.1568457343034	0.970388035154443	4.11161387011823e-06	7477.2260981847	1.09769939249907	7.01
GSE90496	GSM2404753	GSM2404753_9769100024_R05C01	ok	486427	0.157748233547891	0.969010638844632	4.11161387011823e-06	7532.11375386616	1.15354810805315	7.32
GSE90496	GSM2404754	GSM2404754_9769100024_R06C01	ok	486427	0.148106499022464	0.980469753816107	4.11161387011823e-06	7499.58329099531	1.10272343132587	8.71
GSE90496	GSM2404755	GSM2404755_9769100024_R01C02	ok	486427	0.145341438694809	0.983547309451611	4.11161387011823e-06	6928.0689236141	1.1163472042908	7.33
GSE90496	GSM2404756	GSM2404756_9769100024_R02C02	ok	486427	0.145803995255198	0.983008685820013	4.11161387011823e-06	7218.28121536249	1.10278542621942	8.01
GSE90496	GSM2404757	GSM2404757_9769100024_R04C02	ok	486427	0.154660411531432	0.972474687773038	4.11161387011823e-06	7525.63217473185	1.10515663920121	6.93
GSE90496	GSM2404758	GSM2404758_9769100024_R06C02	ok	486427	0.147670667952231	0.9806897260626	4.11161387011823e-06	7700.24582161667	1.13650284382771	7.51
GSE90496	GSM2404759	GSM2404759_9829119072_R04C01	ok	486427	0.368172408192802	0.736362234671327	4.11161387011823e-06	5298.08926617525	1.17528576754043	7.21
GSE90496	GSM2404760	GSM2404760_9769100071_R04C02	ok	486427	0.163309191307226	0.963431155882202	4.11161387011823e-06	9013.19883461817	1.31929771855638	7.28
GSE90496	GSM2404761	GSM2404761_9829119072_R04C02	ok	486427	0.157988762959293	0.968622089736342	4.11161387011823e-06	8804.94373314689	1.88369206887525	7.09
GSE90496	GSM2404762	GSM2404762_9829119072_R05C02	ok	486427	0.183986497460051	0.940303232769697	4.11161387011823e-06	8318.59586956327	1.46644028634993	7.17
GSE90496	GSM2404763	GSM2404763_9829119119_R01C01	ok	486427	0.271142432471882	0.843237909235751	4.11161387011823e-06	6411.93999799199	1.22267031394123	7.4
GSE90496	GSM2404764	GSM2404764_9829119119_R03C02	ok	486427	0.161234882109751	0.964989463946138	4.11161387011823e-06	8457.70975137041	1.75358113459717	10.38
GSE90496	GSM2404765	GSM2404765_9829119119_R04C02	ok	486427	0.176733610593162	0.947467749396104	4.11161387011823e-06	8292.20991225742	1.56716765443948	7.91
GSE90496	GSM2404766	GSM2404766_9829119122_R05C01	ok	486427	0.279211474691989	0.835929485532199	4.11161387011823e-06	6952.21391198072	1.32946713277553	7.08
GSE90496	GSM2404767	GSM2404767_9829119122_R06C01	ok	486427	0.191218826257588	0.932291720203526	4.11161387011823e-06	8465.53672597492	1.5412015739762	6.6
GSE90496	GSM2404768	GSM2404768_9829119122_R03C02	ok	486427	0.186603539688381	0.937747854242689	4.11161387011823e-06	7511.5267026484	1.42843515775741	6.87
GSE90496	GSM2404769	GSM2404769_9829119122_R06C02	ok	486427	0.196450854907314	0.927074060749345	4.11161387011823e-06	7608.90290239529	1.42517029320735	6.27
GSE90496	GSM2404770	GSM2404770_9829119124_R01C01	ok	486427	0.165661034440934	0.960045227938531	4.11161387011823e-06	7187.52083161396	1.64067289483909	6.4
GSE90496	GSM2404771	GSM2404771_9829119124_R02C01	ok	486427	0.179675470317232	0.945021329084648	4.11161387011823e-06	7151.30599141815	1.47996063809698	9.03
GSE90496	GSM2404772	GSM2404772_9829119124_R03C01	ok	486427	0.198146895628738	0.925620599270186	4.11161387011823e-06	6994.7072113543	1.28417570844264	7.53
GSE90496	GSM2404773	GSM2404773_9829119124_R04C01	ok	486427	0.198827367724242	0.923593565297836	4.11161387011823e-06	7273.40243186641	1.3557049106741	7.89
GSE90496	GSM2404774	GSM2404774_9829119124_R02C02	ok	486427	0.184033781019557	0.940124376830961	4.11161387011823e-06	7396.51655619474	1.27898674805057	6.77
GSE90496	GSM2404775	GSM2404775_9769100007_R02C02	ok	486427	0.154997563868782	0.972240324818831	4.11161387011823e-06	7200.7228926012	1.07824299107343	6.98
GSE90496	GSM2404776	GSM2404776_9769100008_R02C01	ok	486427	0.163041936405668	0.963305751143547	4.11161387011823e-06	6555.21419897571	1.07964210285766	7.23
GSE90496	GSM2404777	GSM2404777_9829119256_R01C02	ok	486427	0.143156115922841	0.986168474071028	4.11161387011823e-06	6295.69591635238	1.07540690754564	7.48
GSE90496	GSM2404778	GSM2404778_9533774023_R05C02	ok	486427	0.225197203280246	0.895097908207843	4.11161387011823e-06	5666.38531784963	1.36675805478532	7.37
GSE90496	GSM2404779	GSM2404779_9533774023_R06C02	ok	486427	0.224179578847391	0.894353703037467	4.11161387011823e-06	6637.60566573139	1.51399134043729	7.09
GSE90496	GSM2404780	GSM2404780_9533774023_R04C01	ok	486427	0.196187711619626	0.927514005242329	4.11161387011823e-06	5511.78782390026	1.35114499755651	7.37
GSE90496	GSM2404781	GSM2404781_9533774023_R01C02	ok	486427	0.151901518624583	0.97557280156242	4.11161387011823e-06	6300.88378320418	1.49174560236091	7.22
GSE90496	GSM2404782	GSM2404782_9533774013_R02C02	ok	486427	0.203027381292568	0.919582669476281	4.11161387011823e-06	5990.99809885964	1.34389850895732	7.6
GSE90496	GSM2404783	GSM2404783_9533774013_R03C02	ok	486427	0.217588661813592	0.903650100221	4.11161387011823e-06	5384.66841562647	1.4534772892563	9.95
GSE90496	GSM2404784	GSM2404784_9533774013_R04C02	ok	486427	0.214030060009004	0.907309451611245	4.11161387011823e-06	5624.19887788255	1.30544127512842	7.45
GSE90496	GSM2404785	GSM2404785_9533774018_R01C02	ok	486427	0.192703118864701	0.930716965616488	4.11161387011823e-06	5611.19750014598	1.42589392237967	6.34
GSE90496	GSM2404786	GSM2404786_9533774018_R03C02	ok	486427	0.158428705643396	0.96818831268952	4.11161387011823e-06	6003.50016324097	1.69393074334568	6.32
GSE90496	GSM2404787	GSM2404787_9533774018_R04C02	ok	486427	0.156932078194673	0.970379811892892	4.11161387011823e-06	6127.86964946955	1.47800675799383	6.13
GSE90496	GSM2404788	GSM2404788_9533774018_R05C02	ok	486427	0.162005809710398	0.964128077298659	4.11161387011823e-06	6785.73363620445	1.538193001252	8.99
GSE90496	GSM2404789	GSM2404789_9533774018_R06C02	ok	486427	0.154436328575511	0.973327851158966	4.11161387011823e-06	7091.03417388912	1.59937024890672	7.29
GSE90496	GSM2404790	GSM2404790_9533774021_R04C02	ok	486427	0.229674750784804	0.888424731459115	4.11161387011823e-06	5922.67177841439	1.61606040075866	7.68
GSE90496	GSM2404791	GSM2404791_9513149159_R02C02	ok	486427	0.143086218487049	0.986413116102174	4.11161387011823e-06	6179.80264909875	1.06264426457577	6.52
GSE90496	GSM2404792	GSM2404792_9533774057_R03C02	ok	486427	0.137165494514079	0.993332990697435	4.11161387011823e-06	7563.95474284355	1.06134484398486	6.89
GSE90496	GSM2404793	GSM2404793_9533774066_R03C02	ok	486427	0.141414847448846	0.988370252351339	4.11161387011823e-06	7991.03496390073	1.0678476273442	6.95
GSE90496	GSM2404794	GSM2404794_9533774066_R01C02	ok	486427	0.137667111406234	0.992679241404122	4.11161387011823e-06	7333.33569276693	1.10582230955777	6.92
GSE90496	GSM2404795	GSM2404795_9533774066_R02C02	ok	486427	0.141608093300742	0.988325024412808	4.11161387011823e-06	7935.18812242665	1.06008946230683	6.87
GSE90496	GSM2404796	GSM2404796_9533774057_R02C02	ok	486427	0.143842755439151	0.985455106131469	4.11161387011823e-06	7313.71403284258	1.15185833955772	6.95
GSE90496	GSM2404797	GSM2404797_9533774066_R02C01	ok	486427	0.142543485456194	0.98754587038084	4.11161387011823e-06	7218.88944423494	1.13828359232029	6.94
GSE90496	GSM2404798	GSM2404798_9533774066_R04C01	ok	486427	0.147724118932543	0.981483270802282	4.11161387011823e-06	7570.33269143597	1.12098570244666	6.86
GSE90496	GSM2404799	GSM2404799_9533774066_R01C01	ok	486427	0.144632185302214	0.985064501207792	4.11161387011823e-06	6742.54563078592	1.14080764445103	6.92
GSE90496	GSM2404800	GSM2404800_9533774066_R06C01	ok	486427	0.140321158159395	0.98993267204605	4.11161387011823e-06	8164.61022408856	1.09846380227375	7.95
GSE90496	GSM2404801	GSM2404801_9533774057_R06C02	ok	486427	0.14398460611767	0.985806650562779	4.11161387011823e-06	6814.84053034947	1.11124835372903	9.69
GSE90496	GSM2404802	GSM2404802_9533774057_R01C02	ok	486427	0.143086218487049	0.986468623117644	4.11161387011823e-06	7229.71567100447	1.07856903936123	6.66
GSE90496	GSM2404803	GSM2404803_9533774057_R04C02	ok	486427	0.145664200383614	0.983514416405407	4.11161387011823e-06	7669.96937053098	1.06513706866056	6.01
GSE90496	GSM2404804	GSM2404804_9533774057_R05C02	ok	486427	0.139505002806176	0.990701547001079	4.11161387011823e-06	7782.64185357906	1.13475703332416	6.14
GSE90496	GSM2404805	GSM2404805_9533774066_R05C02	ok	486427	0.137747287876701	0.992705967004163	4.11161387011823e-06	8289.06621811906	1.08367101359057	9.65
GSE90496	GSM2404806	GSM2404806_9533774066_R05C01	ok	486427	0.143051269769153	0.986904455979853	4.11161387011823e-06	8241.23696892768	1.12836135920607	7.38
GSE90496	GSM2404807	GSM2404807_9533774066_R04C02	ok	486427	0.14172527429604	0.988234568535746	4.11161387011823e-06	8191.29796275797	1.06361892569896	7.97
GSE90496	GSM2404808	GSM2404808_9533774066_R06C02	ok	486427	0.142156993752403	0.987765842627332	4.11161387011823e-06	8386.52073194929	1.1201132212517	6.95
GSE90496	GSM2404809	GSM2404809_9533774047_R05C02	ok	486427	0.140384888174382	0.989753816107314	4.11161387011823e-06	8586.67380956668	1.06217590155398	6.95
GSE90496	GSM2404810	GSM2404810_9533774067_R01C01	ok	486427	0.139513226033917	0.990522691062343	4.11161387011823e-06	6888.77945513917	1.12675347738043	7.13
GSE90496	GSM2404811	GSM2404811_9533774067_R04C02	ok	486427	0.138867702656308	0.991386133525209	4.11161387011823e-06	8007.83074750419	1.14154535116556	7.11
GSE90496	GSM2404812	GSM2404812_9533774041_R04C02	ok	486427	0.204552790038382	0.917508351750013	4.11161387011823e-06	7779.0400102898	1.16668429033425	6.95
GSE90496	GSM2404813	GSM2404813_9533774041_R06C02	ok	486427	0.22151730886649	0.899040962121601	4.11161387011823e-06	7490.43094055402	1.20022827027738	7.06
GSE90496	GSM2404814	GSM2404814_9533774046_R04C01	ok	486427	0.191239384326939	0.931859998972092	4.11161387011823e-06	8206.94331494792	1.3209802126313	7.03
GSE90496	GSM2404815	GSM2404815_9533774046_R05C01	ok	486427	0.185690761409215	0.93901423652156	4.11161387011823e-06	8449.95947861199	1.2312729422077	9.81
GSE90496	GSM2404816	GSM2404816_9533774046_R06C01	ok	486427	0.183040826269923	0.941470935909955	4.11161387011823e-06	8447.90509919832	1.31428975826831	8.66
GSE90496	GSM2404817	GSM2404817_9533774046_R03C02	ok	486427	0.224683251546481	0.897501156396156	4.11161387011823e-06	6771.92678445653	1.06263008140317	6.71
GSE90496	GSM2404818	GSM2404818_9533774046_R05C02	ok	486427	0.283212074987614	0.83186719432595	4.11161387011823e-06	6531.3043655325	1.0522212121249	6.68
GSE90496	GSM2404819	GSM2404819_9533774041_R01C02	ok	486427	0.253170568245595	0.861775196587346	4.11161387011823e-06	6296.10793898538	1.24704796822331	6.55
GSE90496	GSM2404820	GSM2404820_9533774024_R04C01	ok	486427	0.191111924296965	0.932838567096675	4.11161387011823e-06	7232.4858905797	1.24653606756634	6.21
GSE90496	GSM2404821	GSM2404821_9533774024_R01C02	ok	486427	0.152251005803543	0.975015675592332	4.11161387011823e-06	6906.6730488894	1.54770032830095	6.12
GSE90496	GSM2404822	GSM2404822_9533774024_R03C02	ok	486427	0.154183464322499	0.972852957804389	4.11161387011823e-06	7785.68642859609	1.51781201874957	8.81
GSE90496	GSM2404823	GSM2404823_9533774024_R04C02	ok	486427	0.152203722244037	0.975673536516421	4.11161387011823e-06	8082.14333830341	1.34432170261676	7.55
GSE90496	GSM2404824	GSM2404824_9533774024_R06C02	ok	486427	0.258441657227087	0.858142570797142	4.11161387011823e-06	6928.09143295842	1.15109089477155	7.86
GSE90496	GSM2404825	GSM2404825_9533774033_R01C01	ok	486427	0.246008136883849	0.872381148172894	4.11161387011823e-06	5498.28881446913	1.19307162104637	6.65
GSE90496	GSM2404826	GSM2404826_9533774033_R02C01	ok	486427	0.198617675416866	0.924360384437477	4.11161387011823e-06	6129.72016775624	1.33852791120454	7.16
GSE90496	GSM2404827	GSM2404827_9533774033_R05C01	ok	486427	0.152690948487646	0.974536670606979	4.11161387011823e-06	8669.27490965256	1.77285258017944	7.2
GSE90496	GSM2404828	GSM2404828_9533774033_R01C02	ok	486427	0.158848090258148	0.968344554658992	4.11161387011823e-06	6868.45411339181	1.5672305747861	6.94
GSE90496	GSM2404829	GSM2404829_9533774033_R05C02	ok	486427	0.183417038939039	0.940309400215861	4.11161387011823e-06	8342.16500235605	1.67383328565247	6.95
GSE90496	GSM2404830	GSM2404830_9533774041_R03C01	ok	486427	0.147802239596075	0.98056020969317	4.11161387011823e-06	8063.28384879116	1.64839449386063	6.88
GSE90496	GSM2404831	GSM2404831_9533774041_R04C01	ok	486427	0.158899485431524	0.968665261859485	4.11161387011823e-06	7815.23150165187	1.40240666195124	7.31
GSE90496	GSM2404832	GSM2404832_9533774041_R05C01	ok	486427	0.169412882097416	0.956457830086858	4.11161387011823e-06	8276.37168127726	1.55949436852343	10.24
GSE90496	GSM2404833	GSM2404833_9533774082_R01C01	ok	486427	0.161808452244633	0.964997687207689	4.11161387011823e-06	6202.82266508973	1.27777080129632	8.14
GSE90496	GSM2404834	GSM2404834_9533774082_R03C01	ok	486427	0.164341206388626	0.961926299018348	4.11161387011823e-06	6833.99331613422	1.34268736815804	7.34
GSE90496	GSM2404835	GSM2404835_9533774082_R04C01	ok	486427	0.181554477855876	0.94281749498895	4.11161387011823e-06	6453.26212959396	1.36029070565547	6.94
GSE90496	GSM2404836	GSM2404836_9533774082_R05C01	ok	486427	0.167309791602851	0.959155059875623	4.11161387011823e-06	6994.31344657812	1.298207324896	6.73
GSE90496	GSM2404837	GSM2404837_9533774082_R06C01	ok	486427	0.195642922781836	0.927345428380531	4.11161387011823e-06	6536.26764867963	1.1773338359227	6.64
GSE90496	GSM2404838	GSM2404838_9533774082_R01C02	ok	486427	0.152094764476478	0.975252094361926	4.11161387011823e-06	6059.61800491065	1.50835155718328	6.61
GSE90496	GSM2404839	GSM2404839_9533774082_R04C02	ok	486427	0.17091773277388	0.954833735930513	4.11161387011823e-06	6573.40783512134	1.30296739886601	9.52
GSE90496	GSM2404840	GSM2404840_9533774082_R06C02	ok	486427	0.181862848896134	0.940952870432235	4.11161387011823e-06	7471.08929103478	1.39285848684029	7.16
GSE90496	GSM2404841	GSM2404841_9533774084_R02C01	ok	486427	0.185616752359552	0.938703808398006	4.11161387011823e-06	6213.97804737197	1.29237934386775	7.69
GSE90496	GSM2404842	GSM2404842_9533774084_R03C01	ok	486427	0.182074597010446	0.942459783111477	4.11161387011823e-06	6656.11097539708	1.33401112942446	6.93
GSE90496	GSM2404843	GSM2404843_9533774084_R04C01	ok	486427	0.150618695097106	0.977482654057666	4.11161387011823e-06	7201.68055025872	1.4233071885451	6.92
GSE90496	GSM2404844	GSM2404844_9533774084_R06C01	ok	486427	0.209889664841795	0.909967620907642	4.11161387011823e-06	7287.6027676099	1.37805495900824	9.58
GSE90496	GSM2404845	GSM2404845_9533774084_R06C02	ok	486427	0.211075865443324	0.908820475921262	4.11161387011823e-06	6623.99489225767	1.42598799628137	6.49
GSE90496	GSM2404846	GSM2404846_9533774088_R02C01	ok	486427	0.221453578851503	0.897860924089017	4.11161387011823e-06	6444.40582789899	1.47584760022944	6.43
GSE90496	GSM2404847	GSM2404847_9533774088_R01C02	ok	486427	0.204891998182667	0.916229634578815	4.11161387011823e-06	6421.09562996099	1.7677151461875	6.39
GSE90496	GSM2404848	GSM2404848_9533774097_R01C01	ok	486427	0.173304524625483	0.95130184509431	4.11161387011823e-06	6416.76474007781	1.66774103564815	6.31
GSE90496	GSM2404849	GSM2404849_9533774097_R03C01	ok	486427	0.15770300579532	0.968599475767076	4.11161387011823e-06	6992.19477580484	1.6170166277799	6.43
GSE90496	GSM2404850	GSM2404850_9533774097_R06C01	ok	486427	0.162536207899644	0.962277843449658	4.11161387011823e-06	7415.41209216179	1.40719918015583	6.54
GSE90496	GSM2404851	GSM2404851_9533774097_R01C02	ok	486427	0.154946168695405	0.970883486662898	4.11161387011823e-06	6408.15176171366	1.72330748745489	7.07
GSE90496	GSM2404852	GSM2404852_9533774097_R02C02	ok	486427	0.183162118879092	0.941740247725754	4.11161387011823e-06	6033.37369650485	1.31222313228618	6.64
GSE90496	GSM2404853	GSM2404853_9533774072_R01C02	ok	486427	0.139768146093864	0.99022870946189	4.11161387011823e-06	5704.63203969503	1.06365499503085	6.52
GSE90496	GSM2404854	GSM2404854_9534104010_R06C02	ok	486427	0.179603517074505	0.94459371948399	4.11161387011823e-06	5643.02908115161	1.26884802792941	9.14
GSE90496	GSM2404855	GSM2404855_9533774101_R03C02	ok	486427	0.202867028351633	0.920941563447602	4.11161387011823e-06	5031.0483781458	1.1672755345516	10.81
GSE90496	GSM2404856	GSM2404856_9533774102_R04C02	ok	486427	0.425558202978042	0.6774096726114	4.11161387011823e-06	2773.23283161481	1.15478412900535	6.71
GSE90496	GSM2404857	GSM2404857_9534104006_R03C02	ok	486427	0.205570414471236	0.916957393226088	4.11161387011823e-06	5388.70154237703	1.29451214472682	6.68
GSE90496	GSM2404858	GSM2404858_9533774101_R05C02	ok	486427	0.299545461086658	0.812308166726628	4.11161387011823e-06	4389.34467975597	1.2416037440949	7.27
GSE90496	GSM2404859	GSM2404859_9533774106_R05C02	ok	486427	0.186702218421264	0.93762656113481	4.11161387011823e-06	5674.03940640527	1.26528248282746	7.2
GSE90496	GSM2404860	GSM2404860_9533774102_R02C02	ok	486427	0.214307593945237	0.908368196535951	4.11161387011823e-06	4414.20401465521	1.17993332761789	6.59
GSE90496	GSM2404861	GSM2404861_9533774101_R01C01	ok	486427	0.301819183556834	0.81483270802282	4.11161387011823e-06	3810.34317829348	1.04157853504372	6.85
GSE90496	GSM2404862	GSM2404862_9533774106_R01C01	ok	486427	0.288341313290586	0.826608418564013	4.11161387011823e-06	3878.51588126434	1.15908700473498	6.74
GSE90496	GSM2404863	GSM2404863_9533774101_R03C01	ok	486427	0.354497180460789	0.754391735622141	4.11161387011823e-06	3389.57963518927	1.14714926401495	6.64
GSE90496	GSM2404864	GSM2404864_9533774106_R04C01	ok	486427	0.271687221309672	0.84194274554145	4.11161387011823e-06	4662.16321335544	1.2128315271357	7.02
GSE90496	GSM2404865	GSM2404865_9533774102_R05C01	ok	486427	0.175734488422723	0.94976615099964	4.11161387011823e-06	5618.66788761005	1.31919371802542	6.71
GSE90496	GSM2404866	GSM2404866_9533774102_R06C01	ok	486427	0.19648991523908	0.927026776995426	4.11161387011823e-06	5377.72450184154	1.24901698331463	7.45
GSE90496	GSM2404867	GSM2404867_9534104007_R01C01	ok	486427	0.159214023892588	0.967481112196125	4.11161387011823e-06	5038.31228119406	1.77537483783455	7.64
GSE90496	GSM2404868	GSM2404868_9534104007_R04C01	ok	486427	0.236806345042524	0.880674307447191	4.11161387011823e-06	5028.37757807474	1.56140840383067	6.82
GSE90496	GSM2404869	GSM2404869_9534104007_R02C02	ok	486427	0.202318127899973	0.918266947628103	4.11161387011823e-06	5118.26299307994	1.72816491177395	6.78
GSE90496	GSM2404870	GSM2404870_9534104007_R03C02	ok	486427	0.15735763023023	0.969510201983862	4.11161387011823e-06	5598.50583131454	1.76869466575299	6.41
GSE90496	GSM2404871	GSM2404871_9534104007_R04C02	ok	486427	0.186013523098019	0.938703808398006	4.11161387011823e-06	4904.47592532666	1.36548943810235	8.62
GSE90496	GSM2404872	GSM2404872_9534104008_R02C02	ok	486427	0.168008765960771	0.957602919257851	4.11161387011823e-06	5787.54845711539	1.62630559569369	7.72
GSE90496	GSM2404873	GSM2404873_9534104008_R04C02	ok	486427	0.15630505707948	0.970645012077915	4.11161387011823e-06	6050.10495660824	1.73605590122389	7.13
GSE90496	GSM2404874	GSM2404874_9534104008_R06C02	ok	486427	0.167766180742434	0.957726268181117	4.11161387011823e-06	6383.18853390846	1.67018222685949	10.12
GSE90496	GSM2404875	GSM2404875_9534104010_R01C01	ok	486427	0.187989153562611	0.936549313871614	4.11161387011823e-06	4653.50049160277	1.42147051693591	7.31
GSE90496	GSM2404876	GSM2404876_9534104010_R02C01	ok	486427	0.158375254663084	0.968274656935807	4.11161387011823e-06	5633.27460658347	1.58895631371779	6.62
GSE90496	GSM2404877	GSM2404877_9534104010_R06C01	ok	486427	0.155838388905221	0.97117746826335	4.11161387011823e-06	6830.95449328391	1.60831094846912	6.47
GSE90496	GSM2404878	GSM2404878_9534104010_R02C02	ok	486427	0.178803808176766	0.945374929331346	4.11161387011823e-06	5288.15960135768	1.63345467291796	6.13
GSE90496	GSM2404879	GSM2404879_9534104010_R03C02	ok	486427	0.15161576146061	0.976471192886879	4.11161387011823e-06	5858.94338590481	1.59228914206091	6.18
GSE90496	GSM2404880	GSM2404880_9534104026_R01C01	ok	486427	0.143612505062425	0.985302975792774	4.11161387011823e-06	6110.22892644576	1.08819542572698	6.33
GSE90496	GSM2404881	GSM2404881_9534104026_R02C01	ok	486427	0.138832753938412	0.991030477463124	4.11161387011823e-06	6371.28302812204	1.0821403762453	6.47
GSE90496	GSM2404882	GSM2404882_9534104026_R05C01	ok	486427	0.147942034467659	0.980149046615614	4.11161387011823e-06	6950.26935059983	1.2036390304353	6.9
GSE90496	GSM2404883	GSM2404883_9968646099_R02C01	ok	486427	0.202486704068647	0.921052577478542	4.11161387011823e-06	5860.68012235794	1.28575227108871	6.45
GSE90496	GSM2404884	GSM2404884_9968646113_R06C01	ok	486427	0.277702512401655	0.838770622398109	4.11161387011823e-06	4069.98309022794	1.11033107047351	7.45
GSE90496	GSM2404885	GSM2404885_9968646113_R01C02	ok	486427	0.17195797108302	0.953415223312946	4.11161387011823e-06	6594.15347849086	1.45194365222535	6.67
GSE90496	GSM2404886	GSM2404886_9968646113_R02C02	ok	486427	0.16291242056876	0.962937760189135	4.11161387011823e-06	6851.93139369007	1.4963576980159	6.47
GSE90496	GSM2404887	GSM2404887_9968646113_R04C02	ok	486427	0.136223934937822	0.994282777406589	4.11161387011823e-06	8140.45725366042	1.16643276754425	6.11
GSE90496	GSM2404888	GSM2404888_9968646113_R05C02	ok	486427	0.139171962082697	0.990931798324511	4.11161387011823e-06	7768.6090246499	1.0803945707711	8.71
GSE90496	GSM2404889	GSM2404889_9968646113_R06C02	ok	486427	0.140623361778849	0.989038392352367	4.11161387011823e-06	7486.54155747469	1.20443580838878	7.52
GSE90496	GSM2404890	GSM2404890_9968646118_R02C01	ok	486427	0.184854047986645	0.938037724212366	4.11161387011823e-06	6847.75246854614	1.54504907702255	7.1
GSE90496	GSM2404891	GSM2404891_9968646118_R03C02	ok	486427	0.158965271253446	0.968227373181888	4.11161387011823e-06	7516.36504626941	1.42245265561265	10.69
GSE90496	GSM2404892	GSM2404892_9968646139_R02C02	ok	486427	0.145692981680704	0.983343783728221	4.11161387011823e-06	6779.45293573804	1.13506000675209	7.84
GSE90496	GSM2404893	GSM2404893_9968646139_R04C02	ok	486427	0.136639207938704	0.993906563190626	4.11161387011823e-06	7530.61715604581	1.06974955099374	6.75
GSE90496	GSM2404894	GSM2404894_9968646144_R04C02	ok	486427	0.141404568414171	0.98828596392044	4.11161387011823e-06	6625.04125031423	1.15648036361106	6.53
GSE90496	GSM2404895	GSM2404895_9968646155_R02C01	ok	486427	0.203545444640203	0.916614072056329	4.11161387011823e-06	7400.11644676795	1.09854514537935	6.89
GSE90496	GSM2404896	GSM2404896_9968646156_R05C01	ok	486427	0.219625966486235	0.898420105874493	4.11161387011823e-06	7940.01043280267	1.08298249066826	6.84
GSE90496	GSM2404897	GSM2404897_9968646155_R06C02	ok	486427	0.160200811221417	0.966056432132395	4.11161387011823e-06	8464.89423112163	1.30236987142903	6.8
GSE90496	GSM2404898	GSM2404898_9968646156_R02C02	ok	486427	0.251227830691964	0.861131726370972	4.11161387011823e-06	6758.0684310445	1.10068716470094	6.97
GSE90496	GSM2404900	GSM2404900_9968646155_R05C01	ok	486427	0.175021123416258	0.949258364598859	4.11161387011823e-06	7869.20605150433	1.08837395941954	6.61
GSE90496	GSM2404901	GSM2404901_9968646156_R03C02	ok	486427	0.19753837677596	0.923365369789793	4.11161387011823e-06	7253.29736239806	1.08877256264255	7.15
GSE90496	GSM2404902	GSM2404902_9968646156_R03C01	ok	486427	0.182948314957846	0.940146990800226	4.11161387011823e-06	7620.50934232255	1.09151209619066	7.86
GSE90496	GSM2404903	GSM2404903_9968646158_R01C01	ok	486427	0.178125391888197	0.947572595980881	4.11161387011823e-06	7219.33739215962	1.24736484117697	6.9
GSE90496	GSM2404905	GSM2404905_9968646167_R05C02	ok	486427	0.176260774998098	0.948522382690034	4.11161387011823e-06	9104.65643675751	1.63335371966641	6.71
GSE90496	GSM2404907	GSM2404907_9968646160_R01C02	ok	486427	0.161115645307518	0.966395641671378	4.11161387011823e-06	6620.51243971887	1.39428908638004	6.38
GSE90496	GSM2404908	GSM2404908_9968646163_R06C02	ok	486427	0.163204345153538	0.963073444004728	4.11161387011823e-06	8094.82590179505	1.45165181404841	9.51
GSE90496	GSM2404909	GSM2404909_9968646164_R03C01	ok	486427	0.211408906166804	0.909609909030169	4.11161387011823e-06	6685.47149102726	1.37120888866395	7.93
GSE90496	GSM2404910	GSM2404910_9968646164_R04C02	ok	486427	0.153809307460318	0.97446266125302	4.11161387011823e-06	8451.0844510398	1.36620929391884	7.38
GSE90496	GSM2404911	GSM2404911_9968646164_R06C02	ok	486427	0.144095619692163	0.985134398930976	4.11161387011823e-06	9587.65853385483	1.58896345552353	10.42
GSE90496	GSM2404912	GSM2404912_9968646165_R02C01	ok	486427	0.16205103746297	0.964652310222542	4.11161387011823e-06	7979.65164182324	1.69510390726885	8.09
GSE90496	GSM2404913	GSM2404913_9968646165_R01C02	ok	486427	0.241298283195629	0.87612273217865	4.11161387011823e-06	6634.85723365971	1.73475357440301	6.76
GSE90496	GSM2404914	GSM2404914_9968646165_R03C02	ok	486427	0.184907498966957	0.93882921313666	4.11161387011823e-06	8714.47341007047	1.65369357776305	6.71
GSE90496	GSM2404915	GSM2404915_9968646165_R05C02	ok	486427	0.247508875946442	0.869836048722825	4.11161387011823e-06	6463.12236771487	1.44902998611915	6.66
GSE90496	GSM2404916	GSM2404916_9968646167_R04C01	ok	486427	0.139352873092982	0.990465128231485	4.11161387011823e-06	8760.94668615911	1.56371559383645	6.55
GSE90496	GSM2404917	GSM2404917_9968646167_R05C01	ok	486427	0.160984073663674	0.965620599270186	4.11161387011823e-06	8682.98911281042	1.6241228176423	6.71
GSE90496	GSM2404918	GSM2404918_9968646167_R04C02	ok	486427	0.163187898698057	0.963521611759264	4.11161387011823e-06	8201.92084308724	1.57876610220358	6.64
GSE90496	GSM2404919	GSM2404919_9969477013_R04C02	ok	486427	0.165219035949896	0.960275479261962	4.11161387011823e-06	7662.63726097538	1.76416204810947	6.72
GSE90496	GSM2404920	GSM2404920_9969477013_R06C02	ok	486427	0.166542975616074	0.959202343629542	4.11161387011823e-06	8613.30863458315	1.45903278460152	6.46
GSE90496	GSM2404921	GSM2404921_9969477014_R01C01	ok	486427	0.213084388818877	0.906302102071234	4.11161387011823e-06	6134.83841334979	1.5832549173096	7.54
GSE90496	GSM2404922	GSM2404922_9969477014_R01C02	ok	486427	0.161253384372167	0.965587706223981	4.11161387011823e-06	6218.80695013552	1.46185945311059	6.85
GSE90496	GSM2404923	GSM2404923_9969477014_R02C02	ok	486427	0.174628464291661	0.949620188107108	4.11161387011823e-06	7291.84248973884	1.65105793638722	6.39
GSE90496	GSM2404924	GSM2404924_9969477003_R01C02	ok	486427	0.187027035917003	0.935772215655034	4.11161387011823e-06	6000.67932057268	1.13201531109514	6.15
GSE90496	GSM2404925	GSM2404925_9969477006_R02C02	ok	486427	0.145405168709796	0.983648044405612	4.11161387011823e-06	6523.3284776648	1.08181090750059	9.52
GSE90496	GSM2404926	GSM2404926_9969477003_R01C01	ok	486427	0.139398100845553	0.990372616539035	4.11161387011823e-06	7072.66878491992	1.12682396225103	7.69
GSE90496	GSM2404927	GSM2404927_9969477003_R02C01	ok	486427	0.143341138546997	0.985784036593514	4.11161387011823e-06	7386.33301361685	1.09180137757583	7.46
GSE90496	GSM2404928	GSM2404928_9968646098_R06C01	ok	486427	0.204850882043965	0.9154751503315	4.11161387011823e-06	6633.90980915525	1.06774558713687	11.27
GSE90496	GSM2404929	GSM2404929_9968646096_R04C02	ok	486427	0.155291544260495	0.972149868941769	4.11161387011823e-06	6317.55263043717	1.10380871688585	7.68
GSE90496	GSM2404930	GSM2404930_9968646096_R05C02	ok	486427	0.15424102691668	0.973887032944442	4.11161387011823e-06	6232.58720357364	1.1055767683509	6.98
GSE90496	GSM2404931	GSM2404931_9968646098_R03C02	ok	486427	0.146490634771507	0.982377550495965	4.11161387011823e-06	6174.34793831328	1.09107855551308	6.95
GSE90496	GSM2404932	GSM2404932_9968646096_R06C02	ok	486427	0.172036091746552	0.953057511435473	4.11161387011823e-06	6525.99498593392	1.16133081281136	7
GSE90496	GSM2404933	GSM2404933_9704031078_R01C01	ok	486427	0.381576269409387	0.717064295626253	4.11161387011823e-06	795.133000262081	1.06273913755997	6.7
GSE90496	GSM2404934	GSM2404934_9704031008_R03C02	ok	486427	0.309111130755489	0.80435832862209	4.11161387011823e-06	2681.43977797449	1.16419096256053	6.71
GSE90496	GSM2404935	GSM2404935_9704031078_R02C02	ok	486427	0.188373589459467	0.935562522485481	4.11161387011823e-06	1634.80395193336	1.07774012404677	6.42
GSE90496	GSM2404936	GSM2404936_9704031075_R06C02	ok	486427	0.216589539643153	0.903944081821452	4.11161387011823e-06	3399.25180480124	1.10186059957008	6.48
GSE90496	GSM2404937	GSM2404937_9704031075_R06C01	ok	486427	0.527879825749804	0.561001182093848	4.11161387011823e-06	903.075737208402	1.03710369335494	7.16
GSE90496	GSM2404938	GSM2404938_9704031008_R05C01	ok	486427	0.224746981561468	0.894947833684535	4.11161387011823e-06	3725.77826811612	1.12251537342431	7.08
GSE90496	GSM2404939	GSM2404939_9704031078_R03C01	ok	486427	0.342853089980614	0.764964794161484	4.11161387011823e-06	852.903312511234	1.07550740019067	6.59
GSE90496	GSM2404940	GSM2404940_9704031075_R03C01	ok	486427	0.225106747775103	0.894238577375752	4.11161387011823e-06	3542.9187756886	1.21948896072002	6.36
GSE90496	GSM2404941	GSM2404941_9704031019_R01C02	ok	486427	0.504462128952546	0.590740607493447	4.11161387011823e-06	981.32959511112	1.05242654069505	6.36
GSE90496	GSM2404942	GSM2404942_9704031075_R05C02	ok	486427	0.279349213756638	0.837637868119443	4.11161387011823e-06	2284.88485528382	1.07450587497397	9.15
GSE90496	GSM2404943	GSM2404943_9704031008_R03C01	ok	486427	0.213039161066306	0.907354679549776	4.11161387011823e-06	3666.89556475293	1.11695167294837	7.91
GSE90496	GSM2404944	GSM2404944_9704031019_R01C01	ok	486427	0.266331844243843	0.849002415583081	4.11161387011823e-06	2257.51762192837	1.10451556255103	7
GSE90496	GSM2404945	GSM2404945_9769100123_R02C01	ok	486427	0.259603188145395	0.856711723287249	4.11161387011823e-06	347.834970356452	1.03266780552387	10.2
GSE90496	GSM2404946	GSM2404946_9704031078_R06C01	ok	486427	0.713459573584525	0.355063987253945	4.11161387011823e-06	668.367957794956	1.06634592396939	6.72
GSE90496	GSM2404947	GSM2404947_9704031078_R05C02	ok	486427	0.218686462716913	0.901475047540731	4.11161387011823e-06	3006.96011681394	1.11064248110011	6.57
GSE90496	GSM2404948	GSM2404948_9704031075_R05C01	ok	486427	0.258992613485682	0.857988384643059	4.11161387011823e-06	2784.85249984728	1.09780202486575	6.06
GSE90496	GSM2404949	GSM2404949_9704031075_R01C01	ok	486427	0.252629891021674	0.864065374929331	4.11161387011823e-06	2464.70905378351	1.10053283281072	6.2
GSE90496	GSM2404950	GSM2404950_9704031014_R04C02	ok	486427	0.33019754248839	0.779704990491854	4.11161387011823e-06	1549.12492033527	1.0832377063438	6.16
GSE90496	GSM2404951	GSM2404951_9704031008_R02C02	ok	486427	0.31123272351247	0.801383563755975	4.11161387011823e-06	1761.14439980453	1.07488516420948	6.33
GSE90496	GSM2404952	GSM2404952_9704031019_R06C01	ok	486427	0.217434476293462	0.903382844220589	4.11161387011823e-06	3034.39954317756	1.05808927306403	6.21
GSE90496	GSM2404953	GSM2404953_9704031019_R02C01	ok	486427	0.205111969524718	0.916634630210207	4.11161387011823e-06	2911.08353600475	1.09078357600546	5.93
GSE90496	GSM2404954	GSM2404954_9704031014_R03C02	ok	486427	0.198142784014868	0.926019427455415	4.11161387011823e-06	1596.0450229603	1.09972621385416	6.19
GSE90496	GSM2404955	GSM2404955_9704031078_R04C02	ok	486427	0.519987582926112	0.569709616076476	4.11161387011823e-06	966.192094638809	1.06415072587917	6.68
GSE90496	GSM2404956	GSM2404956_9704031008_R01C01	ok	486427	0.2031055019561	0.920108958215552	4.11161387011823e-06	2879.49875136804	1.11920191450023	7.01
GSE90496	GSM2404957	GSM2404957_9704031008_R05C02	ok	486427	0.252224897055468	0.864511486868479	4.11161387011823e-06	2829.06818184563	1.10338047875173	8.92
GSE90496	GSM2404958	GSM2404958_9704031008_R04C01	ok	486427	0.381730454929517	0.720756540062702	4.11161387011823e-06	2457.96098431242	1.06906450819181	9.87
GSE90496	GSM2404959	GSM2404959_9704031078_R05C01	ok	486427	0.356970316203665	0.748520326874647	4.11161387011823e-06	1743.34127488158	1.05389015793219	7.26
GSE90496	GSM2404960	GSM2404960_9704031019_R03C02	ok	486427	0.773147872137032	0.285242329238834	4.11161387011823e-06	567.999491126028	1.05134292720168	6.68
GSE90496	GSM2404961	GSM2404961_9704031014_R04C01	ok	486427	0.273835539556809	0.838552705967004	4.11161387011823e-06	1264.76734041281	1.08169093920757	6.7
GSE90496	GSM2404962	GSM2404962_9704031008_R06C01	ok	486427	0.29264206139873	0.822258313203474	4.11161387011823e-06	2247.62462060083	1.06096205372307	6.8
GSE90496	GSM2404963	GSM2404963_9704031075_R03C02	ok	486427	0.528874836306373	0.563811481728941	4.11161387011823e-06	985.527736514344	1.03835889524988	6.38
GSE90496	GSM2404964	GSM2404964_9704031014_R02C02	ok	486427	0.225762550187387	0.893773963098114	4.11161387011823e-06	1207.89117235366	1.10856173703138	6.4
GSE90496	GSM2404965	GSM2404965_9704031014_R03C01	ok	486427	0.53591186344508	0.552354422572853	4.11161387011823e-06	511.483549507532	1.05913947068521	6.38
GSE90496	GSM2404966	GSM2404966_9704031075_R02C01	ok	486427	0.357447263412598	0.750477463123811	4.11161387011823e-06	1616.74148252101	1.0817388312106	6.47
GSE90496	GSM2404967	GSM2404967_9704031019_R03C01	ok	486427	0.222705565274954	0.896415685871409	4.11161387011823e-06	3706.78891374998	1.11974770192291	6.2
GSE90496	GSM2404968	GSM2404968_9769100123_R06C02	ok	486427	0.229487672353714	0.888914015521406	4.11161387011823e-06	3121.9079586034	1.14233172086186	6.74
GSE90496	GSM2404969	GSM2404969_9704031078_R02C01	ok	486427	0.623246653660261	0.453611553682479	4.11161387011823e-06	372.495505852074	1.04228891190428	6.43
GSE90496	GSM2404970	GSM2404970_9704031078_R04C01	ok	486427	0.200537799094211	0.923476383820733	4.11161387011823e-06	1690.07882594523	1.12213912406423	6.39
GSE90496	GSM2404971	GSM2404971_9769100123_R03C01	ok	486427	0.330123533438728	0.782655085573316	4.11161387011823e-06	507.369617472737	1.06309869770452	6.15
GSE90496	GSM2404972	GSM2404972_9704031075_R02C02	ok	486427	0.173545054036885	0.952251631803464	4.11161387011823e-06	3699.34215555035	1.09100598950044	6.85
GSE90496	GSM2404973	GSM2404973_9704031019_R02C02	ok	486427	0.199016501962268	0.922643778588683	4.11161387011823e-06	2765.8481410332	1.11675639871525	6.43
GSE90496	GSM2404974	GSM2404974_9704031008_R02C01	ok	486427	0.223803366178275	0.896890579225985	4.11161387011823e-06	3035.8184621227	1.13475935772174	9.16
GSE90496	GSM2404975	GSM2404975_9704031014_R06C02	ok	486427	0.297575998042872	0.813884977129054	4.11161387011823e-06	2895.35953900008	1.10625811800675	9.87
GSE90496	GSM2404976	GSM2404976_9704031014_R02C01	ok	486427	0.219033894088938	0.902161689880249	4.11161387011823e-06	1061.64456571362	1.06383001960334	7.4
GSE90496	GSM2404977	GSM2404977_9704031008_R04C02	ok	486427	0.48843711389376	0.605197101300303	4.11161387011823e-06	1484.0201387217	1.15736792268188	7.16
GSE90496	GSM2404978	GSM2404978_9704031075_R04C01	ok	486427	0.17980498615414	0.945115896592486	4.11161387011823e-06	4070.68356994406	1.14565453032867	6.97
GSE90496	GSM2404979	GSM2404979_9769100123_R01C02	ok	486427	0.325090918061703	0.785045998869301	4.11161387011823e-06	639.490549746167	1.03196409663407	6.14
GSE90496	GSM2404980	GSM2404980_9704031019_R04C01	ok	486427	0.605803131816285	0.476369430025184	4.11161387011823e-06	1145.60454876778	1.08652882860825	6.22
GSE90496	GSM2404981	GSM2404981_9769100123_R05C01	ok	486427	0.170442841371881	0.955240787377294	4.11161387011823e-06	3257.89634055565	1.09095670888061	6.43
GSE90496	GSM2404982	GSM2404982_9704031014_R05C02	ok	486427	0.36029661182459	0.74874852238269	4.11161387011823e-06	1981.01657106499	1.07492667874412	6.48
GSE90496	GSM2404983	GSM2404983_9704031019_R05C01	ok	486427	0.21317895593789	0.909792876599681	4.11161387011823e-06	3250.32131878493	1.07950083356907	6.84
GSE90496	GSM2404984	GSM2404984_9769100123_R05C02	ok	486427	0.243465103705181	0.873398776789844	4.11161387011823e-06	3042.69623605052	1.12189132341185	6.24
GSE90496	GSM2404985	GSM2404985_9704031075_R01C02	ok	486427	0.275825560669946	0.839775916122732	4.11161387011823e-06	2550.99645503757	1.07861771326587	6.8
GSE90496	GSM2404986	GSM2404986_9704031014_R01C02	ok	486427	0.214001278711914	0.9074348563499	4.11161387011823e-06	1071.28378219978	1.07492480422103	6.52
GSE90496	GSM2404987	GSM2404987_9704031008_R01C02	ok	486427	0.308669132264451	0.800918949478337	4.11161387011823e-06	2263.04571761518	1.40923668408686	6.2
GSE90496	GSM2404988	GSM2404988_9704031075_R04C02	ok	486427	0.699430747059682	0.372252659711158	4.11161387011823e-06	644.322311345614	1.03929344698027	5.89
GSE90496	GSM2404989	GSM2404989_9704031014_R05C01	ok	486427	0.262347690403699	0.852433571465282	4.11161387011823e-06	2117.4403818667	1.11593145626834	6.22
GSE90496	GSM2404990	GSM2404990_9704031014_R01C01	ok	486427	0.255016682873278	0.862165801511024	4.11161387011823e-06	937.337687201022	1.06743488631625	6.31
GSE90496	GSM2404991	GSM2404991_9769100123_R04C01	ok	486427	0.412004267855197	0.689310787891247	4.11161387011823e-06	745.780205807306	1.063206224986	8.71
GSE90496	GSM2404992	GSM2404992_9704031078_R01C02	ok	486427	0.611421652169801	0.470292439738911	4.11161387011823e-06	405.49726584527	1.0461398123366	9.91
GSE90496	GSM2404993	GSM2404993_9769100123_R06C01	ok	486427	0.196407682961678	0.926695790717994	4.11161387011823e-06	3777.32400090465	1.08661542094664	7.82
GSE90496	GSM2404994	GSM2404994_9704031019_R04C02	ok	486427	0.232281513978459	0.885791231947371	4.11161387011823e-06	3309.0852792172	1.11218172280325	6.82
GSE90496	GSM2404995	GSM2404995_9969477031_R06C02	ok	486427	0.270772387223571	0.841957136249165	4.11161387011823e-06	6046.62965738903	1.29694523421827	7.29
GSE90496	GSM2404996	GSM2404996_9969477017_R02C01	ok	486427	0.166314781046282	0.959967106953796	4.11161387011823e-06	6734.34953122899	1.57959311526424	6.88
GSE90496	GSM2404997	GSM2404997_9969477017_R01C02	ok	486427	0.183908376796518	0.93927326926042	4.11161387011823e-06	6034.87868319638	1.54684464131294	6.55
GSE90496	GSM2404998	GSM2404998_9969477017_R04C02	ok	486427	0.193833812678984	0.928093745181683	4.11161387011823e-06	7594.26999191747	1.60042361796609	6.23
GSE90496	GSM2404999	GSM2404999_9969477018_R03C01	ok	486427	0.24430592874162	0.872148841034075	4.11161387011823e-06	6543.40578185224	1.74393822935306	6.59
GSE90496	GSM2405000	GSM2405000_9969477018_R05C02	ok	486427	0.294708147368464	0.818420105874492	4.11161387011823e-06	4774.08547236407	1.36673308163292	6.54
GSE90496	GSM2405001	GSM2405001_9969477022_R01C01	ok	486427	0.320629817012625	0.788127666135581	4.11161387011823e-06	4943.58208766526	1.44532378899512	6.89
GSE90496	GSM2405002	GSM2405002_9969477022_R03C01	ok	486427	0.287278461105161	0.824782854499666	4.11161387011823e-06	6095.5603249866	1.62345730217918	6.97
GSE90496	GSM2405003	GSM2405003_9969477022_R04C01	ok	486427	0.190287545716007	0.932600092511692	4.11161387011823e-06	8230.36171577367	1.71548841575675	7.28
GSE90496	GSM2405004	GSM2405004_9969477022_R03C02	ok	486427	0.252235176090143	0.864756128899625	4.11161387011823e-06	6217.07999782635	1.39453154567545	7.09
GSE90496	GSM2405005	GSM2405005_9969477032_R06C01	ok	486427	0.22988444309218	0.886553939456237	4.11161387011823e-06	6230.59912302076	1.17127953894471	6.93
GSE90496	GSM2405006	GSM2405006_9969477031_R04C01	ok	486427	0.187943925810039	0.934674410237961	4.11161387011823e-06	6991.96300067112	1.3047899930674	6.76
GSE90496	GSM2405007	GSM2405007_9969477029_R03C02	ok	486427	0.193809142995763	0.92742971681143	4.11161387011823e-06	7054.52513559881	1.38229003613167	6.47
GSE90496	GSM2405008	GSM2405008_9969477031_R04C02	ok	486427	0.463777709707726	0.627177879426428	4.11161387011823e-06	4130.68645875649	1.19815026215905	9.16
GSE90496	GSM2405009	GSM2405009_9969477029_R06C02	ok	486427	0.294601245407841	0.815893508762913	4.11161387011823e-06	5574.40268780833	1.25139377977225	10.43
GSE90496	GSM2405010	GSM2405010_9969477043_R06C02	ok	486427	0.15181517473331	0.975630364393277	4.11161387011823e-06	8102.1895264963	1.14407109546404	7.41
GSE90496	GSM2405011	GSM2405011_9969477044_R01C01	ok	486427	0.146780503549351	0.981308526494321	4.11161387011823e-06	7017.8675653483	1.09478802221251	7.66
GSE90496	GSM2405012	GSM2405012_9969477044_R02C02	ok	486427	0.138386643833504	0.991431361463741	4.11161387011823e-06	7191.88784559235	1.05389705095721	6.62
GSE90496	GSM2405013	GSM2405013_9969477044_R03C02	ok	486427	0.148369642310151	0.980153158246389	4.11161387011823e-06	7534.0098661936	1.08154416576878	6.46
GSE90496	GSM2405014	GSM2405014_9969477044_R06C01	ok	486427	0.142387244129129	0.986717376779565	4.11161387011823e-06	8674.00859087987	1.09102900167535	6.36
GSE90496	GSM2405015	GSM2405015_9969477044_R02C01	ok	486427	0.141706772033625	0.98745335868839	4.11161387011823e-06	7003.95531744429	1.08525251590156	6.43
GSE90496	GSM2405016	GSM2405016_9969477044_R04C02	ok	486427	0.189405604540866	0.933097599835535	4.11161387011823e-06	7874.49801892459	1.14690797217045	6.92
GSE90496	GSM2405017	GSM2405017_9969477044_R01C02	ok	486427	0.142537318035389	0.986384334686745	4.11161387011823e-06	6761.77827039044	1.0843977652046	6.62
GSE90496	GSM2405018	GSM2405018_9969477061_R01C02	ok	486427	0.201649990646078	0.92170221514108	4.11161387011823e-06	5920.04896382306	1.24209707413538	6.65
GSE90496	GSM2405019	GSM2405019_9969477063_R02C01	ok	486427	0.168448708644874	0.958349180243614	4.11161387011823e-06	6694.67648944515	1.2818475414645	6.8
GSE90496	GSM2405020	GSM2405020_9969477063_R06C01	ok	486427	0.304837108137501	0.806849976872077	4.11161387011823e-06	5092.24458944658	1.27133809534906	6.66
GSE90496	GSM2405021	GSM2405021_9969477055_R02C02	ok	486427	0.21649497252414	0.906369943979031	4.11161387011823e-06	5171.59808854963	1.19555078030116	6.66
GSE90496	GSM2405022	GSM2405022_9969477057_R02C01	ok	486427	0.141860957553754	0.987412242380634	4.11161387011823e-06	6809.97997361543	1.55474836406496	7.06
GSE90496	GSM2405023	GSM2405023_9969477057_R01C02	ok	486427	0.161428127961647	0.965466413116102	4.11161387011823e-06	5277.2220481764	1.35397120067656	6.63
GSE90496	GSM2405024	GSM2405024_9969477057_R02C02	ok	486427	0.179348597014557	0.94643573007144	4.11161387011823e-06	5478.28051216175	1.28159585168204	6.21
GSE90496	GSM2405025	GSM2405025_9969477058_R03C01	ok	486427	0.168117723728329	0.957812612427404	4.11161387011823e-06	7138.87233267682	1.54950232740487	10.02
GSE90496	GSM2405026	GSM2405026_9969477058_R05C01	ok	486427	0.180392946937567	0.943814565452022	4.11161387011823e-06	7825.975491439	1.55499202901257	9.82
GSE90496	GSM2405027	GSM2405027_9969477063_R02C02	ok	486427	0.186513084183238	0.936892635041373	4.11161387011823e-06	6880.37417541964	1.3780609071361	8.51
GSE90496	GSM2405028	GSM2405028_9969477064_R01C02	ok	486427	0.169102455250223	0.957012900241558	4.11161387011823e-06	6357.03832282122	1.5690479643273	7.82
GSE90496	GSM2405029	GSM2405029_9969477064_R02C02	ok	486427	0.1582354597915	0.968998303952305	4.11161387011823e-06	6674.87271851958	1.60421918742497	6.14
GSE90496	GSM2405030	GSM2405030_9969477064_R06C02	ok	486427	0.155127079705691	0.97180654777201	4.11161387011823e-06	7551.96186413099	1.69779246740541	6.49
GSE90496	GSM2405031	GSM2405031_9969477065_R01C01	ok	486427	0.146023966597249	0.983043634681606	4.11161387011823e-06	6938.02748671629	1.5774210925186	6.65
GSE90496	GSM2405032	GSM2405032_9969477065_R02C01	ok	486427	0.143883871577852	0.985383152592897	4.11161387011823e-06	7285.95655102233	1.5667734437068	6.52
GSE90496	GSM2405033	GSM2405033_9969477080_R06C01	ok	486427	0.170189977118869	0.954850182453616	4.11161387011823e-06	7626.97616935147	1.62357159677485	6.68
GSE90496	GSM2405034	GSM2405034_9969477080_R01C02	ok	486427	0.162791127959591	0.964076681913964	4.11161387011823e-06	6987.15353510581	1.37150452709417	6.61
GSE90496	GSM2405035	GSM2405035_9969477074_R03C01	ok	486427	0.186850236520588	0.936514365010022	4.11161387011823e-06	7034.44834506721	1.4276381990605	6.64
GSE90496	GSM2405036	GSM2405036_9969477074_R06C01	ok	486427	0.295018574215658	0.814191293621833	4.11161387011823e-06	6611.14380366554	1.55131303930142	6.53
GSE90496	GSM2405037	GSM2405037_9969477074_R03C02	ok	486427	0.139955224524954	0.989135015675592	4.11161387011823e-06	7523.20807148804	1.71409944544249	6.83
GSE90496	GSM2405038	GSM2405038_9969477079_R01C01	ok	486427	0.150569355730665	0.976676774425657	4.11161387011823e-06	7691.46007447467	1.9030982571123	6.86
GSE90496	GSM2405039	GSM2405039_9969477079_R05C01	ok	486427	0.175491903204386	0.949235750629593	4.11161387011823e-06	7874.08730977407	1.74254163838592	6.78
GSE90496	GSM2405040	GSM2405040_9969477079_R01C02	ok	486427	0.230307939320803	0.888430898905278	4.11161387011823e-06	5931.4997561593	1.45899902794932	6.72
GSE90496	GSM2405041	GSM2405041_9969477079_R04C02	ok	486427	0.168347974105056	0.957442565657604	4.11161387011823e-06	6804.22971604708	1.44251696895809	6.06
GSE90496	GSM2405042	GSM2405042_9969477079_R05C02	ok	486427	0.14135522904773	0.98804543352007	4.11161387011823e-06	7988.54978107729	1.57304803323312	9.64
GSE90496	GSM2405043	GSM2405043_9969477079_R06C02	ok	486427	0.15840198015324	0.967427660996043	4.11161387011823e-06	8585.50725542578	1.84164432680922	9.74
GSE90496	GSM2405044	GSM2405044_9969477081_R06C02	ok	486427	0.172996153585224	0.951910366449093	4.11161387011823e-06	6804.65194033514	1.20514139912524	8.09
GSE90496	GSM2405045	GSM2405045_9969477083_R01C01	ok	486427	0.150536462819704	0.978068561443182	4.11161387011823e-06	6476.57497645289	1.08329553065718	7.63
GSE90496	GSM2405046	GSM2405046_9969477081_R02C02	ok	486427	0.146334393444443	0.982593411111682	4.11161387011823e-06	7972.52176711133	1.07668976916399	6.75
GSE90496	GSM2405047	GSM2405047_9969477081_R01C02	ok	486427	0.182117768956082	0.942174024772575	4.11161387011823e-06	7055.90633867839	1.07267219306802	6.51
GSE90496	GSM2405048	GSM2405048_9969477081_R06C01	ok	486427	0.152612827824113	0.975669424885645	4.11161387011823e-06	7545.30331486905	1.06769935693626	6.49
GSE90496	GSM2405049	GSM2405049_9969477081_R03C02	ok	486427	0.154977005799431	0.973056483527779	4.11161387011823e-06	7525.65863966389	1.07907926104666	6.64
GSE90496	GSM2405050	GSM2405050_9969477081_R05C02	ok	486427	0.145308545783848	0.984098267975536	4.11161387011823e-06	8131.90123638731	1.09295311108936	6.45
GSE90496	GSM2405051	GSM2405051_9969477081_R04C01	ok	486427	0.147039535223168	0.98202189443388	4.11161387011823e-06	7255.87043834949	1.07462226460173	6.45
GSE90496	GSM2405052	GSM2405052_9969477081_R03C01	ok	486427	0.150162305957523	0.978212468520327	4.11161387011823e-06	7478.38977465715	1.1009959020337	6.72
GSE90496	GSM2405053	GSM2405053_9969477081_R04C02	ok	486427	0.151309446227286	0.977242123657296	4.11161387011823e-06	7854.37848779656	1.06951183957797	6.28
GSE90496	GSM2405054	GSM2405054_9969477089_R05C02	ok	486427	0.172975595515874	0.952615511127101	4.11161387011823e-06	7409.36786130948	1.25381631231302	6.85
GSE90496	GSM2405055	GSM2405055_9969477086_R01C01	ok	486427	0.201105201808288	0.920493395693067	4.11161387011823e-06	5976.02386261723	1.60768910732326	6.7
GSE90496	GSM2405056	GSM2405056_9969477086_R03C02	ok	486427	0.19039444767663	0.934199516883384	4.11161387011823e-06	6826.92809061701	1.36631581649339	6.93
GSE90496	GSM2405057	GSM2405057_9969477086_R06C02	ok	486427	0.250458958898252	0.864700621884155	4.11161387011823e-06	6898.99652166473	1.68670268396015	9.71
GSE90496	GSM2405058	GSM2405058_9969477088_R05C01	ok	486427	0.186114257637837	0.936300560209693	4.11161387011823e-06	7687.38101104952	2.01133639620708	10.37
GSE90496	GSM2405059	GSM2405059_9969477088_R02C02	ok	486427	0.145795772027457	0.983078583543198	4.11161387011823e-06	7276.71627365431	1.45618190153196	7.36
GSE90496	GSM2405060	GSM2405060_9969477088_R06C02	ok	486427	0.417680350802895	0.6792599064604	4.11161387011823e-06	4470.03136011348	1.40056524522425	7.1
GSE90496	GSM2405061	GSM2405061_9969477089_R06C02	ok	486427	0.212989821699865	0.90604718096315	4.11161387011823e-06	6265.35426889727	1.26620922727156	7.83
GSE90496	GSM2405062	GSM2405062_9969477090_R02C02	ok	486427	0.142202221504974	0.987319730688184	4.11161387011823e-06	6513.88589541328	1.07495092103576	7.18
GSE90496	GSM2405063	GSM2405063_9969477104_R01C02	ok	486427	0.218075888057201	0.902009559541553	4.11161387011823e-06	4952.93194560374	1.26474226610801	6.84
GSE90496	GSM2405064	GSM2405064_9969477104_R02C02	ok	486427	0.147125879114441	0.981775196587346	4.11161387011823e-06	6646.68790975558	1.51053386267116	6.67
GSE90496	GSM2405065	GSM2405065_9969477104_R04C02	ok	486427	0.172465755395979	0.953460451251478	4.11161387011823e-06	6481.80211595212	1.43638136063155	6.74
GSE90496	GSM2405066	GSM2405066_9969477100_R05C01	ok	486427	0.148367586503216	0.980397800277535	4.11161387011823e-06	6800.49229899166	1.54372462688679	6.97
GSE90496	GSM2405067	GSM2405067_9969477100_R06C01	ok	486427	0.16988160607861	0.956100118209385	4.11161387011823e-06	6455.65153083125	1.5237504815862	6.44
GSE90496	GSM2405068	GSM2405068_9969477100_R01C02	ok	486427	0.146977861015116	0.982163745695637	4.11161387011823e-06	5722.18673183455	1.35389639383249	7.01
GSE90496	GSM2405069	GSM2405069_9969477100_R02C02	ok	486427	0.15668332555553	0.97051138407771	4.11161387011823e-06	6158.78471031638	1.65330461201054	7.14
GSE90496	GSM2405070	GSM2405070_9969477101_R02C01	ok	486427	0.227919091662264	0.891461170786863	4.11161387011823e-06	5137.33350469463	1.34186273657435	7.11
GSE90496	GSM2405071	GSM2405071_9969477101_R03C01	ok	486427	0.158634286336902	0.967982731150743	4.11161387011823e-06	6741.20278144247	1.46761659982674	6.92
GSE90496	GSM2405072	GSM2405072_9969477101_R05C01	ok	486427	0.152181108367751	0.97614637405561	4.11161387011823e-06	7174.73351495512	1.47049386319536	7.22
GSE90496	GSM2405073	GSM2405073_9969477101_R01C02	ok	486427	0.140785770526718	0.988791694505833	4.11161387011823e-06	6322.9740038066	1.73705238545559	6.46
GSE90496	GSM2405074	GSM2405074_9969477101_R02C02	ok	486427	0.146258328587846	0.982597522742458	4.11161387011823e-06	6711.06027493864	1.56808191248698	9.12
GSE90496	GSM2405075	GSM2405075_9969477101_R03C02	ok	486427	0.166804063096826	0.960201469908002	4.11161387011823e-06	6412.97606458877	1.24948784233145	10.23
GSE90496	GSM2405076	GSM2405076_9969477102_R01C01	ok	486427	0.142268007326896	0.986744102379606	4.11161387011823e-06	6794.79490024452	1.8310305677804	7.65
GSE90496	GSM2405077	GSM2405077_9969477102_R06C02	ok	486427	0.153998441698343	0.974037107467749	4.11161387011823e-06	7973.68215673058	1.56855176781723	6.97
GSE90496	GSM2405078	GSM2405078_9969477098_R02C01	ok	486427	0.145269485452082	0.984085933083209	4.11161387011823e-06	6040.1373940706	1.11216313028299	7.41
GSE90496	GSM2405079	GSM2405079_9969477098_R03C01	ok	486427	0.139344649865242	0.990370560723647	4.11161387011823e-06	6890.77077672437	1.09761247313852	6.64
GSE90496	GSM2405080	GSM2405080_9969477098_R01C01	ok	486427	0.138627173244906	0.991295677648147	4.11161387011823e-06	6307.23000652325	1.15977015841392	6.67
GSE90496	GSM2405081	GSM2405081_9969477098_R04C01	ok	486427	0.139593402504384	0.990127974507889	4.11161387011823e-06	7030.21684043172	1.20101498354641	6.64
GSE90496	GSM2405082	GSM2405082_9969477099_R02C02	ok	486427	0.13910000883997	0.990995528601532	4.11161387011823e-06	7381.02317480533	1.07765073922825	6.44
GSE90496	GSM2405083	GSM2405083_9969477111_R01C01	ok	486427	0.142995762981907	0.986228092717274	4.11161387011823e-06	7111.60638121648	1.17005295221769	6.59
GSE90496	GSM2405084	GSM2405084_9969477108_R02C02	ok	486427	0.152557321036867	0.975188364084905	4.11161387011823e-06	7199.03011744758	1.55545404232095	6.92
GSE90496	GSM2405085	GSM2405085_9969477107_R05C01	ok	486427	0.218857094692523	0.903041578866218	4.11161387011823e-06	6384.27038143231	1.30624874901724	7.02
GSE90496	GSM2405086	GSM2405086_9969477106_R05C02	ok	486427	0.32411440976755	0.786302102071234	4.11161387011823e-06	4907.87989513826	1.27160627974277	7.01
GSE90496	GSM2405087	GSM2405087_9969477121_R05C01	ok	486427	0.171715385864683	0.952868376419797	4.11161387011823e-06	6665.63443923759	1.34690457219313	6.49
GSE90496	GSM2405088	GSM2405088_9969477121_R01C01	ok	486427	0.177473701089783	0.94704630724161	4.11161387011823e-06	5970.16135622139	1.29808482011255	6.97
GSE90496	GSM2405089	GSM2405089_9969477122_R02C01	ok	486427	0.151190209425052	0.975737266793442	4.11161387011823e-06	7080.55861019446	1.88547575198314	6.69
GSE90496	GSM2405090	GSM2405090_9969477122_R01C02	ok	486427	0.160531796137961	0.964748933545768	4.11161387011823e-06	6809.17301351288	1.61800132710978	6.57
GSE90496	GSM2405091	GSM2405091_9969477123_R01C01	ok	486427	0.202141328503558	0.919319525106645	4.11161387011823e-06	6687.9195225946	1.52399294701738	9.48
GSE90496	GSM2405092	GSM2405092_9969477123_R03C01	ok	486427	0.194220304382775	0.928963355090713	4.11161387011823e-06	6894.46412246816	1.37113555538802	10.23
GSE90496	GSM2405093	GSM2405093_9969477123_R02C02	ok	486427	0.201382735744521	0.920359767692861	4.11161387011823e-06	7137.68205808324	1.35537298226864	7.74
GSE90496	GSM2405094	GSM2405094_9969477124_R04C01	ok	486427	0.158085385885241	0.969853523153621	4.11161387011823e-06	7153.9310950975	1.48814467611289	6.66
GSE90496	GSM2405095	GSM2405095_9969477124_R05C01	ok	486427	0.199010334541463	0.922096931695534	4.11161387011823e-06	7344.09037148438	1.88185505396288	7.57
GSE90496	GSM2405096	GSM2405096_9855358018_R02C01	ok	486427	0.156609316505868	0.970669681862569	4.11161387011823e-06	7361.92531134152	1.13661394123219	6.45
GSE90496	GSM2405097	GSM2405097_9855358018_R06C01	ok	486427	0.14831619132984	0.979848897568998	4.11161387011823e-06	8569.34298833596	1.09093132526313	6.63
GSE90496	GSM2405098	GSM2405098_9855358018_R01C02	ok	486427	0.136875625736236	0.993666032790255	4.11161387011823e-06	7328.44892282481	1.10601813515045	6.67
GSE90496	GSM2405099	GSM2405099_9855358018_R02C02	ok	486427	0.137852134030389	0.992152952664851	4.11161387011823e-06	7463.65008078306	1.11621953161344	6.77
GSE90496	GSM2405100	GSM2405100_9855358023_R04C01	ok	486427	0.139515281840852	0.990430179369893	4.11161387011823e-06	7482.3600777255	1.10164654955055	6.58
GSE90496	GSM2405101	GSM2405101_9855358023_R03C02	ok	486427	0.139607793152929	0.990204039677237	4.11161387011823e-06	7529.26008734537	1.07906978869599	6.62
GSE90496	GSM2405102	GSM2405102_9855358023_R06C02	ok	486427	0.13894993493371	0.990985249524593	4.11161387011823e-06	8614.1763634126	1.08643657197571	7.04
GSE90496	GSM2405103	GSM2405103_9855358001_R05C01	ok	486427	0.166592314982515	0.958902194582926	4.11161387011823e-06	7729.38829734837	1.72668075216216	8.83
GSE90496	GSM2405104	GSM2405104_9855358001_R06C01	ok	486427	0.207120492900271	0.912621678573264	4.11161387011823e-06	7929.58323633492	1.85507809531294	6.58
GSE90496	GSM2405105	GSM2405105_9855358001_R06C02	ok	486427	0.17805343864547	0.945448938685306	4.11161387011823e-06	8077.77653831454	1.70256731670452	6.41
GSE90496	GSM2405106	GSM2405106_9855358003_R02C02	ok	486427	0.188344808162376	0.935007452330781	4.11161387011823e-06	6316.33159431946	1.3635274616255	6.66
GSE90496	GSM2405107	GSM2405107_9855358003_R05C01	ok	486427	0.233570504926741	0.882645834404071	4.11161387011823e-06	8095.25520324042	1.54588087674304	6.39
GSE90496	GSM2405108	GSM2405108_9855358001_R02C01	ok	486427	0.159604627210249	0.966321632317418	4.11161387011823e-06	6897.63992750584	1.94124756229777	9.35
GSE90496	GSM2405109	GSM2405109_9855358001_R03C01	ok	486427	0.144609571425928	0.983857737575166	4.11161387011823e-06	7528.04252139357	1.55399446602969	10.15
GSE90496	GSM2405110	GSM2405110_9855358032_R01C01	ok	486427	0.149348206411239	0.979696767230303	4.11161387011823e-06	5665.95311488965	1.23895156322466	7.63
GSE90496	GSM2405111	GSM2405111_9855358032_R03C01	ok	486427	0.176624652825604	0.948199619674153	4.11161387011823e-06	5604.41193582117	1.24384701860502	6.67
GSE90496	GSM2405112	GSM2405112_9855358026_R03C01	ok	486427	0.175142416025426	0.950167035000257	4.11161387011823e-06	6401.35514006205	1.39711620411863	7.81
GSE90496	GSM2405113	GSM2405113_9855358026_R05C01	ok	486427	0.183910432603453	0.939425399599116	4.11161387011823e-06	7346.14422034766	1.7058378256009	6.65
GSE90496	GSM2405114	GSM2405114_9855358026_R06C01	ok	486427	0.150846889666898	0.97729351904199	4.11161387011823e-06	7322.43508776731	1.73063700103211	6.38
GSE90496	GSM2405115	GSM2405115_9855358026_R01C02	ok	486427	0.149792260709212	0.978508505936167	4.11161387011823e-06	5722.49200763642	1.87001962087568	6.48
GSE90496	GSM2405116	GSM2405116_9855358026_R03C02	ok	486427	0.169474556305468	0.955100991930925	4.11161387011823e-06	6333.36762069893	1.97170470439422	6.71
GSE90496	GSM2405117	GSM2405117_9855358027_R03C01	ok	486427	0.159732087240223	0.966664953487177	4.11161387011823e-06	6523.022218719	1.50357730801663	6.79
GSE90496	GSM2405118	GSM2405118_9855358027_R05C01	ok	486427	0.214920224411885	0.907229274811122	4.11161387011823e-06	5788.06078297323	1.27219469813725	6.77
GSE90496	GSM2405119	GSM2405119_9855358027_R04C02	ok	486427	0.144556120445617	0.984437477514519	4.11161387011823e-06	7323.99229096444	1.62705726813413	7.08
GSE90496	GSM2405120	GSM2405120_9855358031_R04C01	ok	486427	0.166292167169997	0.958665775813332	4.11161387011823e-06	6965.91790690141	1.77270538056076	6.93
GSE90496	GSM2405121	GSM2405121_9855358031_R06C01	ok	486427	0.209817711599068	0.912490106388446	4.11161387011823e-06	5637.5432449303	1.17288932639751	6.7
GSE90496	GSM2405122	GSM2405122_9855358056_R01C02	ok	486427	0.161495969590504	0.966046153055456	4.11161387011823e-06	6748.11320732621	1.55069338262758	7.06
GSE90496	GSM2405123	GSM2405123_9855358056_R02C02	ok	486427	0.173076330055692	0.952142673587912	4.11161387011823e-06	7759.22443782681	1.80027267709421	6.92
GSE90496	GSM2405124	GSM2405124_9855358056_R04C02	ok	486427	0.160903897193207	0.965328673485121	4.11161387011823e-06	7960.2963067088	1.67675586729328	6.65
GSE90496	GSM2405125	GSM2405125_9855358056_R06C02	ok	486427	0.302333135290599	0.809376573983656	4.11161387011823e-06	5591.70829887954	1.25274702623833	9.9
GSE90496	GSM2405126	GSM2405126_9855358058_R01C01	ok	486427	0.19580327572277	0.927680526288739	4.11161387011823e-06	6511.17636124052	1.27564152709341	10.22
GSE90496	GSM2405127	GSM2405127_9855358058_R03C01	ok	486427	0.185953904696902	0.938590738551678	4.11161387011823e-06	7810.98087361695	1.26238193248109	8.09
GSE90496	GSM2405128	GSM2405128_9855358058_R04C01	ok	486427	0.16691096505745	0.959689571876446	4.11161387011823e-06	7957.18836528747	1.36485239271601	6.99
GSE90496	GSM2405129	GSM2405129_9855358058_R06C01	ok	486427	0.215567803596429	0.906283599732744	4.11161387011823e-06	5605.2133860597	1.28014533913528	7.69
GSE90496	GSM2405130	GSM2405130_9855358058_R05C02	ok	486427	0.147937922853789	0.979542581076219	4.11161387011823e-06	8481.49585291079	2.18077053223067	6.78
GSE90496	GSM2405131	GSM2405131_9855358065_R05C02	ok	486427	0.162624607597851	0.963961556252249	4.11161387011823e-06	7830.17065467536	1.07583916184309	6.8
GSE90496	GSM2405132	GSM2405132_9855358065_R01C01	ok	486427	0.166409348165295	0.959603227630159	4.11161387011823e-06	6694.72898220575	1.10231046833084	6.54
GSE90496	GSM2405133	GSM2405133_9855358066_R02C02	ok	486427	0.144685636282525	0.984492984529989	4.11161387011823e-06	7637.05361205526	1.09535027491715	6.66
GSE90496	GSM2405134	GSM2405134_9855358068_R03C01	ok	486427	0.138880037497918	0.991139435678676	4.11161387011823e-06	7824.78883691324	1.07893092593272	6.66
GSE90496	GSM2405135	GSM2405135_9855358065_R03C02	ok	486427	0.169281310453573	0.956426992856041	4.11161387011823e-06	7118.27070413659	1.0850736866657	7.08
GSE90496	GSM2405136	GSM2405136_9855358066_R02C01	ok	486427	0.141815729801183	0.987459526134553	4.11161387011823e-06	7776.84354507958	1.06409675241805	7.02
GSE90496	GSM2405137	GSM2405137_9855358066_R01C02	ok	486427	0.138209844437089	0.991861026879786	4.11161387011823e-06	7354.73521073153	1.06512011686888	7.08
GSE90496	GSM2405138	GSM2405138_9855358068_R05C01	ok	486427	0.144593124970448	0.984324407668191	4.11161387011823e-06	8129.2060235901	1.07653571153553	7
GSE90496	GSM2405139	GSM2405139_9855358068_R06C01	ok	486427	0.138832753938412	0.991102431001696	4.11161387011823e-06	9038.59795525024	1.0661873245052	6.78
GSE90496	GSM2405140	GSM2405140_9855358065_R05C01	ok	486427	0.151934411535544	0.976347843963612	4.11161387011823e-06	7618.22087002121	1.08678739797642	7.05
GSE90496	GSM2405141	GSM2405141_9878820009_R06C02	ok	486427	0.140802216982199	0.988929434136815	4.11161387011823e-06	7240.99016305611	1.15981560835467	6.47
GSE90496	GSM2405142	GSM2405142_9878820008_R06C01	ok	486427	0.1810281912805	0.943047746312381	4.11161387011823e-06	8216.53842742237	1.50851470100283	9.99
GSE90496	GSM2405143	GSM2405143_9878820030_R04C02	ok	486427	0.261656939273519	0.852544585496222	4.11161387011823e-06	6809.29294150975	1.77490053322921	10.36
GSE90496	GSM2405144	GSM2405144_9878820017_R04C01	ok	486427	0.181597649801512	0.942944955542992	4.11161387011823e-06	7247.11805399735	1.51192291803125	7.83
GSE90496	GSM2405145	GSM2405145_9878820017_R05C01	ok	486427	0.143450096314555	0.985576399239348	4.11161387011823e-06	8094.48709787881	1.68329285941758	7.01
GSE90496	GSM2405146	GSM2405146_9878820017_R02C02	ok	486427	0.156539419070076	0.970240016446523	4.11161387011823e-06	7187.99640236824	1.39500255607218	7.55
GSE90496	GSM2405147	GSM2405147_9878820017_R03C02	ok	486427	0.156087141544363	0.970741635401141	4.11161387011823e-06	7968.91798004204	1.61709750628723	6.78
GSE90496	GSM2405148	GSM2405148_9878820018_R01C01	ok	486427	0.363970338817541	0.737760189135016	4.11161387011823e-06	4839.3017760484	1.41320363176739	6.65
GSE90496	GSM2405149	GSM2405149_9878820018_R03C01	ok	486427	0.250814613498017	0.865280361823508	4.11161387011823e-06	6627.3464174846	1.57540080247094	6.58
GSE90496	GSM2405150	GSM2405150_9878820018_R03C02	ok	486427	0.148704738840566	0.980194274554145	4.11161387011823e-06	7808.15235891608	1.47644404487179	6.75
GSE90496	GSM2405151	GSM2405151_9878820018_R06C02	ok	486427	0.162819909256682	0.963361258159017	4.11161387011823e-06	8520.51560628305	1.58522932776774	6.81
GSE90496	GSM2405152	GSM2405152_9878820021_R06C01	ok	486427	0.159573790106224	0.967086395641671	4.11161387011823e-06	8771.46501716801	1.53142991508745	6.78
GSE90496	GSM2405153	GSM2405153_9878820021_R03C02	ok	486427	0.151537640797077	0.976962532764558	4.11161387011823e-06	7635.45242512569	1.29435847464757	6.99
GSE90496	GSM2405154	GSM2405154_9878820021_R04C02	ok	486427	0.143754355740944	0.985346147915917	4.11161387011823e-06	8257.56018654633	1.644338854851	6.85
GSE90496	GSM2405155	GSM2405155_9878820021_R05C02	ok	486427	0.148838366291345	0.978469445443799	4.11161387011823e-06	8508.51695878036	1.86365570511852	6.89
GSE90496	GSM2405156	GSM2405156_9878820021_R06C02	ok	486427	0.235317940821542	0.881656987202549	4.11161387011823e-06	7578.42809415549	1.58261322064575	6.97
GSE90496	GSM2405157	GSM2405157_9878820030_R01C01	ok	486427	0.200726933332237	0.92183173151051	4.11161387011823e-06	6397.63461235352	1.4045594645666	10.67
GSE90496	GSM2405158	GSM2405158_9878820030_R02C01	ok	486427	0.223400428019004	0.89688646759521	4.11161387011823e-06	6260.93620460603	1.33029995986752	8.27
GSE90496	GSM2405159	GSM2405159_9878820030_R04C01	ok	486427	0.182541265184704	0.94144832194069	4.11161387011823e-06	7916.32169401309	1.50333112714136	7.11
GSE90496	GSM2405160	GSM2405160_9878820030_R06C01	ok	486427	0.185100744818853	0.938288533689675	4.11161387011823e-06	7426.73239189731	1.48245799258432	6.76
GSE90496	GSM2405161	GSM2405161_9878820062_R06C02	ok	486427	0.16293709025198	0.962804132188929	4.11161387011823e-06	8369.12227841616	1.41470168883812	7.33
GSE90496	GSM2405162	GSM2405162_9878820078_R05C02	ok	486427	0.14207064986113	0.986869507118261	4.11161387011823e-06	8965.93119393078	1.07630358896508	6.69
GSE90496	GSM2405163	GSM2405163_9878820082_R05C02	ok	486427	0.139920275807058	0.989833992907437	4.11161387011823e-06	8603.77087642563	1.05006034702425	6.56
GSE90496	GSM2405164	GSM2405164_9878820082_R04C02	ok	486427	0.142142603103857	0.987167600349489	4.11161387011823e-06	8306.52557924713	1.06629070751323	10.7
GSE90496	GSM2405165	GSM2405165_9878820082_R06C01	ok	486427	0.14205009179178	0.987218995734183	4.11161387011823e-06	8404.87897763375	1.08938143288001	6.73
GSE90496	GSM2405166	GSM2405166_9878820082_R02C02	ok	486427	0.142111765999831	0.987058642133936	4.11161387011823e-06	7576.69462736873	1.05160032298016	6.65
GSE90496	GSM2405167	GSM2405167_9878820083_R06C02	ok	486427	0.142888861021284	0.986460399856093	4.11161387011823e-06	8886.48205723792	1.06487548290843	6.81
GSE90496	GSM2405168	GSM2405168_9878820084_R01C02	ok	486427	0.13876696811649	0.991252505525004	4.11161387011823e-06	6649.59907399504	1.08384813063276	6.41
GSE90496	GSM2405169	GSM2405169_9878820083_R05C02	ok	486427	0.146774336128545	0.981863596649021	4.11161387011823e-06	8316.01947272444	1.06266393080025	6.66
GSE90496	GSM2405170	GSM2405170_9878820066_R03C02	ok	486427	0.139213078221398	0.990697435370304	4.11161387011823e-06	8216.06911463125	1.0970981902892	6.49
GSE90496	GSM2405171	GSM2405171_9878820066_R05C02	ok	486427	0.145102965090342	0.983347895358997	4.11161387011823e-06	9014.9462843015	1.06621346601463	6.2
GSE90496	GSM2405172	GSM2405172_9878820066_R06C02	ok	486427	0.233023660282016	0.881463740556098	4.11161387011823e-06	7979.043773936	1.07046302019083	6.1
GSE90496	GSM2405173	GSM2405173_9878820068_R03C01	ok	486427	0.165408170187921	0.959919823199877	4.11161387011823e-06	7560.09128451371	1.08292863161679	6.1
GSE90496	GSM2405174	GSM2405174_9878820068_R06C01	ok	486427	0.140432171733888	0.988935601582978	4.11161387011823e-06	8878.38589377421	1.0819975285722	10.68
GSE90496	GSM2405175	GSM2405175_9878820078_R03C01	ok	486427	0.140105298431214	0.989406383306779	4.11161387011823e-06	8277.28940624934	1.05807332582619	8.22
GSE90496	GSM2405176	GSM2405176_9878820091_R01C02	ok	486427	0.155992574425351	0.971882612941358	4.11161387011823e-06	6125.38844079366	1.18638110084919	6.67
GSE90496	GSM2405177	GSM2405177_9878820106_R06C01	ok	486427	0.208279968011644	0.913980572544586	4.11161387011823e-06	6257.55085883296	1.19855826979892	9.7
GSE90496	GSM2405178	GSM2405178_9878820106_R05C02	ok	486427	0.137948756956337	0.992222850388035	4.11161387011823e-06	7628.56969482962	1.0397118353957	6.48
GSE90496	GSM2405179	GSM2405179_9878820106_R06C02	ok	486427	0.151621928881415	0.976499974302308	4.11161387011823e-06	6563.04791567884	1.04632439583701	6.63
GSE90496	GSM2405180	GSM2405180_9878820104_R06C01	ok	486427	0.14518314156081	0.983629542067122	4.11161387011823e-06	7886.06390279268	1.42673472157813	6.31
GSE90496	GSM2405181	GSM2405181_9878820104_R01C02	ok	486427	0.139872992247552	0.989681862568741	4.11161387011823e-06	6704.49364251768	1.69288225044417	6.57
GSE90496	GSM2405182	GSM2405182_9878820104_R04C02	ok	486427	0.251453969454821	0.86623220434805	4.11161387011823e-06	5506.3808536566	1.27681570066878	6.35
GSE90496	GSM2405183	GSM2405183_9878820105_R01C01	ok	486427	0.182685171670158	0.942221308526494	4.11161387011823e-06	6346.13356889214	1.29359617649469	6.43
GSE90496	GSM2405184	GSM2405184_9878820105_R02C01	ok	486427	0.324369329827497	0.782792825204297	4.11161387011823e-06	5077.37272367959	1.31535264172482	6.6
GSE90496	GSM2405185	GSM2405185_9878820105_R03C01	ok	486427	0.218951661811536	0.901150228709462	4.11161387011823e-06	7098.0676246842	1.24680142628876	6.86
GSE90496	GSM2405186	GSM2405186_9878820105_R06C01	ok	486427	0.144130568410059	0.98455671480701	4.11161387011823e-06	8377.87978333584	1.67543401121164	6.38
GSE90496	GSM2405187	GSM2405187_9878820105_R02C02	ok	486427	0.188093999716299	0.934627126484042	4.11161387011823e-06	6817.6029255256	1.85156119403388	6.6
GSE90496	GSM2405188	GSM2405188_9878820105_R03C02	ok	486427	0.217870307363695	0.901565503417793	4.11161387011823e-06	6743.26607495624	1.71989591785988	6.87
GSE90496	GSM2405189	GSM2405189_9878820119_R01C01	ok	486427	0.145764934923431	0.983064192835483	4.11161387011823e-06	6004.99760645599	1.07428841198532	6
GSE90496	GSM2405190	GSM2405190_9878820117_R06C02	ok	486427	0.150803717721261	0.977106439841702	4.11161387011823e-06	7702.78658613096	1.05782573256719	6.3
GSE90496	GSM2405191	GSM2405191_9878820119_R02C01	ok	486427	0.151862458292817	0.975741378424217	4.11161387011823e-06	6014.7250806798	1.4735970331709	10.61
GSE90496	GSM2405192	GSM2405192_9878820119_R03C01	ok	486427	0.137486200395948	0.992841650819756	4.11161387011823e-06	6683.54669231755	1.05665803735893	8.12
GSE90496	GSM2405193	GSM2405193_9878820117_R03C02	ok	486427	0.14415934970715	0.984971989515341	4.11161387011823e-06	7299.87368867719	1.05553325994472	6.64
GSE90496	GSM2405194	GSM2405194_9878820117_R04C02	ok	486427	0.151040135518793	0.976674718610269	4.11161387011823e-06	7353.5591516773	1.15485854621347	6.75
GSE90496	GSM2405195	GSM2405195_9878820113_R06C02	ok	486427	0.14466302240624	0.983968751606106	4.11161387011823e-06	7595.86350492782	1.06936476043799	6.65
GSE90496	GSM2405196	GSM2405196_9878820107_R06C01	ok	486427	0.14726772979296	0.980545818985455	4.11161387011823e-06	6778.76688644789	1.07757538995229	6.58
GSE90496	GSM2405197	GSM2405197_9878820107_R04C01	ok	486427	0.141238048052431	0.988374363982114	4.11161387011823e-06	7294.90957368472	1.06841595911623	7.27
GSE90496	GSM2405198	GSM2405198_9878820113_R03C02	ok	486427	0.138814251675997	0.991143547309452	4.11161387011823e-06	6924.83138204549	1.08487480780034	7.23
GSE90496	GSM2405199	GSM2405199_9878820107_R05C02	ok	486427	0.146741443217585	0.981581949940895	4.11161387011823e-06	7005.54079041861	1.10042870749564	7.01
GSE90496	GSM2405200	GSM2405200_9878820119_R02C02	ok	486427	0.184685471817971	0.937751965873465	4.11161387011823e-06	6108.0172838243	1.07552022909041	6.82
GSE90496	GSM2405201	GSM2405201_9878820138_R03C01	ok	486427	0.13998606162898	0.989663360230251	4.11161387011823e-06	6074.78206515466	1.05981676409756	6.61
GSE90496	GSM2405202	GSM2405202_9878820138_R02C01	ok	486427	0.142997818788842	0.986108855424783	4.11161387011823e-06	6135.47658327581	1.04600534066745	6.6
GSE90496	GSM2405203	GSM2405203_9878820127_R02C02	ok	486427	0.163993775016601	0.962939816004523	4.11161387011823e-06	6585.87845561315	1.2286153881558	6.97
GSE90496	GSM2405204	GSM2405204_9878820127_R04C02	ok	486427	0.141170206423574	0.987967312535334	4.11161387011823e-06	7635.13575221428	1.27622610426567	6.78
GSE90496	GSM2405205	GSM2405205_9878820121_R02C01	ok	486427	0.175360331560542	0.949630467184047	4.11161387011823e-06	6509.86735315301	1.39012187747046	6.92
GSE90496	GSM2405206	GSM2405206_9878820122_R03C02	ok	486427	0.194066118862645	0.9274852238269	4.11161387011823e-06	6528.88450048391	1.57068570324212	8.87
GSE90496	GSM2405207	GSM2405207_9878820123_R06C01	ok	486427	0.232898256058977	0.883992393483065	4.11161387011823e-06	5027.09256674548	1.37662052886421	5.75
GSE90496	GSM2405208	GSM2405208_9878820123_R06C02	ok	486427	0.259027562203578	0.85647941614843	4.11161387011823e-06	5141.85240897219	1.27664981870068	10.59
GSE90496	GSM2405209	GSM2405209_9878820127_R02C01	ok	486427	0.189045838327231	0.934565452022408	4.11161387011823e-06	6209.21032512007	1.46664081178915	7.99
GSE90496	GSM2405210	GSM2405210_9878820127_R04C01	ok	486427	0.145002230550525	0.983582258313203	4.11161387011823e-06	7640.91622584395	1.33223941291495	7.06
GSE90496	GSM2405211	GSM2405211_9878820127_R05C01	ok	486427	0.138822474903737	0.990970858816878	4.11161387011823e-06	7998.86580284559	1.26997035051044	6.63
GSE90496	GSM2405212	GSM2405212_9878820127_R06C01	ok	486427	0.162077762953126	0.96439533329907	4.11161387011823e-06	6885.72961599341	1.33298766390413	6.37
GSE90496	GSM2405213	GSM2405213_9878820156_R06C02	ok	486427	0.156751167184387	0.970151616384849	4.11161387011823e-06	5431.99332493891	1.36847796780654	6.37
GSE90496	GSM2405214	GSM2405214_9878820140_R03C01	ok	486427	0.157466587997788	0.969968648815336	4.11161387011823e-06	5485.1990741747	1.63238455938791	6.57
GSE90496	GSM2405215	GSM2405215_9878820140_R03C02	ok	486427	0.171886017840293	0.95282931592743	4.11161387011823e-06	5459.88918368777	2.18860341442321	6.33
GSE90496	GSM2405216	GSM2405216_9878820140_R04C02	ok	486427	0.169708918296065	0.9556601737164	4.11161387011823e-06	5723.07610657483	2.009204784688	6.3
GSE90496	GSM2405217	GSM2405217_9878820140_R05C02	ok	486427	0.174174130959013	0.950012848846174	4.11161387011823e-06	5923.10559378246	2.47878254668988	6.9
GSE90496	GSM2405218	GSM2405218_9878820156_R04C01	ok	486427	0.202180388835324	0.920145962892532	4.11161387011823e-06	5074.86441264298	1.70676907775016	6.57
GSE90496	GSM2405219	GSM2405219_9878820156_R06C01	ok	486427	0.220014513996962	0.900582823662435	4.11161387011823e-06	3998.39857291086	1.49320835245307	6.59
GSE90496	GSM2405220	GSM2405220_9980102125_R04C01	ok	486427	0.143503547294866	0.986100632163232	4.11161387011823e-06	7235.27480279298	1.05795998868923	6.5
GSE90496	GSM2405221	GSM2405221_9980102125_R05C01	ok	486427	0.145193420595485	0.983855681759778	4.11161387011823e-06	7233.52125565357	1.04295665958905	6.37
GSE90496	GSM2405222	GSM2405222_9980102013_R01C01	ok	486427	0.19666054721469	0.925454078223775	4.11161387011823e-06	6836.16251352104	1.49214496257384	6.68
GSE90496	GSM2405223	GSM2405223_9980102032_R05C01	ok	486427	0.154872159645743	0.972211543403402	4.11161387011823e-06	7328.41155720404	1.62659073814603	8.53
GSE90496	GSM2405224	GSM2405224_9980102125_R01C02	ok	486427	0.13927886404332	0.990319165338953	4.11161387011823e-06	6285.42005383524	1.08955739869686	6.32
GSE90496	GSM2405225	GSM2405225_9980102125_R02C02	ok	486427	0.139147292399476	0.990304774631238	4.11161387011823e-06	6708.2585846529	1.08934924761906	9.95
GSE90496	GSM2405226	GSM2405226_9980102125_R03C02	ok	486427	0.13771850657961	0.992169399187953	4.11161387011823e-06	7174.54556458714	1.10680325179125	7.88
GSE90496	GSM2405227	GSM2405227_9878827210_R05C01	ok	486427	0.151418403994844	0.97592434599373	4.11161387011823e-06	7069.35488825394	1.87348343354946	6.82
GSE90496	GSM2405228	GSM2405228_9878827211_R02C01	ok	486427	0.170173530663388	0.955119494269415	4.11161387011823e-06	5960.88096701775	1.56483034378763	6.57
GSE90496	GSM2405229	GSM2405229_9878827214_R04C01	ok	486427	0.14014847037685	0.989307704168166	4.11161387011823e-06	6434.8921185486	1.16142312209209	6.63
GSE90496	GSM2405230	GSM2405230_9878827214_R05C01	ok	486427	0.138493545794127	0.991213445032636	4.11161387011823e-06	6635.65283404526	1.17248528722515	6.18
GSE90496	GSM2405231	GSM2405231_9878827214_R06C01	ok	486427	0.143345250160867	0.985288585085059	4.11161387011823e-06	6440.77312494368	1.14479041879557	6.56
GSE90496	GSM2405232	GSM2405232_9878827214_R01C02	ok	486427	0.13718605258343	0.992868376419798	4.11161387011823e-06	5607.45241237748	1.10388395484002	6.53
GSE90496	GSM2405233	GSM2405233_9878827214_R02C02	ok	486427	0.137383410049195	0.99266279488102	4.11161387011823e-06	5900.09939444255	1.11003745587224	6.26
GSE90496	GSM2405234	GSM2405234_9878827214_R03C02	ok	486427	0.137599269777377	0.992564115742406	4.11161387011823e-06	6474.55573521897	1.14689299379023	6.52
GSE90496	GSM2405235	GSM2405235_9878827214_R04C02	ok	486427	0.136258883655718	0.994223158760343	4.11161387011823e-06	6348.55405062288	1.1712268873786	6.49
GSE90496	GSM2405236	GSM2405236_9878827214_R05C02	ok	486427	0.138185174753869	0.991587603433212	4.11161387011823e-06	6255.21595906423	1.23933415183481	6.61
GSE90496	GSM2405237	GSM2405237_9878827214_R06C02	ok	486427	0.140746710194952	0.988485378013054	4.11161387011823e-06	6710.93222672013	1.08987493281753	6.6
GSE90496	GSM2405238	GSM2405238_9878827214_R02C01	ok	486427	0.138902651374204	0.990972914632266	4.11161387011823e-06	6105.33808134637	1.20858849405818	6.35
GSE90496	GSM2405239	GSM2405239_9878827214_R03C01	ok	486427	0.138018654392129	0.991949426941461	4.11161387011823e-06	6446.62435508886	1.13166547555967	6.65
GSE90496	GSM2405240	GSM2405240_9878827220_R02C01	ok	486427	0.188063162612273	0.935134912884823	4.11161387011823e-06	5340.87672924647	1.55676496653245	8.81
GSE90496	GSM2405241	GSM2405241_9878827220_R04C01	ok	486427	0.179336262172947	0.944996659299995	4.11161387011823e-06	6176.04331660196	1.51707959978318	6
GSE90496	GSM2405242	GSM2405242_9878827221_R05C01	ok	486427	0.224444777942014	0.89577632728581	4.11161387011823e-06	5254.37513615299	1.23637868607717	10.27
GSE90496	GSM2405243	GSM2405243_9878827221_R01C02	ok	486427	0.274781210746936	0.840561237600863	4.11161387011823e-06	3397.00419503065	1.24700508929242	8.16
GSE90496	GSM2405244	GSM2405244_9878827221_R02C02	ok	486427	0.162262785577281	0.963651128128694	4.11161387011823e-06	5738.07106978757	1.88183475463759	6.93
GSE90496	GSM2405245	GSM2405245_9878827221_R05C02	ok	486427	0.238753194210025	0.878569152490106	4.11161387011823e-06	5414.92854754716	1.61998914916373	6.48
GSE90496	GSM2405246	GSM2405246_9878827225_R02C01	ok	486427	0.153461876088293	0.974037107467749	4.11161387011823e-06	5794.55885044491	1.63623870093413	6.73
GSE90496	GSM2405247	GSM2405247_9878827225_R03C01	ok	486427	0.1610149107677	0.965509585239245	4.11161387011823e-06	5607.98145546621	1.7001049675419	6.48
GSE90496	GSM2405248	GSM2405248_9878827225_R02C02	ok	486427	0.153172007310449	0.973985712083055	4.11161387011823e-06	5263.13899922185	1.69648313435741	6.53
GSE90496	GSM2405249	GSM2405249_9878827225_R04C02	ok	486427	0.146817508074182	0.981405149817546	4.11161387011823e-06	5857.06800523672	1.53528390649464	6.95
GSE90496	GSM2405250	GSM2405250_9878827227_R03C01	ok	486427	0.15231062420466	0.975511127100786	4.11161387011823e-06	5875.9825810535	1.58986664080887	6.71
GSE90496	GSM2405251	GSM2405251_9878827227_R04C01	ok	486427	0.168251351179108	0.957693375134913	4.11161387011823e-06	5432.75682642931	1.39868243801244	6.28
GSE90496	GSM2405252	GSM2405252_9878827227_R01C02	ok	486427	0.147734397967218	0.980362851415943	4.11161387011823e-06	5286.19539116144	1.70100821716686	6.67
GSE90496	GSM2405253	GSM2405253_9878827229_R01C01	ok	486427	0.139500891192306	0.989799044045845	4.11161387011823e-06	5551.62925665709	1.07045839163993	6.43
GSE90496	GSM2405254	GSM2405254_10006823005_R01C01	ok	486427	0.140950235081523	0.988189340597214	4.11161387011823e-06	4961.82758844281	1.22308817282492	6.5
GSE90496	GSM2405255	GSM2405255_10006823005_R02C01	ok	486427	0.139515281840852	0.990070411677031	4.11161387011823e-06	5156.90324264363	1.15693561520118	6.36
GSE90496	GSM2405256	GSM2405256_10006823005_R03C01	ok	486427	0.142635996768271	0.986203422932621	4.11161387011823e-06	5289.64891076652	1.15406765672061	6.29
GSE90496	GSM2405257	GSM2405257_10006823005_R04C01	ok	486427	0.144099731306034	0.984622500899419	4.11161387011823e-06	5515.45790278583	1.10962826633935	10.34
GSE90496	GSM2405258	GSM2405258_10006823005_R05C01	ok	486427	0.140722040511731	0.988832810813589	4.11161387011823e-06	5802.51056327562	1.09172522002169	6.97
GSE90496	GSM2405259	GSM2405259_9878827235_R02C01	ok	486427	0.24101458183859	0.876102174024773	4.11161387011823e-06	5227.77436608755	1.31258717649867	6.88
GSE90496	GSM2405260	GSM2405260_9878827235_R04C01	ok	486427	0.179019667904948	0.945379040962122	4.11161387011823e-06	5842.90889614598	1.65418443870569	6.77
GSE90496	GSM2405261	GSM2405261_9878827235_R05C01	ok	486427	0.166199655857919	0.959494269414607	4.11161387011823e-06	6510.263904583	1.73361908357826	6.9
GSE90496	GSM2405262	GSM2405262_9878827235_R06C01	ok	486427	0.19458829382415	0.928110191704785	4.11161387011823e-06	6291.90949769826	1.36668238808649	6.68
GSE90496	GSM2405263	GSM2405263_9878827235_R01C02	ok	486427	0.258320364617918	0.858997789998458	4.11161387011823e-06	4553.07530394986	1.18933857876746	7.24
GSE90496	GSM2405264	GSM2405264_9878827235_R03C02	ok	486427	0.311368406770183	0.800567405047027	4.11161387011823e-06	4311.31444403002	1.16667554960064	7.05
GSE90496	GSM2405265	GSM2405265_9878827235_R05C02	ok	486427	0.213816256087758	0.907299172534306	4.11161387011823e-06	6002.45694399284	1.43315980762972	6.75
GSE90496	GSM2405266	GSM2405266_9878827239_R04C02	ok	486427	0.173008488426835	0.952621678573264	4.11161387011823e-06	5915.53969298348	1.63042724872092	6.99
GSE90496	GSM2405267	GSM2405267_9878827240_R03C01	ok	486427	0.147907085749763	0.980346404892841	4.11161387011823e-06	6558.09553211126	1.58882859425869	6.95
GSE90496	GSM2405268	GSM2405268_9878827240_R04C01	ok	486427	0.15718288664075	0.970246183892686	4.11161387011823e-06	6416.5482941803	1.58495408296277	6.97
GSE90496	GSM2405269	GSM2405269_10006823022_R06C01	ok	486427	0.18971191977419	0.933654725805623	4.11161387011823e-06	5810.78436055894	1.34949706939186	7.58
GSE90496	GSM2405270	GSM2405270_10006823022_R03C02	ok	486427	0.16850010381825	0.957417895872951	4.11161387011823e-06	6182.10157167308	1.55634063208733	7.36
GSE90496	GSM2405271	GSM2405271_10006823024_R05C01	ok	486427	0.1455285171259	0.983175206866423	4.11161387011823e-06	6194.37202669701	1.47367269392739	7.45
GSE90496	GSM2405272	GSM2405272_10006823069_R02C01	ok	486427	0.165381444697766	0.96083260523205	4.11161387011823e-06	6348.49552204124	1.59280785002517	7.15
GSE90496	GSM2405273	GSM2405273_10006823069_R04C02	ok	486427	0.23353350040191	0.884531017114663	4.11161387011823e-06	5647.79627745221	1.59811013573298	6.69
GSE90496	GSM2405274	GSM2405274_10006823069_R06C02	ok	486427	0.152764957537308	0.975085573315516	4.11161387011823e-06	7337.82741730828	1.63750627693536	9.64
GSE90496	GSM2405275	GSM2405275_10006823133_R05C01	ok	486427	0.254788488303486	0.862461838926864	4.11161387011823e-06	6104.28263903334	1.24129602628358	7.23
GSE90496	GSM2405276	GSM2405276_10006823133_R01C02	ok	486427	0.149730586501161	0.978823045690497	4.11161387011823e-06	6999.6320993008	1.24215742943704	7.06
GSE90496	GSM2405277	GSM2405277_10006823143_R03C02	ok	486427	0.142539373842324	0.986986688595364	4.11161387011823e-06	7547.68569699737	1.1629167440708	7.09
GSE90496	GSM2405278	GSM2405278_10006823143_R04C02	ok	486427	0.145762879116496	0.983294444158915	4.11161387011823e-06	7555.10402290779	1.1307662449909	6.76
GSE90496	GSM2405279	GSM2405279_10006823122_R03C02	ok	486427	0.169338873047754	0.956061057717017	4.11161387011823e-06	7213.51300601206	1.47276186157073	6.87
GSE90496	GSM2405280	GSM2405280_10006823122_R05C02	ok	486427	0.158591114391265	0.968815336382793	4.11161387011823e-06	7311.56685267823	1.44091974053758	7.09
GSE90496	GSM2405281	GSM2405281_10006823123_R02C01	ok	486427	0.168049882099472	0.957800277535077	4.11161387011823e-06	7313.76725558943	1.50884019851355	7.06
GSE90496	GSM2405282	GSM2405282_10006823123_R05C01	ok	486427	0.157018422085945	0.969941923215295	4.11161387011823e-06	7995.88599413268	1.63768471099993	7.17
GSE90496	GSM2405283	GSM2405283_10006823123_R06C02	ok	486427	0.153118556330138	0.974637405560981	4.11161387011823e-06	8995.44202906381	1.52319479856431	6.86
GSE90496	GSM2405284	GSM2405284_10006823130_R02C01	ok	486427	0.144371097821461	0.985085059361669	4.11161387011823e-06	8242.11220500793	1.38458211463202	6.81
GSE90496	GSM2405285	GSM2405285_10006823130_R03C01	ok	486427	0.144116177761514	0.984772575422727	4.11161387011823e-06	8351.63377706273	1.89284283602408	7.18
GSE90496	GSM2405286	GSM2405286_10006823130_R04C01	ok	486427	0.238101503411612	0.881301331140464	4.11161387011823e-06	6322.35113360331	1.30819333801488	7.29
GSE90496	GSM2405287	GSM2405287_10006823130_R05C01	ok	486427	0.18395771616296	0.940556098062394	4.11161387011823e-06	7764.98200947385	1.41672415126625	9.31
GSE90496	GSM2405288	GSM2405288_10006823141_R01C01	ok	486427	0.152372298412711	0.975733155162666	4.11161387011823e-06	7460.68058186169	1.53863880860464	7.87
GSE90496	GSM2405289	GSM2405289_10006823141_R05C01	ok	486427	0.149716195852615	0.978492059413065	4.11161387011823e-06	8967.94291149939	1.92855794547333	6.65
GSE90496	GSM2405290	GSM2405290_10006823141_R01C02	ok	486427	0.176468411498539	0.948394922135992	4.11161387011823e-06	7645.91821378764	1.56142151490623	6.32
GSE90496	GSM2405291	GSM2405291_10006823141_R02C02	ok	486427	0.190836446167668	0.931296705555841	4.11161387011823e-06	7570.23057551657	1.71261557460119	9.77
GSE90496	GSM2405292	GSM2405292_10006823141_R03C02	ok	486427	0.237470370682548	0.881093693786298	4.11161387011823e-06	6387.01251552987	1.60830536760232	6.85
GSE90496	GSM2405293	GSM2405293_10006823165_R01C01	ok	486427	0.138265351224336	0.991737677956519	4.11161387011823e-06	5702.16646412378	1.16365875808913	6.5
GSE90496	GSM2405294	GSM2405294_10006823165_R02C01	ok	486427	0.139396045038618	0.99052474687773	4.11161387011823e-06	5538.72528883279	1.16115329469314	6.38
GSE90496	GSM2405295	GSM2405295_10006823165_R04C01	ok	486427	0.139182241117372	0.990744719124223	4.11161387011823e-06	6683.59084113365	1.16289150439391	6.67
GSE90496	GSM2405296	GSM2405296_3999875055_R02C01	ok	486427	0.303188350975583	0.809436192629902	4.11161387011823e-06	5019.41860798932	1.41046545416699	6.72
GSE90496	GSM2405297	GSM2405297_3999875055_R01C02	ok	486427	0.321123210677039	0.787632214627127	4.11161387011823e-06	4932.68674775675	1.4221799929008	6.74
GSE90496	GSM2405298	GSM2405298_3999875055_R02C02	ok	486427	0.360366509260382	0.74377961659043	4.11161387011823e-06	4459.51996052899	1.44123270055241	6.86
GSE90496	GSM2405299	GSM2405299_3999875055_R03C02	ok	486427	0.163995830823536	0.962941871819911	4.11161387011823e-06	6901.00820021992	1.38231437338291	7.13
GSE90496	GSM2405300	GSM2405300_3999875055_R04C02	ok	486427	0.243748805062219	0.874745335868839	4.11161387011823e-06	5759.44076357233	1.35949969929732	6.75
GSE90496	GSM2405301	GSM2405301_3999875055_R05C02	ok	486427	0.165416393415662	0.961173870586421	4.11161387011823e-06	7557.75091204253	1.47303955153892	6.86
GSE90496	GSM2405302	GSM2405302_3999875056_R04C01	ok	486427	0.156436628723323	0.970149560569461	4.11161387011823e-06	8096.94236278761	1.98153421072694	7.17
GSE90496	GSM2405303	GSM2405303_3999875056_R05C01	ok	486427	0.197620609053363	0.925530143393123	4.11161387011823e-06	6350.08554457091	1.35595619741203	6.95
GSE90496	GSM2405304	GSM2405304_3999875056_R06C02	ok	486427	0.181328339093019	0.943319113943568	4.11161387011823e-06	6683.63365476994	1.45075257071039	6.58
GSE90496	GSM2405305	GSM2405305_3999875057_R04C01	ok	486427	0.146338505058313	0.982100015418615	4.11161387011823e-06	7244.07267432144	1.5931493732146	6.71
GSE90496	GSM2405306	GSM2405306_3999875057_R05C01	ok	486427	0.153011654369515	0.974886159222902	4.11161387011823e-06	7481.43420228206	1.84752274801896	7.58
GSE90496	GSM2405307	GSM2405307_3999875057_R06C01	ok	486427	0.149463331599603	0.97842216168988	4.11161387011823e-06	7595.32749055383	1.46579087583065	6.54
GSE90496	GSM2405308	GSM2405308_3999875057_R01C02	ok	486427	0.153860702633694	0.974341368145141	4.11161387011823e-06	5736.8332104477	1.56780486293633	10.2
GSE90496	GSM2405309	GSM2405309_10003886259_R03C01	ok	486427	0.170862225986633	0.955255178085008	4.11161387011823e-06	6074.56325724577	1.31369784918635	6.63
GSE90496	GSM2405310	GSM2405310_10003886259_R03C02	ok	486427	0.163893040476783	0.963147453358688	4.11161387011823e-06	6347.8649121292	1.28028191113761	6.7
GSE90496	GSM2405311	GSM2405311_10003886258_R06C01	ok	486427	0.159306535204666	0.96731870278049	4.11161387011823e-06	7576.27052710925	1.48913555788703	6.45
GSE90496	GSM2405312	GSM2405312_10003886252_R03C02	ok	486427	0.14674761063839	0.981972554864573	4.11161387011823e-06	7560.74346179345	1.3152750622792	6.96
GSE90496	GSM2405313	GSM2405313_10003886252_R04C02	ok	486427	0.153186397958995	0.974466772883795	4.11161387011823e-06	7222.99661528122	1.54591192075709	7
GSE90496	GSM2405314	GSM2405314_10003886253_R03C01	ok	486427	0.165395835346311	0.961126586832502	4.11161387011823e-06	6552.63709673628	1.58574366271621	6.69
GSE90496	GSM2405315	GSM2405315_10003886253_R05C02	ok	486427	0.151837788609596	0.976006578609241	4.11161387011823e-06	7011.17312254168	1.61374740106803	6.89
GSE90496	GSM2405316	GSM2405316_10003886253_R06C02	ok	486427	0.15856438890111	0.967678470473352	4.11161387011823e-06	7472.32988858504	1.65094754196733	6.6
GSE90496	GSM2405317	GSM2405317_10003886256_R01C02	ok	486427	0.233072999648457	0.884420003083723	4.11161387011823e-06	5557.89570990143	1.65978062602841	6.7
GSE90496	GSM2405318	GSM2405318_10003886259_R02C01	ok	486427	0.181161818731279	0.943937914375289	4.11161387011823e-06	5667.00327970446	1.32688716738665	6.91
GSE90496	GSM2405319	GSM2405319_10003886258_R02C01	ok	486427	0.152785515606658	0.974546949683918	4.11161387011823e-06	7208.7736984932	1.7617577129748	7.09
GSE90496	GSM2405320	GSM2405320_10003886258_R02C02	ok	486427	0.148266851963398	0.98048620033921	4.11161387011823e-06	6914.4807862231	1.44954589313421	6.75
GSE90496	GSM2405321	GSM2405321_10003886258_R05C02	ok	486427	0.210899066046909	0.909591406691679	4.11161387011823e-06	5867.2247655034	1.5982615198725	6.79
GSE90496	GSM2405322	GSM2405322_10005839017_R06C01	ok	486427	0.153190509572865	0.974454437991468	4.11161387011823e-06	6912.63593903886	1.16803175448141	7.08
GSE90496	GSM2405323	GSM2405323_10006823132_R06C02	ok	486427	0.143133502046556	0.985798427301228	4.11161387011823e-06	7718.06326209094	1.71469640754102	7.9
GSE90496	GSM2405324	GSM2405324_10006823144_R02C01	ok	486427	0.246384349552965	0.870855733155163	4.11161387011823e-06	5996.47924720866	1.52265926458895	6.63
GSE90496	GSM2405325	GSM2405325_10006823144_R01C02	ok	486427	0.166158539719218	0.961007349540011	4.11161387011823e-06	6246.49043131156	1.32166044574202	10.75
GSE90496	GSM2405326	GSM2405326_10006823144_R06C02	ok	486427	0.145390778061251	0.983944081821452	4.11161387011823e-06	7974.66961822377	1.10133694700489	6.83
GSE90496	GSM2405327	GSM2405327_10006823155_R02C02	ok	486427	0.172642554792394	0.95308834866629	4.11161387011823e-06	6219.18579719226	1.39554051376999	6.77
GSE90496	GSM2405328	GSM2405328_10006823155_R03C02	ok	486427	0.198459378282867	0.924105463329393	4.11161387011823e-06	6765.71507616954	1.55497214930289	6.82
GSE90496	GSM2405329	GSM2405329_10006823155_R04C02	ok	486427	0.195007678438902	0.92916071336794	4.11161387011823e-06	6206.6335985864	1.35658692457299	6.6
GSE90496	GSM2405330	GSM2405330_10006823160_R05C01	ok	486427	0.145304434169978	0.982679755357969	4.11161387011823e-06	7918.7564452149	1.49765726280584	6.57
GSE90496	GSM2405331	GSM2405331_3999834021_R04C02	ok	486427	0.193426762905842	0.929156601737164	4.11161387011823e-06	6098.41514688295	1.44122882144231	7
GSE90496	GSM2405332	GSM2405332_3999834021_R06C02	ok	486427	0.203859983101267	0.917783831011975	4.11161387011823e-06	5821.00803486843	1.1918156103448	6.76
GSE90496	GSM2405333	GSM2405333_3999834021_R05C01	ok	486427	0.157197277289295	0.969869969676723	4.11161387011823e-06	6834.30474644965	1.31044235072924	6.62
GSE90496	GSM2405334	GSM2405334_3999834001_R02C01	ok	486427	0.152808129482944	0.975307601377396	4.11161387011823e-06	6532.55623210661	1.69037906786297	6.57
GSE90496	GSM2405335	GSM2405335_3999834002_R02C02	ok	486427	0.156080974123558	0.971469394048414	4.11161387011823e-06	6115.87313913206	1.83909340842055	6.94
GSE90496	GSM2405336	GSM2405336_3999834003_R01C01	ok	486427	0.168327416035705	0.957750937965771	4.11161387011823e-06	6009.24603026833	1.4959507594661	6.78
GSE90496	GSM2405337	GSM2405337_3999834003_R02C01	ok	486427	0.172077207885253	0.953709204913399	4.11161387011823e-06	6561.00343200113	1.37637012064052	6.81
GSE90496	GSM2405338	GSM2405338_3999834003_R03C01	ok	486427	0.165424616643402	0.961241712494218	4.11161387011823e-06	6880.20761478145	1.45614172032148	6.94
GSE90496	GSM2405339	GSM2405339_3999834003_R05C01	ok	486427	0.188122781013389	0.936573983656268	4.11161387011823e-06	6195.93766119462	1.33799237404932	6.53
GSE90496	GSM2405340	GSM2405340_3999834003_R06C01	ok	486427	0.195194756869993	0.926829418718199	4.11161387011823e-06	6303.29968525139	1.44999611181481	7.4
GSE90496	GSM2405341	GSM2405341_3999834003_R03C02	ok	486427	0.146211045028339	0.982182248034127	4.11161387011823e-06	6859.41710111314	1.82761790290323	6.56
GSE90496	GSM2405342	GSM2405342_3999834021_R02C01	ok	486427	0.174560622662805	0.949243973891145	4.11161387011823e-06	5623.76824610709	1.75165173096787	10.28
GSE90496	GSM2405343	GSM2405343_3999834045_R02C01	ok	486427	0.139480333122956	0.990323276969728	4.11161387011823e-06	5733.43735926462	1.18048396253255	7.07
GSE90496	GSM2405344	GSM2405344_3999834045_R03C01	ok	486427	0.140203977164097	0.989406383306779	4.11161387011823e-06	6491.15756477417	1.09179790009895	6.62
GSE90496	GSM2405345	GSM2405345_3999834045_R04C01	ok	486427	0.140670645338355	0.989048671429306	4.11161387011823e-06	6514.14740603738	1.10357048543925	6.74
GSE90496	GSM2405346	GSM2405346_3999834045_R05C01	ok	486427	0.142136435683052	0.987256000411163	4.11161387011823e-06	6353.87103583782	1.10293841006458	6.49
GSE90496	GSM2405347	GSM2405347_3999834045_R06C01	ok	486427	0.159035168689238	0.96807729865858	4.11161387011823e-06	5996.08770383946	1.08404579761268	6.77
GSE90496	GSM2405348	GSM2405348_3999834045_R01C02	ok	486427	0.142268007326896	0.987105925887855	4.11161387011823e-06	5412.20650397377	1.1023669427722	6.68
GSE90496	GSM2405349	GSM2405349_3999834045_R02C02	ok	486427	0.142732619694219	0.986885953641363	4.11161387011823e-06	5712.64280990267	1.09185430116666	6.67
GSE90496	GSM2405350	GSM2405350_3999834036_R05C02	ok	486427	0.222284124853267	0.898576347843964	4.11161387011823e-06	6235.81237167495	1.39355569979517	6.85
GSE90496	GSM2405351	GSM2405351_3999834036_R06C02	ok	486427	0.241596375201212	0.875978825101506	4.11161387011823e-06	6335.93270000603	1.34270210523273	6.55
GSE90496	GSM2405352	GSM2405352_3999834045_R03C02	ok	486427	0.140197809743291	0.989515341522331	4.11161387011823e-06	6316.62065322418	1.10087161429524	6.81
GSE90496	GSM2405353	GSM2405353_3999834045_R04C02	ok	486427	0.139984005822045	0.989905946446009	4.11161387011823e-06	6567.67158117996	1.06946948005874	6.81
GSE90496	GSM2405354	GSM2405354_3999834045_R05C02	ok	486427	0.145224257699511	0.983767281698103	4.11161387011823e-06	6406.52389273184	1.07208453558187	6.55
GSE90496	GSM2405355	GSM2405355_3999834036_R01C01	ok	486427	0.187168886595522	0.936874132702883	4.11161387011823e-06	5106.68988791469	1.4570484140492	6.69
GSE90496	GSM2405356	GSM2405356_3999834036_R02C01	ok	486427	0.213793642211473	0.907698000719535	4.11161387011823e-06	5286.59512868902	1.42568147057484	6.92
GSE90496	GSM2405357	GSM2405357_3999834036_R03C01	ok	486427	0.211820067553816	0.909813434753559	4.11161387011823e-06	5841.59875640272	1.42993102615546	10.21
GSE90496	GSM2405358	GSM2405358_3999834036_R04C01	ok	486427	0.177412026881731	0.948329136043583	4.11161387011823e-06	6402.72363674886	1.40618079499628	7.3
GSE90496	GSM2405359	GSM2405359_3999834036_R05C01	ok	486427	0.178437874542326	0.946931181579894	4.11161387011823e-06	6481.90142361893	1.43011153357207	7.46
GSE90496	GSM2405360	GSM2405360_3999834036_R06C01	ok	486427	0.204236195770383	0.917972966027651	4.11161387011823e-06	6394.80303061657	1.38546661671521	6.9
GSE90496	GSM2405361	GSM2405361_3999834036_R01C02	ok	486427	0.162188776527619	0.964679035822583	4.11161387011823e-06	5627.77657453294	1.43710791537644	6.93
GSE90496	GSM2405362	GSM2405362_3999834036_R02C02	ok	486427	0.183813809677506	0.94141131726371	4.11161387011823e-06	5302.4166490703	1.37198823488145	6.87
GSE90496	GSM2405363	GSM2405363_3999834036_R03C02	ok	486427	0.181387957494136	0.943974919052269	4.11161387011823e-06	5982.34695098881	1.3284120096902	7.2
GSE90496	GSM2405364	GSM2405364_3999834055_R06C02	ok	486427	0.156607260698933	0.970287300200442	4.11161387011823e-06	6601.49347846842	1.52761166163263	10.02
GSE90496	GSM2405365	GSM2405365_3999834062_R03C01	ok	486427	0.146529695103273	0.981927326926042	4.11161387011823e-06	6964.95387091334	1.47965312734283	6.72
GSE90496	GSM2405366	GSM2405366_3999834062_R05C01	ok	486427	0.147183441708622	0.981183121755666	4.11161387011823e-06	7313.03065056912	1.57720928664282	6.86
GSE90496	GSM2405367	GSM2405367_3999834062_R06C01	ok	486427	0.153955269752707	0.973126381250964	4.11161387011823e-06	6985.43603085916	1.58834190034341	7.42
GSE90496	GSM2405368	GSM2405368_3999834062_R01C02	ok	486427	0.179739200332218	0.945882715732127	4.11161387011823e-06	5893.6325233599	1.21748358287492	7.7
GSE90496	GSM2405369	GSM2405369_3999834062_R04C02	ok	486427	0.190602084177071	0.934092614483219	4.11161387011823e-06	5326.73646729234	1.18347590925695	6.72
GSE90496	GSM2405370	GSM2405370_3999834063_R02C01	ok	486427	0.209425052474472	0.912064552603176	4.11161387011823e-06	5646.2651835929	1.38806625782607	7.18
GSE90496	GSM2405371	GSM2405371_3999834063_R04C01	ok	486427	0.148423093290463	0.980038032584674	4.11161387011823e-06	6790.10273484232	1.52847759588281	6.94
GSE90496	GSM2405372	GSM2405372_3999834063_R02C02	ok	486427	0.17997972974362	0.945159068715629	4.11161387011823e-06	5112.21475130608	1.43933565001298	6.74
GSE90496	GSM2405373	GSM2405373_3999834063_R05C02	ok	486427	0.157760568389501	0.969516369430025	4.11161387011823e-06	7167.30778874613	1.58933724832055	6.5
GSE90496	GSM2405374	GSM2405374_3999834067_R06C02	ok	486427	0.158959103832641	0.968186256874133	4.11161387011823e-06	6108.43073719139	1.39244870186782	10.35
GSE90496	GSM2405375	GSM2405375_3999834068_R03C02	ok	486427	0.275868732615583	0.838252556920389	4.11161387011823e-06	4650.84878220018	1.56848297183535	7.16
GSE90496	GSM2405376	GSM2405376_3999834070_R01C01	ok	486427	0.222637723646097	0.896409518425245	4.11161387011823e-06	5096.54108974464	1.48027596719083	7.05
GSE90496	GSM2405377	GSM2405377_3999834070_R01C02	ok	486427	0.15476936929899	0.973214781312638	4.11161387011823e-06	5222.98470061095	1.43848097643514	6.97
GSE90496	GSM2405378	GSM2405378_10011071031_R05C01	ok	486427	0.148692403998956	0.979789278922753	4.11161387011823e-06	6478.19991730736	1.13007126179454	10.14
GSE90496	GSM2405379	GSM2405379_3999834073_R04C02	ok	486427	0.172580880584343	0.952814925219715	4.11161387011823e-06	6306.15078439162	1.32579863334712	6.89
GSE90496	GSM2405380	GSM2405380_3999834089_R06C01	ok	486427	0.241738225879731	0.874381456545202	4.11161387011823e-06	4344.18723124092	1.16778673617554	6.59
GSE90496	GSM2405381	GSM2405381_3999834089_R03C02	ok	486427	0.185143916764489	0.938724366551884	4.11161387011823e-06	5382.21612587732	1.3156644170009	6.58
GSE90496	GSM2405382	GSM2405382_3999834089_R04C02	ok	486427	0.177991764437418	0.94654674410238	4.11161387011823e-06	6105.03818251724	1.37660219252344	6.82
GSE90496	GSM2405383	GSM2405383_3999834092_R06C02	ok	486427	0.192859360191766	0.928809168936629	4.11161387011823e-06	6520.85882618228	1.62861748481016	6.72
GSE90496	GSM2405384	GSM2405384_3999834093_R01C01	ok	486427	0.161500081204374	0.965573315516267	4.11161387011823e-06	5419.82647738975	1.39622266543163	6.87
GSE90496	GSM2405385	GSM2405385_3999834093_R01C02	ok	486427	0.156553809718622	0.970499049185383	4.11161387011823e-06	5656.46761290408	1.52723982854537	7.96
GSE90496	GSM2405386	GSM2405386_3999834093_R02C02	ok	486427	0.15352149448941	0.974259135529629	4.11161387011823e-06	6120.2053528747	1.45977187728487	7.11
GSE90496	GSM2405387	GSM2405387_3999834093_R04C02	ok	486427	0.161866014838814	0.965306059515855	4.11161387011823e-06	6840.84554895001	1.42390442478347	6.58
GSE90496	GSM2405388	GSM2405388_3999834094_R04C01	ok	486427	0.170424339109466	0.955111271007864	4.11161387011823e-06	6377.74679180752	1.58789737484338	6.96
GSE90496	GSM2405389	GSM2405389_3999834094_R05C01	ok	486427	0.205085244034562	0.917054016549314	4.11161387011823e-06	5994.87301735243	1.29008360757487	6.58
GSE90496	GSM2405390	GSM2405390_3999834094_R05C02	ok	486427	0.265659595376079	0.849458806599167	4.11161387011823e-06	5558.27419112577	1.42969944287545	6.43
GSE90496	GSM2405391	GSM2405391_3999834095_R02C01	ok	486427	0.311325234824547	0.799280464614278	4.11161387011823e-06	4518.60090279855	1.38339472443492	9.94
GSE90496	GSM2405392	GSM2405392_3999834095_R03C01	ok	486427	0.306002750669679	0.807890219458293	4.11161387011823e-06	3406.73833841884	1.21767596627402	6.79
GSE90496	GSM2405393	GSM2405393_3999834095_R04C01	ok	486427	0.291340735608837	0.821322917202035	4.11161387011823e-06	3838.08372540491	1.40429051534584	7.06
GSE90496	GSM2405394	GSM2405394_3999834095_R06C01	ok	486427	0.379826777707652	0.722948039266074	4.11161387011823e-06	3226.20077616404	1.36475270607682	6.64
GSE90496	GSM2405395	GSM2405395_3999834095_R01C02	ok	486427	0.271376794462478	0.84495040345377	4.11161387011823e-06	3710.18911675197	1.30732072776873	6.74
GSE90496	GSM2405396	GSM2405396_3999834095_R02C02	ok	486427	0.289821494283829	0.823796063113532	4.11161387011823e-06	4443.63580067915	1.33724762658189	7.1
GSE90496	GSM2405397	GSM2405397_3999834095_R03C02	ok	486427	0.325946133746688	0.784240119237293	4.11161387011823e-06	3957.41239540039	1.38348145743086	6.97
GSE90496	GSM2405398	GSM2405398_3999834095_R06C02	ok	486427	0.189551566833256	0.934581898545511	4.11161387011823e-06	5041.70776356331	1.40816538185745	7.29
GSE90496	GSM2405399	GSM2405399_3999834096_R01C01	ok	486427	0.240724713060747	0.877477514519196	4.11161387011823e-06	4803.12671031303	1.38677035784732	7
GSE90496	GSM2405400	GSM2405400_3999834096_R02C01	ok	486427	0.369058460981812	0.737379863288277	4.11161387011823e-06	3001.67572750311	1.26707954729028	6.91
GSE90496	GSM2405401	GSM2405401_3999834096_R03C01	ok	486427	0.279238200182145	0.836096006578609	4.11161387011823e-06	4102.77610089493	1.31972321430708	7.16
GSE90496	GSM2405402	GSM2405402_3999834096_R04C01	ok	486427	0.435341788181988	0.660663000462558	4.11161387011823e-06	3533.55332727383	1.40743252356585	8.88
GSE90496	GSM2405403	GSM2405403_3999834096_R06C01	ok	486427	0.457059332643953	0.637732435627281	4.11161387011823e-06	2974.09410408277	1.36876252767371	6.94
GSE90496	GSM2405404	GSM2405404_3999834096_R01C02	ok	486427	0.320672988958261	0.790831063370509	4.11161387011823e-06	3192.20117052627	1.30313087482377	9.48
GSE90496	GSM2405405	GSM2405405_3999834096_R02C02	ok	486427	0.316236557592403	0.795446368916071	4.11161387011823e-06	3710.76182236406	1.29896408519628	7.46
GSE90496	GSM2405406	GSM2405406_3999834096_R03C02	ok	486427	0.355060471560995	0.752827260112042	4.11161387011823e-06	3117.13241861278	1.22862471304667	6.45
GSE90496	GSM2405407	GSM2405407_3999834096_R04C02	ok	486427	0.346452807923902	0.760271367631187	4.11161387011823e-06	3630.32582502861	1.38034600438522	6.07
GSE90496	GSM2405408	GSM2405408_3999834096_R05C02	ok	486427	0.24205070853386	0.877304826026623	4.11161387011823e-06	4419.01231964774	1.40101276200693	10.09
GSE90496	GSM2405409	GSM2405409_9407210157_R03C01	ok	486427	0.20239830437044	0.918314231382022	4.11161387011823e-06	5700.39617328109	1.29004547635491	6.64
GSE90496	GSM2405410	GSM2405410_9407210157_R04C01	ok	486427	0.154491835362757	0.972441794726834	4.11161387011823e-06	6392.37060938041	1.4328980061228	7.16
GSE90496	GSM2405411	GSM2405411_9741950038_R06C01	ok	486427	0.217047984589671	0.903921467852187	4.11161387011823e-06	4343.14430463395	1.19992501851728	6.64
GSE90496	GSM2405412	GSM2405412_9741950038_R06C02	ok	486427	0.218805699519147	0.899476794983811	4.11161387011823e-06	4688.58480038762	1.39958952535187	6.46
GSE90496	GSM2405413	GSM2405413_9741950039_R02C02	ok	486427	0.180068129441828	0.942936732281441	4.11161387011823e-06	4677.64014142502	1.62126812933889	6.23
GSE90496	GSM2405414	GSM2405414_9741950054_R06C02	ok	486427	0.195941014787419	0.928106080074009	4.11161387011823e-06	4531.45837354761	1.29153881544987	6.63
GSE90496	GSM2405415	GSM2405415_9741950056_R02C01	ok	486427	0.160638698098584	0.965604152747083	4.11161387011823e-06	4757.255525895	1.40657031983249	6.84
GSE90496	GSM2405416	GSM2405416_9741950056_R02C02	ok	486427	0.198455266668997	0.922401192372925	4.11161387011823e-06	4210.90085022973	1.35887872289046	6.53
GSE90496	GSM2405417	GSM2405417_9741950074_R05C02	ok	486427	0.176961805162954	0.946135581024824	4.11161387011823e-06	5485.94284822885	1.59401883249189	6.66
GSE90496	GSM2405418	GSM2405418_9741950086_R05C02	ok	486427	0.320089139788704	0.79087629130904	4.11161387011823e-06	3752.14130027413	1.25481572682113	6.73
GSE90496	GSM2405419	GSM2405419_9741950159_R05C01	ok	486427	0.150256873076536	0.977597779719381	4.11161387011823e-06	6644.10870322555	1.42288468297407	10.7
GSE90496	GSM2405420	GSM2405420_9741950159_R06C01	ok	486427	0.14848682330545	0.979289715783523	4.11161387011823e-06	7150.50991853969	1.59426768282796	7.21
GSE90496	GSM2405421	GSM2405421_9741950159_R01C02	ok	486427	0.180292212397749	0.943129978927892	4.11161387011823e-06	4597.30816501019	1.39912923402046	6.11
GSE90496	GSM2405422	GSM2405422_9741950159_R03C02	ok	486427	0.16692741151293	0.958474584982269	4.11161387011823e-06	5576.99438006336	1.49293566865304	6.45
GSE90496	GSM2405423	GSM2405423_9741950173_R06C02	ok	486427	0.191412072109484	0.93143650100221	4.11161387011823e-06	5903.04830957987	1.37630215086035	6.41
GSE90496	GSM2405424	GSM2405424_9741950159_R01C01	ok	486427	0.199923112820629	0.923435267512977	4.11161387011823e-06	4223.95545838377	1.26635095106294	6.51
GSE90496	GSM2405425	GSM2405425_9741950158_R06C01	ok	486427	0.179568568356609	0.945323533946652	4.11161387011823e-06	5991.54981056454	1.26743886908879	9.97
GSE90496	GSM2405426	GSM2405426_3999834100_R05C01	ok	486427	0.173232571382756	0.952401706326772	4.11161387011823e-06	6435.201174688	1.37386383074297	7.07
GSE90496	GSM2405427	GSM2405427_3999834104_R04C01	ok	486427	0.225355500414245	0.89310171146631	4.11161387011823e-06	6503.84916674788	1.70055971426358	10.16
GSE90496	GSM2405428	GSM2405428_3999834105_R02C01	ok	486427	0.173074274248757	0.951710952356478	4.11161387011823e-06	6508.27277399768	1.7478084687736	6.38
GSE90496	GSM2405429	GSM2405429_3999834115_R04C01	ok	486427	0.1683212486149	0.957648147196382	4.11161387011823e-06	6743.25945833386	1.37477107829026	6.34
GSE90496	GSM2405430	GSM2405430_3999834115_R06C01	ok	486427	0.199199468779488	0.922703397234928	4.11161387011823e-06	7318.71168288648	1.31003581981303	6.57
GSE90496	GSM2405431	GSM2405431_3999834115_R01C02	ok	486427	0.170845779531153	0.95414298196022	4.11161387011823e-06	5925.0028059758	1.67216240996791	6.46
GSE90496	GSM2405432	GSM2405432_3999834115_R02C02	ok	486427	0.165765880594622	0.960797656370458	4.11161387011823e-06	6386.06002530834	1.45365806565598	6.64
GSE90496	GSM2405433	GSM2405433_3999834118_R01C02	ok	486427	0.226475915193852	0.892487022665365	4.11161387011823e-06	5697.9041253269	1.58648055146888	6.66
GSE90496	GSM2405434	GSM2405434_3999834118_R06C02	ok	486427	0.16604958195166	0.959903376676774	4.11161387011823e-06	6901.2431417098	1.57873428401841	6.83
GSE90496	GSM2405435	GSM2405435_3999834121_R04C01	ok	486427	0.217551657288761	0.900358739785167	4.11161387011823e-06	5448.87673645629	1.46111484723969	6.55
GSE90496	GSM2405436	GSM2405436_3999875052_R05C02	ok	486427	0.174609962029246	0.950119751246338	4.11161387011823e-06	6872.13988384457	1.36843333766499	8.57
GSE90496	GSM2405437	GSM2405437_3999875071_R01C01	ok	486427	0.177683393397159	0.946844837333607	4.11161387011823e-06	5533.84907615824	1.5726909922275	6.76
GSE90496	GSM2405438	GSM2405438_3999875073_R01C01	ok	486427	0.150419281824405	0.977801305442771	4.11161387011823e-06	5889.95401897128	1.59744607554568	6.27
GSE90496	GSM2405439	GSM2405439_3999875073_R02C01	ok	486427	0.19649402685295	0.925088143084751	4.11161387011823e-06	6249.44348865236	1.676570213195	6.55
GSE90496	GSM2405440	GSM2405440_3999875073_R05C01	ok	486427	0.154308868545537	0.973710232821093	4.11161387011823e-06	7113.07630273179	1.46357206619234	6.53
GSE90496	GSM2405441	GSM2405441_3999875073_R03C02	ok	486427	0.158716518614304	0.969113429614021	4.11161387011823e-06	6610.85861021187	1.40890793729797	6.28
GSE90496	GSM2405442	GSM2405442_3999875073_R04C02	ok	486427	0.150320603091522	0.978165184766408	4.11161387011823e-06	7301.41355818209	1.48721707819674	10.55
GSE90496	GSM2405443	GSM2405443_3999875076_R06C01	ok	486427	0.161432239575517	0.964896952253688	4.11161387011823e-06	6641.68984923323	1.52496069076414	6.86
GSE90496	GSM2405444	GSM2405444_3999875115_R01C01	ok	486427	0.404699985814932	0.695139024515599	4.11161387011823e-06	3528.05002198635	1.28457468918467	7.11
GSE90496	GSM2405445	GSM2405445_3999875115_R02C01	ok	486427	0.175232871530569	0.950156755923318	4.11161387011823e-06	5833.54298901296	1.34984268280114	6.69
GSE90496	GSM2405446	GSM2405446_3999875115_R01C02	ok	486427	0.168777637754483	0.956708639564167	4.11161387011823e-06	5319.44553556836	1.50729549466628	6.65
GSE90496	GSM2405447	GSM2405447_3999875115_R02C02	ok	486427	0.263141231880632	0.852297887649689	4.11161387011823e-06	4688.68913190541	1.36825037728151	6.63
GSE90496	GSM2405448	GSM2405448_3999875052_R05C01	ok	486427	0.158679514089473	0.968517243151565	4.11161387011823e-06	6469.84107770579	1.38761564464066	6.71
GSE90496	GSM2405449	GSM2405449_3999875052_R01C02	ok	486427	0.182294568352497	0.94207740144935	4.11161387011823e-06	4763.88555856934	1.28393327545207	6.83
GSE90496	GSM2405450	GSM2405450_3999875052_R02C02	ok	486427	0.172868693555251	0.952111836357095	4.11161387011823e-06	6312.7165872317	1.43815471787566	6.72
GSE90496	GSM2405451	GSM2405451_3999543042_R02C01	ok	486427	0.275138921153637	0.839317469291258	4.11161387011823e-06	4349.8578912499	1.35678339595981	6.79
GSE90496	GSM2405452	GSM2405452_3999543050_R01C02	ok	486427	0.150001953016588	0.977926710181426	4.11161387011823e-06	5813.23325956989	1.67046088429058	6.97
GSE90496	GSM2405453	GSM2405453_3999543050_R02C02	ok	486427	0.195513406944927	0.925916636686026	4.11161387011823e-06	6004.5189078812	1.78019344645148	8.39
GSE90496	GSM2405454	GSM2405454_3999543051_R05C01	ok	486427	0.148889761464721	0.979762553322712	4.11161387011823e-06	7152.50986463911	1.38058720541587	7.1
GSE90496	GSM2405455	GSM2405455_3999543051_R02C02	ok	486427	0.193480213886154	0.930332528138973	4.11161387011823e-06	5699.71762327906	1.26411171002452	9.06
GSE90496	GSM2405456	GSM2405456_3999543051_R03C02	ok	486427	0.158424594029525	0.96956776481472	4.11161387011823e-06	6468.37438137101	1.35739472067022	7.05
GSE90496	GSM2405457	GSM2405457_3999547142_R02C02	ok	486427	0.15319667699367	0.974440047283754	4.11161387011823e-06	5801.84745584954	1.59356177953783	10.43
GSE90496	GSM2405458	GSM2405458_3999100031_R03C01	ok	486427	0.163603171698939	0.963213239451097	4.11161387011823e-06	6333.8052696539	1.40326168581045	6.98
GSE90496	GSM2405459	GSM2405459_3999100031_R01C02	ok	486427	0.154633686041277	0.972778948450429	4.11161387011823e-06	6015.16672469016	1.46844673677155	6.93
GSE90496	GSM2405460	GSM2405460_3999100031_R03C02	ok	486427	0.154703583477069	0.972970139281493	4.11161387011823e-06	7326.14127953154	1.59425648238209	6.81
GSE90496	GSM2405461	GSM2405461_3999100031_R04C02	ok	486427	0.173954159616962	0.952140617772524	4.11161387011823e-06	6545.19434065429	1.31959141924614	8.95
GSE90496	GSM2405462	GSM2405462_3999100031_R06C02	ok	486427	0.211842681430102	0.90967363930719	4.11161387011823e-06	6358.39955970218	1.25608281831597	6.81
GSE90496	GSM2405463	GSM2405463_3999100033_R01C01	ok	486427	0.166822565359242	0.958904250398314	4.11161387011823e-06	5995.09556691219	1.83418178998604	6.4
GSE90496	GSM2405464	GSM2405464_3999100033_R02C02	ok	486427	0.142631885154401	0.986452176594542	4.11161387011823e-06	6474.09165761037	1.85029483814286	7.06
GSE90496	GSM2405465	GSM2405465_3999100033_R06C02	ok	486427	0.248493607468335	0.866939404841445	4.11161387011823e-06	5888.54070087708	1.6244271421707	6.66
GSE90496	GSM2405466	GSM2405466_3999100034_R06C01	ok	486427	0.203997722165916	0.917146528241764	4.11161387011823e-06	6358.98151559598	1.42857846709824	6.9
GSE90496	GSM2405467	GSM2405467_3999100034_R03C02	ok	486427	0.197840580395414	0.924755100991931	4.11161387011823e-06	5869.40883723103	1.44835122309943	6.82
GSE90496	GSM2405468	GSM2405468_3999100047_R06C01	ok	486427	0.142681224520843	0.98654674410238	4.11161387011823e-06	7878.76241329576	1.36195375525398	6.86
GSE90496	GSM2405469	GSM2405469_3999100047_R01C02	ok	486427	0.215236818679884	0.906863339672097	4.11161387011823e-06	4024.31124877037	1.26675273197118	6.49
GSE90496	GSM2405470	GSM2405470_3999100065_R06C02	ok	486427	0.163360586480602	0.962752736804235	4.11161387011823e-06	6396.75343414803	1.13404273524943	6.65
GSE90496	GSM2405471	GSM2405471_3999112130_R04C01	ok	486427	0.195686094727472	0.928509019890014	4.11161387011823e-06	6595.12743473973	1.23901027822956	6.62
GSE90496	GSM2405472	GSM2405472_3999112130_R01C02	ok	486427	0.162638998246397	0.963712802590327	4.11161387011823e-06	5828.18155416705	1.49644016325497	6.16
GSE90496	GSM2405473	GSM2405473_3999112130_R02C02	ok	486427	0.164411103824418	0.961124531017115	4.11161387011823e-06	6455.31231398614	1.73293628702251	7.39
GSE90496	GSM2405474	GSM2405474_3999112137_R03C01	ok	486427	0.16691096505745	0.959118055198643	4.11161387011823e-06	6641.40957937673	1.55578285341588	10.45
GSE90496	GSM2405475	GSM2405475_3999112131_R06C02	ok	486427	0.148248349700983	0.980237446677288	4.11161387011823e-06	8061.26263017382	1.35611991319973	7.24
GSE90496	GSM2405476	GSM2405476_3999112136_R03C01	ok	486427	0.187826744814741	0.934701135838002	4.11161387011823e-06	6913.36132342727	1.37441415601873	6.77
GSE90496	GSM2405477	GSM2405477_3999112136_R06C02	ok	486427	0.161504192818244	0.964267872745027	4.11161387011823e-06	7916.54854355965	1.75606519995937	6.55
GSE90496	GSM2405478	GSM2405478_3999112137_R02C01	ok	486427	0.213022714610825	0.906772883795035	4.11161387011823e-06	6535.9802524753	1.84540335519055	6.87
GSE90496	GSM2405479	GSM2405479_3999112147_R03C02	ok	486427	0.156779948481478	0.970889654109061	4.11161387011823e-06	6247.07244199699	1.25993608378321	6.9
GSE90496	GSM2405480	GSM2405480_3999112147_R06C02	ok	486427	0.33471620613165	0.775034177930822	4.11161387011823e-06	4349.9719418366	1.22336952634234	6.79
GSE90496	GSM2405481	GSM2405481_3999112155_R01C01	ok	486427	0.16815472825316	0.957354165595929	4.11161387011823e-06	5710.98346928143	1.52074047268775	8.56
GSE90496	GSM2405482	GSM2405482_3999112155_R04C01	ok	486427	0.227211894076603	0.894189237806445	4.11161387011823e-06	5590.63241780074	1.24497810618371	6.74
GSE90496	GSM2405483	GSM2405483_3999112155_R05C01	ok	486427	0.186147150548798	0.93829264532045	4.11161387011823e-06	6648.38029615486	1.36411067394799	6.74
GSE90496	GSM2405484	GSM2405484_3999112155_R06C01	ok	486427	0.184085176192933	0.938966952767641	4.11161387011823e-06	7268.14844793405	1.44474739533575	6.55
GSE90496	GSM2405485	GSM2405485_3999112155_R02C02	ok	486427	0.169733587979286	0.956498946394614	4.11161387011823e-06	5821.17406482326	1.28031284863099	6.47
GSE90496	GSM2405486	GSM2405486_3999112155_R03C02	ok	486427	0.168239016337498	0.956821709410495	4.11161387011823e-06	6311.00859306417	1.39500024728525	6.8
GSE90496	GSM2405487	GSM2405487_3999308159_R04C01	ok	486427	0.145512070670419	0.983203988281852	4.11161387011823e-06	6865.37563411089	1.68229226503744	6.88
GSE90496	GSM2405488	GSM2405488_3999308159_R05C01	ok	486427	0.144963170218758	0.983654211851776	4.11161387011823e-06	7343.01675182741	1.68595123451519	7.08
GSE90496	GSM2405489	GSM2405489_3999308200_R01C01	ok	486427	0.159094787090355	0.967495502903839	4.11161387011823e-06	6004.44486353998	1.78190348399621	6.46
GSE90496	GSM2405490	GSM2405490_3999308200_R06C01	ok	486427	0.176743889627837	0.94767538675027	4.11161387011823e-06	7564.54096743545	1.73229968827433	6.84
GSE90496	GSM2405491	GSM2405491_3999308200_R02C02	ok	486427	0.141462131008353	0.988031042812355	4.11161387011823e-06	6492.91244093624	1.66382170737604	10.16
GSE90496	GSM2405492	GSM2405492_3999308200_R03C02	ok	486427	0.208212126382787	0.915431978208357	4.11161387011823e-06	5213.3270364062	1.33749385641036	7.14
GSE90496	GSM2405493	GSM2405493_3999308203_R02C01	ok	486427	0.144089452271358	0.985126175669425	4.11161387011823e-06	6461.18045254024	1.51811884050969	7.04
GSE90496	GSM2405494	GSM2405494_3999308203_R03C01	ok	486427	0.144591069163513	0.9845752171455	4.11161387011823e-06	6282.72964293016	1.47880804037367	6.69
GSE90496	GSM2405495	GSM2405495_3999308203_R04C01	ok	486427	0.139895606123838	0.989979955799969	4.11161387011823e-06	6927.19260260624	1.50246866749402	6.61
GSE90496	GSM2405496	GSM2405496_3999308203_R05C01	ok	486427	0.143776969617229	0.985344092100529	4.11161387011823e-06	7244.32601392008	1.4144226684368	6.65
GSE90496	GSM2405497	GSM2405497_3999308203_R01C02	ok	486427	0.158486268237577	0.967538675026983	4.11161387011823e-06	5923.62667029742	1.7812845454338	6.47
GSE90496	GSM2405498	GSM2405498_3999308203_R02C02	ok	486427	0.158570556321915	0.967641465796371	4.11161387011823e-06	6223.9564402878	1.82959266196665	6.64
GSE90496	GSM2405499	GSM2405499_3999308203_R05C02	ok	486427	0.1479913738341	0.980475921262271	4.11161387011823e-06	7443.27246983241	1.52922503636352	6.49
GSE90496	GSM2405500	GSM2405500_3999112158_R04C01	ok	486427	0.148540274285761	0.980216888523411	4.11161387011823e-06	6727.5310228692	1.07155461705037	6.56
GSE90496	GSM2405501	GSM2405501_3999543047_R01C01	ok	486427	0.156477744862025	0.970784807524284	4.11161387011823e-06	6398.06728926097	1.57625487178592	6.81
GSE90496	GSM2405502	GSM2405502_3999543047_R01C02	ok	486427	0.174155628696598	0.951388189340597	4.11161387011823e-06	5795.76770119502	1.43199374247609	6.83
GSE90496	GSM2405503	GSM2405503_3999543047_R05C02	ok	486427	0.220618921235869	0.898763427044251	4.11161387011823e-06	5811.5436091476	1.57756818159356	7.27
GSE90496	GSM2405504	GSM2405504_3999543047_R06C02	ok	486427	0.14937698770833	0.978728478182659	4.11161387011823e-06	6708.26136321574	1.53782440922306	7.01
GSE90496	GSM2405505	GSM2405505_3999547085_R02C01	ok	486427	0.159070117407134	0.967616796011718	4.11161387011823e-06	6856.86172532821	1.08045210855557	6.8
GSE90496	GSM2405506	GSM2405506_3999547092_R06C02	ok	486427	0.153400201880241	0.974109061006322	4.11161387011823e-06	8070.92897614489	1.36034790330565	6.73
GSE90496	GSM2405507	GSM2405507_3999547123_R03C01	ok	486427	0.144249805212293	0.984953487176851	4.11161387011823e-06	7130.78055624622	1.40206407406393	6.65
GSE90496	GSM2405508	GSM2405508_3999547123_R04C02	ok	486427	0.188858759896141	0.934986894176903	4.11161387011823e-06	6340.00667213017	1.53824068495425	10.42
GSE90496	GSM2405509	GSM2405509_3999547123_R05C02	ok	486427	0.187664336066871	0.935521406177725	4.11161387011823e-06	7289.28268853172	1.53979576010591	7.17
GSE90496	GSM2405510	GSM2405510_3999547136_R02C02	ok	486427	0.160408447721858	0.966218841548029	4.11161387011823e-06	6302.63809135712	1.39364443342374	6.88
GSE90496	GSM2405511	GSM2405511_3998909006_R01C02	ok	486427	0.154409603085355	0.972425348203731	4.11161387011823e-06	6494.58517747884	1.57418780697183	6.47
GSE90496	GSM2405512	GSM2405512_3998909006_R02C02	ok	486427	0.163072773509694	0.963270802281955	4.11161387011823e-06	7210.28840759395	1.60960777378486	6.7
GSE90496	GSM2405513	GSM2405513_3998909006_R06C02	ok	486427	0.293859099104285	0.820362851415943	4.11161387011823e-06	5847.73096365184	1.18509702093075	6.89
GSE90496	GSM2405514	GSM2405514_3998909013_R02C01	ok	486427	0.15789830745415	0.969255280875777	4.11161387011823e-06	6455.37907830752	1.62633880347216	6.55
GSE90496	GSM2405515	GSM2405515_3998909013_R05C01	ok	486427	0.179369155083908	0.94437169142211	4.11161387011823e-06	6665.91205228389	1.45781830182098	6.82
GSE90496	GSM2405516	GSM2405516_3998909026_R03C01	ok	486427	0.137924087273116	0.991930924602971	4.11161387011823e-06	7430.76105514594	1.88300158536247	6.77
GSE90496	GSM2405517	GSM2405517_3998909026_R02C02	ok	486427	0.140551408536122	0.988999331859999	4.11161387011823e-06	6681.75909007777	1.72327491967664	6.79
GSE90496	GSM2405518	GSM2405518_3998909027_R01C01	ok	486427	0.144340260717435	0.984657449761011	4.11161387011823e-06	6439.72222146503	1.68058308031572	6.83
GSE90496	GSM2405519	GSM2405519_3998909027_R02C01	ok	486427	0.15613442510387	0.9716400267256	4.11161387011823e-06	6515.49960410579	1.4161959598734	6.51
GSE90496	GSM2405520	GSM2405520_3998909027_R02C02	ok	486427	0.17735857590142	0.948707406074934	4.11161387011823e-06	6109.76797114772	1.26140235735586	6.75
GSE90496	GSM2405521	GSM2405521_3998909027_R03C02	ok	486427	0.14083510989316	0.988423703551421	4.11161387011823e-06	7246.31826527321	1.58589051076768	6.59
GSE90496	GSM2405522	GSM2405522_3998909027_R04C02	ok	486427	0.155227814245509	0.9733052371897	4.11161387011823e-06	6933.84222624532	1.32846343710843	6.85
GSE90496	GSM2405523	GSM2405523_3998909025_R02C01	ok	486427	0.19699358793817	0.924533072930051	4.11161387011823e-06	6330.37428881192	1.33786803698923	6.78
GSE90496	GSM2405524	GSM2405524_3998909025_R05C01	ok	486427	0.158952936411836	0.966496376625379	4.11161387011823e-06	7521.49523583117	1.60284891130973	6.72
GSE90496	GSM2405525	GSM2405525_3998909025_R01C02	ok	486427	0.164604349676313	0.960690753970293	4.11161387011823e-06	5569.77341506347	1.66836677915757	10.85
GSE90496	GSM2405526	GSM2405526_3998909051_R02C02	ok	486427	0.426423697697702	0.674268386698874	4.11161387011823e-06	3398.96881293707	1.16370934447502	7.21
GSE90496	GSM2405527	GSM2405527_3998909051_R03C02	ok	486427	0.428715922430293	0.670851621524387	4.11161387011823e-06	3539.71098533804	1.18859968872919	6.87
GSE90496	GSM2405528	GSM2405528_3998909062_R03C02	ok	486427	0.323762866781655	0.786300046255846	4.11161387011823e-06	4124.78858235623	1.21778883511302	6.44
GSE90496	GSM2405529	GSM2405529_3998909063_R01C01	ok	486427	0.284165969405481	0.828553219920851	4.11161387011823e-06	5174.41443576391	1.18809726729373	7.17
GSE90496	GSM2405530	GSM2405530_3998909063_R03C01	ok	486427	0.162116823284892	0.965184766407977	4.11161387011823e-06	6138.63235115482	1.4813160127075	6.58
GSE90496	GSM2405531	GSM2405531_3998909063_R04C01	ok	486427	0.152686836873776	0.975324047900499	4.11161387011823e-06	6724.83554206525	1.47742832946807	6.66
GSE90496	GSM2405532	GSM2405532_3998909063_R05C01	ok	486427	0.158774081208486	0.968784499151976	4.11161387011823e-06	6806.15583073036	1.29212089958818	6.57
GSE90496	GSM2405533	GSM2405533_3998909063_R06C01	ok	486427	0.230254488340491	0.889499922906923	4.11161387011823e-06	6278.31805150385	1.17927793759405	6.91
GSE90496	GSM2405534	GSM2405534_3998909063_R03C02	ok	486427	0.15543956235982	0.971370714909801	4.11161387011823e-06	6489.6129148032	1.60670294237826	6.74
GSE90496	GSM2405535	GSM2405535_9993943073_R04C01	ok	486427	0.185117191274333	0.936230662486509	4.11161387011823e-06	6707.06457415383	2.65691707360823	6.51
GSE90496	GSM2405536	GSM2405536_9993943118_R02C02	ok	486427	0.156903296897582	0.969684946291823	4.11161387011823e-06	6008.86862225857	2.21643355205296	6.86
GSE90496	GSM2405537	GSM2405537_10005771148_R01C02	ok	486427	0.141540251671885	0.987461581949941	4.11161387011823e-06	7841.36603625422	1.66040542121825	6.55
GSE90496	GSM2405538	GSM2405538_9741950039_R04C01	ok	486427	0.186469912237602	0.93829264532045	4.11161387011823e-06	4425.53957672052	1.35094207591602	6.59
GSE90496	GSM2405539	GSM2405539_3998909070_R04C01	ok	486427	0.166006410006024	0.960643470216375	4.11161387011823e-06	6292.18306570452	1.45946765596557	6.54
GSE90496	GSM2405540	GSM2405540_3998909071_R02C01	ok	486427	0.15979581725521	0.967865549673639	4.11161387011823e-06	5913.94108371233	1.37343801406113	6.7
GSE90496	GSM2405541	GSM2405541_3998909071_R02C02	ok	486427	0.148743799172332	0.980605437631701	4.11161387011823e-06	6170.89173636552	1.33358955294237	6.44
GSE90496	GSM2405542	GSM2405542_3998909071_R03C02	ok	486427	0.148830143063605	0.980432749139127	4.11161387011823e-06	6314.02497240183	1.37831988001418	10.89
GSE90496	GSM2405543	GSM2405543_3998909072_R02C01	ok	486427	0.170956793105646	0.956170015932569	4.11161387011823e-06	5335.38644318174	1.32165121692986	6.94
GSE90496	GSM2405544	GSM2405544_3998909073_R04C01	ok	486427	0.148566999775917	0.980161381507941	4.11161387011823e-06	6034.68912634513	1.32941016401908	6.78
GSE90496	GSM2405545	GSM2405545_3998909200_R06C01	ok	486427	0.158991996743602	0.967775093796577	4.11161387011823e-06	9668.51389410739	1.42287742907252	6.81
GSE90496	GSM2405546	GSM2405546_3998909182_R04C01	ok	486427	0.160285099305754	0.96668962327183	4.11161387011823e-06	8228.73747241463	1.45669794872709	6.69
GSE90496	GSM2405547	GSM2405547_3998909182_R06C01	ok	486427	0.169453998236118	0.955542992239297	4.11161387011823e-06	8820.29649134644	1.45574755028964	6.65
GSE90496	GSM2405548	GSM2405548_3998909182_R02C02	ok	486427	0.155353218468547	0.972008017680012	4.11161387011823e-06	7789.0636740474	1.51407919083085	6.44
GSE90496	GSM2405549	GSM2405549_3998920095_R01C01	ok	486427	0.16379025013003	0.961870792002878	4.11161387011823e-06	6365.07628268348	1.41059944048352	6.54
GSE90496	GSM2405550	GSM2405550_3998920095_R03C01	ok	486427	0.153796972618707	0.973005088143085	4.11161387011823e-06	6724.07454508364	1.47105900085573	6.68
GSE90496	GSM2405551	GSM2405551_3998920095_R05C01	ok	486427	0.162597882107695	0.962652001850234	4.11161387011823e-06	7099.5758812116	1.38532263094279	6.78
GSE90496	GSM2405552	GSM2405552_3998920095_R01C02	ok	486427	0.185230260655761	0.937893817135221	4.11161387011823e-06	6018.56530615671	1.3473989951118	6.56
GSE90496	GSM2405553	GSM2405553_3998920095_R03C02	ok	486427	0.16779290623259	0.957483681965359	4.11161387011823e-06	6660.59504975246	1.32569006712294	6.7
GSE90496	GSM2405554	GSM2405554_3998920095_R05C02	ok	486427	0.167644888133266	0.957740658888832	4.11161387011823e-06	6951.35635347723	1.31746976709386	6.71
GSE90496	GSM2405555	GSM2405555_3998920096_R01C01	ok	486427	0.1707429891844	0.954243716914221	4.11161387011823e-06	5836.92734103495	1.40322920113873	6.68
GSE90496	GSM2405556	GSM2405556_3998920096_R03C01	ok	486427	0.16309127577211	0.962818522896644	4.11161387011823e-06	6786.47791056542	1.42415990790267	6.8
GSE90496	GSM2405557	GSM2405557_3998920096_R05C01	ok	486427	0.154473333100342	0.972661766973326	4.11161387011823e-06	7908.38584839327	1.50243470258735	9.42
GSE90496	GSM2405558	GSM2405558_3998920094_R03C01	ok	486427	0.171293945442996	0.954856349899779	4.11161387011823e-06	6836.13874631657	1.24832883446002	7.64
GSE90496	GSM2405559	GSM2405559_3998952004_R02C01	ok	486427	0.161839289348659	0.964128077298659	4.11161387011823e-06	7242.8999924403	1.07625823372477	7.47
GSE90496	GSM2405560	GSM2405560_3998952004_R02C02	ok	486427	0.151936467342479	0.975597471347073	4.11161387011823e-06	6664.06504389073	1.06643464588511	6.88
GSE90496	GSM2405561	GSM2405561_3998952003_R04C02	ok	486427	0.173405259165301	0.951501259186925	4.11161387011823e-06	7587.011151099	1.33274068039162	7.18
GSE90496	GSM2405562	GSM2405562_3998920147_R01C01	ok	486427	0.434873064200795	0.661931438556818	4.11161387011823e-06	4275.28987630078	1.21596645850827	7.18
GSE90496	GSM2405563	GSM2405563_3998920147_R03C01	ok	486427	0.168771470333678	0.957498072673074	4.11161387011823e-06	7118.96757194158	1.28861814542811	9.3
GSE90496	GSM2405564	GSM2405564_3998920147_R05C01	ok	486427	0.161989363254918	0.965643213239451	4.11161387011823e-06	7465.19620912557	1.26689744092972	7.8
GSE90496	GSM2405565	GSM2405565_3998920147_R06C01	ok	486427	0.174774426584051	0.950545305031608	4.11161387011823e-06	8558.87658716877	1.30627099120495	8.98
GSE90496	GSM2405566	GSM2405566_3998998187_R01C02	ok	486427	0.196561868481807	0.92485789176132	4.11161387011823e-06	8030.07873697984	1.40898537203182	6.52
GSE90496	GSM2405567	GSM2405567_3998998187_R04C02	ok	486427	0.164464554804729	0.961023796063114	4.11161387011823e-06	9152.74022944085	1.5154757012353	7.4
GSE90496	GSM2405568	GSM2405568_3998998187_R06C02	ok	486427	0.174381767459454	0.949659248599476	4.11161387011823e-06	9820.93290981617	1.40126147498754	6.84
GSE90496	GSM2405569	GSM2405569_3998998189_R02C01	ok	486427	0.203553667867943	0.917302770211235	4.11161387011823e-06	7479.40944493538	1.42471843807594	6.79
GSE90496	GSM2405570	GSM2405570_3998998189_R03C01	ok	486427	0.181276943919643	0.941586061571671	4.11161387011823e-06	8108.31570244883	1.46559881718806	6.74
GSE90496	GSM2405571	GSM2405571_3998998189_R04C01	ok	486427	0.207476147500036	0.912991725343064	4.11161387011823e-06	8164.1957072662	1.38145843451611	7.17
GSE90496	GSM2405572	GSM2405572_3998998189_R06C01	ok	486427	0.19961885339424	0.920918949478337	4.11161387011823e-06	9076.19754390555	1.46834061058986	6.54
GSE90496	GSM2405573	GSM2405573_3998998189_R01C02	ok	486427	0.17772450953586	0.946217813640335	4.11161387011823e-06	7635.36230761857	1.45369893504976	6.77
GSE90496	GSM2405574	GSM2405574_3999002043_R01C01	ok	486427	0.152388744868192	0.9752397594696	4.11161387011823e-06	8128.48425199183	1.58634229399661	8.54
GSE90496	GSM2405575	GSM2405575_3999002043_R04C01	ok	486427	0.148104443215529	0.979855065015162	4.11161387011823e-06	9046.18467734977	1.79165865267858	7.29
GSE90496	GSM2405576	GSM2405576_3999002043_R05C01	ok	486427	0.141067416076821	0.988049545150845	4.11161387011823e-06	9870.84493006902	1.50685568374949	7.59
GSE90496	GSM2405577	GSM2405577_3999002043_R05C02	ok	486427	0.150657755428872	0.977024207226191	4.11161387011823e-06	9662.99950302793	1.66974067408906	7.4
GSE90496	GSM2405578	GSM2405578_3999002043_R06C02	ok	486427	0.18222261510977	0.942295317880454	4.11161387011823e-06	8069.7144033895	1.36746765860008	6.92
GSE90496	GSM2405579	GSM2405579_3999002044_R01C01	ok	486427	0.224249476283183	0.895938736701444	4.11161387011823e-06	6538.29172885496	1.43397918885182	7.45
GSE90496	GSM2405580	GSM2405580_3999002049_R05C02	ok	486427	0.182014978609329	0.942065066557023	4.11161387011823e-06	8038.46286413873	1.26138658987508	6.9
GSE90496	GSM2405581	GSM2405581_3999002049_R06C02	ok	486427	0.148739687558462	0.979626869507118	4.11161387011823e-06	9220.40658457027	1.42884674375223	7.36
GSE90496	GSM2405582	GSM2405582_3999002051_R01C01	ok	486427	0.174463999736857	0.950317109523565	4.11161387011823e-06	6029.32899405463	1.41194353269848	8.02
GSE90496	GSM2405583	GSM2405583_3999002051_R04C01	ok	486427	0.144461553326604	0.984443644960682	4.11161387011823e-06	7431.53755149454	1.40712431230816	7.18
GSE90496	GSM2405584	GSM2405584_3999002051_R05C01	ok	486427	0.16797998466368	0.958092203320142	4.11161387011823e-06	7680.98261712285	1.3322129168468	9.68
GSE90496	GSM2405585	GSM2405585_3999078084_R05C02	ok	486427	0.18395360454909	0.939334943722054	4.11161387011823e-06	6799.90547123786	1.42061466028204	7.34
GSE90496	GSM2405586	GSM2405586_3999078088_R01C01	ok	486427	0.164781149072728	0.960972400678419	4.11161387011823e-06	6881.92586824515	1.34124777356509	6.41
GSE90496	GSM2405587	GSM2405587_3999078088_R03C01	ok	486427	0.164844879087715	0.960966233232256	4.11161387011823e-06	7041.2893847296	1.29743479200938	6.78
GSE90496	GSM2405588	GSM2405588_3999078088_R05C01	ok	486427	0.165741210911401	0.96005550701547	4.11161387011823e-06	7624.38930114423	1.28188618921043	6.94
GSE90496	GSM2405589	GSM2405589_3999078088_R01C02	ok	486427	0.21681567840601	0.903051857943157	4.11161387011823e-06	5704.76136712352	1.31698307161461	6.77
GSE90496	GSM2405590	GSM2405590_3999078079_R02C01	ok	486427	0.162501259181748	0.963114560312484	4.11161387011823e-06	6603.42765861314	1.48462626603712	6.31
GSE90496	GSM2405591	GSM2405591_3999078088_R06C02	ok	486427	0.14728006463457	0.981067996093951	4.11161387011823e-06	8043.9221250373	1.06585295486985	9.27
GSE90496	GSM2405592	GSM2405592_3999078079_R04C01	ok	486427	0.138902651374204	0.990541193400833	4.11161387011823e-06	7729.74853804936	1.40477868071997	7.36
GSE90496	GSM2405593	GSM2405593_3999078080_R04C01	ok	486427	0.153163784082709	0.974501721745387	4.11161387011823e-06	8026.55852383567	1.18356042759973	7.74
GSE90496	GSM2405594	GSM2405594_3999078080_R02C02	ok	486427	0.155349106854677	0.972419180757568	4.11161387011823e-06	7515.48371510293	1.2467815580531	6.33
GSE90496	GSM2405595	GSM2405595_3999078120_R02C01	ok	486427	0.173033158110056	0.952305083003546	4.11161387011823e-06	7553.89754698769	1.37233583124746	6.65
GSE90496	GSM2405596	GSM2405596_9993943074_R01C01	ok	486427	0.52964576390702	0.553974405098422	4.11161387011823e-06	2888.65609354825	1.12023207492511	9.35
GSE90496	GSM2405597	GSM2405597_9993943074_R03C01	ok	486427	0.46097975646911	0.63458703808398	4.11161387011823e-06	3259.56980854961	1.14231186437376	6.6
GSE90496	GSM2405598	GSM2405598_9993943074_R05C01	ok	486427	0.229541123334025	0.890328416508198	4.11161387011823e-06	5170.42204708024	1.24012920629728	6.38
GSE90496	GSM2405599	GSM2405599_9993943074_R06C01	ok	486427	0.271364459620868	0.844584468314745	4.11161387011823e-06	4204.58702288598	1.24333334156259	7.85
GSE90496	GSM2405600	GSM2405600_9993943074_R02C02	ok	486427	0.227351688948187	0.890642956262528	4.11161387011823e-06	5205.11109432514	1.22658333796325	6.69
GSE90496	GSM2405601	GSM2405601_9993943074_R04C02	ok	486427	0.566099332479488	0.516934779256823	4.11161387011823e-06	2141.33892279634	1.10820559972584	7.93
GSE90496	GSM2405602	GSM2405602_3999078159_R05C01	ok	486427	0.164698916795326	0.961854345479776	4.11161387011823e-06	9464.34561687047	1.48551235164376	6.95
GSE90496	GSM2405603	GSM2405603_3999095103_R02C02	ok	486427	0.257767352552387	0.859499408953076	4.11161387011823e-06	5984.74482342563	1.33715122483431	6.69
GSE90496	GSM2405604	GSM2405604_3999095103_R03C02	ok	486427	0.252455147432194	0.86593616693221	4.11161387011823e-06	6297.20947349514	1.34953847159405	7.22
GSE90496	GSM2405605	GSM2405605_3999095104_R05C01	ok	486427	0.160982017856739	0.965632934162512	4.11161387011823e-06	8656.95848365039	1.54086631346789	6.89
GSE90496	GSM2405606	GSM2405606_3998523003_R01C01	ok	486427	0.200578915232913	0.923131006835586	4.11161387011823e-06	6939.99905850499	1.34284108040987	7.08
GSE90496	GSM2405607	GSM2405607_3998523003_R02C01	ok	486427	0.175989408482671	0.949755871922701	4.11161387011823e-06	8667.33055675699	1.41336398337906	6.52
GSE90496	GSM2405608	GSM2405608_3998523003_R03C01	ok	486427	0.18239735869925	0.943185485943362	4.11161387011823e-06	8300.85441019414	1.31514744335468	9.45
GSE90496	GSM2405609	GSM2405609_3998523003_R04C01	ok	486427	0.172034035939617	0.9539949632523	4.11161387011823e-06	9512.67108623416	1.37303762898609	7.83
GSE90496	GSM2405610	GSM2405610_3998523003_R05C01	ok	486427	0.177163274242589	0.948392866320604	4.11161387011823e-06	9398.01105891627	1.31483648842396	8.19
GSE90496	GSM2405611	GSM2405611_3998523003_R06C01	ok	486427	0.203960717641085	0.918809682890476	4.11161387011823e-06	8580.40254021899	1.35287651284667	7.29
GSE90496	GSM2405612	GSM2405612_3998523003_R01C02	ok	486427	0.174595571380701	0.951131212417125	4.11161387011823e-06	6981.08612865183	1.53081663783586	7.11
GSE90496	GSM2405613	GSM2405613_3998523003_R02C02	ok	486427	0.212362800584671	0.909593462507067	4.11161387011823e-06	7231.48487143633	1.39697298615719	7.47
GSE90496	GSM2405614	GSM2405614_3998523003_R03C02	ok	486427	0.205311382797419	0.916957393226088	4.11161387011823e-06	8360.4925715054	1.36403734506756	7.39
GSE90496	GSM2405615	GSM2405615_3999100092_R06C01	ok	486427	0.157480978646333	0.96916071336794	4.11161387011823e-06	9423.35621156301	1.59922110226648	7.19
GSE90496	GSM2405616	GSM2405616_3998523002_R03C02	ok	486427	0.1627623466625	0.963749807267307	4.11161387011823e-06	8214.95580693341	1.58163487955832	9.02
GSE90496	GSM2405617	GSM2405617_3998523019_R04C02	ok	486427	0.329737041734937	0.780406023539086	4.11161387011823e-06	4655.23538205942	1.26890253413825	9.81
GSE90496	GSM2405618	GSM2405618_3998523019_R05C02	ok	486427	0.287981547076951	0.823818677082798	4.11161387011823e-06	4699.57717854366	1.31985436596807	6.94
GSE90496	GSM2405619	GSM2405619_3998523019_R06C02	ok	486427	0.218460323954057	0.902494731973069	4.11161387011823e-06	5875.98460410551	1.29635662542066	6.98
GSE90496	GSM2405620	GSM2405620_3998523022_R01C01	ok	486427	0.219186023802133	0.901160507786401	4.11161387011823e-06	5069.34341509779	1.3419813892835	6.25
GSE90496	GSM2405621	GSM2405621_3998523022_R02C01	ok	486427	0.209240029850317	0.912888934573675	4.11161387011823e-06	5627.60553401945	1.30976729658156	6.61
GSE90496	GSM2405622	GSM2405622_3998523022_R03C01	ok	486427	0.175321271228776	0.949706532353395	4.11161387011823e-06	6187.85764885898	1.37446630471903	6.88
GSE90496	GSM2405623	GSM2405623_3998523022_R04C01	ok	486427	0.21994872817504	0.90150382895616	4.11161387011823e-06	5389.26417262966	1.24688776186563	6.13
GSE90496	GSM2405624	GSM2405624_3998523022_R05C01	ok	486427	0.187950093230844	0.936364290486714	4.11161387011823e-06	6080.16604019557	1.3427626339697	6.42
GSE90496	GSM2405625	GSM2405625_3998523022_R06C01	ok	486427	0.17371363020556	0.951671891864111	4.11161387011823e-06	6143.58420798547	1.50673432101877	9.53
GSE90496	GSM2405626	GSM2405626_3998523022_R01C02	ok	486427	0.188367422038661	0.934501721745387	4.11161387011823e-06	5028.10912225084	1.60425656426873	7.56
GSE90496	GSM2405627	GSM2405627_3998567085_R06C02	ok	486427	0.221019803588205	0.897566942488565	4.11161387011823e-06	10454.3800323712	1.7987628885683	8.09
GSE90496	GSM2405628	GSM2405628_3998579150_R04C01	ok	486427	0.142165216980143	0.98726833530349	4.11161387011823e-06	9021.19147630399	1.06948550646243	7.02
GSE90496	GSM2405629	GSM2405629_3998579150_R01C02	ok	486427	0.271853741671412	0.837658426273321	4.11161387011823e-06	7755.23059656411	1.10441373640382	6.8
GSE90496	GSM2405630	GSM2405630_3998523077_R05C01	ok	486427	0.155877449236987	0.97169553374107	4.11161387011823e-06	9310.45536600033	1.09433230283958	7.37
GSE90496	GSM2405631	GSM2405631_3998579150_R01C01	ok	486427	0.14900694246002	0.979141697075603	4.11161387011823e-06	8155.45867289423	1.09470146396105	9.33
GSE90496	GSM2405632	GSM2405632_3998568167_R05C01	ok	486427	0.174032280280494	0.950806393585856	4.11161387011823e-06	8189.24410249803	1.43754601110139	7.59
GSE90496	GSM2405633	GSM2405633_3998568129_R04C02	ok	486427	0.174334483899948	0.950016960476949	4.11161387011823e-06	7329.13639739926	1.70037609414848	8.85
GSE90496	GSM2405634	GSM2405634_3998568129_R05C02	ok	486427	0.34951184864327	0.753898339929074	4.11161387011823e-06	5750.263216059	1.32222413359034	6.86
GSE90496	GSM2405635	GSM2405635_3998568129_R06C02	ok	486427	0.161773503526737	0.964212365729557	4.11161387011823e-06	8493.40848569896	1.70206740044514	7.12
GSE90496	GSM2405636	GSM2405636_3998568089_R02C02	ok	486427	0.154491835362757	0.97271316235802	4.11161387011823e-06	4863.59520827047	1.76776908029931	6.41
GSE90496	GSM2405637	GSM2405637_3998568167_R01C02	ok	486427	0.152746455274892	0.974865601069024	4.11161387011823e-06	5937.97595359716	1.73064455661921	6.51
GSE90496	GSM2405638	GSM2405638_3998568167_R04C02	ok	486427	0.236754949869148	0.881790615202755	4.11161387011823e-06	6003.25115201865	1.47882523692117	6.95
GSE90496	GSM2405639	GSM2405639_3998568099_R04C01	ok	486427	0.158537663410954	0.968591252505525	4.11161387011823e-06	4733.24465668158	1.73422404123926	6.56
GSE90496	GSM2405640	GSM2405640_3998568066_R04C02	ok	486427	0.195293435602876	0.926926042041425	4.11161387011823e-06	4990.37429154004	1.35718346028335	6.31
GSE90496	GSM2405641	GSM2405641_101231000014_R01C02	ok	486427	0.152248949996608	0.975737266793442	4.11161387011823e-06	5710.9115455281	1.26514701520029	6.16
GSE90496	GSM2405642	GSM2405642_101231000030_R03C02	ok	486427	0.14222072376739	0.986752325641157	4.11161387011823e-06	7103.86524823881	1.91411426399013	9.16
GSE90496	GSM2405643	GSM2405643_101178130118_R06C01	ok	486427	0.156161150594025	0.970776584262733	4.11161387011823e-06	8457.01952113829	1.68589624944227	7.42
GSE90496	GSM2405644	GSM2405644_200091640050_R05C02	ok	486427	0.185156251606099	0.938352263966696	4.11161387011823e-06	5915.82562185036	1.18489398698309	7.49
GSE90496	GSM2405645	GSM2405645_200091640051_R01C01	ok	486427	0.19195069352647	0.930655291154854	4.11161387011823e-06	4952.34746157436	1.2054664797346	6.96
GSE90496	GSM2405646	GSM2405646_200091640051_R03C01	ok	486427	0.363890162347074	0.739336999537442	4.11161387011823e-06	3754.48600647533	1.23061402366977	6.98
GSE90496	GSM2405647	GSM2405647_200091640051_R06C01	ok	486427	0.193854370748334	0.928502852443851	4.11161387011823e-06	5411.56025907294	1.13455508601864	6.85
GSE90496	GSM2405648	GSM2405648_200091640051_R01C02	ok	486427	0.23336698004017	0.886253790409621	4.11161387011823e-06	4569.21730337203	1.28639959260729	9.08
GSE90496	GSM2405649	GSM2405649_200091640051_R03C02	ok	486427	0.223651236465081	0.89760805879632	4.11161387011823e-06	5005.6113151598	1.26509418738491	7.38
GSE90496	GSM2405650	GSM2405650_200091640051_R04C02	ok	486427	0.246244554681381	0.868775247982731	4.11161387011823e-06	5538.32967398564	1.58975676704234	8.39
GSE90496	GSM2405651	GSM2405651_200091640051_R06C02	ok	486427	0.154865992224938	0.972612427404019	4.11161387011823e-06	6046.41100287791	1.12877533185018	6.67
GSE90496	GSM2405652	GSM2405652_200091640059_R02C01	ok	486427	0.16276645827637	0.96369224443645	4.11161387011823e-06	6536.78308691858	2.04532330739408	6.47
GSE90496	GSM2405653	GSM2405653_200078650174_R03C01	ok	486427	0.144085340657488	0.984564938068561	4.11161387011823e-06	5050.59276783835	1.63114249646585	6.01
GSE90496	GSM2405654	GSM2405654_200275560089_R06C02	ok	486427	0.189820877541748	0.93260214832708	4.11161387011823e-06	6241.82591114228	1.53881219617343	6.3
GSE90496	GSM2405655	GSM2405655_200275560098_R02C02	ok	486427	0.31386210058241	0.79573418307036	4.11161387011823e-06	4489.55752406783	1.31203182591322	6.77
GSE90496	GSM2405656	GSM2405656_200275560113_R05C02	ok	486427	0.163027545757123	0.96406229120625	4.11161387011823e-06	6242.95271479842	1.5011772964385	8.06
GSE90496	GSM2405657	GSM2405657_200277210073_R05C01	ok	486427	0.361197055262146	0.74608418564013	4.11161387011823e-06	4331.13468021061	1.20446611232867	6.99
