geo_accession	outer_fold	material	mc_class	predicted_class	class_score	raw_class_score	family	predicted_family	family_score
GSM2402860	0	Frozen	GBM, G34	GBM, G34	0.99989	0.59400	GBM, G34	GBM, G34	0.99989
GSM2402866	0	Frozen	ATRT, SHH	ATRT, SHH	0.99999	0.73400	MCF ATRT	MCF ATRT	1.00000
GSM2402867	0	Frozen	GBM, G34	GBM, G34	0.99389	0.39800	GBM, G34	GBM, G34	0.99389
GSM2402868	0	Frozen	CONTR, CEBM	CONTR, CEBM	0.99999	0.69000	CONTR, CEBM	CONTR, CEBM	0.99999
GSM2402870	0	Frozen	GBM, MYCN	GBM, MYCN	0.96499	0.16400	MCF GBM	MCF GBM	0.99979
GSM2402872	0	Frozen	CONTR, CEBM	CONTR, CEBM	0.99989	0.43800	CONTR, CEBM	CONTR, CEBM	0.99989
GSM2402882	0	Frozen	GBM, G34	GBM, G34	0.99999	0.66000	GBM, G34	GBM, G34	0.99999
GSM2402884	0	Frozen	LGG, PA PF	LGG, PA PF	0.99912	0.86600	MCF PA	MCF PA	0.99915
GSM2402885	0	Frozen	LGG, PA PF	LGG, PA PF	0.99968	0.94000	MCF PA	MCF PA	0.99969
GSM2402887	0	Frozen	LGG, PA PF	LGG, PA PF	0.99924	0.86600	MCF PA	MCF PA	0.99928
GSM2402888	0	Frozen	LGG, PA PF	LGG, PA PF	0.99952	0.91200	MCF PA	MCF PA	0.99954
GSM2402890	0	Frozen	LGG, PA PF	LGG, PA PF	0.99930	0.88400	MCF PA	MCF PA	0.99931
GSM2402892	0	Frozen	LGG, PA MID	LGG, PA MID	1.00000	0.80400	MCF PA	MCF PA	1.00000
GSM2402899	0	Frozen	LGG, PA PF	LGG, PA PF	0.99223	0.67800	MCF PA	MCF PA	0.99255
GSM2402902	0	Frozen	LGG, PA PF	LGG, PA PF	0.99935	0.88800	MCF PA	MCF PA	0.99936
GSM2402903	0	Frozen	LGG, PA PF	LGG, PA PF	0.99951	0.91600	MCF PA	MCF PA	0.99952
GSM2402904	0	Frozen	LGG, PA PF	LGG, PA PF	0.99450	0.69800	MCF PA	MCF PA	0.99482
GSM2402910	0	Frozen	MB, WNT	MB, WNT	0.99966	0.76200	MB, WNT	MB, WNT	0.99966
GSM2402914	0	Frozen	MB, WNT	MB, WNT	0.99961	0.75000	MB, WNT	MB, WNT	0.99961
GSM2402921	0	Frozen	ATRT, MYC	ATRT, MYC	0.99998	0.60800	MCF ATRT	MCF ATRT	0.99999
GSM2402941	0	Frozen	MB, SHH CHL AD	MB, SHH CHL AD	0.99981	0.82600	MCF MB SHH	MCF MB SHH	0.99982
GSM2402958	0	Frozen	ATRT, TYR	ATRT, TYR	0.99986	0.81400	MCF ATRT	MCF ATRT	0.99986
GSM2402960	0	Frozen	ATRT, TYR	ATRT, TYR	0.98379	0.51400	MCF ATRT	MCF ATRT	0.99358
GSM2402962	0	Frozen	ATRT, SHH	ATRT, SHH	0.99994	0.67000	MCF ATRT	MCF ATRT	0.99998
GSM2402963	0	Frozen	ATRT, TYR	ATRT, TYR	0.99980	0.79600	MCF ATRT	MCF ATRT	0.99981
GSM2402970	0	Frozen	LGG, PA PF	LGG, PA PF	0.99940	0.90600	MCF PA	MCF PA	0.99941
GSM2402971	0	Frozen	LGG, PA MID	LGG, PA MID	0.99999	0.66800	MCF PA	MCF PA	0.99999
GSM2402979	0	Frozen	EPN, RELA	EPN, RELA	0.99987	0.66000	EPN, RELA	EPN, RELA	0.99987
GSM2402985	0	Frozen	MB, G3	MB, G3	0.99908	0.76200	MCF MB G3G4	MCF MB G3G4	0.99973
GSM2403002	0	Frozen	ETMR	ETMR	0.99983	0.86200	ETMR	ETMR	0.99983
GSM2403006	0	Frozen	MB, SHH INF	MB, SHH INF	0.99994	0.88400	MCF MB SHH	MCF MB SHH	0.99994
GSM2403015	0	Frozen	MB, SHH CHL AD	MB, SHH CHL AD	0.99989	0.86200	MCF MB SHH	MCF MB SHH	0.99989
GSM2403023	0	Frozen	MB, G4	MB, G4	0.99645	0.84000	MCF MB G3G4	MCF MB G3G4	0.99730
GSM2403025	0	Frozen	MB, G4	MB, G4	0.99889	0.95400	MCF MB G3G4	MCF MB G3G4	0.99908
GSM2403026	0	Frozen	ATRT, SHH	ATRT, SHH	0.99998	0.75000	MCF ATRT	MCF ATRT	1.00000
GSM2403034	0	Frozen	MB, SHH INF	MB, SHH INF	0.99992	0.85000	MCF MB SHH	MCF MB SHH	0.99993
GSM2403036	0	Frozen	MB, SHH CHL AD	MB, SHH CHL AD	0.99320	0.57200	MCF MB SHH	MCF MB SHH	0.99402
GSM2403039	0	Frozen	MB, G3	MB, G3	0.99980	0.81600	MCF MB G3G4	MCF MB G3G4	0.99989
GSM2403044	0	Frozen	MB, G4	MB, G4	0.99905	0.95200	MCF MB G3G4	MCF MB G3G4	0.99920
GSM2403049	0	Frozen	MB, G4	MB, G4	0.99563	0.84800	MCF MB G3G4	MCF MB G3G4	0.99643
GSM2403054	0	Frozen	MB, G3	MB, G3	0.98841	0.63800	MCF MB G3G4	MCF MB G3G4	0.99874
GSM2403057	0	Frozen	MB, G4	MB, G4	0.99858	0.91200	MCF MB G3G4	MCF MB G3G4	0.99891
GSM2403058	0	Frozen	MB, G3	MB, G3	0.99983	0.82200	MCF MB G3G4	MCF MB G3G4	0.99990
GSM2403059	0	Frozen	MB, G3	MB, G3	0.96441	0.56600	MCF MB G3G4	MCF MB G3G4	0.99701
GSM2403060	0	Frozen	MB, G4	MB, G4	0.99113	0.80000	MCF MB G3G4	MCF MB G3G4	0.99522
GSM2403062	0	Frozen	ETMR	ETMR	0.99968	0.81600	ETMR	ETMR	0.99968
GSM2403067	0	Frozen	CNS NB, FOXR2	CNS NB, FOXR2	0.99850	0.72800	CNS NB, FOXR2	CNS NB, FOXR2	0.99850
GSM2403070	0	Frozen	ATRT, MYC	ATRT, MYC	0.98467	0.35400	MCF ATRT	MCF ATRT	0.99377
GSM2403075	0	Frozen	ETMR	ETMR	0.99950	0.78400	ETMR	ETMR	0.99950
GSM2403078	0	Frozen	MB, SHH CHL AD	MB, SHH CHL AD	0.99989	0.87600	MCF MB SHH	MCF MB SHH	0.99990
GSM2403080	0	Frozen	MB, SHH CHL AD	MB, SHH CHL AD	0.99992	0.87000	MCF MB SHH	MCF MB SHH	0.99992
GSM2403081	0	Frozen	MB, SHH CHL AD	MB, SHH CHL AD	0.99992	0.89600	MCF MB SHH	MCF MB SHH	0.99992
GSM2403082	0	Frozen	MB, G4	MB, G4	0.96290	0.66600	MCF MB G3G4	MCF MB G3G4	0.97545
GSM2403101	0	Frozen	GBM, RTK II	GBM, RTK II	0.89268	0.50000	MCF GBM	MCF GBM	0.99762
GSM2403106	0	Frozen	GBM, MES	GBM, RTK II	0.93033	0.54000	MCF GBM	MCF GBM	0.99776
GSM2403107	0	Frozen	GBM, RTK II	GBM, RTK II	0.95825	0.65400	MCF GBM	MCF GBM	0.99449
GSM2403110	0	Frozen	GBM, RTK I	GBM, RTK I	0.99948	0.60400	MCF GBM	MCF GBM	1.00000
GSM2403111	0	Frozen	GBM, RTK II	GBM, RTK II	0.54371	0.54400	MCF GBM	MCF GBM	0.99988
GSM2403115	0	Frozen	DMG, K27	DMG, K27	0.99904	0.56400	DMG, K27	DMG, K27	0.99904
GSM2403122	0	FFPE	GBM, RTK II	GBM, RTK II	0.93811	0.62000	MCF GBM	MCF GBM	0.99707
GSM2403127	0	FFPE	EPN, PF B	EPN, PF B	0.99996	0.73400	EPN, PF B	EPN, PF B	0.99996
GSM2403131	0	Frozen	MB, G3	MB, G3	0.99556	0.63200	MCF MB G3G4	MCF MB G3G4	0.99850
GSM2403135	0	Frozen	MB, WNT	MB, WNT	0.99997	0.90800	MB, WNT	MB, WNT	0.99997
GSM2403149	0	Frozen	LGG, PA PF	LGG, PA PF	0.99944	0.89800	MCF PA	MCF PA	0.99947
GSM2403157	0	Frozen	LGG, PA PF	LGG, PA PF	0.99965	0.94200	MCF PA	MCF PA	0.99966
GSM2403163	0	Frozen	LGG, PA PF	LGG, PA PF	0.99919	0.86000	MCF PA	MCF PA	0.99924
GSM2403175	0	Frozen	LGG, PA PF	LGG, PA PF	0.99387	0.70400	MCF PA	MCF PA	0.99415
GSM2403178	0	Frozen	LGG, PA PF	LGG, PA PF	0.99741	0.78400	MCF PA	MCF PA	0.99745
GSM2403179	0	Frozen	LGG, PA PF	LGG, PA PF	0.99756	0.80600	MCF PA	MCF PA	0.99765
GSM2403183	0	Frozen	EPN, RELA	EPN, RELA	0.99997	0.74200	EPN, RELA	EPN, RELA	0.99997
GSM2403195	0	Frozen	EPN, RELA	EPN, RELA	0.75646	0.28000	EPN, RELA	EPN, RELA	0.75646
GSM2403206	0	Frozen	EPN, RELA	EPN, RELA	0.99935	0.59000	EPN, RELA	EPN, RELA	0.99935
GSM2403212	0	Frozen	EPN, RELA	EPN, RELA	0.99688	0.49200	EPN, RELA	EPN, RELA	0.99688
GSM2403215	0	Frozen	EPN, RELA	EPN, RELA	0.99680	0.50000	EPN, RELA	EPN, RELA	0.99680
GSM2403218	0	Frozen	LGG, PA PF	LGG, PA PF	0.93383	0.57600	MCF PA	MCF PA	0.93724
GSM2403223	0	Frozen	CONTR, REACT	CONTR, REACT	0.99349	0.35000	CONTR, REACT	CONTR, REACT	0.99349
GSM2403230	0	Frozen	EPN, PF A	EPN, PF A	0.99914	0.85400	EPN, PF A	EPN, PF A	0.99914
GSM2403231	0	Frozen	EPN, RELA	EPN, RELA	0.99995	0.71400	EPN, RELA	EPN, RELA	0.99995
GSM2403240	0	Frozen	CONTR, HEMI	CONTR, HEMI	0.99948	0.72200	CONTR, HEMI	CONTR, HEMI	0.99948
GSM2403242	0	FFPE	MB, G4	MB, G4	0.99920	0.96800	MCF MB G3G4	MCF MB G3G4	0.99931
GSM2403248	0	FFPE	MB, SHH CHL AD	MB, SHH CHL AD	0.99979	0.82400	MCF MB SHH	MCF MB SHH	0.99980
GSM2403255	0	FFPE	MB, SHH INF	MB, SHH INF	0.99929	0.74600	MCF MB SHH	MCF MB SHH	0.99932
GSM2403257	0	FFPE	MB, SHH INF	MB, SHH INF	0.99983	0.78800	MCF MB SHH	MCF MB SHH	0.99985
GSM2403265	0	FFPE	MB, G4	MB, G4	0.99922	0.97000	MCF MB G3G4	MCF MB G3G4	0.99932
GSM2403268	0	FFPE	MB, G4	MB, G4	0.99911	0.96000	MCF MB G3G4	MCF MB G3G4	0.99927
GSM2403276	0	FFPE	MB, G4	MB, G4	0.94559	0.64800	MCF MB G3G4	MCF MB G3G4	0.98857
GSM2403278	0	FFPE	MB, SHH INF	MB, SHH INF	0.99993	0.84600	MCF MB SHH	MCF MB SHH	0.99994
GSM2403279	0	FFPE	MB, G4	MB, G4	0.99722	0.85000	MCF MB G3G4	MCF MB G3G4	0.99775
GSM2403283	0	FFPE	MB, WNT	MB, WNT	0.99995	0.88000	MB, WNT	MB, WNT	0.99995
GSM2403303	0	FFPE	MB, G4	MB, G4	0.99842	0.89800	MCF MB G3G4	MCF MB G3G4	0.99879
GSM2403309	0	FFPE	MB, G4	MB, G4	0.99322	0.77200	MCF MB G3G4	MCF MB G3G4	0.99644
GSM2403311	0	FFPE	MB, G4	MB, G4	0.99618	0.82600	MCF MB G3G4	MCF MB G3G4	0.99758
GSM2403317	0	FFPE	MB, G3	MB, G3	0.78233	0.49600	MCF MB G3G4	MCF MB G3G4	0.99277
GSM2403320	0	FFPE	MB, G4	MB, G4	0.99889	0.93800	MCF MB G3G4	MCF MB G3G4	0.99908
GSM2403326	0	FFPE	MB, SHH INF	MB, SHH INF	0.99828	0.64800	MCF MB SHH	MCF MB SHH	0.99854
GSM2403331	0	FFPE	MB, SHH CHL AD	MB, SHH CHL AD	0.99947	0.77200	MCF MB SHH	MCF MB SHH	0.99948
GSM2403335	0	FFPE	MB, WNT	MB, WNT	0.99826	0.65000	MB, WNT	MB, WNT	0.99826
GSM2403336	0	FFPE	MB, WNT	MB, WNT	0.99556	0.59200	MB, WNT	MB, WNT	0.99556
GSM2403337	0	FFPE	MB, SHH INF	MB, SHH INF	0.99983	0.79400	MCF MB SHH	MCF MB SHH	0.99987
GSM2403338	0	FFPE	MB, G3	MB, G3	0.99993	0.90600	MCF MB G3G4	MCF MB G3G4	0.99997
GSM2403339	0	FFPE	MB, SHH CHL AD	MB, SHH CHL AD	0.99991	0.89600	MCF MB SHH	MCF MB SHH	0.99991
GSM2403343	0	FFPE	MB, G4	MB, G4	0.99633	0.82400	MCF MB G3G4	MCF MB G3G4	0.99766
GSM2403350	0	FFPE	MB, G4	MB, G4	0.99896	0.94000	MCF MB G3G4	MCF MB G3G4	0.99915
GSM2403359	0	FFPE	MB, G4	MB, G4	0.99937	0.98800	MCF MB G3G4	MCF MB G3G4	0.99945
GSM2403369	0	FFPE	MB, G4	MB, G4	0.91720	0.54800	MCF MB G3G4	MCF MB G3G4	0.96799
GSM2403370	0	FFPE	MB, G3	MB, G3	0.98532	0.51600	MCF MB G3G4	MCF MB G3G4	0.98822
GSM2403380	0	FFPE	MB, G4	MB, G4	0.99613	0.81800	MCF MB G3G4	MCF MB G3G4	0.99766
GSM2403381	0	FFPE	MB, SHH INF	MB, SHH INF	0.99872	0.68200	MCF MB SHH	MCF MB SHH	0.99880
GSM2403385	0	FFPE	MB, G3	MB, G3	0.93979	0.41600	MCF MB G3G4	MCF MB G3G4	0.94819
GSM2403387	0	FFPE	MB, G4	MB, G4	0.99737	0.86600	MCF MB G3G4	MCF MB G3G4	0.99798
GSM2403390	0	FFPE	MB, G4	MB, G4	0.99676	0.83800	MCF MB G3G4	MCF MB G3G4	0.99772
GSM2403391	0	FFPE	MB, G3	MB, G3	0.98680	0.51000	MCF MB G3G4	MCF MB G3G4	0.99016
GSM2403395	0	FFPE	MB, G3	MB, G3	0.99810	0.67400	MCF MB G3G4	MCF MB G3G4	0.99884
GSM2403409	0	Frozen	MB, SHH CHL AD	MB, SHH CHL AD	0.99891	0.68000	MCF MB SHH	MCF MB SHH	0.99892
GSM2403412	0	Frozen	MB, G4	MB, G4	0.99618	0.83400	MCF MB G3G4	MCF MB G3G4	0.99755
GSM2403418	0	Frozen	MB, SHH CHL AD	MB, SHH CHL AD	0.99995	0.93600	MCF MB SHH	MCF MB SHH	0.99995
GSM2403422	0	Frozen	LGG, PA MID	LGG, PA MID	0.99998	0.63000	MCF PA	MCF PA	0.99998
GSM2403428	0	Frozen	MB, SHH CHL AD	MB, SHH CHL AD	0.98555	0.51600	MCF MB SHH	MCF MB SHH	0.98583
GSM2403432	0	Frozen	MB, WNT	MB, WNT	0.99982	0.79400	MB, WNT	MB, WNT	0.99982
GSM2403438	0	Frozen	MB, G4	MB, G4	0.99872	0.92200	MCF MB G3G4	MCF MB G3G4	0.99896
GSM2403439	0	Frozen	MB, G3	MB, G3	0.99977	0.82800	MCF MB G3G4	MCF MB G3G4	0.99989
GSM2403440	0	Frozen	MB, SHH INF	MB, SHH INF	0.99977	0.77400	MCF MB SHH	MCF MB SHH	0.99981
GSM2403447	0	Frozen	LGG, PA PF	LGG, PA PF	0.99633	0.77400	MCF PA	MCF PA	0.99645
GSM2403449	0	Frozen	LGG, PA PF	LGG, PA PF	0.99747	0.79200	MCF PA	MCF PA	0.99756
GSM2403460	0	Frozen	LGG, PA MID	LGG, PA MID	1.00000	0.76000	MCF PA	MCF PA	1.00000
GSM2403461	0	Frozen	LGG, PA PF	LGG, PA PF	0.99919	0.87400	MCF PA	MCF PA	0.99921
GSM2403465	0	Frozen	MB, G4	MB, G4	0.99881	0.93400	MCF MB G3G4	MCF MB G3G4	0.99900
GSM2403468	0	Frozen	MB, G3	MB, G3	0.99982	0.84000	MCF MB G3G4	MCF MB G3G4	0.99991
GSM2403480	0	Frozen	GBM, RTK I	GBM, RTK I	0.99998	0.61200	MCF GBM	MCF GBM	1.00000
GSM2403492	0	Frozen	LGG, PA PF	LGG, PA PF	0.99901	0.85600	MCF PA	MCF PA	0.99905
GSM2403494	0	Frozen	LGG, PA MID	LGG, PA MID	1.00000	0.77800	MCF PA	MCF PA	1.00000
GSM2403509	0	FFPE	LGG, PA/GG ST	LGG, PA/GG ST	0.83075	0.23600	MCF PA	MCF PA	0.83202
GSM2403516	0	FFPE	A IDH, HG	A IDH, HG	0.99999	0.63200	MCF IDH GLM	MCF IDH GLM	0.99999
GSM2403520	0	FFPE	ETMR	ETMR	0.99991	0.90200	ETMR	ETMR	0.99991
GSM2403529	0	Frozen	DMG, K27	DMG, K27	0.99961	0.61800	DMG, K27	DMG, K27	0.99961
GSM2403538	0	Frozen	MNG	MNG	0.99987	0.94800	MNG	MNG	0.99987
GSM2403540	0	Frozen	MNG	MNG	0.99393	0.64600	MNG	MNG	0.99393
GSM2403552	0	Frozen	MNG	MNG	0.99944	0.84200	MNG	MNG	0.99944
GSM2403553	0	Frozen	MNG	MNG	0.99965	0.86600	MNG	MNG	0.99965
GSM2403557	0	Frozen	MNG	MNG	0.99978	0.91200	MNG	MNG	0.99978
GSM2403558	0	Frozen	MNG	MNG	0.99969	0.89000	MNG	MNG	0.99969
GSM2403561	0	Frozen	MNG	MNG	0.97054	0.53800	MNG	MNG	0.97054
GSM2403571	0	FFPE	O IDH	O IDH	0.98758	0.47000	MCF IDH GLM	MCF IDH GLM	0.99596
GSM2403578	0	FFPE	LGG, MYB	LGG, MYB	1.00000	0.81000	LGG, MYB	LGG, MYB	1.00000
GSM2403581	0	FFPE	LGG, MYB	LGG, MYB	1.00000	0.70400	LGG, MYB	LGG, MYB	1.00000
GSM2403582	0	FFPE	LGG, MYB	LGG, MYB	1.00000	0.65400	LGG, MYB	LGG, MYB	1.00000
GSM2403587	0	FFPE	A IDH	A IDH	0.99986	0.79200	MCF IDH GLM	MCF IDH GLM	0.99994
GSM2403594	0	Frozen	MNG	MNG	0.99981	0.92800	MNG	MNG	0.99981
GSM2403599	0	Frozen	EPN, PF A	EPN, PF A	0.99926	0.86600	EPN, PF A	EPN, PF A	0.99926
GSM2403604	0	Frozen	GBM, RTK II	GBM, RTK II	0.95492	0.69000	MCF GBM	MCF GBM	0.99802
GSM2403612	0	FFPE	CONTR, REACT	CONTR, REACT	0.99885	0.46800	CONTR, REACT	CONTR, REACT	0.99885
GSM2403625	0	FFPE	SUBEPN, ST	SUBEPN, ST	0.98145	0.38400	SUBEPN, ST	SUBEPN, ST	0.98145
GSM2403627	0	FFPE	CN	CN	0.99958	0.60200	CN	CN	0.99958
GSM2403632	0	FFPE	CN	CN	0.99988	0.69400	CN	CN	0.99988
GSM2403641	0	FFPE	SUBEPN, SPINE	SUBEPN, SPINE	0.99991	0.36400	SUBEPN, SPINE	SUBEPN, SPINE	0.99991
GSM2403643	0	FFPE	LGG, SEGA	LGG, SEGA	1.00000	0.71000	LGG, SEGA	LGG, SEGA	1.00000
GSM2403653	0	FFPE	PXA	PXA	0.99995	0.44400	PXA	PXA	0.99995
GSM2403654	0	FFPE	PXA	PXA	1.00000	0.60400	PXA	PXA	1.00000
GSM2403657	0	FFPE	PXA	PXA	1.00000	0.59600	PXA	PXA	1.00000
GSM2403670	0	Frozen	GBM, RTK II	GBM, RTK II	0.92348	0.81600	MCF GBM	MCF GBM	0.99929
GSM2403678	0	Frozen	GBM, RTK II	GBM, RTK II	0.88710	0.66400	MCF GBM	MCF GBM	0.99900
GSM2403680	0	Frozen	GBM, RTK II	GBM, RTK II	0.98778	0.77600	MCF GBM	MCF GBM	0.99917
GSM2403686	0	Frozen	EFT, CIC	EFT, CIC	0.99972	0.20800	EFT, CIC	EFT, CIC	0.99972
GSM2403687	0	Frozen	EFT, CIC	EFT, CIC	1.00000	0.48200	EFT, CIC	EFT, CIC	1.00000
GSM2403690	0	Frozen	GBM, RTK I	GBM, RTK I	0.99707	0.48000	MCF GBM	MCF GBM	0.99997
GSM2403693	0	Frozen	GBM, RTK I	GBM, RTK I	0.92150	0.29400	MCF GBM	MCF GBM	0.99357
GSM2403697	0	Frozen	GBM, RTK II	GBM, RTK II	0.94866	0.68000	MCF GBM	MCF GBM	0.99866
GSM2403699	0	Frozen	ETMR	ETMR	0.99989	0.88600	ETMR	ETMR	0.99989
GSM2403705	0	FFPE	LYMPHO	LYMPHO	1.00000	0.62800	LYMPHO	LYMPHO	1.00000
GSM2403707	0	FFPE	LYMPHO	LYMPHO	1.00000	0.49000	LYMPHO	LYMPHO	1.00000
GSM2403709	0	FFPE	LGG, PA/GG ST	LGG, PA/GG ST	0.99852	0.49800	MCF PA	MCF PA	0.99853
GSM2403710	0	FFPE	PIN T, PPT	PIN T, PPT	0.99993	0.60400	PIN T, PPT	PIN T, PPT	0.99993
GSM2403736	0	FFPE	A IDH, HG	A IDH	0.65207	0.47200	MCF IDH GLM	MCF IDH GLM	0.99369
GSM2403757	0	FFPE	LGG, DNT	LGG, DNT	0.99981	0.77800	LGG, DNT	LGG, DNT	0.99981
GSM2403759	0	FFPE	A IDH	A IDH	0.99858	0.66400	MCF IDH GLM	MCF IDH GLM	0.99955
GSM2403763	0	Frozen	DMG, K27	DMG, K27	0.99988	0.66400	DMG, K27	DMG, K27	0.99988
GSM2403766	0	FFPE	CPH, ADM	CPH, ADM	0.99981	0.83800	CPH, ADM	CPH, ADM	0.99981
GSM2403772	0	FFPE	CN	CN	0.99991	0.71200	CN	CN	0.99991
GSM2403780	0	Frozen	HGNET, MN1	HGNET, MN1	0.90145	0.17600	HGNET, MN1	HGNET, MN1	0.90145
GSM2403785	0	FFPE	CPH, ADM	CPH, ADM	0.99991	0.89000	CPH, ADM	CPH, ADM	0.99991
GSM2403787	0	FFPE	CPH, PAP	CPH, PAP	0.99999	0.77400	CPH, PAP	CPH, PAP	0.99999
GSM2403793	0	FFPE	EPN, RELA	EPN, RELA	0.99999	0.79800	EPN, RELA	EPN, RELA	0.99999
GSM2403804	0	FFPE	EPN, RELA	EPN, RELA	0.99960	0.60000	EPN, RELA	EPN, RELA	0.99960
GSM2403805	0	FFPE	EPN, RELA	EPN, RELA	0.99987	0.65400	EPN, RELA	EPN, RELA	0.99987
GSM2403811	0	FFPE	EPN, RELA	EPN, RELA	0.99988	0.67400	EPN, RELA	EPN, RELA	0.99988
GSM2403817	0	FFPE	EPN, PF A	EPN, PF A	0.99951	0.90400	EPN, PF A	EPN, PF A	0.99951
GSM2403827	0	FFPE	A IDH, HG	A IDH, HG	0.99998	0.59400	MCF IDH GLM	MCF IDH GLM	0.99999
GSM2403828	0	FFPE	EPN, MPE	EPN, MPE	0.99995	0.59600	EPN, MPE	EPN, MPE	0.99995
GSM2403831	0	Frozen	MB, SHH CHL AD	MB, SHH CHL AD	0.99968	0.79600	MCF MB SHH	MCF MB SHH	0.99969
GSM2403835	0	Frozen	MNG	MNG	0.99981	0.89800	MNG	MNG	0.99981
GSM2403850	0	FFPE	EPN, MPE	EPN, MPE	0.99994	0.61000	EPN, MPE	EPN, MPE	0.99994
GSM2403852	0	FFPE	SCHW	SCHW	0.99850	0.46400	SCHW	SCHW	0.99850
GSM2403857	0	FFPE	EPN, PF A	EPN, PF A	0.99911	0.82400	EPN, PF A	EPN, PF A	0.99911
GSM2403858	0	FFPE	EPN, YAP	EPN, YAP	0.99972	0.24000	EPN, YAP	EPN, YAP	0.99972
GSM2403861	0	FFPE	EPN, PF B	EPN, PF B	0.99991	0.70600	EPN, PF B	EPN, PF B	0.99991
GSM2403870	0	FFPE	EPN, PF A	EPN, PF A	0.97702	0.58800	EPN, PF A	EPN, PF A	0.97702
GSM2403886	0	FFPE	EPN, PF A	EPN, PF A	0.99975	0.95600	EPN, PF A	EPN, PF A	0.99975
GSM2403887	0	FFPE	EPN, PF A	EPN, PF A	0.99869	0.81600	EPN, PF A	EPN, PF A	0.99869
GSM2403888	0	FFPE	EPN, PF A	EPN, PF A	0.99961	0.91800	EPN, PF A	EPN, PF A	0.99961
GSM2403890	0	FFPE	EPN, PF A	EPN, PF A	0.99966	0.93400	EPN, PF A	EPN, PF A	0.99966
GSM2403899	0	FFPE	CPH, PAP	CPH, PAP	1.00000	0.87400	CPH, PAP	CPH, PAP	1.00000
GSM2403902	0	FFPE	EPN, MPE	EPN, MPE	1.00000	0.71800	EPN, MPE	EPN, MPE	1.00000
GSM2403906	0	FFPE	HMB	HMB	1.00000	0.65000	HMB	HMB	1.00000
GSM2403915	0	FFPE	HMB	HMB	0.97653	0.29400	HMB	HMB	0.97653
GSM2403917	0	Frozen	MB, SHH CHL AD	MB, SHH CHL AD	0.99518	0.62200	MCF MB SHH	MCF MB SHH	0.99687
GSM2403922	0	FFPE	PTPR, A	PTPR, A	0.99998	0.43800	PTPR, A	PTPR, A	0.99998
GSM2403924	0	FFPE	PTPR, B	PTPR, B	0.99997	0.70200	PTPR, B	PTPR, B	0.99997
GSM2403930	0	FFPE	PTPR, B	PTPR, B	0.99976	0.63200	PTPR, B	PTPR, B	0.99976
GSM2403936	0	FFPE	HMB	HMB	0.99634	0.36600	HMB	HMB	0.99634
GSM2403938	0	FFPE	HMB	HMB	0.99976	0.47400	HMB	HMB	0.99976
GSM2403940	0	FFPE	EPN, RELA	EPN, RELA	0.99989	0.66800	EPN, RELA	EPN, RELA	0.99989
GSM2403942	0	FFPE	ETMR	ETMR	0.99997	0.96800	ETMR	ETMR	0.99997
GSM2403943	0	FFPE	MNG	MNG	0.99957	0.84800	MNG	MNG	0.99957
GSM2403944	0	FFPE	MNG	MNG	0.99954	0.84200	MNG	MNG	0.99954
GSM2403958	0	FFPE	SCHW	SCHW	1.00000	0.68600	SCHW	SCHW	1.00000
GSM2403964	0	FFPE	MB, G3	MB, G3	0.99508	0.62000	MCF MB G3G4	MCF MB G3G4	0.99686
GSM2403979	0	Frozen	EPN, PF B	EPN, PF B	0.99935	0.61200	EPN, PF B	EPN, PF B	0.99935
GSM2403984	0	Frozen	EPN, PF A	EPN, PF A	0.99867	0.81600	EPN, PF A	EPN, PF A	0.99867
GSM2403988	0	Frozen	EPN, PF A	EPN, PF A	0.99867	0.81400	EPN, PF A	EPN, PF A	0.99867
GSM2403997	0	FFPE	PITUI	PITUI	0.99999	0.77600	PITUI	PITUI	0.99999
GSM2403998	0	FFPE	PXA	PXA	1.00000	0.81800	PXA	PXA	1.00000
GSM2403999	0	FFPE	LGG, DNT	LGG, PA/GG ST	0.57085	0.24600	LGG, DNT	MCF PA	0.57236
GSM2404003	0	FFPE	PGG, nC	PGG, nC	0.99998	0.65800	PGG, nC	PGG, nC	0.99998
GSM2404007	0	FFPE	PGG, nC	PGG, nC	0.99994	0.60000	PGG, nC	PGG, nC	0.99994
GSM2404008	0	FFPE	PGG, nC	PGG, nC	0.99994	0.60800	PGG, nC	PGG, nC	0.99994
GSM2404012	0	FFPE	PIN T, PPT	PIN T, PPT	0.99808	0.46400	PIN T, PPT	PIN T, PPT	0.99808
GSM2404017	0	FFPE	DMG, K27	DMG, K27	0.99911	0.57200	DMG, K27	DMG, K27	0.99911
GSM2404028	0	FFPE	CONTR, REACT	CONTR, REACT	0.99872	0.47600	CONTR, REACT	CONTR, REACT	0.99872
GSM2404029	0	FFPE	IHG	IHG	0.99988	0.40200	IHG	IHG	0.99988
GSM2404036	0	FFPE	LGG, PA MID	LGG, PA MID	1.00000	0.80600	MCF PA	MCF PA	1.00000
GSM2404037	0	FFPE	DLGNT	DLGNT	0.99129	0.11800	DLGNT	DLGNT	0.99129
GSM2404039	0	FFPE	PITUI	PITUI	0.99900	0.54800	PITUI	PITUI	0.99900
GSM2404040	0	FFPE	LGG, PA/GG ST	LGG, PA/GG ST	0.99212	0.35800	MCF PA	MCF PA	0.99221
GSM2404042	0	FFPE	GBM, RTK II	GBM, RTK II	0.97972	0.74600	MCF GBM	MCF GBM	0.99916
GSM2404056	0	FFPE	GBM, RTK I	GBM, RTK I	0.99999	0.70600	MCF GBM	MCF GBM	1.00000
GSM2404062	0	FFPE	O IDH	O IDH	0.99979	0.73800	MCF IDH GLM	MCF IDH GLM	0.99990
GSM2404068	0	Frozen	HGNET, BCOR	HGNET, BCOR	0.99998	0.70400	HGNET, BCOR	HGNET, BCOR	0.99998
GSM2404079	0	FFPE	MNG	MNG	0.94732	0.42400	MNG	MNG	0.94732
GSM2404092	0	FFPE	MNG	MNG	0.99560	0.68800	MNG	MNG	0.99560
GSM2404094	0	FFPE	MB, SHH CHL AD	MB, SHH CHL AD	0.99992	0.89800	MCF MB SHH	MCF MB SHH	0.99993
GSM2404097	0	Frozen	ATRT, TYR	ATRT, TYR	0.99988	0.81800	MCF ATRT	MCF ATRT	0.99988
GSM2404100	0	Frozen	ATRT, SHH	ATRT, SHH	0.99994	0.68200	MCF ATRT	MCF ATRT	0.99999
GSM2404102	0	FFPE	SUBEPN, ST	SUBEPN, ST	0.99994	0.66600	SUBEPN, ST	SUBEPN, ST	0.99994
GSM2404103	0	FFPE	SUBEPN, ST	SUBEPN, ST	0.99949	0.55800	SUBEPN, ST	SUBEPN, ST	0.99949
GSM2404107	0	FFPE	A IDH	A IDH	0.99343	0.59800	MCF IDH GLM	MCF IDH GLM	0.99811
GSM2404113	0	FFPE	PITAD, ACTH	PITAD, ACTH	0.99999	0.54600	PITAD, ACTH	PITAD, ACTH	0.99999
GSM2404116	0	Frozen	EPN, PF A	EPN, PF A	0.99639	0.74800	EPN, PF A	EPN, PF A	0.99639
GSM2404118	0	FFPE	SFT HMPC	SFT HMPC	0.99997	0.41800	SFT HMPC	SFT HMPC	0.99997
GSM2404124	0	Frozen	ATRT, MYC	ATRT, MYC	0.98923	0.41400	MCF ATRT	MCF ATRT	0.99888
GSM2404132	0	FFPE	GBM, G34	GBM, G34	0.99998	0.63800	GBM, G34	GBM, G34	0.99998
GSM2404142	0	FFPE	PITAD, FSH LH	PITAD, FSH LH	0.97974	0.44600	PITAD, FSH LH	PITAD, FSH LH	0.97974
GSM2404146	0	FFPE	SUBEPN, SPINE	SUBEPN, SPINE	0.96912	0.19000	SUBEPN, SPINE	SUBEPN, SPINE	0.96912
GSM2404160	0	FFPE	ATRT, TYR	ATRT, TYR	0.99996	0.90600	MCF ATRT	MCF ATRT	0.99996
GSM2404161	0	FFPE	ATRT, SHH	ATRT, SHH	0.99939	0.56600	MCF ATRT	MCF ATRT	0.99992
GSM2404162	0	FFPE	ATRT, MYC	ATRT, MYC	0.99996	0.61800	MCF ATRT	MCF ATRT	0.99999
GSM2404166	0	FFPE	ATRT, TYR	ATRT, TYR	0.86864	0.36800	MCF ATRT	MCF ATRT	0.89207
GSM2404167	0	FFPE	ATRT, SHH	ATRT, SHH	0.99990	0.60400	MCF ATRT	MCF ATRT	0.99996
GSM2404168	0	FFPE	ATRT, MYC	ATRT, MYC	0.99985	0.57400	MCF ATRT	MCF ATRT	0.99998
GSM2404170	0	FFPE	CPH, ADM	CPH, ADM	0.88092	0.41400	CPH, ADM	CPH, ADM	0.88092
GSM2404175	0	FFPE	CPH, PAP	CPH, PAP	0.99999	0.77400	CPH, PAP	CPH, PAP	0.99999
GSM2404180	0	FFPE	SUBEPN, PF	SUBEPN, PF	0.99663	0.49400	SUBEPN, PF	SUBEPN, PF	0.99663
GSM2404187	0	FFPE	SUBEPN, PF	SUBEPN, PF	1.00000	0.87000	SUBEPN, PF	SUBEPN, PF	1.00000
GSM2404199	0	FFPE	SFT HMPC	SFT HMPC	0.99948	0.35200	SFT HMPC	SFT HMPC	0.99948
GSM2404202	0	FFPE	LGG, DNT	LGG, DNT	0.98364	0.48200	LGG, DNT	LGG, DNT	0.98364
GSM2404213	0	FFPE	O IDH	O IDH	0.99937	0.67000	MCF IDH GLM	MCF IDH GLM	0.99972
GSM2404214	0	FFPE	O IDH	O IDH	0.99997	0.82200	MCF IDH GLM	MCF IDH GLM	0.99998
GSM2404218	0	FFPE	O IDH	O IDH	0.94422	0.46600	MCF IDH GLM	MCF IDH GLM	0.99664
GSM2404219	0	FFPE	A IDH, HG	A IDH	0.74560	0.42600	MCF IDH GLM	MCF IDH GLM	0.97700
GSM2404221	0	FFPE	A IDH, HG	A IDH, HG	0.99983	0.53800	MCF IDH GLM	MCF IDH GLM	0.99998
GSM2404224	0	FFPE	A IDH, HG	A IDH, HG	0.50188	0.29400	MCF IDH GLM	MCF IDH GLM	0.99711
GSM2404230	0	FFPE	O IDH	O IDH	0.99998	0.85400	MCF IDH GLM	MCF IDH GLM	0.99998
GSM2404239	0	FFPE	MELCYT	MELCYT	0.99999	0.62800	MELCYT	MELCYT	0.99999
GSM2404242	0	FFPE	MELAN	MELAN	0.99873	0.29000	MELAN	MELAN	0.99873
GSM2404247	0	FFPE	MELCYT	MELCYT	1.00000	0.78400	MELCYT	MELCYT	1.00000
GSM2404251	0	FFPE	MELAN	MELAN	0.99970	0.29200	MELAN	MELAN	0.99970
GSM2404254	0	FFPE	MELAN	MELAN	0.99953	0.32600	MELAN	MELAN	0.99953
GSM2404256	0	FFPE	PITAD, PRL	PITAD, PRL	0.99198	0.29200	PITAD, PRL	PITAD, PRL	0.99198
GSM2404257	0	FFPE	LYMPHO	LYMPHO	1.00000	0.52000	LYMPHO	LYMPHO	1.00000
GSM2404271	0	Frozen	MB, SHH CHL AD	MB, SHH CHL AD	0.99866	0.69200	MCF MB SHH	MCF MB SHH	0.99890
GSM2404273	0	FFPE	PGG, nC	PGG, nC	0.99998	0.65000	PGG, nC	PGG, nC	0.99998
GSM2404277	0	FFPE	EPN, SPINE	EPN, SPINE	0.99971	0.61400	EPN, SPINE	EPN, SPINE	0.99971
GSM2404279	0	FFPE	ENB, B	ENB, B	0.78048	0.39400	MCF ENB	MCF ENB	0.99983
GSM2404286	0	FFPE	O IDH	O IDH	0.99974	0.70400	MCF IDH GLM	MCF IDH GLM	0.99983
GSM2404287	0	FFPE	GBM, MES	GBM, MES	0.63646	0.32400	MCF GBM	MCF GBM	0.99894
GSM2404289	0	FFPE	EPN, SPINE	EPN, SPINE	0.99910	0.55800	EPN, SPINE	EPN, SPINE	0.99910
GSM2404290	0	FFPE	EPN, MPE	EPN, MPE	0.99997	0.63400	EPN, MPE	EPN, MPE	0.99997
GSM2404293	0	FFPE	LIPN	LIPN	1.00000	0.72600	LIPN	LIPN	1.00000
GSM2404295	0	FFPE	CONTR, ADENOPIT	CONTR, ADENOPIT	0.99999	0.61600	CONTR, ADENOPIT	CONTR, ADENOPIT	0.99999
GSM2404307	0	FFPE	LGG, DNT	LGG, DNT	0.97901	0.44600	LGG, DNT	LGG, DNT	0.97901
GSM2404312	0	Frozen	EPN, PF A	EPN, PF A	0.99945	0.89600	EPN, PF A	EPN, PF A	0.99945
GSM2404314	0	Frozen	EPN, PF A	EPN, PF A	0.99886	0.84200	EPN, PF A	EPN, PF A	0.99886
GSM2404315	0	Frozen	SUBEPN, PF	SUBEPN, PF	0.99917	0.53800	SUBEPN, PF	SUBEPN, PF	0.99917
GSM2404319	0	FFPE	LGG, PA/GG ST	LGG, PA/GG ST	0.97497	0.31000	MCF PA	MCF PA	0.97561
GSM2404322	0	FFPE	LGG, MYB	LGG, MYB	0.99990	0.51400	LGG, MYB	LGG, MYB	0.99990
GSM2404326	0	FFPE	LGG, DNT	LGG, DNT	0.99815	0.64800	LGG, DNT	LGG, DNT	0.99815
GSM2404339	0	FFPE	LGG, GG	LGG, GG	1.00000	0.78600	LGG, GG	LGG, GG	1.00000
GSM2404342	0	FFPE	A IDH	A IDH	0.99998	0.89800	MCF IDH GLM	MCF IDH GLM	0.99999
GSM2404346	0	FFPE	PITAD, STH SPA	PITAD, STH SPA	0.95185	0.24000	PITAD, STH SPA	PITAD, STH SPA	0.95185
GSM2404358	0	FFPE	PITAD, STH SPA	PITAD, STH SPA	0.99995	0.54200	PITAD, STH SPA	PITAD, STH SPA	0.99995
GSM2404362	0	FFPE	PITAD, STH DNS A	PITAD, STH DNS A	0.99695	0.32800	PITAD, STH DNS A	PITAD, STH DNS A	0.99695
GSM2404366	0	FFPE	GBM, G34	GBM, G34	0.99991	0.57000	GBM, G34	GBM, G34	0.99991
GSM2404367	0	FFPE	LGG, DIG/DIA	LGG, DIG/DIA	0.99961	0.32200	LGG, DIG/DIA	LGG, DIG/DIA	0.99961
GSM2404369	0	FFPE	PITAD, STH DNS B	PITAD, STH DNS B	0.99994	0.41400	PITAD, STH DNS B	PITAD, STH DNS B	0.99994
GSM2404372	0	FFPE	PITAD, STH DNS B	PITAD, STH DNS B	0.99980	0.40000	PITAD, STH DNS B	PITAD, STH DNS B	0.99980
GSM2404374	0	FFPE	PITAD, STH DNS A	PITAD, STH DNS A	0.68445	0.15800	PITAD, STH DNS A	PITAD, STH DNS A	0.68445
GSM2404382	0	Frozen	EPN, SPINE	EPN, SPINE	0.99286	0.46200	EPN, SPINE	EPN, SPINE	0.99286
GSM2404385	0	Frozen	EPN, SPINE	EPN, SPINE	0.99984	0.65000	EPN, SPINE	EPN, SPINE	0.99984
GSM2404390	0	Frozen	EPN, PF A	EPN, PF A	0.99714	0.75400	EPN, PF A	EPN, PF A	0.99714
GSM2404393	0	Frozen	EPN, PF B	EPN, PF B	0.99983	0.66400	EPN, PF B	EPN, PF B	0.99983
GSM2404395	0	Frozen	SUBEPN, PF	SUBEPN, PF	0.98815	0.43800	SUBEPN, PF	SUBEPN, PF	0.98815
GSM2404400	0	Frozen	EPN, RELA	EPN, RELA	0.99967	0.62400	EPN, RELA	EPN, RELA	0.99967
GSM2404401	0	Frozen	EPN, PF A	EPN, PF A	0.99912	0.85400	EPN, PF A	EPN, PF A	0.99912
GSM2404403	0	Frozen	EPN, PF A	EPN, PF A	0.99957	0.91400	EPN, PF A	EPN, PF A	0.99957
GSM2404404	0	Frozen	EPN, RELA	EPN, RELA	0.97801	0.39400	EPN, RELA	EPN, RELA	0.97801
GSM2404415	0	FFPE	PITAD, FSH LH	PITAD, FSH LH	0.99998	0.83000	PITAD, FSH LH	PITAD, FSH LH	0.99998
GSM2404418	0	FFPE	PITAD, FSH LH	PITAD, FSH LH	0.99998	0.82400	PITAD, FSH LH	PITAD, FSH LH	0.99998
GSM2404420	0	FFPE	PITAD, ACTH	PITAD, ACTH	0.98008	0.31800	PITAD, ACTH	PITAD, ACTH	0.98008
GSM2404425	0	FFPE	PITAD, STH SPA	PITAD, STH SPA	0.99997	0.56400	PITAD, STH SPA	PITAD, STH SPA	0.99997
GSM2404429	0	FFPE	PITAD, PRL	PITAD, PRL	0.97013	0.18200	PITAD, PRL	PITAD, PRL	0.97013
GSM2404435	0	Frozen	O IDH	O IDH	0.76252	0.23000	MCF IDH GLM	MCF IDH GLM	0.85861
GSM2404443	0	FFPE	PITUI	PITUI	0.99979	0.62400	PITUI	PITUI	0.99979
GSM2404445	0	FFPE	CONTR, WM	CONTR, WM	0.99969	0.66600	CONTR, WM	CONTR, WM	0.99969
GSM2404446	0	FFPE	CONTR, WM	CONTR, WM	0.99969	0.68000	CONTR, WM	CONTR, WM	0.99969
GSM2404455	0	FFPE	PLASMA	PLASMA	1.00000	0.49600	PLASMA	PLASMA	1.00000
GSM2404457	0	FFPE	DMG, K27	DMG, K27	0.99924	0.54600	DMG, K27	DMG, K27	0.99924
GSM2404468	0	FFPE	MNG	MNG	0.99979	0.92400	MNG	MNG	0.99979
GSM2404473	0	FFPE	SCHW	SCHW	0.99661	0.48400	SCHW	SCHW	0.99661
GSM2404474	0	FFPE	SCHW	SCHW	0.99994	0.49000	SCHW	SCHW	0.99994
GSM2404477	0	FFPE	LGG, GG	LGG, GG	0.99997	0.60200	LGG, GG	LGG, GG	0.99997
GSM2404484	0	FFPE	PLEX, PED A	PLEX, PED A	0.99971	0.27200	MCF PLEX T	MCF PLEX T	0.99993
GSM2404488	0	FFPE	GBM, G34	GBM, G34	0.99991	0.57200	GBM, G34	GBM, G34	0.99991
GSM2404494	0	FFPE	DMG, K27	DMG, K27	0.98530	0.48000	DMG, K27	DMG, K27	0.98530
GSM2404495	0	FFPE	DMG, K27	DMG, K27	0.99651	0.54800	DMG, K27	DMG, K27	0.99651
GSM2404500	0	FFPE	GBM, G34	GBM, G34	0.99988	0.56000	GBM, G34	GBM, G34	0.99988
GSM2404510	0	FFPE	ENB, A	ENB, B	0.50398	0.07600	MCF ENB	MCF ENB	0.53858
GSM2404526	0	FFPE	MB, G4	MB, G4	0.98471	0.70200	MCF MB G3G4	MCF MB G3G4	0.99174
GSM2404528	0	Frozen	GBM, RTK II	GBM, RTK II	0.96510	0.73000	MCF GBM	MCF GBM	0.99835
GSM2404531	0	FFPE	LGG, DNT	LGG, DNT	0.99937	0.71600	LGG, DNT	LGG, DNT	0.99937
GSM2404539	0	Frozen	GBM, RTK II	GBM, RTK II	0.97822	0.73800	MCF GBM	MCF GBM	0.99926
GSM2404544	0	FFPE	MELCYT	MELCYT	1.00000	0.76000	MELCYT	MELCYT	1.00000
GSM2404545	0	FFPE	SCHW, MEL	SCHW, MEL	0.99999	0.29000	SCHW, MEL	SCHW, MEL	0.99999
GSM2404558	0	FFPE	LGG, SEGA	LGG, SEGA	0.99986	0.43800	LGG, SEGA	LGG, SEGA	0.99986
GSM2404561	0	FFPE	CONTR, PINEAL	CONTR, PINEAL	0.99999	0.75400	CONTR, PINEAL	CONTR, PINEAL	0.99999
GSM2404564	0	FFPE	CHGL	CHGL	0.98950	0.36600	CHGL	CHGL	0.98950
GSM2404565	0	FFPE	LIPN	LIPN	0.99997	0.58600	LIPN	LIPN	0.99997
GSM2404574	0	Frozen	GBM, RTK II	GBM, MES	0.54577	0.42200	MCF GBM	MCF GBM	0.99986
GSM2404578	0	Frozen	CONTR, INFLAM	CONTR, INFLAM	0.99998	0.77600	CONTR, INFLAM	CONTR, INFLAM	0.99998
GSM2404580	0	Frozen	GBM, RTK I	GBM, RTK I	0.99998	0.71800	MCF GBM	MCF GBM	1.00000
GSM2404582	0	Frozen	GBM, MES	GBM, RTK II	0.78186	0.62000	MCF GBM	MCF GBM	0.99848
GSM2404585	0	FFPE	CNS NB, FOXR2	CNS NB, FOXR2	0.99896	0.75000	CNS NB, FOXR2	CNS NB, FOXR2	0.99896
GSM2404586	0	FFPE	A IDH	A IDH	0.99035	0.56000	MCF IDH GLM	MCF IDH GLM	0.99770
GSM2404587	0	FFPE	LGG, SEGA	LGG, SEGA	0.99940	0.40800	LGG, SEGA	LGG, SEGA	0.99940
GSM2404590	0	FFPE	HGNET, MN1	HGNET, MN1	0.46546	0.12400	HGNET, MN1	HGNET, MN1	0.46546
GSM2404591	0	FFPE	SUBEPN, PF	SUBEPN, PF	1.00000	0.86600	SUBEPN, PF	SUBEPN, PF	1.00000
GSM2404593	0	Frozen	GBM, RTK II	GBM, RTK II	0.72627	0.43400	MCF GBM	MCF GBM	0.96687
GSM2404599	0	Frozen	CONTR, INFLAM	CONTR, INFLAM	0.99999	0.83600	CONTR, INFLAM	CONTR, INFLAM	0.99999
GSM2404611	0	FFPE	CONTR, PINEAL	CONTR, PINEAL	0.99998	0.71400	CONTR, PINEAL	CONTR, PINEAL	0.99998
GSM2404613	0	FFPE	GBM, MYCN	GBM, MYCN	0.98583	0.14600	MCF GBM	MCF GBM	0.99883
GSM2404625	0	FFPE	PLEX, AD	PLEX, AD	0.99999	0.58600	MCF PLEX T	MCF PLEX T	0.99999
GSM2404627	0	FFPE	HGNET, MN1	HGNET, MN1	0.99875	0.30200	HGNET, MN1	HGNET, MN1	0.99875
GSM2404634	0	Frozen	GBM, MES	GBM, MES	0.68870	0.27000	MCF GBM	MCF GBM	0.99877
GSM2404638	0	Frozen	CONTR, INFLAM	CONTR, INFLAM	1.00000	0.87600	CONTR, INFLAM	CONTR, INFLAM	1.00000
GSM2404646	0	Frozen	CONTR, INFLAM	CONTR, INFLAM	0.86033	0.38200	CONTR, INFLAM	CONTR, INFLAM	0.86033
GSM2404648	0	FFPE	GBM, G34	GBM, G34	0.99959	0.53400	GBM, G34	GBM, G34	0.99959
GSM2404653	0	FFPE	DMG, K27	DMG, K27	0.99905	0.57200	DMG, K27	DMG, K27	0.99905
GSM2404658	0	FFPE	DMG, K27	DMG, K27	0.99952	0.61600	DMG, K27	DMG, K27	0.99952
GSM2404659	0	FFPE	GBM, RTK III	GBM, MYCN	0.58994	0.12000	MCF GBM	MCF GBM	0.99725
GSM2404677	0	FFPE	DMG, K27	DMG, K27	0.99992	0.69600	DMG, K27	DMG, K27	0.99992
GSM2404686	0	FFPE	GBM, RTK II	GBM, RTK II	0.93433	0.51400	MCF GBM	MCF GBM	0.98114
GSM2404694	0	Frozen	EFT, CIC	EFT, CIC	1.00000	0.39400	EFT, CIC	EFT, CIC	1.00000
GSM2404695	0	Frozen	CNS NB, FOXR2	CNS NB, FOXR2	0.99970	0.83800	CNS NB, FOXR2	CNS NB, FOXR2	0.99970
GSM2404709	0	FFPE	PXA	PXA	0.99977	0.38400	PXA	PXA	0.99977
GSM2404713	0	FFPE	EPN, MPE	EPN, MPE	0.99999	0.69400	EPN, MPE	EPN, MPE	0.99999
GSM2404716	0	FFPE	GBM, RTK II	GBM, RTK II	0.79604	0.46000	MCF GBM	MCF GBM	0.99722
GSM2404717	0	FFPE	CNS NB, FOXR2	CNS NB, FOXR2	0.99982	0.87600	CNS NB, FOXR2	CNS NB, FOXR2	0.99982
GSM2404727	0	FFPE	ENB, B	ENB, B	0.99180	0.50800	MCF ENB	MCF ENB	0.99998
GSM2404746	0	Frozen	MB, SHH CHL AD	MB, SHH CHL AD	0.99965	0.79600	MCF MB SHH	MCF MB SHH	0.99966
GSM2404747	0	Frozen	MB, SHH INF	MB, SHH INF	0.99903	0.69800	MCF MB SHH	MCF MB SHH	0.99922
GSM2404749	0	Frozen	A IDH	A IDH	0.99237	0.64000	MCF IDH GLM	MCF IDH GLM	0.99935
GSM2404752	0	Frozen	A IDH	A IDH, HG	0.99980	0.52600	MCF IDH GLM	MCF IDH GLM	0.99996
GSM2404754	0	Frozen	A IDH	A IDH	0.99992	0.81800	MCF IDH GLM	MCF IDH GLM	0.99996
GSM2404758	0	Frozen	EWS	EWS	0.99999	0.50800	EWS	EWS	0.99999
GSM2404764	0	FFPE	A IDH	A IDH	0.99317	0.67200	MCF IDH GLM	MCF IDH GLM	0.99958
GSM2404768	0	FFPE	LGG, DNT	LGG, DNT	0.50320	0.33600	LGG, DNT	LGG, DNT	0.50320
GSM2404770	0	FFPE	LGG, PA MID	LGG, PA MID	0.94178	0.28600	MCF PA	MCF PA	0.96409
GSM2404772	0	FFPE	LGG, SEGA	LGG, SEGA	1.00000	0.58800	LGG, SEGA	LGG, SEGA	1.00000
GSM2404781	0	FFPE	O IDH	O IDH	0.94019	0.50000	MCF IDH GLM	MCF IDH GLM	0.99599
GSM2404794	0	Frozen	SUBEPN, ST	SUBEPN, ST	0.99982	0.61200	SUBEPN, ST	SUBEPN, ST	0.99982
GSM2404795	0	Frozen	SUBEPN, PF	SUBEPN, PF	1.00000	0.82000	SUBEPN, PF	SUBEPN, PF	1.00000
GSM2404806	0	Frozen	EPN, MPE	EPN, MPE	0.99996	0.61200	EPN, MPE	EPN, MPE	0.99996
GSM2404811	0	Frozen	EWS	EWS	0.99999	0.53600	EWS	EWS	0.99999
GSM2404813	0	FFPE	DMG, K27	DMG, K27	0.99997	0.75400	DMG, K27	DMG, K27	0.99997
GSM2404815	0	FFPE	GBM, MYCN	GBM, MYCN	0.99974	0.23800	MCF GBM	MCF GBM	1.00000
GSM2404817	0	FFPE	EPN, PF B	EPN, PF B	0.99858	0.53200	EPN, PF B	EPN, PF B	0.99858
GSM2404819	0	FFPE	ENB, B	ENB, B	0.99205	0.38000	MCF ENB	MCF ENB	0.99953
GSM2404823	0	FFPE	HGNET, MN1	HGNET, MN1	0.99951	0.33400	HGNET, MN1	HGNET, MN1	0.99951
GSM2404824	0	FFPE	DMG, K27	DMG, K27	0.99997	0.76600	DMG, K27	DMG, K27	0.99997
GSM2404832	0	FFPE	EPN, SPINE	EPN, SPINE	0.99998	0.74600	EPN, SPINE	EPN, SPINE	0.99998
GSM2404836	0	FFPE	ATRT, MYC	ATRT, MYC	0.99899	0.55000	MCF ATRT	MCF ATRT	0.99997
GSM2404837	0	FFPE	ATRT, SHH	ATRT, SHH	0.99923	0.55800	MCF ATRT	MCF ATRT	0.99982
GSM2404840	0	FFPE	ATRT, SHH	ATRT, SHH	0.99984	0.60600	MCF ATRT	MCF ATRT	0.99997
GSM2404845	0	FFPE	A IDH	A IDH	0.99846	0.69200	MCF IDH GLM	MCF IDH GLM	0.99969
GSM2404846	0	FFPE	GBM, RTK I	GBM, RTK I	0.98825	0.39800	MCF GBM	MCF GBM	0.99947
GSM2404857	0	FFPE	SUBEPN, PF	SUBEPN, PF	0.61516	0.33800	SUBEPN, PF	SUBEPN, PF	0.61516
GSM2404862	0	FFPE	SUBEPN, PF	SUBEPN, PF	0.99988	0.63400	SUBEPN, PF	SUBEPN, PF	0.99988
GSM2404865	0	FFPE	EPN, PF B	EPN, PF B	0.99994	0.72600	EPN, PF B	EPN, PF B	0.99994
GSM2404866	0	FFPE	EPN, PF B	EPN, PF B	0.99164	0.46600	EPN, PF B	EPN, PF B	0.99164
GSM2404868	0	FFPE	GBM, RTK II	GBM, RTK II	0.95639	0.76600	MCF GBM	MCF GBM	0.99892
GSM2404879	0	FFPE	O IDH	O IDH	0.99959	0.71400	MCF IDH GLM	MCF IDH GLM	0.99985
GSM2404881	0	Frozen	ATRT, SHH	ATRT, SHH	0.99977	0.58000	MCF ATRT	MCF ATRT	0.99986
GSM2404886	0	FFPE	O IDH	O IDH	0.99959	0.68600	MCF IDH GLM	MCF IDH GLM	0.99976
GSM2404890	0	FFPE	DMG, K27	DMG, K27	0.99992	0.69200	DMG, K27	DMG, K27	0.99992
GSM2404893	0	Frozen	EPN, YAP	EPN, YAP	1.00000	0.40200	EPN, YAP	EPN, YAP	1.00000
GSM2404894	0	Frozen	HGNET, BCOR	HGNET, BCOR	0.99996	0.66800	HGNET, BCOR	HGNET, BCOR	0.99996
GSM2404909	0	FFPE	O IDH	O IDH	0.99973	0.71400	MCF IDH GLM	MCF IDH GLM	0.99985
GSM2404911	0	FFPE	GBM, RTK II	GBM, RTK II	0.79424	0.32200	MCF GBM	MCF GBM	0.90305
GSM2404918	0	FFPE	PXA	PXA	0.99995	0.46400	PXA	PXA	0.99995
GSM2404921	0	FFPE	DMG, K27	DMG, K27	0.99953	0.58200	DMG, K27	DMG, K27	0.99953
GSM2404931	0	Frozen	EPN, PF B	EPN, PF B	0.92003	0.31400	EPN, PF B	EPN, PF B	0.92003
GSM2404932	0	Frozen	EPN, PF B	EPN, PF B	0.99999	0.81400	EPN, PF B	EPN, PF B	0.99999
GSM2404934	0	FFPE	PLEX, PED B	PLEX, PED B	0.99954	0.48400	MCF PLEX T	MCF PLEX T	0.99958
GSM2404935	0	FFPE	PLEX, PED B	PLEX, PED B	0.99976	0.52000	MCF PLEX T	MCF PLEX T	0.99978
GSM2404945	0	FFPE	PLEX, PED A	PLEX, PED A	0.99046	0.22600	MCF PLEX T	MCF PLEX T	0.99964
GSM2404949	0	FFPE	PLEX, AD	PLEX, AD	0.99744	0.49400	MCF PLEX T	MCF PLEX T	0.99991
GSM2404951	0	FFPE	PLEX, PED B	PLEX, PED B	0.97240	0.45400	MCF PLEX T	MCF PLEX T	0.99983
GSM2404954	0	FFPE	PLEX, AD	PLEX, AD	0.99996	0.63800	MCF PLEX T	MCF PLEX T	1.00000
GSM2404956	0	FFPE	PLEX, PED B	PLEX, PED B	0.99987	0.55200	MCF PLEX T	MCF PLEX T	0.99988
GSM2404962	0	FFPE	PLEX, PED A	PLEX, PED A	0.99379	0.22200	MCF PLEX T	MCF PLEX T	0.99916
GSM2404972	0	FFPE	PLEX, PED B	PLEX, PED B	0.84322	0.23200	MCF PLEX T	MCF PLEX T	0.85675
GSM2404973	0	FFPE	PLEX, PED B	PLEX, PED B	1.00000	0.73400	MCF PLEX T	MCF PLEX T	1.00000
GSM2404974	0	FFPE	PLEX, PED B	PLEX, PED B	0.99994	0.58200	MCF PLEX T	MCF PLEX T	0.99995
GSM2404983	0	FFPE	PLEX, AD	PLEX, AD	0.99987	0.48400	MCF PLEX T	MCF PLEX T	0.99990
GSM2405000	0	FFPE	GBM, RTK I	GBM, RTK I	0.76224	0.24400	MCF GBM	MCF GBM	0.98798
GSM2405012	0	Frozen	ATRT, TYR	ATRT, TYR	0.99995	0.89000	MCF ATRT	MCF ATRT	0.99995
GSM2405019	0	FFPE	PTPR, B	PTPR, B	0.99986	0.64000	PTPR, B	PTPR, B	0.99986
GSM2405024	0	FFPE	EPN, PF B	EPN, PF B	0.99980	0.64400	EPN, PF B	EPN, PF B	0.99980
GSM2405032	0	FFPE	PXA	PXA	0.99996	0.44000	PXA	PXA	0.99996
GSM2405038	0	FFPE	PIN T, PPT	PIN T, PPT	0.99998	0.70000	PIN T, PPT	PIN T, PPT	0.99998
GSM2405042	0	FFPE	CNS NB, FOXR2	CNS NB, FOXR2	0.99970	0.83400	CNS NB, FOXR2	CNS NB, FOXR2	0.99970
GSM2405047	0	Frozen	CPH, ADM	CPH, ADM	0.99942	0.76400	CPH, ADM	CPH, ADM	0.99942
GSM2405048	0	Frozen	CPH, PAP	CPH, PAP	0.99931	0.61200	CPH, PAP	CPH, PAP	0.99931
GSM2405057	0	FFPE	O IDH	O IDH	0.99994	0.78400	MCF IDH GLM	MCF IDH GLM	0.99995
GSM2405069	0	FFPE	GBM, MES	GBM, MES	0.67093	0.21000	MCF GBM	MCF GBM	0.96907
GSM2405072	0	FFPE	A IDH	A IDH	0.99670	0.71800	MCF IDH GLM	MCF IDH GLM	0.99982
GSM2405074	0	FFPE	GBM, RTK I	GBM, RTK I	0.99870	0.50800	MCF GBM	MCF GBM	0.99999
GSM2405075	0	FFPE	HGNET, BCOR	HGNET, BCOR	0.99996	0.67000	HGNET, BCOR	HGNET, BCOR	0.99996
GSM2405076	0	FFPE	PXA	PXA	0.99963	0.44400	PXA	PXA	0.99963
GSM2405079	0	Frozen	EPN, PF A	EPN, PF A	0.96786	0.54200	EPN, PF A	EPN, PF A	0.96786
GSM2405083	0	Frozen	PTPR, B	PTPR, B	1.00000	0.80000	PTPR, B	PTPR, B	1.00000
GSM2405088	0	FFPE	GBM, RTK I	GBM, RTK I	0.99971	0.60000	MCF GBM	MCF GBM	1.00000
GSM2405102	0	Frozen	A IDH	A IDH	0.99965	0.75000	MCF IDH GLM	MCF IDH GLM	0.99988
GSM2405108	0	FFPE	EPN, SPINE	EPN, SPINE	0.99986	0.65200	EPN, SPINE	EPN, SPINE	0.99986
GSM2405110	0	FFPE	GBM, RTK II	GBM, RTK II	0.86771	0.58000	MCF GBM	MCF GBM	0.99937
GSM2405111	0	FFPE	GBM, MID	GBM, MID	0.85873	0.14400	MCF GBM	MCF GBM	0.99984
GSM2405117	0	FFPE	PIN T, PB A	PIN T, PB A	0.99283	0.56800	PIN T, PB A	PIN T, PB A	0.99283
GSM2405119	0	FFPE	LGG, PA PF	LGG, PA PF	0.99879	0.85200	MCF PA	MCF PA	0.99883
GSM2405120	0	FFPE	A IDH	A IDH	0.59688	0.42600	MCF IDH GLM	MCF IDH GLM	0.98446
GSM2405122	0	FFPE	HMB	HMB	0.99996	0.54800	HMB	HMB	0.99996
GSM2405125	0	FFPE	ANA PA	ANA PA	0.99335	0.22000	ANA PA	ANA PA	0.99335
GSM2405126	0	FFPE	CHORDM	CHORDM	1.00000	0.41800	CHORDM	CHORDM	1.00000
GSM2405135	0	Frozen	GBM, RTK I	GBM, RTK I	0.99977	0.57000	MCF GBM	MCF GBM	0.99999
GSM2405142	0	FFPE	GBM, RTK II	GBM, RTK II	0.92096	0.64600	MCF GBM	MCF GBM	0.99505
GSM2405146	0	FFPE	A IDH	A IDH	0.94295	0.54000	MCF IDH GLM	MCF IDH GLM	0.99650
GSM2405147	0	FFPE	A IDH, HG	A IDH, HG	1.00000	0.76600	MCF IDH GLM	MCF IDH GLM	1.00000
GSM2405151	0	FFPE	GBM, RTK II	GBM, RTK II	0.97309	0.52800	MCF GBM	MCF GBM	0.99615
GSM2405152	0	FFPE	O IDH	O IDH	0.99993	0.77200	MCF IDH GLM	MCF IDH GLM	0.99995
GSM2405160	0	FFPE	O IDH	O IDH	0.99993	0.79800	MCF IDH GLM	MCF IDH GLM	0.99996
GSM2405164	0	Frozen	GBM, MES	GBM, MES	0.96241	0.32200	MCF GBM	MCF GBM	0.99671
GSM2405174	0	Frozen	O IDH	O IDH	0.99438	0.61200	MCF IDH GLM	MCF IDH GLM	0.99921
GSM2405175	0	Frozen	PIN T, PB B	PIN T, PB B	0.99996	0.76400	PIN T, PB B	PIN T, PB B	0.99996
GSM2405183	0	FFPE	CHORDM	CHORDM	1.00000	0.30000	CHORDM	CHORDM	1.00000
GSM2405191	0	Frozen	CONTR, INFLAM	CONTR, INFLAM	0.99827	0.53400	CONTR, INFLAM	CONTR, INFLAM	0.99827
GSM2405199	0	Frozen	A IDH, HG	A IDH, HG	0.99989	0.54400	MCF IDH GLM	MCF IDH GLM	0.99998
GSM2405202	0	Frozen	ETMR	ETMR	0.99942	0.77400	ETMR	ETMR	0.99942
GSM2405203	0	FFPE	PXA	PXA	0.99860	0.30200	PXA	PXA	0.99860
GSM2405226	0	Frozen	RETB	RETB	0.98907	0.80600	RETB	RETB	0.98907
GSM2405231	0	Frozen	RETB	RETB	0.99685	0.89800	RETB	RETB	0.99685
GSM2405235	0	Frozen	RETB	RETB	0.99612	0.89600	RETB	RETB	0.99612
GSM2405240	0	FFPE	ANA PA	ANA PA	0.99996	0.34000	ANA PA	ANA PA	0.99996
GSM2405244	0	FFPE	ENB, A	ENB, A	0.99989	0.66400	MCF ENB	MCF ENB	0.99997
GSM2405249	0	FFPE	A IDH	A IDH	0.99936	0.72600	MCF IDH GLM	MCF IDH GLM	0.99980
GSM2405257	0	Frozen	RETB	RETB	0.99708	0.90800	RETB	RETB	0.99708
GSM2405262	0	FFPE	ENB, A	ENB, A	0.99999	0.77400	MCF ENB	MCF ENB	1.00000
GSM2405270	0	FFPE	GBM, RTK II	GBM, MES	0.74154	0.47600	MCF GBM	MCF GBM	0.99996
GSM2405271	0	FFPE	CN	CN	0.99969	0.66400	CN	CN	0.99969
GSM2405272	0	FFPE	GBM, RTK II	GBM, RTK II	0.96492	0.69600	MCF GBM	MCF GBM	0.99610
GSM2405273	0	FFPE	GBM, RTK I	GBM, RTK I	0.97746	0.38600	MCF GBM	MCF GBM	0.99976
GSM2405280	0	FFPE	GBM, RTK II	GBM, RTK II	0.92246	0.55400	MCF GBM	MCF GBM	0.99951
GSM2405283	0	FFPE	CONTR, REACT	CONTR, REACT	0.99998	0.62400	CONTR, REACT	CONTR, REACT	0.99998
GSM2405285	0	FFPE	LGG, DNT	LGG, DNT	0.99717	0.61200	LGG, DNT	LGG, DNT	0.99717
GSM2405286	0	FFPE	A IDH	A IDH	0.99983	0.77400	MCF IDH GLM	MCF IDH GLM	0.99993
GSM2405289	0	FFPE	CONTR, REACT	CONTR, REACT	0.99990	0.56600	CONTR, REACT	CONTR, REACT	0.99990
GSM2405290	0	FFPE	GBM, RTK II	GBM, RTK II	0.60199	0.50600	MCF GBM	MCF GBM	0.99853
GSM2405293	0	Frozen	DMG, K27	DMG, K27	0.99548	0.49200	DMG, K27	DMG, K27	0.99548
GSM2405304	0	FFPE	SFT HMPC	SFT HMPC	0.99999	0.46000	SFT HMPC	SFT HMPC	0.99999
GSM2405319	0	FFPE	MB, WNT	MB, WNT	0.99992	0.83800	MB, WNT	MB, WNT	0.99992
GSM2405323	0	FFPE	MB, G4	MB, G4	0.75587	0.49800	MCF MB G3G4	MCF MB G3G4	0.84855
GSM2405334	0	FFPE	LGG, PA/GG ST	LGG, PA/GG ST	0.99949	0.58000	MCF PA	MCF PA	0.99949
GSM2405338	0	FFPE	HGNET, BCOR	HGNET, BCOR	1.00000	0.82600	HGNET, BCOR	HGNET, BCOR	1.00000
GSM2405346	0	Frozen	MNG	MNG	0.99984	0.93400	MNG	MNG	0.99984
GSM2405350	0	FFPE	MNG	MNG	0.99706	0.71600	MNG	MNG	0.99706
GSM2405354	0	Frozen	MNG	MNG	0.99989	0.96200	MNG	MNG	0.99989
GSM2405359	0	FFPE	MNG	MNG	0.99985	0.93400	MNG	MNG	0.99985
GSM2405365	0	FFPE	PIN T, PPT	PIN T, PPT	0.99955	0.52400	PIN T, PPT	PIN T, PPT	0.99955
GSM2405368	0	FFPE	LGG, RGNT	LGG, RGNT	0.99999	0.36800	LGG, RGNT	LGG, RGNT	0.99999
GSM2405369	0	FFPE	LGG, RGNT	LGG, RGNT	1.00000	0.36600	LGG, RGNT	LGG, RGNT	1.00000
GSM2405370	0	FFPE	EWS	EWS	0.99947	0.39400	EWS	EWS	0.99947
GSM2405376	0	FFPE	GBM, RTK II	GBM, RTK II	0.96310	0.71200	MCF GBM	MCF GBM	0.99917
GSM2405380	0	FFPE	GBM, RTK III	GBM, RTK III	0.88522	0.27200	MCF GBM	MCF GBM	0.99977
GSM2405406	0	FFPE	CONTR, PONS	CONTR, PONS	0.99973	0.53400	CONTR, PONS	CONTR, PONS	0.99973
GSM2405407	0	FFPE	CONTR, PONS	CONTR, PONS	0.99995	0.62000	CONTR, PONS	CONTR, PONS	0.99995
GSM2405408	0	FFPE	CONTR, ADENOPIT	CONTR, ADENOPIT	1.00000	0.66400	CONTR, ADENOPIT	CONTR, ADENOPIT	1.00000
GSM2405411	0	FFPE	PIN T, PB B	PIN T, PB B	0.99995	0.74400	PIN T, PB B	PIN T, PB B	0.99995
GSM2405412	0	FFPE	CNS NB, FOXR2	CNS NB, FOXR2	0.99976	0.85200	CNS NB, FOXR2	CNS NB, FOXR2	0.99976
GSM2405423	0	FFPE	CNS NB, FOXR2	CNS NB, FOXR2	0.99937	0.78000	CNS NB, FOXR2	CNS NB, FOXR2	0.99937
GSM2405428	0	FFPE	GBM, MID	GBM, MID	0.90922	0.10800	MCF GBM	MCF GBM	0.96766
GSM2405439	0	FFPE	GBM, MES	GBM, RTK II	0.79449	0.64600	MCF GBM	MCF GBM	0.99859
GSM2405445	0	FFPE	GBM, RTK II	GBM, RTK II	0.92880	0.67000	MCF GBM	MCF GBM	0.99761
GSM2405451	0	FFPE	ANA PA	ANA PA	0.99951	0.29400	ANA PA	ANA PA	0.99951
GSM2405452	0	FFPE	A IDH, HG	A IDH, HG	0.93196	0.27600	MCF IDH GLM	MCF IDH GLM	0.93583
GSM2405457	0	FFPE	GBM, MES	GBM, RTK II	0.88600	0.51200	MCF GBM	MCF GBM	0.98745
GSM2405461	0	FFPE	LGG, DNT	LGG, DNT	0.99987	0.78200	LGG, DNT	LGG, DNT	0.99987
GSM2405466	0	FFPE	GBM, RTK II	GBM, RTK II	0.80599	0.26000	MCF GBM	MCF GBM	0.91527
GSM2405468	0	FFPE	LGG, MYB	LGG, MYB	0.99987	0.51800	LGG, MYB	LGG, MYB	0.99987
GSM2405470	0	Frozen	GBM, MES	GBM, MES	0.62300	0.33400	MCF GBM	MCF GBM	0.99912
GSM2405490	0	FFPE	GBM, MES	GBM, RTK II	0.57054	0.48200	MCF GBM	MCF GBM	0.99901
GSM2405494	0	FFPE	PITUI	PITUI	0.99987	0.64400	PITUI	PITUI	0.99987
GSM2405516	0	FFPE	LGG, PA PF	LGG, PA PF	0.99774	0.77800	MCF PA	MCF PA	0.99783
GSM2405524	0	FFPE	CNS NB, FOXR2	CNS NB, FOXR2	0.99814	0.71200	CNS NB, FOXR2	CNS NB, FOXR2	0.99814
GSM2405532	0	FFPE	LGG, GG	LGG, GG	0.99966	0.46800	LGG, GG	LGG, GG	0.99966
GSM2405541	0	FFPE	LGG, GG	LGG, GG	0.99999	0.64000	LGG, GG	LGG, GG	0.99999
GSM2405547	0	FFPE	DLGNT	DLGNT	1.00000	0.30600	DLGNT	DLGNT	1.00000
GSM2405556	0	FFPE	PITAD, ACTH	PITAD, ACTH	1.00000	0.58000	PITAD, ACTH	PITAD, ACTH	1.00000
GSM2405558	0	FFPE	PITUI	PITUI	0.99913	0.55400	PITUI	PITUI	0.99913
GSM2405560	0	Frozen	GBM, RTK II	GBM, RTK II	0.92632	0.62400	MCF GBM	MCF GBM	0.99783
GSM2405561	0	FFPE	GBM, MES	GBM, MES	0.88185	0.49400	MCF GBM	MCF GBM	0.99985
GSM2405567	0	FFPE	PITAD, ACTH	PITAD, ACTH	0.99999	0.56600	PITAD, ACTH	PITAD, ACTH	0.99999
GSM2405576	0	FFPE	ANA PA	ANA PA	0.99972	0.30200	ANA PA	ANA PA	0.99972
GSM2405581	0	FFPE	GBM, G34	GBM, G34	0.99998	0.66400	GBM, G34	GBM, G34	0.99998
GSM2405586	0	FFPE	PITAD, FSH LH	PITAD, FSH LH	0.99973	0.69400	PITAD, FSH LH	PITAD, FSH LH	0.99973
GSM2405595	0	FFPE	PIN T, PB B	PIN T, PB B	0.99887	0.58400	PIN T, PB B	PIN T, PB B	0.99887
GSM2405598	0	FFPE	PIN T, PB B	PIN T, PB B	0.99472	0.52600	PIN T, PB B	PIN T, PB B	0.99472
GSM2405602	0	FFPE	LGG, DIG/DIA	LGG, DIG/DIA	0.99719	0.28200	LGG, DIG/DIA	LGG, DIG/DIA	0.99719
GSM2405604	0	FFPE	CONTR, HEMI	CONTR, PONS	0.24240	0.13600	CONTR, HEMI	CONTR, PONS	0.24240
GSM2405609	0	FFPE	CONTR, HYPTHAL	CONTR, HYPTHAL	0.99998	0.54000	CONTR, HYPTHAL	CONTR, HYPTHAL	0.99998
GSM2405613	0	FFPE	CONTR, HYPTHAL	CONTR, HYPTHAL	0.99996	0.56600	CONTR, HYPTHAL	CONTR, HYPTHAL	0.99996
GSM2405615	0	FFPE	CHGL	CHGL	0.99983	0.52000	CHGL	CHGL	0.99983
GSM2405622	0	FFPE	PITAD, TSH	PITAD, TSH	0.99999	0.33400	PITAD, TSH	PITAD, TSH	0.99999
GSM2405626	0	FFPE	PITAD, TSH	PITAD, TSH	0.99995	0.29400	PITAD, TSH	PITAD, TSH	0.99995
GSM2405630	0	Frozen	IHG	IHG	0.99387	0.21800	IHG	IHG	0.99387
GSM2405634	0	FFPE	HGNET, MN1	HGNET, MN1	0.99567	0.26600	HGNET, MN1	HGNET, MN1	0.99567
GSM2405640	0	FFPE	ETMR	ETMR	0.99986	0.86800	ETMR	ETMR	0.99986
GSM2405644	0	FFPE	ENB, A	ENB, A	0.99982	0.63400	MCF ENB	MCF ENB	0.99998
GSM2405648	0	FFPE	ENB, A	ENB, A	0.88324	0.32400	MCF ENB	MCF ENB	0.98058
GSM2402857	1	Frozen	DMG, K27	DMG, K27	0.99882	0.60200	DMG, K27	DMG, K27	0.99882
GSM2402859	1	Frozen	GBM, G34	GBM, G34	0.99913	0.47800	GBM, G34	GBM, G34	0.99913
GSM2402869	1	Frozen	CONTR, CEBM	CONTR, CEBM	1.00000	0.50400	CONTR, CEBM	CONTR, CEBM	1.00000
GSM2402875	1	Frozen	DMG, K27	DMG, K27	0.97755	0.42200	DMG, K27	DMG, K27	0.97755
GSM2402881	1	Frozen	DMG, K27	DMG, K27	0.99938	0.64200	DMG, K27	DMG, K27	0.99938
GSM2402894	1	Frozen	LGG, PA PF	LGG, PA PF	0.99900	0.84400	MCF PA	MCF PA	0.99909
GSM2402897	1	Frozen	LGG, PA MID	LGG, PA MID	0.99996	0.61800	MCF PA	MCF PA	0.99998
GSM2402900	1	Frozen	LGG, PA PF	LGG, PA PF	0.99949	0.92000	MCF PA	MCF PA	0.99951
GSM2402905	1	Frozen	LGG, PA MID	LGG, PA MID	0.98883	0.42000	MCF PA	MCF PA	0.99894
GSM2402907	1	Frozen	LGG, PA PF	LGG, PA PF	0.99940	0.90000	MCF PA	MCF PA	0.99943
GSM2402909	1	Frozen	LGG, PA PF	LGG, PA PF	0.99512	0.72200	MCF PA	MCF PA	0.99666
GSM2402911	1	Frozen	MB, WNT	MB, WNT	0.99987	0.88000	MB, WNT	MB, WNT	0.99987
GSM2402918	1	Frozen	ATRT, TYR	ATRT, TYR	0.99997	0.81200	MCF ATRT	MCF ATRT	0.99997
GSM2402920	1	Frozen	ATRT, TYR	ATRT, TYR	0.99997	0.83400	MCF ATRT	MCF ATRT	0.99997
GSM2402930	1	Frozen	LGG, PA MID	LGG, PA MID	0.99998	0.67200	MCF PA	MCF PA	0.99999
GSM2402934	1	Frozen	MB, WNT	MB, WNT	0.99951	0.80200	MB, WNT	MB, WNT	0.99951
GSM2402953	1	Frozen	ATRT, TYR	ATRT, TYR	0.99984	0.72400	MCF ATRT	MCF ATRT	0.99987
GSM2402957	1	Frozen	ATRT, SHH	ATRT, SHH	0.99401	0.48000	MCF ATRT	MCF ATRT	0.99694
GSM2402967	1	Frozen	LGG, PA PF	LGG, PA PF	0.97512	0.65000	MCF PA	MCF PA	0.99312
GSM2402977	1	Frozen	ATRT, SHH	ATRT, SHH	0.99987	0.69800	MCF ATRT	MCF ATRT	0.99996
GSM2402978	1	Frozen	PIN T, PB A	PIN T, PB A	0.99138	0.41800	PIN T, PB A	PIN T, PB A	0.99138
GSM2402992	1	Frozen	EPN, YAP	EPN, YAP	1.00000	0.54000	EPN, YAP	EPN, YAP	1.00000
GSM2402995	1	Frozen	EPN, PF A	EPN, PF A	0.99902	0.86200	EPN, PF A	EPN, PF A	0.99902
GSM2403009	1	Frozen	MB, WNT	MB, WNT	0.97465	0.55400	MB, WNT	MB, WNT	0.97465
GSM2403012	1	Frozen	MB, G4	MB, G4	0.91933	0.53800	MCF MB G3G4	MCF MB G3G4	0.95707
GSM2403014	1	Frozen	MB, SHH CHL AD	MB, SHH CHL AD	0.99993	0.91400	MCF MB SHH	MCF MB SHH	0.99993
GSM2403016	1	Frozen	MB, SHH CHL AD	MB, SHH CHL AD	0.99995	0.93800	MCF MB SHH	MCF MB SHH	0.99995
GSM2403018	1	Frozen	MB, G4	MB, G4	0.99954	0.94400	MCF MB G3G4	MCF MB G3G4	0.99955
GSM2403021	1	Frozen	MB, SHH CHL AD	MB, SHH CHL AD	0.99994	0.93000	MCF MB SHH	MCF MB SHH	0.99994
GSM2403024	1	Frozen	MB, G4	MB, G4	0.99949	0.94000	MCF MB G3G4	MCF MB G3G4	0.99951
GSM2403028	1	Frozen	ETMR	ETMR	0.99899	0.72800	ETMR	ETMR	0.99899
GSM2403029	1	FFPE	LGG, PA PF	LGG, PA PF	0.98291	0.59800	MCF PA	MCF PA	0.98440
GSM2403047	1	Frozen	CNS NB, FOXR2	CNS NB, FOXR2	0.99120	0.63800	CNS NB, FOXR2	CNS NB, FOXR2	0.99120
GSM2403048	1	Frozen	ETMR	ETMR	0.99957	0.78600	ETMR	ETMR	0.99957
GSM2403052	1	Frozen	MB, G4	MB, G4	0.99965	0.97000	MCF MB G3G4	MCF MB G3G4	0.99966
GSM2403056	1	Frozen	MB, G4	MB, G4	0.99969	0.98000	MCF MB G3G4	MCF MB G3G4	0.99970
GSM2403065	1	Frozen	ETMR	ETMR	0.99995	0.93200	ETMR	ETMR	0.99995
GSM2403072	1	Frozen	ATRT, SHH	ATRT, SHH	0.99993	0.70600	MCF ATRT	MCF ATRT	0.99997
GSM2403073	1	Frozen	ATRT, SHH	ATRT, SHH	0.99845	0.56400	MCF ATRT	MCF ATRT	0.99939
GSM2403094	1	Frozen	GBM, MES	GBM, MES	0.91961	0.57400	MCF GBM	MCF GBM	0.99998
GSM2403095	1	Frozen	GBM, RTK II	GBM, RTK II	0.91696	0.63600	MCF GBM	MCF GBM	0.99907
GSM2403104	1	Frozen	GBM, RTK II	GBM, RTK II	0.98241	0.78000	MCF GBM	MCF GBM	0.99943
GSM2403113	1	Frozen	GBM, G34	GBM, G34	0.99818	0.47400	GBM, G34	GBM, G34	0.99818
GSM2403116	1	Frozen	GBM, G34	GBM, G34	0.99926	0.53000	GBM, G34	GBM, G34	0.99926
GSM2403117	1	Frozen	DMG, K27	DMG, K27	0.99995	0.76000	DMG, K27	DMG, K27	0.99995
GSM2403118	1	Frozen	GBM, G34	GBM, G34	0.99121	0.39600	GBM, G34	GBM, G34	0.99121
GSM2403121	1	FFPE	GBM, RTK II	GBM, RTK II	0.93038	0.56000	MCF GBM	MCF GBM	0.99437
GSM2403128	1	FFPE	EPN, PF B	EPN, PF B	0.99826	0.55600	EPN, PF B	EPN, PF B	0.99826
GSM2403133	1	Frozen	MB, G4	MB, G4	0.99962	0.96000	MCF MB G3G4	MCF MB G3G4	0.99964
GSM2403140	1	Frozen	LGG, PA PF	LGG, PA PF	0.99752	0.77000	MCF PA	MCF PA	0.99810
GSM2403141	1	Frozen	LGG, PA PF	LGG, PA PF	0.99851	0.82800	MCF PA	MCF PA	0.99859
GSM2403142	1	Frozen	LGG, PA PF	LGG, PA PF	0.99958	0.94000	MCF PA	MCF PA	0.99959
GSM2403144	1	Frozen	MB, G4	MB, G4	0.99926	0.89800	MCF MB G3G4	MCF MB G3G4	0.99930
GSM2403145	1	Frozen	MB, G4	MB, G4	0.99951	0.93800	MCF MB G3G4	MCF MB G3G4	0.99953
GSM2403147	1	Frozen	MB, WNT	MB, WNT	0.99993	0.92000	MB, WNT	MB, WNT	0.99993
GSM2403150	1	Frozen	LGG, PA PF	LGG, PA PF	0.99926	0.87000	MCF PA	MCF PA	0.99931
GSM2403152	1	Frozen	LGG, PA PF	LGG, PA PF	0.99214	0.72200	MCF PA	MCF PA	0.99729
GSM2403159	1	Frozen	LGG, PA PF	LGG, PA PF	0.99919	0.89400	MCF PA	MCF PA	0.99922
GSM2403160	1	Frozen	LGG, PA PF	LGG, PA PF	0.99184	0.79600	MCF PA	MCF PA	0.99200
GSM2403161	1	Frozen	LGG, PA PF	LGG, PA PF	0.99918	0.88000	MCF PA	MCF PA	0.99922
GSM2403169	1	Frozen	LGG, PA PF	LGG, PA PF	0.98423	0.61600	MCF PA	MCF PA	0.99336
GSM2403172	1	Frozen	LGG, PA PF	LGG, PA PF	0.99946	0.92400	MCF PA	MCF PA	0.99948
GSM2403182	1	Frozen	EPN, RELA	EPN, RELA	0.99491	0.43800	EPN, RELA	EPN, RELA	0.99491
GSM2403184	1	Frozen	EPN, RELA	EPN, RELA	0.99953	0.55800	EPN, RELA	EPN, RELA	0.99953
GSM2403189	1	Frozen	HGNET, BCOR	HGNET, BCOR	0.98896	0.37800	HGNET, BCOR	HGNET, BCOR	0.98896
GSM2403197	1	Frozen	EPN, RELA	EPN, RELA	0.99999	0.73200	EPN, RELA	EPN, RELA	0.99999
GSM2403204	1	Frozen	EPN, RELA	EPN, RELA	1.00000	0.78200	EPN, RELA	EPN, RELA	1.00000
GSM2403207	1	Frozen	SUBEPN, ST	SUBEPN, ST	0.99978	0.60400	SUBEPN, ST	SUBEPN, ST	0.99978
GSM2403214	1	Frozen	EPN, RELA	EPN, RELA	0.99996	0.67800	EPN, RELA	EPN, RELA	0.99996
GSM2403217	1	Frozen	LGG, PA PF	LGG, PA PF	0.98627	0.66400	MCF PA	MCF PA	0.98671
GSM2403219	1	Frozen	LGG, PA MID	LGG, PA MID	0.99988	0.56200	MCF PA	MCF PA	0.99996
GSM2403234	1	Frozen	CONTR, CEBM	CONTR, CEBM	1.00000	0.53800	CONTR, CEBM	CONTR, CEBM	1.00000
GSM2403250	1	FFPE	MB, G4	MB, G4	0.99517	0.75600	MCF MB G3G4	MCF MB G3G4	0.99731
GSM2403258	1	FFPE	MB, SHH INF	MB, SHH INF	0.99997	0.87600	MCF MB SHH	MCF MB SHH	0.99997
GSM2403261	1	FFPE	MB, SHH INF	MB, SHH CHL AD	0.67294	0.49200	MCF MB SHH	MCF MB SHH	0.98036
GSM2403262	1	FFPE	MB, G4	MB, G4	0.97844	0.65800	MCF MB G3G4	MCF MB G3G4	0.99208
GSM2403263	1	FFPE	MB, G3	MB, G3	0.99992	0.81800	MCF MB G3G4	MCF MB G3G4	0.99995
GSM2403270	1	FFPE	MB, G3	MB, G3	0.99879	0.62200	MCF MB G3G4	MCF MB G3G4	0.99895
GSM2403275	1	FFPE	MB, G3	MB, G3	0.99999	0.93200	MCF MB G3G4	MCF MB G3G4	0.99999
GSM2403277	1	FFPE	MB, G4	MB, G4	0.99906	0.88600	MCF MB G3G4	MCF MB G3G4	0.99912
GSM2403282	1	FFPE	MB, G3	MB, G3	0.99653	0.62200	MCF MB G3G4	MCF MB G3G4	0.99876
GSM2403284	1	FFPE	MB, G4	MB, G4	0.99410	0.74000	MCF MB G3G4	MCF MB G3G4	0.99664
GSM2403286	1	FFPE	MB, G4	MB, G4	0.99970	0.98000	MCF MB G3G4	MCF MB G3G4	0.99970
GSM2403287	1	FFPE	MB, G3	MB, G3	0.99997	0.86800	MCF MB G3G4	MCF MB G3G4	0.99998
GSM2403289	1	FFPE	MB, G4	MB, G4	0.99733	0.79400	MCF MB G3G4	MCF MB G3G4	0.99775
GSM2403297	1	FFPE	MB, G4	MB, G4	0.99973	0.99000	MCF MB G3G4	MCF MB G3G4	0.99974
GSM2403298	1	FFPE	MB, G3	MB, G3	0.99990	0.80200	MCF MB G3G4	MCF MB G3G4	0.99993
GSM2403300	1	FFPE	MB, WNT	MB, WNT	0.79003	0.38600	MB, WNT	MB, WNT	0.79003
GSM2403304	1	FFPE	MB, G3	MB, G3	0.99995	0.84000	MCF MB G3G4	MCF MB G3G4	0.99996
GSM2403310	1	FFPE	MB, G4	MB, G4	0.99973	0.99000	MCF MB G3G4	MCF MB G3G4	0.99974
GSM2403319	1	FFPE	MB, WNT	MB, WNT	0.99994	0.92800	MB, WNT	MB, WNT	0.99994
GSM2403322	1	FFPE	MB, WNT	MB, WNT	0.99864	0.73600	MB, WNT	MB, WNT	0.99864
GSM2403324	1	FFPE	ETMR	ETMR	0.99044	0.56800	ETMR	ETMR	0.99044
GSM2403330	1	FFPE	MB, G3	MB, G3	0.99992	0.81800	MCF MB G3G4	MCF MB G3G4	0.99995
GSM2403341	1	FFPE	MB, SHH INF	MB, SHH INF	0.95375	0.50000	MCF MB SHH	MCF MB SHH	0.99316
GSM2403353	1	FFPE	MB, G4	MB, G4	0.99975	0.99400	MCF MB G3G4	MCF MB G3G4	0.99975
GSM2403358	1	FFPE	MB, SHH CHL AD	MB, SHH CHL AD	0.99997	0.97000	MCF MB SHH	MCF MB SHH	0.99997
GSM2403360	1	FFPE	MB, G4	MB, G4	0.99964	0.96600	MCF MB G3G4	MCF MB G3G4	0.99965
GSM2403364	1	FFPE	MB, G4	MB, G4	0.99968	0.97400	MCF MB G3G4	MCF MB G3G4	0.99969
GSM2403365	1	FFPE	MB, WNT	MB, WNT	0.98704	0.58200	MB, WNT	MB, WNT	0.98704
GSM2403367	1	FFPE	MB, G3	MB, G3	0.57592	0.38600	MCF MB G3G4	MCF MB G3G4	0.96498
GSM2403368	1	FFPE	MB, G3	MB, G3	0.99972	0.76600	MCF MB G3G4	MCF MB G3G4	0.99987
GSM2403377	1	FFPE	MB, G4	MB, G4	0.99961	0.95600	MCF MB G3G4	MCF MB G3G4	0.99962
GSM2403397	1	FFPE	MB, G4	MB, G4	0.99957	0.95400	MCF MB G3G4	MCF MB G3G4	0.99958
GSM2403401	1	FFPE	MB, G3	MB, G3	0.99808	0.61000	MCF MB G3G4	MCF MB G3G4	0.99890
GSM2403407	1	Frozen	MB, SHH CHL AD	MB, SHH CHL AD	0.99782	0.67200	MCF MB SHH	MCF MB SHH	0.99823
GSM2403408	1	Frozen	MB, G3	MB, G3	0.99781	0.58600	MCF MB G3G4	MCF MB G3G4	0.99837
GSM2403415	1	Frozen	MB, SHH CHL AD	MB, SHH CHL AD	0.99864	0.71200	MCF MB SHH	MCF MB SHH	0.99874
GSM2403417	1	Frozen	MB, G4	MB, G4	0.99963	0.96000	MCF MB G3G4	MCF MB G3G4	0.99964
GSM2403419	1	Frozen	MB, SHH CHL AD	MB, SHH CHL AD	0.99994	0.93000	MCF MB SHH	MCF MB SHH	0.99994
GSM2403423	1	Frozen	LGG, PA MID	LGG, PA MID	0.99999	0.69200	MCF PA	MCF PA	1.00000
GSM2403424	1	Frozen	ETMR	ETMR	0.99986	0.86600	ETMR	ETMR	0.99986
GSM2403425	1	Frozen	GBM, G34	GBM, G34	0.99996	0.66200	GBM, G34	GBM, G34	0.99996
GSM2403433	1	Frozen	MB, G3	MB, G3	0.99944	0.68000	MCF MB G3G4	MCF MB G3G4	0.99957
GSM2403448	1	Frozen	LGG, PA MID	LGG, PA MID	0.99997	0.61400	MCF PA	MCF PA	0.99999
GSM2403455	1	Frozen	CONTR, REACT	CONTR, REACT	0.60195	0.26800	CONTR, REACT	CONTR, REACT	0.60195
GSM2403462	1	Frozen	EFT, CIC	EFT, CIC	0.99826	0.19200	EFT, CIC	EFT, CIC	0.99826
GSM2403463	1	Frozen	ATRT, MYC	ATRT, MYC	0.99990	0.56400	MCF ATRT	MCF ATRT	0.99997
GSM2403464	1	Frozen	MB, SHH CHL AD	MB, SHH CHL AD	0.99210	0.55400	MCF MB SHH	MCF MB SHH	0.99244
GSM2403467	1	Frozen	ETMR	ETMR	0.99979	0.83600	ETMR	ETMR	0.99979
GSM2403470	1	Frozen	MB, G3	MB, G3	0.99421	0.54800	MCF MB G3G4	MCF MB G3G4	0.99646
GSM2403472	1	Frozen	GBM, RTK II	GBM, MES	0.92957	0.58400	MCF GBM	MCF GBM	1.00000
GSM2403473	1	Frozen	GBM, RTK I	GBM, RTK I	0.99467	0.51000	MCF GBM	MCF GBM	0.99989
GSM2403477	1	Frozen	GBM, RTK II	GBM, RTK II	0.97850	0.74000	MCF GBM	MCF GBM	0.99933
GSM2403483	1	Frozen	GBM, RTK I	GBM, RTK I	0.99980	0.65000	MCF GBM	MCF GBM	0.99999
GSM2403491	1	Frozen	LGG, PA PF	LGG, PA PF	0.99784	0.80000	MCF PA	MCF PA	0.99854
GSM2403504	1	FFPE	SCHW	SCHW	0.99338	0.29600	SCHW	SCHW	0.99338
GSM2403506	1	FFPE	LGG, SEGA	LGG, SEGA	0.99981	0.52400	LGG, SEGA	LGG, SEGA	0.99981
GSM2403515	1	FFPE	CNS NB, FOXR2	CNS NB, FOXR2	0.98847	0.61600	CNS NB, FOXR2	CNS NB, FOXR2	0.98847
GSM2403518	1	FFPE	CNS NB, FOXR2	CNS NB, FOXR2	0.99954	0.84000	CNS NB, FOXR2	CNS NB, FOXR2	0.99954
GSM2403522	1	FFPE	ETMR	ETMR	0.99974	0.81800	ETMR	ETMR	0.99974
GSM2403526	1	FFPE	CNS NB, FOXR2	CNS NB, FOXR2	0.99933	0.81400	CNS NB, FOXR2	CNS NB, FOXR2	0.99933
GSM2403533	1	Frozen	CONTR, HEMI	CONTR, HEMI	0.99990	0.80800	CONTR, HEMI	CONTR, HEMI	0.99990
GSM2403534	1	Frozen	CONTR, HEMI	CONTR, HEMI	0.99987	0.78800	CONTR, HEMI	CONTR, HEMI	0.99987
GSM2403537	1	Frozen	MNG	MNG	0.99973	0.93600	MNG	MNG	0.99973
GSM2403544	1	Frozen	MNG	MNG	0.99930	0.86200	MNG	MNG	0.99930
GSM2403545	1	Frozen	MNG	MNG	0.99956	0.89400	MNG	MNG	0.99956
GSM2403546	1	Frozen	MNG	MNG	0.99949	0.86800	MNG	MNG	0.99949
GSM2403548	1	Frozen	MNG	MNG	0.99937	0.85600	MNG	MNG	0.99937
GSM2403551	1	Frozen	MNG	MNG	0.99883	0.80800	MNG	MNG	0.99883
GSM2403559	1	Frozen	MNG	MNG	0.99946	0.87800	MNG	MNG	0.99946
GSM2403562	1	Frozen	MNG	MNG	0.99974	0.92400	MNG	MNG	0.99974
GSM2403566	1	Frozen	MNG	MNG	0.99958	0.91400	MNG	MNG	0.99958
GSM2403574	1	FFPE	O IDH	O IDH	0.99999	0.85400	MCF IDH GLM	MCF IDH GLM	0.99999
GSM2403579	1	FFPE	LGG, MYB	LGG, MYB	0.99993	0.64800	LGG, MYB	LGG, MYB	0.99993
GSM2403591	1	FFPE	A IDH	A IDH	0.99023	0.64800	MCF IDH GLM	MCF IDH GLM	0.99969
GSM2403596	1	Frozen	MNG	MNG	0.99957	0.91200	MNG	MNG	0.99957
GSM2403602	1	Frozen	MB, SHH CHL AD	MB, SHH CHL AD	0.99877	0.71000	MCF MB SHH	MCF MB SHH	0.99895
GSM2403609	1	FFPE	A IDH	A IDH	0.99396	0.61200	MCF IDH GLM	MCF IDH GLM	0.99889
GSM2403610	1	FFPE	LGG, PA/GG ST	LGG, PA/GG ST	0.96384	0.26800	MCF PA	MCF PA	0.97249
GSM2403613	1	FFPE	CONTR, REACT	CONTR, REACT	0.99058	0.49800	CONTR, REACT	CONTR, REACT	0.99058
GSM2403616	1	FFPE	O IDH	O IDH	0.99992	0.75200	MCF IDH GLM	MCF IDH GLM	0.99994
GSM2403622	1	FFPE	MB, SHH CHL AD	MB, SHH CHL AD	0.99903	0.71800	MCF MB SHH	MCF MB SHH	0.99914
GSM2403624	1	FFPE	SUBEPN, ST	SUBEPN, ST	0.99938	0.55000	SUBEPN, ST	SUBEPN, ST	0.99938
GSM2403629	1	FFPE	CN	CN	0.99999	0.73600	CN	CN	0.99999
GSM2403640	1	FFPE	SUBEPN, ST	SUBEPN, ST	0.99968	0.58000	SUBEPN, ST	SUBEPN, ST	0.99968
GSM2403656	1	FFPE	PXA	PXA	1.00000	0.71800	PXA	PXA	1.00000
GSM2403659	1	FFPE	ANA PA	ANA PA	0.99784	0.24400	ANA PA	ANA PA	0.99784
GSM2403667	1	FFPE	ETMR	ETMR	0.99985	0.85800	ETMR	ETMR	0.99985
GSM2403675	1	Frozen	GBM, MES	GBM, MES	0.90359	0.41000	MCF GBM	MCF GBM	0.99967
GSM2403679	1	Frozen	GBM, RTK II	GBM, RTK II	0.93520	0.62400	MCF GBM	MCF GBM	0.99933
GSM2403682	1	Frozen	GBM, RTK II	GBM, RTK II	0.93560	0.45200	MCF GBM	MCF GBM	0.99942
GSM2403683	1	Frozen	GBM, RTK II	GBM, RTK II	0.89499	0.77000	MCF GBM	MCF GBM	0.99976
GSM2403684	1	Frozen	GBM, MES	GBM, MES	0.82282	0.45600	MCF GBM	MCF GBM	0.99993
GSM2403685	1	Frozen	GBM, RTK II	GBM, RTK II	0.87939	0.62600	MCF GBM	MCF GBM	0.99962
GSM2403689	1	Frozen	GBM, RTK II	GBM, RTK II	0.95302	0.80000	MCF GBM	MCF GBM	0.99963
GSM2403692	1	Frozen	MB, SHH INF	MB, SHH INF	0.99869	0.63600	MCF MB SHH	MCF MB SHH	0.99894
GSM2403698	1	Frozen	MB, SHH INF	MB, SHH INF	0.97987	0.51000	MCF MB SHH	MCF MB SHH	0.99111
GSM2403700	1	Frozen	MB, SHH INF	MB, SHH INF	0.99995	0.84200	MCF MB SHH	MCF MB SHH	0.99996
GSM2403703	1	FFPE	LGG, PA/GG ST	LGG, PA/GG ST	0.91888	0.45800	MCF PA	MCF PA	0.91900
GSM2403706	1	FFPE	LYMPHO	LYMPHO	1.00000	0.66000	LYMPHO	LYMPHO	1.00000
GSM2403708	1	FFPE	LGG, PA/GG ST	LGG, PA/GG ST	0.97680	0.40400	MCF PA	MCF PA	0.97867
GSM2403712	1	FFPE	CPH, ADM	CPH, ADM	0.99998	0.93800	CPH, ADM	CPH, ADM	0.99998
GSM2403715	1	FFPE	CPH, PAP	CPH, PAP	0.99993	0.69400	CPH, PAP	CPH, PAP	0.99993
GSM2403717	1	FFPE	CONTR, REACT	CONTR, REACT	0.98884	0.50200	CONTR, REACT	CONTR, REACT	0.98884
GSM2403723	1	FFPE	ENB, A	ENB, A	0.98279	0.46600	MCF ENB	MCF ENB	0.99958
GSM2403726	1	FFPE	A IDH	A IDH	0.99711	0.66800	MCF IDH GLM	MCF IDH GLM	0.99951
GSM2403728	1	FFPE	A IDH	A IDH	0.86596	0.38600	MCF IDH GLM	MCF IDH GLM	0.95326
GSM2403731	1	FFPE	CONTR, PINEAL	CONTR, PINEAL	0.99579	0.52000	CONTR, PINEAL	CONTR, PINEAL	0.99579
GSM2403735	1	FFPE	A IDH, HG	A IDH, HG	0.99956	0.59200	MCF IDH GLM	MCF IDH GLM	0.99982
GSM2403739	1	FFPE	PGG, nC	PGG, nC	0.99990	0.68600	PGG, nC	PGG, nC	0.99990
GSM2403744	1	FFPE	PIN T, PPT	PIN T, PPT	0.99890	0.53200	PIN T, PPT	PIN T, PPT	0.99890
GSM2403746	1	FFPE	PIN T, PPT	PIN T, PPT	1.00000	0.82400	PIN T, PPT	PIN T, PPT	1.00000
GSM2403758	1	FFPE	LGG, RGNT	LGG, RGNT	1.00000	0.42400	LGG, RGNT	LGG, RGNT	1.00000
GSM2403762	1	Frozen	DMG, K27	DMG, K27	0.99990	0.75600	DMG, K27	DMG, K27	0.99990
GSM2403773	1	FFPE	CN	CN	0.99997	0.68400	CN	CN	0.99997
GSM2403782	1	FFPE	EPN, PF A	EPN, PF A	0.99926	0.88200	EPN, PF A	EPN, PF A	0.99926
GSM2403788	1	FFPE	CPH, PAP	CPH, PAP	0.99999	0.73400	CPH, PAP	CPH, PAP	0.99999
GSM2403792	1	FFPE	EPN, RELA	EPN, RELA	0.99988	0.61800	EPN, RELA	EPN, RELA	0.99988
GSM2403796	1	FFPE	EPN, RELA	EPN, RELA	0.99981	0.60000	EPN, RELA	EPN, RELA	0.99981
GSM2403801	1	FFPE	EPN, RELA	EPN, RELA	0.99990	0.63200	EPN, RELA	EPN, RELA	0.99990
GSM2403812	1	FFPE	EPN, RELA	EPN, RELA	0.99946	0.55000	EPN, RELA	EPN, RELA	0.99946
GSM2403816	1	FFPE	EPN, PF A	EPN, PF A	0.99950	0.90800	EPN, PF A	EPN, PF A	0.99950
GSM2403818	1	FFPE	EPN, PF A	EPN, PF A	0.99795	0.78600	EPN, PF A	EPN, PF A	0.99795
GSM2403819	1	FFPE	EPN, PF A	EPN, PF A	0.98695	0.62400	EPN, PF A	EPN, PF A	0.98695
GSM2403820	1	FFPE	EPN, PF A	EPN, PF A	0.99612	0.74200	EPN, PF A	EPN, PF A	0.99612
GSM2403829	1	Frozen	MB, SHH CHL AD	MB, SHH CHL AD	0.99994	0.92800	MCF MB SHH	MCF MB SHH	0.99994
GSM2403830	1	Frozen	MB, SHH CHL AD	MB, SHH CHL AD	0.99954	0.77600	MCF MB SHH	MCF MB SHH	0.99956
GSM2403833	1	Frozen	HGNET, BCOR	HGNET, BCOR	0.99332	0.40600	HGNET, BCOR	HGNET, BCOR	0.99332
GSM2403836	1	Frozen	MB, SHH CHL AD	MB, SHH CHL AD	0.99995	0.95000	MCF MB SHH	MCF MB SHH	0.99996
GSM2403838	1	Frozen	MB, SHH INF	MB, SHH INF	0.97566	0.52200	MCF MB SHH	MCF MB SHH	0.99535
GSM2403841	1	FFPE	A IDH, HG	A IDH, HG	0.81428	0.37200	MCF IDH GLM	MCF IDH GLM	0.99756
GSM2403843	1	FFPE	EPN, PF A	EPN, PF A	0.99793	0.78600	EPN, PF A	EPN, PF A	0.99793
GSM2403844	1	FFPE	LIPN	LIPN	0.99995	0.61400	LIPN	LIPN	0.99995
GSM2403845	1	FFPE	MB, G4	MB, G4	0.99970	0.98200	MCF MB G3G4	MCF MB G3G4	0.99971
GSM2403851	1	FFPE	PITUI	PITUI	0.99942	0.57400	PITUI	PITUI	0.99942
GSM2403853	1	FFPE	EPN, RELA	EPN, RELA	1.00000	0.80200	EPN, RELA	EPN, RELA	1.00000
GSM2403856	1	FFPE	EPN, RELA	EPN, RELA	0.99997	0.70000	EPN, RELA	EPN, RELA	0.99997
GSM2403863	1	FFPE	EPN, YAP	EPN, YAP	1.00000	0.54400	EPN, YAP	EPN, YAP	1.00000
GSM2403878	1	FFPE	EPN, PF A	EPN, PF A	0.99910	0.85400	EPN, PF A	EPN, PF A	0.99910
GSM2403879	1	FFPE	EPN, PF A	EPN, PF A	0.99693	0.76200	EPN, PF A	EPN, PF A	0.99693
GSM2403883	1	FFPE	EPN, PF A	EPN, PF A	0.99890	0.84400	EPN, PF A	EPN, PF A	0.99890
GSM2403891	1	Frozen	MB, SHH INF	MB, SHH INF	0.92404	0.48200	MCF MB SHH	MCF MB SHH	0.92896
GSM2403892	1	Frozen	MB, SHH CHL AD	MB, SHH CHL AD	0.99773	0.71200	MCF MB SHH	MCF MB SHH	0.99877
GSM2403894	1	Frozen	CNS NB, FOXR2	CNS NB, FOXR2	0.99350	0.65600	CNS NB, FOXR2	CNS NB, FOXR2	0.99350
GSM2403901	1	FFPE	SCHW	SCHW	1.00000	0.55400	SCHW	SCHW	1.00000
GSM2403903	1	FFPE	CPH, PAP	CPH, PAP	1.00000	0.80600	CPH, PAP	CPH, PAP	1.00000
GSM2403905	1	FFPE	HMB	HMB	1.00000	0.73800	HMB	HMB	1.00000
GSM2403911	1	FFPE	HMB	HMB	0.97614	0.31600	HMB	HMB	0.97614
GSM2403914	1	FFPE	HMB	HMB	0.99969	0.49400	HMB	HMB	0.99969
GSM2403916	1	FFPE	CPH, PAP	CPH, PAP	0.99988	0.61200	CPH, PAP	CPH, PAP	0.99988
GSM2403919	1	Frozen	MB, SHH CHL AD	MB, SHH CHL AD	0.99518	0.65200	MCF MB SHH	MCF MB SHH	0.99753
GSM2403920	1	FFPE	PTPR, B	PTPR, B	1.00000	0.81400	PTPR, B	PTPR, B	1.00000
GSM2403923	1	FFPE	PTPR, B	PTPR, B	0.99782	0.48200	PTPR, B	PTPR, B	0.99782
GSM2403929	1	FFPE	PTPR, A	PTPR, A	0.94581	0.28000	PTPR, A	PTPR, A	0.94581
GSM2403949	1	FFPE	HMB	HMB	1.00000	0.69200	HMB	HMB	1.00000
GSM2403952	1	FFPE	O IDH	O IDH	0.99974	0.69000	MCF IDH GLM	MCF IDH GLM	0.99981
GSM2403955	1	FFPE	SCHW	SCHW	1.00000	0.72000	SCHW	SCHW	1.00000
GSM2403971	1	Frozen	EPN, PF B	EPN, PF B	0.99882	0.59400	EPN, PF B	EPN, PF B	0.99882
GSM2403973	1	Frozen	EPN, PF B	EPN, PF B	0.99954	0.59600	EPN, PF B	EPN, PF B	0.99954
GSM2403981	1	Frozen	EPN, RELA	EPN, RELA	0.99971	0.57400	EPN, RELA	EPN, RELA	0.99971
GSM2403989	1	FFPE	PGG, nC	PGG, nC	0.99997	0.75200	PGG, nC	PGG, nC	0.99997
GSM2403993	1	FFPE	PGG, nC	PGG, nC	0.99993	0.70400	PGG, nC	PGG, nC	0.99993
GSM2403996	1	FFPE	EPN, MPE	EPN, MPE	0.99995	0.68800	EPN, MPE	EPN, MPE	0.99995
GSM2404001	1	FFPE	CPH, ADM	CPH, ADM	0.99972	0.77200	CPH, ADM	CPH, ADM	0.99972
GSM2404004	1	FFPE	EPN, MPE	EPN, MPE	0.99982	0.63200	EPN, MPE	EPN, MPE	0.99982
GSM2404015	1	FFPE	PLEX, AD	PLEX, AD	0.99943	0.45200	MCF PLEX T	MCF PLEX T	0.99964
GSM2404020	1	FFPE	HGNET, MN1	HGNET, MN1	0.99983	0.35000	HGNET, MN1	HGNET, MN1	0.99983
GSM2404026	1	FFPE	GBM, MYCN	GBM, MYCN	0.95155	0.12200	MCF GBM	MCF GBM	0.99125
GSM2404027	1	FFPE	PXA	PXA	0.92164	0.22600	PXA	PXA	0.92164
GSM2404033	1	FFPE	LGG, DNT	LGG, DNT	0.99953	0.66000	LGG, DNT	LGG, DNT	0.99953
GSM2404041	1	FFPE	DMG, K27	DMG, K27	0.94284	0.42000	DMG, K27	DMG, K27	0.94284
GSM2404052	1	FFPE	EPN, RELA	EPN, RELA	0.99993	0.64800	EPN, RELA	EPN, RELA	0.99993
GSM2404057	1	FFPE	SUBEPN, PF	SUBEPN, PF	1.00000	0.78600	SUBEPN, PF	SUBEPN, PF	1.00000
GSM2404059	1	FFPE	O IDH	O IDH	0.99993	0.75800	MCF IDH GLM	MCF IDH GLM	0.99994
GSM2404063	1	FFPE	EPN, PF A	EPN, PF A	0.98791	0.64000	EPN, PF A	EPN, PF A	0.98791
GSM2404066	1	Frozen	MB, SHH INF	MB, SHH INF	0.99904	0.66000	MCF MB SHH	MCF MB SHH	0.99930
GSM2404067	1	Frozen	GBM, MID	GBM, MID	0.99881	0.29000	MCF GBM	MCF GBM	0.99991
GSM2404072	1	FFPE	EPN, PF A	EPN, PF A	0.99889	0.84800	EPN, PF A	EPN, PF A	0.99889
GSM2404078	1	FFPE	MNG	MNG	0.94687	0.44200	MNG	MNG	0.94687
GSM2404086	1	FFPE	MNG	MNG	0.99894	0.79800	MNG	MNG	0.99894
GSM2404087	1	FFPE	MNG	MNG	0.99235	0.64600	MNG	MNG	0.99235
GSM2404091	1	FFPE	MNG	MNG	0.99935	0.86000	MNG	MNG	0.99935
GSM2404106	1	FFPE	A IDH	A IDH	0.99538	0.65000	MCF IDH GLM	MCF IDH GLM	0.99949
GSM2404108	1	FFPE	O IDH	O IDH	0.99999	0.84800	MCF IDH GLM	MCF IDH GLM	0.99999
GSM2404117	1	FFPE	A IDH, HG	A IDH	0.80378	0.44400	MCF IDH GLM	MCF IDH GLM	0.99487
GSM2404123	1	Frozen	ATRT, SHH	ATRT, SHH	0.93312	0.34000	MCF ATRT	MCF ATRT	0.94427
GSM2404128	1	Frozen	ATRT, MYC	ATRT, MYC	0.99981	0.56600	MCF ATRT	MCF ATRT	0.99997
GSM2404136	1	FFPE	SUBEPN, PF	SUBEPN, PF	1.00000	0.86400	SUBEPN, PF	SUBEPN, PF	1.00000
GSM2404145	1	FFPE	CHGL	CHGL	0.99999	0.50400	CHGL	CHGL	0.99999
GSM2404147	1	FFPE	SUBEPN, PF	SUBEPN, PF	1.00000	0.82200	SUBEPN, PF	SUBEPN, PF	1.00000
GSM2404150	1	FFPE	ATRT, TYR	ATRT, TYR	0.99997	0.83800	MCF ATRT	MCF ATRT	0.99997
GSM2404151	1	FFPE	ATRT, TYR	ATRT, TYR	0.99986	0.74000	MCF ATRT	MCF ATRT	0.99987
GSM2404152	1	FFPE	ATRT, SHH	ATRT, SHH	0.99986	0.66400	MCF ATRT	MCF ATRT	0.99993
GSM2404156	1	FFPE	ATRT, MYC	ATRT, MYC	1.00000	0.79400	MCF ATRT	MCF ATRT	1.00000
GSM2404157	1	FFPE	ATRT, SHH	ATRT, SHH	0.99999	0.82000	MCF ATRT	MCF ATRT	1.00000
GSM2404159	1	FFPE	ATRT, SHH	ATRT, SHH	0.99608	0.49000	MCF ATRT	MCF ATRT	0.99762
GSM2404163	1	FFPE	ATRT, TYR	ATRT, TYR	0.99995	0.79200	MCF ATRT	MCF ATRT	0.99996
GSM2404181	1	FFPE	EPN, PF A	EPN, PF A	0.99829	0.80400	EPN, PF A	EPN, PF A	0.99829
GSM2404185	1	FFPE	SUBEPN, PF	SUBEPN, PF	0.93584	0.33000	SUBEPN, PF	SUBEPN, PF	0.93584
GSM2404188	1	FFPE	SUBEPN, PF	SUBEPN, PF	1.00000	0.85000	SUBEPN, PF	SUBEPN, PF	1.00000
GSM2404190	1	FFPE	LGG, PA MID	LGG, PA MID	0.99996	0.60200	MCF PA	MCF PA	0.99999
GSM2404191	1	FFPE	PLEX, PED B	PLEX, PED B	0.99964	0.55600	MCF PLEX T	MCF PLEX T	0.99967
GSM2404197	1	FFPE	SUBEPN, ST	SUBEPN, ST	0.99978	0.58800	SUBEPN, ST	SUBEPN, ST	0.99978
GSM2404203	1	FFPE	PLEX, PED B	PLEX, PED B	0.99999	0.74400	MCF PLEX T	MCF PLEX T	0.99999
GSM2404208	1	FFPE	GBM, RTK I	GBM, RTK I	0.87386	0.27800	MCF GBM	MCF GBM	0.99348
GSM2404210	1	FFPE	A IDH	A IDH	0.99786	0.69200	MCF IDH GLM	MCF IDH GLM	0.99971
GSM2404234	1	FFPE	O IDH	O IDH	0.99810	0.53000	MCF IDH GLM	MCF IDH GLM	0.99933
GSM2404248	1	FFPE	MELCYT	MELCYT	1.00000	0.71600	MELCYT	MELCYT	1.00000
GSM2404250	1	FFPE	MELAN	MELAN	0.99950	0.31600	MELAN	MELAN	0.99950
GSM2404259	1	FFPE	SUBEPN, PF	SUBEPN, PF	0.99996	0.64400	SUBEPN, PF	SUBEPN, PF	0.99996
GSM2404263	1	FFPE	SCHW, MEL	SCHW, MEL	0.94222	0.24200	SCHW, MEL	SCHW, MEL	0.94222
GSM2404265	1	Frozen	CNS NB, FOXR2	CNS NB, FOXR2	0.99912	0.79800	CNS NB, FOXR2	CNS NB, FOXR2	0.99912
GSM2404267	1	Frozen	MB, SHH CHL AD	MB, SHH CHL AD	0.99989	0.88400	MCF MB SHH	MCF MB SHH	0.99990
GSM2404269	1	Frozen	MB, SHH INF	MB, SHH INF	0.98801	0.53600	MCF MB SHH	MCF MB SHH	0.99532
GSM2404272	1	FFPE	PGG, nC	PGG, nC	0.99992	0.70000	PGG, nC	PGG, nC	0.99992
GSM2404288	1	FFPE	EPN, SPINE	EPN, SPINE	0.99997	0.70600	EPN, SPINE	EPN, SPINE	0.99997
GSM2404291	1	FFPE	EPN, SPINE	EPN, SPINE	0.99995	0.68000	EPN, SPINE	EPN, SPINE	0.99995
GSM2404294	1	FFPE	EPN, SPINE	EPN, SPINE	0.99597	0.49000	EPN, SPINE	EPN, SPINE	0.99597
GSM2404306	1	FFPE	LGG, DIG/DIA	LGG, DIG/DIA	1.00000	0.44400	LGG, DIG/DIA	LGG, DIG/DIA	1.00000
GSM2404308	1	Frozen	EPN, PF A	EPN, PF A	0.99878	0.84200	EPN, PF A	EPN, PF A	0.99878
GSM2404317	1	FFPE	LGG, MYB	LGG, MYB	0.99995	0.66200	LGG, MYB	LGG, MYB	0.99995
GSM2404321	1	FFPE	LGG, DNT	LGG, DNT	0.99979	0.75000	LGG, DNT	LGG, DNT	0.99979
GSM2404332	1	FFPE	LGG, GG	LGG, GG	0.99999	0.64000	LGG, GG	LGG, GG	0.99999
GSM2404335	1	FFPE	LGG, PA/GG ST	LGG, PA/GG ST	0.79952	0.38800	MCF PA	MCF PA	0.80073
GSM2404338	1	FFPE	LGG, GG	LGG, GG	0.87877	0.27000	LGG, GG	LGG, GG	0.87877
GSM2404345	1	FFPE	PITAD, STH SPA	PITAD, STH SPA	0.99026	0.40400	PITAD, STH SPA	PITAD, STH SPA	0.99026
GSM2404347	1	FFPE	PITAD, STH SPA	PITAD, STH DNS A	0.50226	0.12600	PITAD, STH SPA	PITAD, STH DNS A	0.50226
GSM2404364	1	FFPE	PITAD, STH DNS A	PITAD, STH DNS A	1.00000	0.44200	PITAD, STH DNS A	PITAD, STH DNS A	1.00000
GSM2404368	1	FFPE	GBM, RTK I	GBM, RTK I	0.99981	0.60800	MCF GBM	MCF GBM	0.99998
GSM2404371	1	FFPE	PITAD, STH DNS B	PITAD, STH DNS B	1.00000	0.44800	PITAD, STH DNS B	PITAD, STH DNS B	1.00000
GSM2404373	1	FFPE	PITAD, STH DNS B	PITAD, STH DNS B	1.00000	0.43200	PITAD, STH DNS B	PITAD, STH DNS B	1.00000
GSM2404379	1	FFPE	ATRT, MYC	ATRT, MYC	0.99999	0.71000	MCF ATRT	MCF ATRT	1.00000
GSM2404389	1	Frozen	EPN, PF A	EPN, PF A	0.99970	0.96000	EPN, PF A	EPN, PF A	0.99970
GSM2404397	1	Frozen	EPN, PF A	EPN, PF A	0.99949	0.89800	EPN, PF A	EPN, PF A	0.99949
GSM2404398	1	Frozen	EPN, PF A	EPN, PF A	0.99698	0.77200	EPN, PF A	EPN, PF A	0.99698
GSM2404405	1	FFPE	LGG, GG	PXA	0.44281	0.21000	LGG, GG	PXA	0.44281
GSM2404408	1	FFPE	PITAD, FSH LH	PITAD, FSH LH	0.99989	0.68600	PITAD, FSH LH	PITAD, FSH LH	0.99989
GSM2404410	1	FFPE	PITAD, FSH LH	PITAD, FSH LH	0.99756	0.51400	PITAD, FSH LH	PITAD, FSH LH	0.99756
GSM2404421	1	FFPE	PITAD, PRL	PITAD, PRL	0.99995	0.26200	PITAD, PRL	PITAD, PRL	0.99995
GSM2404423	1	FFPE	PITAD, STH SPA	PITAD, STH SPA	0.88566	0.35200	PITAD, STH SPA	PITAD, STH SPA	0.88566
GSM2404439	1	FFPE	LGG, PA PF	LGG, PA PF	0.99552	0.68200	MCF PA	MCF PA	0.99580
GSM2404448	1	FFPE	PXA	PXA	0.97664	0.31400	PXA	PXA	0.97664
GSM2404451	1	FFPE	CONTR, PINEAL	CONTR, PINEAL	0.99988	0.72800	CONTR, PINEAL	CONTR, PINEAL	0.99988
GSM2404452	1	FFPE	CONTR, ADENOPIT	CONTR, ADENOPIT	1.00000	0.71000	CONTR, ADENOPIT	CONTR, ADENOPIT	1.00000
GSM2404459	1	FFPE	PIN T, PB B	PIN T, PB B	0.99912	0.66600	PIN T, PB B	PIN T, PB B	0.99912
GSM2404480	1	FFPE	GBM, G34	GBM, G34	0.99379	0.45200	GBM, G34	GBM, G34	0.99379
GSM2404486	1	FFPE	GBM, MYCN	GBM, MYCN	0.85872	0.10000	MCF GBM	MCF GBM	0.93606
GSM2404493	1	FFPE	GBM, MYCN	GBM, MYCN	0.99174	0.19800	MCF GBM	MCF GBM	1.00000
GSM2404501	1	FFPE	DMG, K27	DMG, K27	0.99538	0.55800	DMG, K27	DMG, K27	0.99538
GSM2404505	1	FFPE	DMG, K27	DMG, K27	0.43640	0.20800	DMG, K27	DMG, K27	0.43640
GSM2404507	1	FFPE	DMG, K27	DMG, K27	0.99981	0.68800	DMG, K27	DMG, K27	0.99981
GSM2404508	1	FFPE	DMG, K27	DMG, K27	0.99901	0.59400	DMG, K27	DMG, K27	0.99901
GSM2404516	1	FFPE	LGG, DNT	LGG, DNT	0.99565	0.57000	LGG, DNT	LGG, DNT	0.99565
GSM2404520	1	FFPE	MB, SHH INF	MB, SHH INF	0.99997	0.85400	MCF MB SHH	MCF MB SHH	0.99997
GSM2404521	1	FFPE	LGG, MYB	LGG, MYB	0.99999	0.70800	LGG, MYB	LGG, MYB	0.99999
GSM2404530	1	FFPE	PIN T, PB B	PIN T, PB B	0.86950	0.39800	PIN T, PB B	PIN T, PB B	0.86950
GSM2404534	1	FFPE	DMG, K27	DMG, K27	0.99956	0.63600	DMG, K27	DMG, K27	0.99956
GSM2404536	1	FFPE	PXA	PXA	0.99933	0.40400	PXA	PXA	0.99933
GSM2404537	1	FFPE	CHORDM	CHORDM	1.00000	0.35400	CHORDM	CHORDM	1.00000
GSM2404540	1	FFPE	EPN, PF B	EPN, PF B	0.93170	0.29400	EPN, PF B	EPN, PF B	0.93170
GSM2404555	1	FFPE	CONTR, ADENOPIT	CONTR, ADENOPIT	0.99963	0.46200	CONTR, ADENOPIT	CONTR, ADENOPIT	0.99963
GSM2404559	1	FFPE	LGG, SEGA	LGG, SEGA	0.99770	0.41800	LGG, SEGA	LGG, SEGA	0.99770
GSM2404560	1	FFPE	LGG, SEGA	LGG, SEGA	0.99999	0.66600	LGG, SEGA	LGG, SEGA	0.99999
GSM2404573	1	Frozen	GBM, RTK II	GBM, RTK II	0.92613	0.64200	MCF GBM	MCF GBM	0.99955
GSM2404576	1	Frozen	CONTR, INFLAM	CONTR, INFLAM	0.99862	0.53400	CONTR, INFLAM	CONTR, INFLAM	0.99862
GSM2404584	1	FFPE	EPN, PF A	EPN, PF A	0.46335	0.26600	EPN, PF A	EPN, PF A	0.46335
GSM2404588	1	FFPE	MB, G4	MB, G4	0.99955	0.94800	MCF MB G3G4	MCF MB G3G4	0.99957
GSM2404596	1	Frozen	CONTR, INFLAM	CONTR, INFLAM	0.88348	0.32200	CONTR, INFLAM	CONTR, INFLAM	0.88348
GSM2404598	1	Frozen	GBM, MES	GBM, MES	0.82550	0.52600	MCF GBM	MCF GBM	0.99997
GSM2404600	1	Frozen	GBM, RTK I	GBM, RTK I	0.95990	0.39800	MCF GBM	MCF GBM	0.99907
GSM2404603	1	Frozen	GBM, RTK II	GBM, RTK II	0.90174	0.74800	MCF GBM	MCF GBM	0.99918
GSM2404612	1	FFPE	MELCYT	MELCYT	1.00000	0.71000	MELCYT	MELCYT	1.00000
GSM2404616	1	FFPE	IHG	IHG	0.99989	0.26800	IHG	IHG	0.99989
GSM2404620	1	FFPE	PLEX, AD	PLEX, AD	0.99999	0.65000	MCF PLEX T	MCF PLEX T	1.00000
GSM2404623	1	FFPE	PLEX, AD	PLEX, AD	0.99890	0.45200	MCF PLEX T	MCF PLEX T	0.99963
GSM2404624	1	FFPE	PLEX, PED B	PLEX, PED B	0.99999	0.75200	MCF PLEX T	MCF PLEX T	0.99999
GSM2404626	1	FFPE	PLEX, AD	PLEX, AD	0.99992	0.55400	MCF PLEX T	MCF PLEX T	0.99995
GSM2404632	1	Frozen	GBM, RTK I	GBM, RTK I	0.99909	0.61000	MCF GBM	MCF GBM	0.99998
GSM2404639	1	Frozen	CONTR, INFLAM	CONTR, INFLAM	0.99999	0.89000	CONTR, INFLAM	CONTR, INFLAM	0.99999
GSM2404641	1	Frozen	GBM, RTK II	GBM, MES	0.55256	0.26800	MCF GBM	MCF GBM	0.99905
GSM2404643	1	Frozen	CONTR, INFLAM	CONTR, INFLAM	0.99999	0.83600	CONTR, INFLAM	CONTR, INFLAM	0.99999
GSM2404651	1	FFPE	SFT HMPC	SFT HMPC	0.99483	0.32200	SFT HMPC	SFT HMPC	0.99483
GSM2404655	1	FFPE	DMG, K27	DMG, K27	0.99998	0.81600	DMG, K27	DMG, K27	0.99998
GSM2404664	1	FFPE	DMG, K27	DMG, K27	0.99990	0.72800	DMG, K27	DMG, K27	0.99990
GSM2404668	1	FFPE	DMG, K27	DMG, K27	0.99981	0.70000	DMG, K27	DMG, K27	0.99981
GSM2404669	1	FFPE	PXA	PXA	0.45839	0.14000	PXA	PXA	0.45839
GSM2404682	1	FFPE	PIN T, PPT	PIN T, PPT	0.99947	0.58200	PIN T, PPT	PIN T, PPT	0.99947
GSM2404688	1	FFPE	O IDH	O IDH	0.99992	0.74400	MCF IDH GLM	MCF IDH GLM	0.99994
GSM2404704	1	FFPE	PXA	PXA	0.99999	0.57800	PXA	PXA	0.99999
GSM2404705	1	FFPE	PXA	PXA	0.99903	0.36800	PXA	PXA	0.99903
GSM2404714	1	FFPE	GBM, RTK II	GBM, RTK II	0.95094	0.82400	MCF GBM	MCF GBM	0.99951
GSM2404719	1	FFPE	ENB, B	ENB, B	0.99642	0.47000	MCF ENB	MCF ENB	0.99993
GSM2404723	1	FFPE	ENB, A	ENB, A	0.99992	0.66000	MCF ENB	MCF ENB	0.99997
GSM2404725	1	FFPE	ENB, B	ENB, B	0.99248	0.40000	MCF ENB	MCF ENB	0.99919
GSM2404728	1	FFPE	ENB, A	ENB, B	0.58927	0.30600	MCF ENB	MCF ENB	0.99315
GSM2404729	1	FFPE	ENB, B	ENB, B	0.99622	0.43400	MCF ENB	MCF ENB	0.99964
GSM2404732	1	FFPE	CHORDM	CHORDM	0.99966	0.27200	CHORDM	CHORDM	0.99966
GSM2404734	1	FFPE	LGG, SEGA	LGG, SEGA	0.99989	0.54000	LGG, SEGA	LGG, SEGA	0.99989
GSM2404735	1	FFPE	EPN, MPE	EPN, MPE	0.99996	0.70400	EPN, MPE	EPN, MPE	0.99996
GSM2404736	1	FFPE	GBM, RTK II	GBM, RTK II	0.94262	0.55400	MCF GBM	MCF GBM	0.99520
GSM2404759	1	FFPE	EPN, PF B	EPN, PF B	0.99563	0.54400	EPN, PF B	EPN, PF B	0.99563
GSM2404763	1	FFPE	O IDH	O IDH	0.99456	0.50600	MCF IDH GLM	MCF IDH GLM	0.99827
GSM2404766	1	FFPE	DMG, K27	DMG, K27	0.99994	0.76400	DMG, K27	DMG, K27	0.99994
GSM2404769	1	FFPE	LGG, PA/GG ST	LGG, PA/GG ST	0.96531	0.41400	MCF PA	MCF PA	0.96562
GSM2404775	1	Frozen	ATRT, TYR	ATRT, TYR	0.99696	0.53800	MCF ATRT	MCF ATRT	0.99799
GSM2404780	1	FFPE	MELCYT	MELCYT	0.99974	0.51400	MELCYT	MELCYT	0.99974
GSM2404782	1	FFPE	CN	CN	0.99994	0.64800	CN	CN	0.99994
GSM2404784	1	FFPE	CN	CN	0.99986	0.60600	CN	CN	0.99986
GSM2404786	1	FFPE	LGG, PA PF	LGG, PA PF	0.99909	0.87400	MCF PA	MCF PA	0.99914
GSM2404787	1	FFPE	PXA	PXA	0.99697	0.41000	PXA	PXA	0.99697
GSM2404791	1	Frozen	LGG, PA PF	LGG, PA PF	0.99367	0.72200	MCF PA	MCF PA	0.99396
GSM2404796	1	Frozen	SUBEPN, SPINE	SUBEPN, SPINE	0.99999	0.40600	SUBEPN, SPINE	SUBEPN, SPINE	0.99999
GSM2404798	1	Frozen	SUBEPN, PF	SUBEPN, PF	1.00000	0.81800	SUBEPN, PF	SUBEPN, PF	1.00000
GSM2404802	1	Frozen	EPN, MPE	EPN, MPE	0.92564	0.34600	EPN, MPE	EPN, MPE	0.92564
GSM2404804	1	Frozen	EPN, MPE	EPN, MPE	0.99713	0.50000	EPN, MPE	EPN, MPE	0.99713
GSM2404808	1	Frozen	SUBEPN, PF	SUBEPN, PF	0.99999	0.70400	SUBEPN, PF	SUBEPN, PF	0.99999
GSM2404821	1	FFPE	EWS	EWS	0.99999	0.40200	EWS	EWS	0.99999
GSM2404822	1	FFPE	MB, G3	MB, G3	0.99535	0.59400	MCF MB G3G4	MCF MB G3G4	0.99816
GSM2404830	1	FFPE	GBM, MES	GBM, MES	0.79480	0.48000	MCF GBM	MCF GBM	0.99998
GSM2404835	1	FFPE	ATRT, TYR	ATRT, TYR	0.99484	0.51600	MCF ATRT	MCF ATRT	0.99778
GSM2404842	1	FFPE	ATRT, MYC	ATRT, MYC	0.99996	0.60400	MCF ATRT	MCF ATRT	0.99999
GSM2404843	1	FFPE	ATRT, SHH	ATRT, SHH	0.99937	0.59600	MCF ATRT	MCF ATRT	0.99971
GSM2404849	1	FFPE	SUBEPN, SPINE	SUBEPN, SPINE	0.76870	0.13400	SUBEPN, SPINE	SUBEPN, SPINE	0.76870
GSM2404851	1	FFPE	EPN, SPINE	EPN, SPINE	0.99968	0.58400	EPN, SPINE	EPN, SPINE	0.99968
GSM2404852	1	FFPE	SFT HMPC	SFT HMPC	0.99597	0.33200	SFT HMPC	SFT HMPC	0.99597
GSM2404859	1	FFPE	EPN, PF B	EPN, PF B	0.99989	0.71800	EPN, PF B	EPN, PF B	0.99989
GSM2404870	1	FFPE	GBM, MES	GBM, RTK II	0.57889	0.20800	MCF GBM	MCF GBM	0.99348
GSM2404872	1	FFPE	GBM, RTK II	GBM, RTK II	0.20715	0.12400	MCF GBM	MCF GBM	0.41055
GSM2404874	1	FFPE	GBM, RTK II	GBM, RTK II	0.70647	0.46200	MCF GBM	MCF GBM	0.99780
GSM2404876	1	FFPE	GBM, G34	GBM, G34	0.98848	0.39600	GBM, G34	GBM, G34	0.98848
GSM2404877	1	FFPE	LGG, PA PF	LGG, PA PF	0.99887	0.87400	MCF PA	MCF PA	0.99891
GSM2404900	1	Frozen	EPN, PF B	EPN, PF B	0.93366	0.30000	EPN, PF B	EPN, PF B	0.93366
GSM2404901	1	Frozen	EPN, PF B	EPN, PF B	0.97709	0.35400	EPN, PF B	EPN, PF B	0.97709
GSM2404923	1	FFPE	GBM, RTK I	GBM, RTK I	0.99967	0.50200	MCF GBM	MCF GBM	0.99990
GSM2404928	1	Frozen	EPN, PF B	EPN, PF B	0.99989	0.72600	EPN, PF B	EPN, PF B	0.99989
GSM2404940	1	FFPE	PLEX, PED A	PLEX, PED A	0.99991	0.36600	MCF PLEX T	MCF PLEX T	1.00000
GSM2404944	1	FFPE	PLEX, PED B	PLEX, PED B	0.99994	0.64200	MCF PLEX T	MCF PLEX T	0.99994
GSM2404947	1	FFPE	PLEX, PED B	PLEX, PED B	0.93730	0.25400	MCF PLEX T	MCF PLEX T	0.96313
GSM2404952	1	FFPE	PLEX, PED A	PLEX, PED A	0.99966	0.35400	MCF PLEX T	MCF PLEX T	1.00000
GSM2404971	1	FFPE	PLEX, PED B	PLEX, PED B	0.99980	0.57200	MCF PLEX T	MCF PLEX T	0.99985
GSM2404975	1	FFPE	PLEX, PED A	PLEX, PED B	0.97086	0.34400	MCF PLEX T	MCF PLEX T	0.99304
GSM2404985	1	FFPE	PLEX, AD	PLEX, AD	0.99568	0.38600	MCF PLEX T	MCF PLEX T	0.99633
GSM2404986	1	FFPE	PLEX, PED B	PLEX, PED B	0.99970	0.55000	MCF PLEX T	MCF PLEX T	0.99975
GSM2404995	1	FFPE	GBM, RTK I	GBM, RTK I	0.99851	0.54800	MCF GBM	MCF GBM	0.99995
GSM2404996	1	FFPE	EPN, SPINE	EPN, SPINE	0.99997	0.70400	EPN, SPINE	EPN, SPINE	0.99997
GSM2405003	1	FFPE	GBM, MES	GBM, MES	0.97531	0.52800	MCF GBM	MCF GBM	0.99996
GSM2405005	1	FFPE	GBM, RTK III	GBM, RTK III	0.99999	0.39800	MCF GBM	MCF GBM	1.00000
GSM2405022	1	FFPE	PITUI	PITUI	0.99882	0.54200	PITUI	PITUI	0.99882
GSM2405027	1	FFPE	GBM, MID	GBM, MID	0.98807	0.18200	MCF GBM	MCF GBM	0.99234
GSM2405029	1	FFPE	O IDH	O IDH	0.99786	0.55600	MCF IDH GLM	MCF IDH GLM	0.99910
GSM2405044	1	Frozen	CPH, ADM	CPH, ADM	0.99949	0.73200	CPH, ADM	CPH, ADM	0.99949
GSM2405046	1	Frozen	CPH, ADM	CPH, ADM	0.89653	0.37400	CPH, ADM	CPH, ADM	0.89653
GSM2405050	1	Frozen	CPH, ADM	CPH, ADM	0.99995	0.86600	CPH, ADM	CPH, ADM	0.99995
GSM2405055	1	FFPE	GBM, MID	GBM, MID	0.93198	0.20200	MCF GBM	MCF GBM	0.99966
GSM2405065	1	FFPE	HGNET, BCOR	HGNET, BCOR	0.99977	0.54800	HGNET, BCOR	HGNET, BCOR	0.99977
GSM2405068	1	FFPE	EPN, MPE	EPN, MPE	0.99988	0.65200	EPN, MPE	EPN, MPE	0.99988
GSM2405077	1	FFPE	GBM, MES	GBM, MES	0.90942	0.31400	MCF GBM	MCF GBM	0.98281
GSM2405080	1	Frozen	EPN, RELA	EPN, RELA	0.97711	0.36400	EPN, RELA	EPN, RELA	0.97711
GSM2405090	1	FFPE	EFT, CIC	EFT, CIC	0.99999	0.29400	EFT, CIC	EFT, CIC	0.99999
GSM2405091	1	FFPE	A IDH	A IDH	0.99893	0.75400	MCF IDH GLM	MCF IDH GLM	0.99991
GSM2405092	1	FFPE	O IDH	O IDH	0.99982	0.72400	MCF IDH GLM	MCF IDH GLM	0.99988
GSM2405097	1	Frozen	A IDH	A IDH	0.99610	0.71800	MCF IDH GLM	MCF IDH GLM	0.99991
GSM2405098	1	Frozen	A IDH	A IDH	0.96045	0.42400	MCF IDH GLM	MCF IDH GLM	0.98687
GSM2405099	1	Frozen	A IDH	A IDH	0.98252	0.62200	MCF IDH GLM	MCF IDH GLM	0.99962
GSM2405100	1	Frozen	A IDH	A IDH	0.99815	0.69000	MCF IDH GLM	MCF IDH GLM	0.99970
GSM2405109	1	FFPE	O IDH	O IDH	0.99998	0.81600	MCF IDH GLM	MCF IDH GLM	0.99998
GSM2405115	1	FFPE	GBM, RTK I	GBM, RTK I	0.99933	0.56600	MCF GBM	MCF GBM	0.99995
GSM2405121	1	FFPE	HGNET, MN1	HGNET, MN1	1.00000	0.53000	HGNET, MN1	HGNET, MN1	1.00000
GSM2405123	1	FFPE	HMB	HMB	1.00000	0.73000	HMB	HMB	1.00000
GSM2405129	1	FFPE	MB, G4	MB, G4	0.99852	0.85200	MCF MB G3G4	MCF MB G3G4	0.99861
GSM2405133	1	Frozen	GBM, RTK II	GBM, RTK II	0.49982	0.54600	MCF GBM	MCF GBM	0.99996
GSM2405134	1	Frozen	GBM, RTK II	GBM, RTK II	0.96739	0.65000	MCF GBM	MCF GBM	0.99863
GSM2405136	1	Frozen	GBM, MES	GBM, RTK II	0.58666	0.35000	MCF GBM	MCF GBM	0.99944
GSM2405141	1	Frozen	EWS	EWS	0.99999	0.42000	EWS	EWS	0.99999
GSM2405144	1	FFPE	MB, G4	MB, G4	0.99961	0.96200	MCF MB G3G4	MCF MB G3G4	0.99962
GSM2405154	1	FFPE	LGG, PA PF	LGG, PA PF	0.98634	0.67200	MCF PA	MCF PA	0.99576
GSM2405159	1	FFPE	LYMPHO	LYMPHO	1.00000	0.54800	LYMPHO	LYMPHO	1.00000
GSM2405163	1	Frozen	GBM, RTK II	GBM, RTK II	0.92744	0.75000	MCF GBM	MCF GBM	0.99957
GSM2405171	1	Frozen	A IDH	A IDH	0.99759	0.69400	MCF IDH GLM	MCF IDH GLM	0.99981
GSM2405185	1	FFPE	PLASMA	PLASMA	0.99674	0.22600	PLASMA	PLASMA	0.99674
GSM2405188	1	FFPE	GBM, RTK II	GBM, RTK II	0.92239	0.52200	MCF GBM	MCF GBM	0.99865
GSM2405195	1	Frozen	O IDH	O IDH	0.99998	0.82800	MCF IDH GLM	MCF IDH GLM	0.99998
GSM2405201	1	Frozen	EPN, PF B	EPN, PF B	0.99997	0.78400	EPN, PF B	EPN, PF B	0.99997
GSM2405207	1	FFPE	O IDH	O IDH	0.99994	0.75200	MCF IDH GLM	MCF IDH GLM	0.99995
GSM2405209	1	FFPE	MB, G4	MB, G4	0.99968	0.97800	MCF MB G3G4	MCF MB G3G4	0.99969
GSM2405213	1	Frozen	GBM, RTK III	GBM, RTK III	0.97996	0.23600	MCF GBM	MCF GBM	0.99992
GSM2405221	1	Frozen	HGNET, BCOR	HGNET, BCOR	0.99902	0.50000	HGNET, BCOR	HGNET, BCOR	0.99902
GSM2405223	1	FFPE	CONTR, INFLAM	CONTR, INFLAM	0.70145	0.27600	CONTR, INFLAM	CONTR, INFLAM	0.70145
GSM2405225	1	Frozen	RETB	RETB	0.92347	0.58200	RETB	RETB	0.92347
GSM2405228	1	FFPE	LGG, DNT	LGG, DNT	0.99887	0.61400	LGG, DNT	LGG, DNT	0.99887
GSM2405232	1	Frozen	RETB	RETB	0.99687	0.81400	RETB	RETB	0.99687
GSM2405234	1	Frozen	RETB	RETB	0.99741	0.83200	RETB	RETB	0.99741
GSM2405236	1	Frozen	RETB	RETB	0.99788	0.90800	RETB	RETB	0.99788
GSM2405253	1	Frozen	A IDH	A IDH	0.96575	0.64200	MCF IDH GLM	MCF IDH GLM	0.99981
GSM2405265	1	FFPE	GBM, RTK II	GBM, RTK II	0.95535	0.56400	MCF GBM	MCF GBM	0.99609
GSM2405268	1	FFPE	LGG, DNT	LGG, DNT	0.99955	0.70600	LGG, DNT	LGG, DNT	0.99955
GSM2405269	1	FFPE	ANA PA	ANA PA	0.99995	0.35200	ANA PA	ANA PA	0.99995
GSM2405278	1	Frozen	EWS	EWS	1.00000	0.51400	EWS	EWS	1.00000
GSM2405282	1	FFPE	O IDH	O IDH	0.99990	0.73000	MCF IDH GLM	MCF IDH GLM	0.99992
GSM2405292	1	FFPE	MB, SHH CHL AD	MB, SHH CHL AD	0.99954	0.79600	MCF MB SHH	MCF MB SHH	0.99963
GSM2405294	1	Frozen	DMG, K27	DMG, K27	0.94049	0.36400	DMG, K27	DMG, K27	0.94049
GSM2405299	1	FFPE	A IDH, HG	A IDH, HG	0.66577	0.36200	MCF IDH GLM	MCF IDH GLM	0.99885
GSM2405300	1	FFPE	O IDH	O IDH	0.93995	0.34800	MCF IDH GLM	MCF IDH GLM	0.99148
GSM2405309	1	FFPE	GBM, RTK II	GBM, RTK I	0.57897	0.20400	MCF GBM	MCF GBM	0.88859
GSM2405314	1	FFPE	SFT HMPC	SFT HMPC	0.99948	0.39800	SFT HMPC	SFT HMPC	0.99948
GSM2405316	1	FFPE	A IDH	A IDH	0.96024	0.62200	MCF IDH GLM	MCF IDH GLM	0.99975
GSM2405318	1	FFPE	LGG, DNT	LGG, DNT	0.99988	0.83000	LGG, DNT	LGG, DNT	0.99988
GSM2405320	1	FFPE	GBM, RTK II	GBM, RTK II	0.88200	0.66800	MCF GBM	MCF GBM	0.99986
GSM2405328	1	FFPE	GBM, RTK II	GBM, RTK II	0.90652	0.72400	MCF GBM	MCF GBM	0.99967
GSM2405329	1	FFPE	GBM, MES	GBM, RTK II	0.72474	0.59000	MCF GBM	MCF GBM	0.99966
GSM2405335	1	FFPE	SCHW	SCHW	0.99999	0.50200	SCHW	SCHW	0.99999
GSM2405336	1	FFPE	PXA	PXA	0.99473	0.39000	PXA	PXA	0.99473
GSM2405339	1	FFPE	MNG	MNG	0.99950	0.88200	MNG	MNG	0.99950
GSM2405352	1	Frozen	MNG	MNG	0.99901	0.83600	MNG	MNG	0.99901
GSM2405355	1	FFPE	MNG	MNG	0.99965	0.90600	MNG	MNG	0.99965
GSM2405360	1	FFPE	MNG	MNG	0.99948	0.87000	MNG	MNG	0.99948
GSM2405366	1	FFPE	PTPR, B	PTPR, B	0.99993	0.66000	PTPR, B	PTPR, B	0.99993
GSM2405367	1	FFPE	PTPR, B	PTPR, B	0.99992	0.68400	PTPR, B	PTPR, B	0.99992
GSM2405383	1	FFPE	GBM, RTK II	GBM, RTK II	0.84818	0.47000	MCF GBM	MCF GBM	0.99239
GSM2405385	1	FFPE	A IDH	A IDH	0.99942	0.79200	MCF IDH GLM	MCF IDH GLM	0.99995
GSM2405396	1	FFPE	CONTR, PONS	CONTR, PONS	0.99999	0.60800	CONTR, PONS	CONTR, PONS	0.99999
GSM2405397	1	FFPE	CONTR, PONS	CONTR, PONS	0.99999	0.64800	CONTR, PONS	CONTR, PONS	0.99999
GSM2405398	1	FFPE	CONTR, WM	CONTR, WM	0.98124	0.49400	CONTR, WM	CONTR, WM	0.98124
GSM2405426	1	FFPE	LGG, PA MID	LGG, PA MID	0.99995	0.61800	MCF PA	MCF PA	0.99997
GSM2405433	1	FFPE	GBM, RTK I	GBM, RTK I	0.69721	0.34400	MCF GBM	MCF GBM	0.99751
GSM2405436	1	FFPE	A IDH, HG	A IDH, HG	0.99928	0.55200	MCF IDH GLM	MCF IDH GLM	0.99968
GSM2405442	1	FFPE	CHGL	CHGL	1.00000	0.59600	CHGL	CHGL	1.00000
GSM2405443	1	FFPE	GBM, RTK II	GBM, RTK II	0.73958	0.60800	MCF GBM	MCF GBM	0.99986
GSM2405454	1	FFPE	LGG, DNT	LGG, DNT	0.99895	0.64400	LGG, DNT	LGG, DNT	0.99895
GSM2405456	1	FFPE	LGG, MYB	LGG, MYB	0.99569	0.33200	LGG, MYB	LGG, MYB	0.99569
GSM2405463	1	FFPE	GBM, RTK II	GBM, RTK II	0.61166	0.49600	MCF GBM	MCF GBM	0.99985
GSM2405465	1	FFPE	GBM, RTK II	GBM, RTK II	0.89604	0.65600	MCF GBM	MCF GBM	0.99611
GSM2405472	1	FFPE	GBM, RTK I	GBM, RTK I	0.98853	0.36800	MCF GBM	MCF GBM	0.99777
GSM2405475	1	FFPE	PITUI	PITUI	0.99996	0.71000	PITUI	PITUI	0.99996
GSM2405478	1	FFPE	GBM, MES	GBM, MES	0.77351	0.40600	MCF GBM	MCF GBM	0.99946
GSM2405479	1	FFPE	CONTR, REACT	CONTR, REACT	0.91151	0.32600	CONTR, REACT	CONTR, REACT	0.91151
GSM2405488	1	FFPE	HGNET, MN1	HGNET, MN1	1.00000	0.50200	HGNET, MN1	HGNET, MN1	1.00000
GSM2405495	1	FFPE	PITUI	PITUI	0.99680	0.49800	PITUI	PITUI	0.99680
GSM2405497	1	FFPE	A IDH, HG	A IDH, HG	0.99952	0.61800	MCF IDH GLM	MCF IDH GLM	0.99984
GSM2405498	1	FFPE	GBM, RTK I	GBM, RTK II	0.68160	0.41600	MCF GBM	MCF GBM	0.99520
GSM2405501	1	FFPE	DLGNT	DLGNT	0.99757	0.15600	DLGNT	DLGNT	0.99757
GSM2405508	1	FFPE	A IDH, HG	A IDH, HG	0.96349	0.39000	MCF IDH GLM	MCF IDH GLM	0.96361
GSM2405509	1	FFPE	A IDH, HG	MB, SHH CHL AD	0.56831	0.25600	MCF IDH GLM	MCF MB SHH	0.57517
GSM2405510	1	FFPE	A IDH, HG	A IDH, HG	0.96342	0.38800	MCF IDH GLM	MCF IDH GLM	0.97863
GSM2405511	1	FFPE	A IDH	A IDH	0.99312	0.75200	MCF IDH GLM	MCF IDH GLM	0.99996
GSM2405515	1	FFPE	O IDH	O IDH	0.99999	0.87200	MCF IDH GLM	MCF IDH GLM	0.99999
GSM2405523	1	FFPE	CNS NB, FOXR2	CNS NB, FOXR2	0.96887	0.54000	CNS NB, FOXR2	CNS NB, FOXR2	0.96887
GSM2405528	1	FFPE	LGG, DNT	LGG, DNT	0.99606	0.57800	LGG, DNT	LGG, DNT	0.99606
GSM2405530	1	FFPE	LGG, GG	LGG, GG	0.32438	0.19600	LGG, GG	LGG, GG	0.32438
GSM2405531	1	FFPE	LGG, MYB	LGG, MYB	0.99910	0.40400	LGG, MYB	LGG, MYB	0.99910
GSM2405534	1	FFPE	PTPR, A	PTPR, A	0.96261	0.30000	PTPR, A	PTPR, A	0.96261
GSM2405537	1	FFPE	HGNET, MN1	HGNET, MN1	0.99943	0.29000	HGNET, MN1	HGNET, MN1	0.99943
GSM2405538	1	FFPE	EFT, CIC	EFT, CIC	1.00000	0.33200	EFT, CIC	EFT, CIC	1.00000
GSM2405542	1	FFPE	LGG, DNT	LGG, DNT	0.99911	0.63800	LGG, DNT	LGG, DNT	0.99911
GSM2405548	1	FFPE	DLGNT	DLGNT	0.99957	0.23000	DLGNT	DLGNT	0.99957
GSM2405549	1	FFPE	PITAD, ACTH	PITAD, ACTH	1.00000	0.59000	PITAD, ACTH	PITAD, ACTH	1.00000
GSM2405554	1	FFPE	PITAD, ACTH	PITAD, ACTH	1.00000	0.58000	PITAD, ACTH	PITAD, ACTH	1.00000
GSM2405557	1	FFPE	PITAD, ACTH	PITAD, ACTH	0.99999	0.51800	PITAD, ACTH	PITAD, ACTH	0.99999
GSM2405564	1	FFPE	PITUI	PITUI	0.99983	0.63600	PITUI	PITUI	0.99983
GSM2405569	1	FFPE	PITAD, STH DNS B	PITAD, STH DNS B	0.99957	0.34600	PITAD, STH DNS B	PITAD, STH DNS B	0.99957
GSM2405573	1	FFPE	PITAD, STH DNS A	PITAD, STH DNS A	0.99897	0.22000	PITAD, STH DNS A	PITAD, STH DNS A	0.99897
GSM2405574	1	FFPE	ANA PA	ANA PA	0.99649	0.24400	ANA PA	ANA PA	0.99649
GSM2405582	1	FFPE	GBM, G34	GBM, G34	0.98699	0.38800	GBM, G34	GBM, G34	0.98699
GSM2405585	1	FFPE	PITAD, FSH LH	PITAD, FSH LH	0.99996	0.74400	PITAD, FSH LH	PITAD, FSH LH	0.99996
GSM2405587	1	FFPE	PITAD, FSH LH	PITAD, FSH LH	0.99967	0.61600	PITAD, FSH LH	PITAD, FSH LH	0.99967
GSM2405588	1	FFPE	PITAD, FSH LH	PITAD, FSH LH	0.99999	0.79600	PITAD, FSH LH	PITAD, FSH LH	0.99999
GSM2405590	1	FFPE	CNS NB, FOXR2	CNS NB, FOXR2	0.98590	0.60200	CNS NB, FOXR2	CNS NB, FOXR2	0.98590
GSM2405594	1	FFPE	PIN T, PB B	PIN T, PB B	0.94488	0.44600	PIN T, PB B	PIN T, PB B	0.94488
GSM2405600	1	FFPE	PIN T, PB B	PIN T, PB B	0.99995	0.83000	PIN T, PB B	PIN T, PB B	0.99995
GSM2405608	1	FFPE	CONTR, HYPTHAL	CONTR, HYPTHAL	0.99999	0.61600	CONTR, HYPTHAL	CONTR, HYPTHAL	0.99999
GSM2405611	1	FFPE	CONTR, HYPTHAL	CONTR, HYPTHAL	0.99999	0.64400	CONTR, HYPTHAL	CONTR, HYPTHAL	0.99999
GSM2405620	1	FFPE	PITAD, TSH	PITAD, TSH	0.99891	0.29000	PITAD, TSH	PITAD, TSH	0.99891
GSM2405623	1	FFPE	PITAD, TSH	PITAD, TSH	1.00000	0.36000	PITAD, TSH	PITAD, TSH	1.00000
GSM2405627	1	FFPE	LYMPHO	LYMPHO	0.99789	0.33400	LYMPHO	LYMPHO	0.99789
GSM2405629	1	Frozen	IHG	IHG	1.00000	0.40000	IHG	IHG	1.00000
GSM2405631	1	Frozen	LGG, DIG/DIA	LGG, DIG/DIA	0.99835	0.27200	LGG, DIG/DIA	LGG, DIG/DIA	0.99835
GSM2405632	1	FFPE	MELAN	MELAN	0.99999	0.51600	MELAN	MELAN	0.99999
GSM2405637	1	FFPE	LGG, RGNT	LGG, RGNT	0.99974	0.29400	LGG, RGNT	LGG, RGNT	0.99974
GSM2405638	1	FFPE	CONTR, WM	CONTR, WM	0.99805	0.65400	CONTR, WM	CONTR, WM	0.99805
GSM2405641	1	FFPE	LIPN	LIPN	0.99999	0.69600	LIPN	LIPN	0.99999
GSM2405645	1	FFPE	ENB, A	ENB, A	0.96334	0.50400	MCF ENB	MCF ENB	0.99985
GSM2405647	1	FFPE	ENB, A	ENB, A	0.98599	0.50400	MCF ENB	MCF ENB	0.99980
GSM2405655	1	FFPE	ANA PA	ANA PA	0.94596	0.20000	ANA PA	ANA PA	0.94596
GSM2402854	2	Frozen	GBM, G34	GBM, G34	1.00000	0.49000	GBM, G34	GBM, G34	1.00000
GSM2402858	2	Frozen	DMG, K27	DMG, K27	0.99927	0.46200	DMG, K27	DMG, K27	0.99927
GSM2402865	2	Frozen	DMG, K27	DMG, K27	1.00000	0.86600	DMG, K27	DMG, K27	1.00000
GSM2402873	2	Frozen	CONTR, CEBM	CONTR, CEBM	0.99889	0.32000	CONTR, CEBM	CONTR, CEBM	0.99889
GSM2402877	2	Frozen	GBM, G34	GBM, G34	1.00000	0.62000	GBM, G34	GBM, G34	1.00000
GSM2402879	2	Frozen	DMG, K27	DMG, K27	0.99980	0.54200	DMG, K27	DMG, K27	0.99980
GSM2402891	2	Frozen	LGG, PA PF	LGG, PA PF	1.00000	0.86800	MCF PA	MCF PA	1.00000
GSM2402898	2	Frozen	LGG, PA PF	LGG, PA PF	0.99999	0.82600	MCF PA	MCF PA	0.99999
GSM2402901	2	Frozen	LGG, PA PF	LGG, PA PF	1.00000	0.94000	MCF PA	MCF PA	1.00000
GSM2402908	2	Frozen	LGG, RGNT	LGG, RGNT	0.94751	0.10400	LGG, RGNT	LGG, RGNT	0.94751
GSM2402912	2	Frozen	MB, WNT	MB, WNT	1.00000	0.70600	MB, WNT	MB, WNT	1.00000
GSM2402922	2	Frozen	LGG, PA/GG ST	LGG, PA/GG ST	0.99911	0.36000	MCF PA	MCF PA	0.99947
GSM2402924	2	Frozen	LGG, PA PF	LGG, PA PF	1.00000	0.93000	MCF PA	MCF PA	1.00000
GSM2402928	2	Frozen	CONTR, REACT	LGG, PA MID	0.95817	0.25000	CONTR, REACT	MCF PA	0.95870
GSM2402929	2	Frozen	LGG, PA MID	LGG, PA MID	1.00000	0.62400	MCF PA	MCF PA	1.00000
GSM2402931	2	Frozen	LGG, PA PF	LGG, PA PF	1.00000	0.89000	MCF PA	MCF PA	1.00000
GSM2402937	2	Frozen	MB, WNT	MB, WNT	1.00000	0.88000	MB, WNT	MB, WNT	1.00000
GSM2402938	2	Frozen	MB, G4	MB, G4	1.00000	0.94000	MCF MB G3G4	MCF MB G3G4	1.00000
GSM2402940	2	Frozen	MB, SHH INF	MB, SHH INF	1.00000	0.72800	MCF MB SHH	MCF MB SHH	1.00000
GSM2402944	2	Frozen	MB, G3	MB, G3	0.99999	0.62200	MCF MB G3G4	MCF MB G3G4	0.99999
GSM2402945	2	Frozen	MB, G4	MB, G4	0.99999	0.89800	MCF MB G3G4	MCF MB G3G4	0.99999
GSM2402946	2	Frozen	MB, G3	MB, G3	1.00000	0.74600	MCF MB G3G4	MCF MB G3G4	1.00000
GSM2402952	2	Frozen	MB, G3	MB, G3	1.00000	0.73000	MCF MB G3G4	MCF MB G3G4	1.00000
GSM2402974	2	Frozen	ATRT, MYC	ATRT, MYC	0.99999	0.44800	MCF ATRT	MCF ATRT	0.99999
GSM2402980	2	Frozen	EPN, RELA	EPN, RELA	1.00000	0.79200	EPN, RELA	EPN, RELA	1.00000
GSM2402981	2	Frozen	MB, SHH CHL AD	MB, SHH CHL AD	1.00000	0.90600	MCF MB SHH	MCF MB SHH	1.00000
GSM2402983	2	Frozen	MB, G4	MB, G4	1.00000	0.94800	MCF MB G3G4	MCF MB G3G4	1.00000
GSM2402984	2	Frozen	MB, G3	MB, G3	1.00000	0.73000	MCF MB G3G4	MCF MB G3G4	1.00000
GSM2402989	2	Frozen	SUBEPN, PF	SUBEPN, PF	0.99999	0.54800	SUBEPN, PF	SUBEPN, PF	0.99999
GSM2402990	2	Frozen	PTPR, B	PTPR, B	0.99995	0.55200	PTPR, B	PTPR, B	0.99995
GSM2402999	2	Frozen	ETMR	ETMR	0.99996	0.73800	ETMR	ETMR	0.99996
GSM2403010	2	Frozen	LYMPHO	LYMPHO	1.00000	0.63400	LYMPHO	LYMPHO	1.00000
GSM2403011	2	Frozen	MB, SHH CHL AD	MB, SHH CHL AD	1.00000	0.89200	MCF MB SHH	MCF MB SHH	1.00000
GSM2403013	2	Frozen	MB, G4	MB, G4	0.99999	0.91400	MCF MB G3G4	MCF MB G3G4	0.99999
GSM2403020	2	Frozen	MB, SHH CHL AD	MB, SHH CHL AD	1.00000	0.83800	MCF MB SHH	MCF MB SHH	1.00000
GSM2403043	2	Frozen	MB, SHH CHL AD	MB, SHH CHL AD	0.62620	0.39200	MCF MB SHH	MCF MB SHH	0.97239
GSM2403053	2	Frozen	MB, SHH INF	MB, SHH INF	1.00000	0.84400	MCF MB SHH	MCF MB SHH	1.00000
GSM2403055	2	Frozen	MB, G3	MB, G3	1.00000	0.78600	MCF MB G3G4	MCF MB G3G4	1.00000
GSM2403061	2	Frozen	CNS NB, FOXR2	CNS NB, FOXR2	0.99972	0.70000	CNS NB, FOXR2	CNS NB, FOXR2	0.99972
GSM2403063	2	Frozen	ATRT, SHH	ATRT, SHH	1.00000	0.57400	MCF ATRT	MCF ATRT	1.00000
GSM2403076	2	Frozen	ATRT, SHH	ATRT, SHH	1.00000	0.68600	MCF ATRT	MCF ATRT	1.00000
GSM2403086	2	Frozen	LGG, PA PF	LGG, PA PF	1.00000	0.94800	MCF PA	MCF PA	1.00000
GSM2403087	2	Frozen	GBM, MES	GBM, RTK II	0.89362	0.50400	MCF GBM	MCF GBM	1.00000
GSM2403092	2	Frozen	GBM, MES	GBM, MES	0.72789	0.20800	MCF GBM	MCF GBM	0.99980
GSM2403097	2	Frozen	GBM, RTK II	GBM, RTK II	0.90161	0.71600	MCF GBM	MCF GBM	0.99999
GSM2403098	2	Frozen	GBM, RTK II	GBM, RTK II	0.96687	0.39400	MCF GBM	MCF GBM	0.99988
GSM2403114	2	Frozen	GBM, G34	GBM, G34	0.99999	0.53400	GBM, G34	GBM, G34	0.99999
GSM2403119	2	Frozen	DMG, K27	DMG, K27	0.99999	0.67600	DMG, K27	DMG, K27	0.99999
GSM2403125	2	FFPE	GBM, RTK II	GBM, RTK II	0.98909	0.61800	MCF GBM	MCF GBM	0.99997
GSM2403132	2	Frozen	MB, WNT	MB, WNT	1.00000	0.76600	MB, WNT	MB, WNT	1.00000
GSM2403138	2	Frozen	MB, G4	MB, G4	0.99999	0.86800	MCF MB G3G4	MCF MB G3G4	0.99999
GSM2403148	2	Frozen	MB, WNT	MB, WNT	1.00000	0.94000	MB, WNT	MB, WNT	1.00000
GSM2403156	2	Frozen	LGG, PA PF	LGG, PA PF	1.00000	0.87000	MCF PA	MCF PA	1.00000
GSM2403166	2	Frozen	LGG, PA PF	LGG, PA PF	0.99999	0.81600	MCF PA	MCF PA	0.99999
GSM2403167	2	Frozen	LGG, PA PF	LGG, PA PF	1.00000	0.90600	MCF PA	MCF PA	1.00000
GSM2403168	2	Frozen	LGG, PA PF	LGG, PA PF	1.00000	0.87200	MCF PA	MCF PA	1.00000
GSM2403173	2	Frozen	LGG, PA PF	LGG, PA PF	1.00000	0.92200	MCF PA	MCF PA	1.00000
GSM2403174	2	Frozen	LGG, PA PF	LGG, PA PF	1.00000	0.93600	MCF PA	MCF PA	1.00000
GSM2403180	2	Frozen	LGG, PA PF	LGG, PA PF	1.00000	0.89200	MCF PA	MCF PA	1.00000
GSM2403185	2	Frozen	EPN, RELA	EPN, RELA	0.99997	0.51600	EPN, RELA	EPN, RELA	0.99997
GSM2403187	2	Frozen	SUBEPN, ST	SUBEPN, ST	0.99998	0.60800	SUBEPN, ST	SUBEPN, ST	0.99998
GSM2403192	2	Frozen	EPN, RELA	EPN, RELA	1.00000	0.75600	EPN, RELA	EPN, RELA	1.00000
GSM2403199	2	Frozen	PTPR, B	PTPR, B	0.99976	0.51600	PTPR, B	PTPR, B	0.99976
GSM2403201	2	Frozen	EPN, RELA	EPN, RELA	1.00000	0.59600	EPN, RELA	EPN, RELA	1.00000
GSM2403210	2	Frozen	EPN, RELA	EPN, RELA	0.99999	0.56800	EPN, RELA	EPN, RELA	0.99999
GSM2403213	2	Frozen	EPN, RELA	EPN, RELA	1.00000	0.82400	EPN, RELA	EPN, RELA	1.00000
GSM2403216	2	Frozen	EPN, RELA	EPN, RELA	0.99927	0.40400	EPN, RELA	EPN, RELA	0.99927
GSM2403221	2	Frozen	LGG, PA PF	LGG, PA PF	0.99992	0.73000	MCF PA	MCF PA	0.99992
GSM2403222	2	Frozen	LGG, PA PF	LGG, PA PF	1.00000	0.85200	MCF PA	MCF PA	1.00000
GSM2403225	2	Frozen	LGG, PA MID	LGG, PA MID	1.00000	0.52000	MCF PA	MCF PA	1.00000
GSM2403226	2	FFPE	EPN, PF B	EPN, PF B	0.99999	0.65000	EPN, PF B	EPN, PF B	0.99999
GSM2403228	2	FFPE	EPN, RELA	EPN, RELA	0.99961	0.51400	EPN, RELA	EPN, RELA	0.99961
GSM2403238	2	Frozen	CONTR, HEMI	CONTR, HEMI	0.99998	0.81000	CONTR, HEMI	CONTR, HEMI	0.99998
GSM2403239	2	Frozen	CONTR, HEMI	CONTR, HEMI	0.99993	0.79600	CONTR, HEMI	CONTR, HEMI	0.99993
GSM2403245	2	FFPE	MB, G4	MB, G4	1.00000	0.94600	MCF MB G3G4	MCF MB G3G4	1.00000
GSM2403259	2	FFPE	MB, SHH CHL AD	MB, SHH CHL AD	1.00000	0.92800	MCF MB SHH	MCF MB SHH	1.00000
GSM2403260	2	FFPE	MB, G4	MB, G4	1.00000	0.98200	MCF MB G3G4	MCF MB G3G4	1.00000
GSM2403266	2	FFPE	MB, G3	MB, G3	1.00000	0.75600	MCF MB G3G4	MCF MB G3G4	1.00000
GSM2403271	2	FFPE	MB, SHH INF	MB, SHH INF	1.00000	0.81600	MCF MB SHH	MCF MB SHH	1.00000
GSM2403285	2	FFPE	MB, G4	MB, G4	0.99998	0.84200	MCF MB G3G4	MCF MB G3G4	0.99998
GSM2403290	2	FFPE	MB, G4	MB, G4	1.00000	0.96800	MCF MB G3G4	MCF MB G3G4	1.00000
GSM2403293	2	FFPE	MB, SHH INF	MB, SHH INF	1.00000	0.77400	MCF MB SHH	MCF MB SHH	1.00000
GSM2403295	2	FFPE	MB, G3	MB, G3	1.00000	0.87600	MCF MB G3G4	MCF MB G3G4	1.00000
GSM2403296	2	FFPE	MB, SHH CHL AD	MB, SHH CHL AD	0.99990	0.68400	MCF MB SHH	MCF MB SHH	0.99990
GSM2403299	2	FFPE	MB, G3	MB, G3	0.99999	0.60400	MCF MB G3G4	MCF MB G3G4	0.99999
GSM2403301	2	FFPE	MB, G4	MB, G4	1.00000	0.98800	MCF MB G3G4	MCF MB G3G4	1.00000
GSM2403305	2	FFPE	MB, G4	MB, G4	0.99995	0.81800	MCF MB G3G4	MCF MB G3G4	0.99996
GSM2403308	2	FFPE	MB, G4	MB, G4	0.99999	0.87600	MCF MB G3G4	MCF MB G3G4	0.99999
GSM2403313	2	FFPE	MB, G4	MB, G4	1.00000	0.95400	MCF MB G3G4	MCF MB G3G4	1.00000
GSM2403315	2	FFPE	MB, G3	MB, G3	1.00000	0.86600	MCF MB G3G4	MCF MB G3G4	1.00000
GSM2403316	2	FFPE	MB, G3	MB, G3	1.00000	0.71800	MCF MB G3G4	MCF MB G3G4	1.00000
GSM2403323	2	FFPE	HGNET, MN1	HGNET, MN1	0.99999	0.34000	HGNET, MN1	HGNET, MN1	0.99999
GSM2403325	2	FFPE	MB, G4	MB, G3	0.96745	0.43600	MCF MB G3G4	MCF MB G3G4	0.99864
GSM2403328	2	FFPE	MB, SHH INF	MB, SHH INF	0.99802	0.55600	MCF MB SHH	MCF MB SHH	0.99920
GSM2403329	2	FFPE	MB, G4	MB, G4	0.99998	0.84600	MCF MB G3G4	MCF MB G3G4	0.99998
GSM2403333	2	FFPE	MB, G3	MB, G3	0.99998	0.60800	MCF MB G3G4	MCF MB G3G4	0.99999
GSM2403344	2	FFPE	MB, G3	MB, G3	1.00000	0.72200	MCF MB G3G4	MCF MB G3G4	1.00000
GSM2403346	2	FFPE	MB, G4	MB, G4	1.00000	0.94600	MCF MB G3G4	MCF MB G3G4	1.00000
GSM2403349	2	FFPE	MB, WNT	MB, WNT	0.99998	0.59800	MB, WNT	MB, WNT	0.99998
GSM2403354	2	FFPE	MB, SHH INF	MB, SHH INF	1.00000	0.84400	MCF MB SHH	MCF MB SHH	1.00000
GSM2403363	2	FFPE	MB, G3	MB, G3	1.00000	0.66000	MCF MB G3G4	MCF MB G3G4	1.00000
GSM2403366	2	FFPE	MB, G4	MB, G4	1.00000	0.99000	MCF MB G3G4	MCF MB G3G4	1.00000
GSM2403372	2	FFPE	MB, G4	MB, G4	1.00000	0.97000	MCF MB G3G4	MCF MB G3G4	1.00000
GSM2403375	2	FFPE	MB, SHH CHL AD	MB, SHH INF	0.81338	0.41400	MCF MB SHH	MCF MB SHH	0.97522
GSM2403379	2	FFPE	MB, G4	MB, G4	0.99999	0.90800	MCF MB G3G4	MCF MB G3G4	0.99999
GSM2403382	2	FFPE	MB, G3	MB, G3	0.99999	0.62400	MCF MB G3G4	MCF MB G3G4	0.99999
GSM2403383	2	FFPE	MB, SHH INF	MB, SHH INF	1.00000	0.80600	MCF MB SHH	MCF MB SHH	1.00000
GSM2403384	2	FFPE	MB, G4	MB, G4	1.00000	0.92000	MCF MB G3G4	MCF MB G3G4	1.00000
GSM2403389	2	FFPE	MB, SHH INF	MB, SHH INF	1.00000	0.83800	MCF MB SHH	MCF MB SHH	1.00000
GSM2403394	2	FFPE	MB, SHH CHL AD	MB, SHH CHL AD	0.99983	0.66000	MCF MB SHH	MCF MB SHH	0.99983
GSM2403398	2	FFPE	MB, G3	MB, G3	1.00000	0.67800	MCF MB G3G4	MCF MB G3G4	1.00000
GSM2403402	2	FFPE	MB, G4	MB, G3	0.61666	0.36200	MCF MB G3G4	MCF MB G3G4	0.99247
GSM2403404	2	Frozen	MB, G4	MB, G4	1.00000	0.95400	MCF MB G3G4	MCF MB G3G4	1.00000
GSM2403405	2	Frozen	MB, G4	MB, G4	1.00000	0.94400	MCF MB G3G4	MCF MB G3G4	1.00000
GSM2403406	2	Frozen	MB, SHH CHL AD	A IDH, HG	0.24844	0.07000	MCF MB SHH	MCF IDH GLM	0.26854
GSM2403410	2	Frozen	MB, SHH CHL AD	MB, SHH CHL AD	0.99992	0.69600	MCF MB SHH	MCF MB SHH	0.99992
GSM2403421	2	Frozen	LGG, PA MID	LGG, PA MID	1.00000	0.61000	MCF PA	MCF PA	1.00000
GSM2403426	2	Frozen	MB, SHH CHL AD	MB, SHH CHL AD	0.99997	0.75600	MCF MB SHH	MCF MB SHH	0.99997
GSM2403437	2	Frozen	MB, SHH CHL AD	MB, SHH CHL AD	0.99952	0.61600	MCF MB SHH	MCF MB SHH	0.99957
GSM2403445	2	Frozen	LGG, PA PF	LGG, PA PF	0.99511	0.65600	MCF PA	MCF PA	0.99957
GSM2403450	2	Frozen	LGG, PA PF	LGG, PA PF	0.99806	0.64600	MCF PA	MCF PA	0.99962
GSM2403451	2	Frozen	LGG, PA MID	LGG, PA MID	1.00000	0.69200	MCF PA	MCF PA	1.00000
GSM2403453	2	Frozen	LGG, PA MID	LGG, PA MID	1.00000	0.65800	MCF PA	MCF PA	1.00000
GSM2403458	2	Frozen	LGG, PA PF	LGG, PA PF	0.99975	0.69200	MCF PA	MCF PA	0.99986
GSM2403476	2	Frozen	GBM, RTK II	GBM, RTK II	0.99699	0.76800	MCF GBM	MCF GBM	1.00000
GSM2403478	2	Frozen	GBM, RTK I	GBM, RTK I	0.99871	0.47200	MCF GBM	MCF GBM	1.00000
GSM2403485	2	Frozen	GBM, RTK II	GBM, RTK II	0.87065	0.61000	MCF GBM	MCF GBM	0.99997
GSM2403488	2	Frozen	GBM, RTK II	GBM, RTK II	0.98803	0.71200	MCF GBM	MCF GBM	0.99997
GSM2403490	2	Frozen	DMG, K27	DMG, K27	0.99999	0.63200	DMG, K27	DMG, K27	0.99999
GSM2403497	2	Frozen	EPN, RELA	EPN, RELA	1.00000	0.69600	EPN, RELA	EPN, RELA	1.00000
GSM2403501	2	Frozen	CNS NB, FOXR2	CNS NB, FOXR2	0.99998	0.86400	CNS NB, FOXR2	CNS NB, FOXR2	0.99998
GSM2403505	2	FFPE	SCHW	SCHW, MEL	0.95239	0.13600	SCHW	SCHW, MEL	0.95239
GSM2403510	2	FFPE	LGG, PA PF	LGG, PA PF	0.99969	0.63800	MCF PA	MCF PA	0.99971
GSM2403511	2	FFPE	CONTR, REACT	CONTR, REACT	1.00000	0.51600	CONTR, REACT	CONTR, REACT	1.00000
GSM2403513	2	FFPE	CONTR, REACT	CONTR, REACT	1.00000	0.54400	CONTR, REACT	CONTR, REACT	1.00000
GSM2403514	2	FFPE	CONTR, REACT	CONTR, REACT	1.00000	0.38000	CONTR, REACT	CONTR, REACT	1.00000
GSM2403523	2	FFPE	MB, SHH INF	MB, SHH INF	1.00000	0.79000	MCF MB SHH	MCF MB SHH	1.00000
GSM2403524	2	FFPE	MB, G4	MB, G4	1.00000	0.97400	MCF MB G3G4	MCF MB G3G4	1.00000
GSM2403528	2	FFPE	ETMR	ETMR	0.99976	0.64400	ETMR	ETMR	0.99976
GSM2403531	2	Frozen	CONTR, HEMI	CONTR, HEMI	0.99966	0.59200	CONTR, HEMI	CONTR, HEMI	0.99966
GSM2403536	2	Frozen	MNG	MNG	0.99999	0.88800	MNG	MNG	0.99999
GSM2403547	2	Frozen	MNG	MNG	1.00000	0.96400	MNG	MNG	1.00000
GSM2403550	2	Frozen	MNG	MNG	0.99999	0.91600	MNG	MNG	0.99999
GSM2403555	2	Frozen	MNG	MNG	0.99995	0.79200	MNG	MNG	0.99995
GSM2403560	2	Frozen	MNG	MNG	0.99992	0.78800	MNG	MNG	0.99992
GSM2403563	2	Frozen	MNG	MNG	0.99978	0.70800	MNG	MNG	0.99978
GSM2403568	2	Frozen	LGG, PA MID	LGG, PA MID	1.00000	0.61000	MCF PA	MCF PA	1.00000
GSM2403572	2	FFPE	O IDH	O IDH	1.00000	0.71600	MCF IDH GLM	MCF IDH GLM	1.00000
GSM2403573	2	FFPE	LGG, MYB	LGG, MYB	0.99853	0.65000	LGG, MYB	LGG, MYB	0.99853
GSM2403583	2	FFPE	LGG, PA MID	LGG, PA MID	1.00000	0.52600	MCF PA	MCF PA	1.00000
GSM2403588	2	FFPE	A IDH	A IDH	0.96059	0.51200	MCF IDH GLM	MCF IDH GLM	0.99968
GSM2403592	2	Frozen	MNG	MNG	0.99995	0.78800	MNG	MNG	0.99995
GSM2403606	2	Frozen	EFT, CIC	EFT, CIC	0.98027	0.13800	EFT, CIC	EFT, CIC	0.98027
GSM2403607	2	FFPE	A IDH, HG	A IDH, HG	0.57204	0.32400	MCF IDH GLM	MCF IDH GLM	1.00000
GSM2403608	2	FFPE	A IDH	A IDH	0.97325	0.54800	MCF IDH GLM	MCF IDH GLM	0.99997
GSM2403619	2	FFPE	ATRT, SHH	ATRT, SHH	1.00000	0.54600	MCF ATRT	MCF ATRT	1.00000
GSM2403620	2	FFPE	ETMR	ETMR	0.99990	0.68400	ETMR	ETMR	0.99990
GSM2403626	2	FFPE	LGG, GG	LGG, GG	1.00000	0.55000	LGG, GG	LGG, GG	1.00000
GSM2403628	2	FFPE	SUBEPN, ST	SUBEPN, ST	0.99907	0.47000	SUBEPN, ST	SUBEPN, ST	0.99907
GSM2403631	2	FFPE	LGG, SEGA	LGG, SEGA	1.00000	0.58000	LGG, SEGA	LGG, SEGA	1.00000
GSM2403639	2	FFPE	SUBEPN, ST	SUBEPN, ST	0.99785	0.42000	SUBEPN, ST	SUBEPN, ST	0.99785
GSM2403642	2	FFPE	LGG, SEGA	LGG, SEGA	1.00000	0.64800	LGG, SEGA	LGG, SEGA	1.00000
GSM2403646	2	FFPE	PIN T, PB B	PIN T, PB B	0.99988	0.56000	PIN T, PB B	PIN T, PB B	0.99988
GSM2403647	2	FFPE	LYMPHO	LYMPHO	0.99987	0.39600	LYMPHO	LYMPHO	0.99987
GSM2403649	2	Frozen	GBM, RTK I	GBM, RTK I	1.00000	0.71600	MCF GBM	MCF GBM	1.00000
GSM2403650	2	Frozen	GBM, RTK II	GBM, RTK II	0.96997	0.52600	MCF GBM	MCF GBM	0.99987
GSM2403666	2	FFPE	ETMR	ETMR	0.93677	0.35600	ETMR	ETMR	0.93677
GSM2403668	2	Frozen	GBM, MES	GBM, RTK II	0.90861	0.55800	MCF GBM	MCF GBM	1.00000
GSM2403669	2	Frozen	GBM, RTK II	GBM, RTK II	0.99614	0.68000	MCF GBM	MCF GBM	0.99998
GSM2403671	2	Frozen	GBM, RTK II	GBM, RTK II	0.97458	0.79000	MCF GBM	MCF GBM	1.00000
GSM2403673	2	Frozen	GBM, RTK II	GBM, RTK II	0.99028	0.50200	MCF GBM	MCF GBM	0.99607
GSM2403674	2	Frozen	GBM, RTK II	GBM, RTK II	0.99035	0.71200	MCF GBM	MCF GBM	0.99997
GSM2403676	2	Frozen	GBM, RTK II	GBM, RTK II	0.92714	0.66400	MCF GBM	MCF GBM	0.99997
GSM2403694	2	Frozen	HGNET, MN1	HGNET, MN1	0.99990	0.28000	HGNET, MN1	HGNET, MN1	0.99990
GSM2403696	2	Frozen	GBM, RTK I	GBM, RTK I	0.99995	0.51200	MCF GBM	MCF GBM	1.00000
GSM2403702	2	Frozen	HGNET, BCOR	HGNET, BCOR	1.00000	0.67000	HGNET, BCOR	HGNET, BCOR	1.00000
GSM2403704	2	FFPE	PTPR, B	PTPR, B	0.94939	0.35400	PTPR, B	PTPR, B	0.94939
GSM2403711	2	FFPE	PIN T, PPT	PIN T, PPT	0.99999	0.71600	PIN T, PPT	PIN T, PPT	0.99999
GSM2403716	2	FFPE	CPH, ADM	CPH, ADM	1.00000	0.82400	CPH, ADM	CPH, ADM	1.00000
GSM2403721	2	FFPE	EFT, CIC	EFT, CIC	1.00000	0.43000	EFT, CIC	EFT, CIC	1.00000
GSM2403724	2	Frozen	GBM, RTK II	GBM, RTK II	0.99575	0.53200	MCF GBM	MCF GBM	0.99975
GSM2403734	2	FFPE	A IDH	A IDH	0.96726	0.52600	MCF IDH GLM	MCF IDH GLM	0.99977
GSM2403737	2	FFPE	EPN, MPE	EPN, MPE	1.00000	0.64200	EPN, MPE	EPN, MPE	1.00000
GSM2403743	2	FFPE	LGG, PA/GG ST	CONTR, REACT	0.52887	0.11800	MCF PA	CONTR, REACT	0.52887
GSM2403747	2	FFPE	EPN, MPE	EPN, MPE	0.99887	0.45200	EPN, MPE	EPN, MPE	0.99887
GSM2403749	2	FFPE	DMG, K27	DMG, K27	1.00000	0.74000	DMG, K27	DMG, K27	1.00000
GSM2403752	2	Frozen	HGNET, BCOR	HGNET, BCOR	1.00000	0.63000	HGNET, BCOR	HGNET, BCOR	1.00000
GSM2403755	2	FFPE	LGG, DNT	LGG, DNT	0.99999	0.79800	LGG, DNT	LGG, DNT	0.99999
GSM2403764	2	Frozen	CNS NB, FOXR2	CNS NB, FOXR2	0.99992	0.78400	CNS NB, FOXR2	CNS NB, FOXR2	0.99992
GSM2403768	2	FFPE	CN	CN	0.99990	0.57600	CN	CN	0.99990
GSM2403774	2	FFPE	CN	CN	0.99997	0.64000	CN	CN	0.99997
GSM2403779	2	FFPE	PLEX, AD	PLEX, AD	1.00000	0.68200	MCF PLEX T	MCF PLEX T	1.00000
GSM2403783	2	FFPE	EPN, PF A	EPN, PF A	0.99998	0.93400	EPN, PF A	EPN, PF A	0.99998
GSM2403784	2	FFPE	CPH, ADM	CPH, ADM	1.00000	0.85000	CPH, ADM	CPH, ADM	1.00000
GSM2403786	2	FFPE	CPH, ADM	CPH, ADM	1.00000	0.87000	CPH, ADM	CPH, ADM	1.00000
GSM2403795	2	FFPE	EPN, RELA	EPN, RELA	0.99998	0.55000	EPN, RELA	EPN, RELA	0.99998
GSM2403798	2	FFPE	HGNET, MN1	HGNET, MN1	0.99966	0.29000	HGNET, MN1	HGNET, MN1	0.99966
GSM2403800	2	FFPE	EPN, RELA	EPN, RELA	0.99896	0.38600	EPN, RELA	EPN, RELA	0.99896
GSM2403822	2	FFPE	EPN, PF A	EPN, PF A	0.99991	0.84200	EPN, PF A	EPN, PF A	0.99991
GSM2403826	2	FFPE	DMG, K27	DMG, K27	0.99999	0.63000	DMG, K27	DMG, K27	0.99999
GSM2403832	2	Frozen	MB, SHH CHL AD	MB, SHH CHL AD	1.00000	0.95600	MCF MB SHH	MCF MB SHH	1.00000
GSM2403840	2	FFPE	ENB, A	ENB, A	0.99997	0.53600	MCF ENB	MCF ENB	1.00000
GSM2403842	2	FFPE	LGG, DNT	LGG, DNT	0.91042	0.35800	LGG, DNT	LGG, DNT	0.91042
GSM2403846	2	FFPE	CPH, PAP	CPH, PAP	0.98793	0.34600	CPH, PAP	CPH, PAP	0.98793
GSM2403849	2	FFPE	CPH, PAP	CPH, PAP	0.70566	0.21600	CPH, PAP	CPH, PAP	0.70566
GSM2403855	2	FFPE	EPN, PF A	EPN, PF A	0.99996	0.91600	EPN, PF A	EPN, PF A	0.99996
GSM2403859	2	FFPE	EPN, PF A	EPN, PF A	0.99972	0.73200	EPN, PF A	EPN, PF A	0.99972
GSM2403864	2	FFPE	EPN, PF A	EPN, PF A	0.99990	0.81800	EPN, PF A	EPN, PF A	0.99990
GSM2403867	2	FFPE	EPN, PF B	EPN, PF B	1.00000	0.77200	EPN, PF B	EPN, PF B	1.00000
GSM2403876	2	FFPE	EPN, PF A	EPN, PF A	0.99990	0.85200	EPN, PF A	EPN, PF A	0.99990
GSM2403877	2	FFPE	EPN, PF A	EPN, PF A	0.99988	0.83600	EPN, PF A	EPN, PF A	0.99988
GSM2403880	2	FFPE	EPN, PF A	EPN, PF A	0.99995	0.87800	EPN, PF A	EPN, PF A	0.99995
GSM2403889	2	FFPE	EPN, PF A	EPN, PF A	0.99993	0.86800	EPN, PF A	EPN, PF A	0.99993
GSM2403893	2	Frozen	ATRT, TYR	ATRT, TYR	1.00000	0.76000	MCF ATRT	MCF ATRT	1.00000
GSM2403907	2	FFPE	HMB	HMB	0.99999	0.56000	HMB	HMB	0.99999
GSM2403909	2	FFPE	HMB	HMB	1.00000	0.75200	HMB	HMB	1.00000
GSM2403910	2	FFPE	HMB	HMB	0.99991	0.40400	HMB	HMB	0.99991
GSM2403913	2	FFPE	HMB	HMB	1.00000	0.58400	HMB	HMB	1.00000
GSM2403925	2	FFPE	PTPR, A	PTPR, A	0.94454	0.12000	PTPR, A	PTPR, A	0.94454
GSM2403934	2	FFPE	PTPR, B	PTPR, B	0.99996	0.59000	PTPR, B	PTPR, B	0.99996
GSM2403941	2	FFPE	ETMR	ETMR	0.99946	0.60200	ETMR	ETMR	0.99946
GSM2403946	2	FFPE	HMB	HMB	1.00000	0.69600	HMB	HMB	1.00000
GSM2403950	2	FFPE	SFT HMPC	SFT HMPC	1.00000	0.50200	SFT HMPC	SFT HMPC	1.00000
GSM2403957	2	FFPE	SCHW	SCHW	1.00000	0.66400	SCHW	SCHW	1.00000
GSM2403959	2	FFPE	SCHW	SCHW	0.96265	0.20800	SCHW	SCHW	0.96265
GSM2403965	2	FFPE	SFT HMPC	SFT HMPC	1.00000	0.53400	SFT HMPC	SFT HMPC	1.00000
GSM2403975	2	Frozen	EPN, PF A	EPN, PF A	0.99995	0.88800	EPN, PF A	EPN, PF A	0.99995
GSM2403977	2	Frozen	EPN, PF B	EPN, PF B	0.99976	0.53800	EPN, PF B	EPN, PF B	0.99976
GSM2403978	2	Frozen	EPN, PF A	EPN, PF A	0.99994	0.90600	EPN, PF A	EPN, PF A	0.99994
GSM2403986	2	Frozen	EPN, PF A	EPN, PF A	0.99994	0.89600	EPN, PF A	EPN, PF A	0.99994
GSM2403990	2	FFPE	PGG, nC	PGG, nC	0.99995	0.62600	PGG, nC	PGG, nC	0.99995
GSM2403992	2	FFPE	PGG, nC	PGG, nC	0.99982	0.55800	PGG, nC	PGG, nC	0.99982
GSM2404000	2	FFPE	LGG, PA PF	LGG, PA PF	0.99967	0.70000	MCF PA	MCF PA	0.99970
GSM2404013	2	FFPE	PIN T, PPT	PIN T, PPT	0.99998	0.60600	PIN T, PPT	PIN T, PPT	0.99998
GSM2404018	2	FFPE	SFT HMPC	SFT HMPC	0.99999	0.46200	SFT HMPC	SFT HMPC	0.99999
GSM2404019	2	FFPE	PLEX, PED A	PLEX, PED A	0.99660	0.31200	MCF PLEX T	MCF PLEX T	0.99997
GSM2404025	2	FFPE	GBM, RTK III	GBM, RTK III	0.98268	0.12400	MCF GBM	MCF GBM	0.99901
GSM2404031	2	FFPE	PLEX, AD	PLEX, AD	1.00000	0.67800	MCF PLEX T	MCF PLEX T	1.00000
GSM2404038	2	FFPE	PITUI	PITUI	0.99982	0.49600	PITUI	PITUI	0.99982
GSM2404048	2	FFPE	EPN, YAP	EPN, YAP	1.00000	0.60800	EPN, YAP	EPN, YAP	1.00000
GSM2404061	2	FFPE	SCHW	SCHW, MEL	0.50443	0.14000	SCHW	SCHW, MEL	0.50443
GSM2404070	2	FFPE	ETMR	ETMR	0.99999	0.79200	ETMR	ETMR	0.99999
GSM2404071	2	FFPE	ETMR	ETMR	0.99994	0.71200	ETMR	ETMR	0.99994
GSM2404073	2	FFPE	CN	CN	0.99998	0.46200	CN	CN	0.99998
GSM2404076	2	FFPE	MNG	MNG	0.99990	0.71600	MNG	MNG	0.99990
GSM2404077	2	FFPE	MNG	MNG	0.78811	0.35600	MNG	MNG	0.78811
GSM2404085	2	FFPE	MNG	MNG	0.99996	0.78000	MNG	MNG	0.99996
GSM2404088	2	FFPE	MNG	MNG	0.99973	0.66000	MNG	MNG	0.99973
GSM2404093	2	FFPE	EPN, RELA	EPN, RELA	1.00000	0.59000	EPN, RELA	EPN, RELA	1.00000
GSM2404095	2	FFPE	MB, WNT	MB, WNT	1.00000	0.85400	MB, WNT	MB, WNT	1.00000
GSM2404098	2	Frozen	ATRT, TYR	ATRT, TYR	1.00000	0.86000	MCF ATRT	MCF ATRT	1.00000
GSM2404110	2	FFPE	PGG, nC	PGG, nC	0.99960	0.53400	PGG, nC	PGG, nC	0.99960
GSM2404112	2	FFPE	ETMR	ETMR	0.99997	0.74600	ETMR	ETMR	0.99997
GSM2404114	2	FFPE	PITAD, STH DNS B	PITAD, STH DNS B	1.00000	0.36800	PITAD, STH DNS B	PITAD, STH DNS B	1.00000
GSM2404126	2	Frozen	ATRT, SHH	ATRT, SHH	1.00000	0.59400	MCF ATRT	MCF ATRT	1.00000
GSM2404130	2	Frozen	CNS NB, FOXR2	CNS NB, FOXR2	0.99998	0.87800	CNS NB, FOXR2	CNS NB, FOXR2	0.99998
GSM2404135	2	FFPE	SUBEPN, PF	SUBEPN, PF	1.00000	0.80200	SUBEPN, PF	SUBEPN, PF	1.00000
GSM2404140	2	FFPE	O IDH	A IDH	0.86978	0.38600	MCF IDH GLM	MCF IDH GLM	0.99731
GSM2404141	2	FFPE	PGG, nC	PGG, nC	0.99420	0.42000	PGG, nC	PGG, nC	0.99420
GSM2404143	2	FFPE	PITAD, FSH LH	PITAD, FSH LH	1.00000	0.76000	PITAD, FSH LH	PITAD, FSH LH	1.00000
GSM2404144	2	FFPE	EPN, SPINE	EPN, SPINE	1.00000	0.73400	EPN, SPINE	EPN, SPINE	1.00000
GSM2404148	2	FFPE	ATRT, MYC	ATRT, MYC	1.00000	0.72400	MCF ATRT	MCF ATRT	1.00000
GSM2404149	2	FFPE	ATRT, MYC	ATRT, MYC	1.00000	0.51400	MCF ATRT	MCF ATRT	1.00000
GSM2404153	2	FFPE	ATRT, MYC	ATRT, MYC	1.00000	0.61600	MCF ATRT	MCF ATRT	1.00000
GSM2404154	2	FFPE	ATRT, TYR	ATRT, TYR	0.99997	0.63600	MCF ATRT	MCF ATRT	0.99998
GSM2404165	2	FFPE	ATRT, TYR	ATRT, TYR	0.99999	0.67200	MCF ATRT	MCF ATRT	0.99999
GSM2404169	2	FFPE	CPH, ADM	CPH, ADM	0.99986	0.52600	CPH, ADM	CPH, ADM	0.99986
GSM2404189	2	FFPE	LIPN	LIPN	0.99841	0.44200	LIPN	LIPN	0.99841
GSM2404194	2	FFPE	PLEX, AD	PLEX, AD	1.00000	0.55000	MCF PLEX T	MCF PLEX T	1.00000
GSM2404198	2	FFPE	EWS	EWS	0.99994	0.32600	EWS	EWS	0.99994
GSM2404201	2	FFPE	PITAD, STH DNS B	PITAD, STH DNS B	0.99996	0.28800	PITAD, STH DNS B	PITAD, STH DNS B	0.99996
GSM2404207	2	FFPE	EPN, PF A	EPN, PF A	0.99994	0.90600	EPN, PF A	EPN, PF A	0.99994
GSM2404211	2	FFPE	O IDH	O IDH	1.00000	0.88400	MCF IDH GLM	MCF IDH GLM	1.00000
GSM2404212	2	FFPE	A IDH, HG	A IDH, HG	0.97999	0.45200	MCF IDH GLM	MCF IDH GLM	1.00000
GSM2404215	2	FFPE	O IDH	O IDH	1.00000	0.69400	MCF IDH GLM	MCF IDH GLM	1.00000
GSM2404228	2	FFPE	A IDH, HG	A IDH, HG	0.99979	0.68800	MCF IDH GLM	MCF IDH GLM	1.00000
GSM2404229	2	FFPE	O IDH	O IDH	1.00000	0.80600	MCF IDH GLM	MCF IDH GLM	1.00000
GSM2404232	2	FFPE	O IDH	O IDH	1.00000	0.82800	MCF IDH GLM	MCF IDH GLM	1.00000
GSM2404237	2	FFPE	O IDH	O IDH	1.00000	0.67800	MCF IDH GLM	MCF IDH GLM	1.00000
GSM2404238	2	FFPE	O IDH	O IDH	1.00000	0.76400	MCF IDH GLM	MCF IDH GLM	1.00000
GSM2404241	2	FFPE	MELAN	MELAN	1.00000	0.35000	MELAN	MELAN	1.00000
GSM2404246	2	FFPE	MELCYT	MELCYT	0.99779	0.77800	MELCYT	MELCYT	0.99779
GSM2404249	2	FFPE	SCHW, MEL	SCHW, MEL	1.00000	0.28400	SCHW, MEL	SCHW, MEL	1.00000
GSM2404253	2	FFPE	SCHW, MEL	SCHW, MEL	0.99997	0.24200	SCHW, MEL	SCHW, MEL	0.99997
GSM2404255	2	FFPE	EPN, PF A	EPN, PF A	0.99995	0.87200	EPN, PF A	EPN, PF A	0.99995
GSM2404258	2	FFPE	SUBEPN, PF	SUBEPN, PF	0.99999	0.57000	SUBEPN, PF	SUBEPN, PF	0.99999
GSM2404268	2	Frozen	MB, SHH CHL AD	MB, SHH CHL AD	0.99999	0.79600	MCF MB SHH	MCF MB SHH	0.99999
GSM2404276	2	FFPE	SUBEPN, SPINE	SUBEPN, SPINE	1.00000	0.40600	SUBEPN, SPINE	SUBEPN, SPINE	1.00000
GSM2404297	2	FFPE	CONTR, ADENOPIT	CONTR, ADENOPIT	0.96190	0.25200	CONTR, ADENOPIT	CONTR, ADENOPIT	0.96190
GSM2404299	2	FFPE	LGG, DNT	LGG, DNT	1.00000	0.88600	LGG, DNT	LGG, DNT	1.00000
GSM2404305	2	FFPE	LGG, SEGA	LGG, SEGA	0.99995	0.41600	LGG, SEGA	LGG, SEGA	0.99995
GSM2404310	2	Frozen	EPN, PF A	EPN, PF A	0.99989	0.85800	EPN, PF A	EPN, PF A	0.99989
GSM2404313	2	Frozen	EPN, PF A	EPN, PF A	0.99987	0.81800	EPN, PF A	EPN, PF A	0.99987
GSM2404323	2	FFPE	LGG, GG	LGG, GG	1.00000	0.71400	LGG, GG	LGG, GG	1.00000
GSM2404328	2	FFPE	LGG, DNT	LGG, DNT	0.99943	0.62200	LGG, DNT	LGG, DNT	0.99943
GSM2404329	2	FFPE	LGG, MYB	LGG, MYB	0.99978	0.45400	LGG, MYB	LGG, MYB	0.99978
GSM2404336	2	FFPE	LGG, GG	LGG, GG	1.00000	0.62000	LGG, GG	LGG, GG	1.00000
GSM2404337	2	FFPE	LGG, GG	LGG, GG	1.00000	0.66800	LGG, GG	LGG, GG	1.00000
GSM2404341	2	FFPE	LGG, GG	LGG, GG	1.00000	0.66600	LGG, GG	LGG, GG	1.00000
GSM2404344	2	FFPE	GBM, MES	GBM, MES	0.96792	0.32000	MCF GBM	MCF GBM	0.99790
GSM2404349	2	FFPE	PITAD, STH SPA	PITAD, STH SPA	0.99999	0.45600	PITAD, STH SPA	PITAD, STH SPA	0.99999
GSM2404353	2	FFPE	PITAD, STH SPA	PITAD, STH SPA	1.00000	0.55200	PITAD, STH SPA	PITAD, STH SPA	1.00000
GSM2404354	2	FFPE	PITAD, STH SPA	PITAD, STH SPA	1.00000	0.59200	PITAD, STH SPA	PITAD, STH SPA	1.00000
GSM2404357	2	FFPE	PITAD, STH SPA	PITAD, STH SPA	1.00000	0.58400	PITAD, STH SPA	PITAD, STH SPA	1.00000
GSM2404361	2	FFPE	PITAD, STH DNS A	PITAD, STH DNS A	1.00000	0.21200	PITAD, STH DNS A	PITAD, STH DNS A	1.00000
GSM2404365	2	FFPE	CONTR, PINEAL	CONTR, PINEAL	0.99999	0.61000	CONTR, PINEAL	CONTR, PINEAL	0.99999
GSM2404370	2	FFPE	PITAD, STH DNS A	PITAD, STH DNS A	1.00000	0.21600	PITAD, STH DNS A	PITAD, STH DNS A	1.00000
GSM2404375	2	FFPE	PITAD, FSH LH	PITAD, FSH LH	0.99992	0.58800	PITAD, FSH LH	PITAD, FSH LH	0.99992
GSM2404376	2	FFPE	MB, WNT	MB, WNT	0.99999	0.64600	MB, WNT	MB, WNT	0.99999
GSM2404378	2	FFPE	MB, SHH CHL AD	MB, SHH CHL AD	1.00000	0.95400	MCF MB SHH	MCF MB SHH	1.00000
GSM2404383	2	Frozen	EPN, SPINE	EPN, SPINE	1.00000	0.65200	EPN, SPINE	EPN, SPINE	1.00000
GSM2404384	2	Frozen	EPN, SPINE	EPN, SPINE	0.99925	0.43000	EPN, SPINE	EPN, SPINE	0.99925
GSM2404388	2	Frozen	EPN, PF B	EPN, PF B	0.99988	0.58200	EPN, PF B	EPN, PF B	0.99988
GSM2404394	2	Frozen	EPN, PF A	EPN, PF A	0.99994	0.85800	EPN, PF A	EPN, PF A	0.99994
GSM2404402	2	Frozen	EPN, PF B	EPN, PF B	1.00000	0.65000	EPN, PF B	EPN, PF B	1.00000
GSM2404409	2	FFPE	PITAD, FSH LH	PITAD, FSH LH	0.99997	0.64400	PITAD, FSH LH	PITAD, FSH LH	0.99997
GSM2404412	2	FFPE	PITAD, FSH LH	PITAD, FSH LH	1.00000	0.70400	PITAD, FSH LH	PITAD, FSH LH	1.00000
GSM2404427	2	FFPE	PITAD, ACTH	PITAD, ACTH	0.99543	0.24000	PITAD, ACTH	PITAD, ACTH	0.99543
GSM2404430	2	FFPE	EWS	EWS	0.99968	0.26400	EWS	EWS	0.99968
GSM2404431	2	FFPE	EPN, RELA	EPN, RELA	1.00000	0.62400	EPN, RELA	EPN, RELA	1.00000
GSM2404433	2	FFPE	MELAN	MELAN	1.00000	0.43600	MELAN	MELAN	1.00000
GSM2404442	2	FFPE	PITUI	PITUI	0.99999	0.63000	PITUI	PITUI	0.99999
GSM2404444	2	FFPE	PITUI	PITUI	0.99997	0.55800	PITUI	PITUI	0.99997
GSM2404447	2	FFPE	CONTR, WM	CONTR, WM	0.99988	0.57200	CONTR, WM	CONTR, WM	0.99988
GSM2404449	2	FFPE	SCHW	SCHW	0.99984	0.41200	SCHW	SCHW	0.99984
GSM2404450	2	FFPE	EPN, SPINE	EPN, SPINE	0.99065	0.32800	EPN, SPINE	EPN, SPINE	0.99065
GSM2404454	2	FFPE	CONTR, ADENOPIT	CONTR, ADENOPIT	1.00000	0.67000	CONTR, ADENOPIT	CONTR, ADENOPIT	1.00000
GSM2404458	2	FFPE	PIN T, PPT	PIN T, PPT	0.99883	0.43800	PIN T, PPT	PIN T, PPT	0.99883
GSM2404460	2	FFPE	PIN T, PB B	PIN T, PB B	1.00000	0.81200	PIN T, PB B	PIN T, PB B	1.00000
GSM2404463	2	Frozen	EPN, SPINE	EPN, SPINE	0.99585	0.36200	EPN, SPINE	EPN, SPINE	0.99585
GSM2404470	2	FFPE	MNG	MNG	0.99998	0.86400	MNG	MNG	0.99998
GSM2404478	2	FFPE	PITAD, PRL	PITAD, PRL	0.99995	0.38600	PITAD, PRL	PITAD, PRL	0.99995
GSM2404487	2	FFPE	GBM, MYCN	GBM, MYCN	0.99976	0.15000	MCF GBM	MCF GBM	1.00000
GSM2404491	2	FFPE	GBM, G34	GBM, G34	1.00000	0.67200	GBM, G34	GBM, G34	1.00000
GSM2404498	2	FFPE	PXA	PXA	0.99991	0.30000	PXA	PXA	0.99991
GSM2404499	2	FFPE	GBM, RTK III	GBM, RTK III	0.99909	0.14200	MCF GBM	MCF GBM	0.99929
GSM2404513	2	FFPE	PLEX, AD	PLEX, AD	0.99854	0.31800	MCF PLEX T	MCF PLEX T	0.99971
GSM2404515	2	FFPE	LGG, DNT	LGG, DNT	0.99999	0.81200	LGG, DNT	LGG, DNT	0.99999
GSM2404517	2	FFPE	O IDH	O IDH	1.00000	0.73200	MCF IDH GLM	MCF IDH GLM	1.00000
GSM2404533	2	FFPE	EPN, MPE	EPN, MPE	0.99999	0.58800	EPN, MPE	EPN, MPE	0.99999
GSM2404538	2	FFPE	CHORDM	CHORDM	0.99833	0.14800	CHORDM	CHORDM	0.99833
GSM2404542	2	FFPE	MELCYT	MELCYT	0.99531	0.29800	MELCYT	MELCYT	0.99531
GSM2404549	2	FFPE	LGG, PA PF	LGG, PA PF	0.99394	0.49800	MCF PA	MCF PA	0.99684
GSM2404552	2	FFPE	LGG, RGNT	LGG, RGNT	1.00000	0.54600	LGG, RGNT	LGG, RGNT	1.00000
GSM2404553	2	FFPE	PIN T, PPT	RETB	0.52071	0.03200	PIN T, PPT	RETB	0.52071
GSM2404554	2	FFPE	LIPN	LIPN	0.99818	0.41400	LIPN	LIPN	0.99818
GSM2404562	2	FFPE	O IDH	O IDH	1.00000	0.76600	MCF IDH GLM	MCF IDH GLM	1.00000
GSM2404563	2	FFPE	PXA	PXA	0.99999	0.39400	PXA	PXA	0.99999
GSM2404570	2	Frozen	GBM, MES	GBM, MES	0.82325	0.46800	MCF GBM	MCF GBM	1.00000
GSM2404577	2	Frozen	GBM, RTK II	GBM, RTK II	0.98877	0.48800	MCF GBM	MCF GBM	0.99864
GSM2404581	2	Frozen	CONTR, INFLAM	CONTR, INFLAM	1.00000	0.73200	CONTR, INFLAM	CONTR, INFLAM	1.00000
GSM2404589	2	FFPE	PIN T, PB A	RETB	0.99925	0.50000	PIN T, PB A	RETB	0.99925
GSM2404601	2	Frozen	CONTR, INFLAM	CONTR, INFLAM	1.00000	0.82000	CONTR, INFLAM	CONTR, INFLAM	1.00000
GSM2404602	2	Frozen	GBM, RTK II	GBM, RTK II	0.99487	0.36000	MCF GBM	MCF GBM	0.99979
GSM2404605	2	FFPE	CPH, PAP	CPH, PAP	0.99978	0.54600	CPH, PAP	CPH, PAP	0.99978
GSM2404610	2	FFPE	CHORDM	CHORDM	1.00000	0.39400	CHORDM	CHORDM	1.00000
GSM2404615	2	FFPE	DMG, K27	DMG, K27	1.00000	0.66000	DMG, K27	DMG, K27	1.00000
GSM2404617	2	FFPE	GBM, RTK III	GBM, RTK II	0.72546	0.20800	MCF GBM	MCF GBM	0.99835
GSM2404619	2	FFPE	LGG, SEGA	LGG, SEGA	0.99907	0.38200	LGG, SEGA	LGG, SEGA	0.99907
GSM2404629	2	FFPE	PTPR, B	PTPR, B	0.99997	0.62200	PTPR, B	PTPR, B	0.99997
GSM2404631	2	Frozen	GBM, RTK I	GBM, RTK I	1.00000	0.45400	MCF GBM	MCF GBM	1.00000
GSM2404644	2	Frozen	CONTR, INFLAM	CONTR, INFLAM	0.99996	0.50600	CONTR, INFLAM	CONTR, INFLAM	0.99996
GSM2404645	2	Frozen	GBM, RTK II	GBM, RTK II	0.97923	0.69400	MCF GBM	MCF GBM	0.99999
GSM2404649	2	FFPE	PLASMA	PLASMA	0.99999	0.40800	PLASMA	PLASMA	0.99999
GSM2404654	2	FFPE	GBM, MID	GBM, MID	1.00000	0.26800	MCF GBM	MCF GBM	1.00000
GSM2404660	2	FFPE	DMG, K27	DMG, K27	0.99996	0.53000	DMG, K27	DMG, K27	0.99996
GSM2404662	2	FFPE	GBM, G34	GBM, G34	0.99999	0.51200	GBM, G34	GBM, G34	0.99999
GSM2404675	2	FFPE	DMG, K27	DMG, K27	0.99980	0.57000	DMG, K27	DMG, K27	0.99980
GSM2404680	2	FFPE	O IDH	O IDH	1.00000	0.76200	MCF IDH GLM	MCF IDH GLM	1.00000
GSM2404683	2	FFPE	A IDH	A IDH	0.99599	0.62200	MCF IDH GLM	MCF IDH GLM	0.99988
GSM2404691	2	FFPE	CONTR, PINEAL	CONTR, PINEAL	1.00000	0.63800	CONTR, PINEAL	CONTR, PINEAL	1.00000
GSM2404696	2	Frozen	CNS NB, FOXR2	CNS NB, FOXR2	0.99995	0.82800	CNS NB, FOXR2	CNS NB, FOXR2	0.99995
GSM2404697	2	FFPE	DMG, K27	DMG, K27	0.99998	0.67400	DMG, K27	DMG, K27	0.99998
GSM2404701	2	FFPE	GBM, MES	GBM, MES	0.51103	0.30200	MCF GBM	MCF GBM	1.00000
GSM2404708	2	FFPE	DMG, K27	DMG, K27	1.00000	0.80000	DMG, K27	DMG, K27	1.00000
GSM2404710	2	FFPE	PXA	PXA	1.00000	0.58600	PXA	PXA	1.00000
GSM2404712	2	FFPE	ENB, A	ENB, A	1.00000	0.69200	MCF ENB	MCF ENB	1.00000
GSM2404715	2	FFPE	GBM, RTK I	GBM, RTK II	0.63356	0.46000	MCF GBM	MCF GBM	0.99836
GSM2404721	2	FFPE	LGG, MYB	LGG, MYB	1.00000	0.42800	LGG, MYB	LGG, MYB	1.00000
GSM2404722	2	FFPE	ENB, A	ENB, A	0.99994	0.57400	MCF ENB	MCF ENB	1.00000
GSM2404731	2	FFPE	ENB, B	ENB, B	1.00000	0.53800	MCF ENB	MCF ENB	1.00000
GSM2404733	2	FFPE	LGG, DIG/DIA	LGG, DIG/DIA	1.00000	0.52600	LGG, DIG/DIA	LGG, DIG/DIA	1.00000
GSM2404737	2	FFPE	A IDH, HG	A IDH, HG	0.99939	0.56800	MCF IDH GLM	MCF IDH GLM	1.00000
GSM2404741	2	Frozen	HGNET, BCOR	HGNET, BCOR	1.00000	0.62600	HGNET, BCOR	HGNET, BCOR	1.00000
GSM2404742	2	Frozen	MB, SHH INF	MB, SHH INF	0.99995	0.62800	MCF MB SHH	MCF MB SHH	0.99995
GSM2404745	2	Frozen	MB, SHH CHL AD	MB, SHH CHL AD	0.98497	0.43800	MCF MB SHH	MCF MB SHH	0.98819
GSM2404748	2	Frozen	A IDH	A IDH	0.99860	0.75400	MCF IDH GLM	MCF IDH GLM	1.00000
GSM2404750	2	Frozen	A IDH	A IDH	0.99775	0.73600	MCF IDH GLM	MCF IDH GLM	1.00000
GSM2404760	2	FFPE	EPN, PF B	EPN, PF B	1.00000	0.65800	EPN, PF B	EPN, PF B	1.00000
GSM2404762	2	FFPE	PTPR, A	PTPR, A	1.00000	0.51000	PTPR, A	PTPR, A	1.00000
GSM2404773	2	FFPE	CN	CN	0.99843	0.55200	CN	CN	0.99843
GSM2404776	2	Frozen	ATRT, MYC	ATRT, MYC	1.00000	0.63800	MCF ATRT	MCF ATRT	1.00000
GSM2404778	2	FFPE	PXA	PXA	1.00000	0.51200	PXA	PXA	1.00000
GSM2404779	2	FFPE	A IDH	A IDH	0.95582	0.56200	MCF IDH GLM	MCF IDH GLM	0.99998
GSM2404788	2	FFPE	DMG, K27	DMG, K27	1.00000	0.65800	DMG, K27	DMG, K27	1.00000
GSM2404789	2	FFPE	SUBEPN, PF	SUBEPN, PF	1.00000	0.87600	SUBEPN, PF	SUBEPN, PF	1.00000
GSM2404799	2	Frozen	SUBEPN, ST	SUBEPN, ST	1.00000	0.67400	SUBEPN, ST	SUBEPN, ST	1.00000
GSM2404800	2	Frozen	SUBEPN, PF	SUBEPN, PF	1.00000	0.93400	SUBEPN, PF	SUBEPN, PF	1.00000
GSM2404803	2	Frozen	EPN, MPE	EPN, MPE	0.99987	0.47800	EPN, MPE	EPN, MPE	0.99987
GSM2404812	2	FFPE	DMG, K27	DMG, K27	1.00000	0.79000	DMG, K27	DMG, K27	1.00000
GSM2404814	2	FFPE	DMG, K27	DMG, K27	1.00000	0.91000	DMG, K27	DMG, K27	1.00000
GSM2404820	2	FFPE	MELCYT	MELCYT	0.99977	0.51800	MELCYT	MELCYT	0.99977
GSM2404829	2	FFPE	GBM, MES	GBM, MES	0.63051	0.44400	MCF GBM	MCF GBM	0.99999
GSM2404831	2	FFPE	LGG, PA PF	LGG, PA PF	0.98561	0.46000	MCF PA	MCF PA	0.99244
GSM2404833	2	FFPE	ATRT, SHH	ATRT, SHH	0.99999	0.53200	MCF ATRT	MCF ATRT	0.99999
GSM2404834	2	FFPE	ATRT, SHH	ATRT, SHH	1.00000	0.56400	MCF ATRT	MCF ATRT	1.00000
GSM2404841	2	FFPE	ATRT, TYR	ATRT, TYR	1.00000	0.79400	MCF ATRT	MCF ATRT	1.00000
GSM2404847	2	FFPE	LGG, PA/GG ST	LGG, PA/GG ST	0.99691	0.30400	MCF PA	MCF PA	0.99714
GSM2404848	2	FFPE	GBM, MID	GBM, MID	1.00000	0.28000	MCF GBM	MCF GBM	1.00000
GSM2404855	2	FFPE	EPN, PF B	EPN, PF B	1.00000	0.74600	EPN, PF B	EPN, PF B	1.00000
GSM2404864	2	FFPE	SUBEPN, PF	SUBEPN, PF	1.00000	0.59400	SUBEPN, PF	SUBEPN, PF	1.00000
GSM2404867	2	FFPE	A IDH	A IDH	0.99574	0.74400	MCF IDH GLM	MCF IDH GLM	1.00000
GSM2404871	2	FFPE	LGG, DNT	LGG, DNT	0.99999	0.82800	LGG, DNT	LGG, DNT	0.99999
GSM2404878	2	FFPE	A IDH	A IDH	0.98264	0.65800	MCF IDH GLM	MCF IDH GLM	1.00000
GSM2404882	2	Frozen	ATRT, MYC	ATRT, MYC	1.00000	0.57800	MCF ATRT	MCF ATRT	1.00000
GSM2404884	2	FFPE	O IDH	O IDH	1.00000	0.71800	MCF IDH GLM	MCF IDH GLM	1.00000
GSM2404885	2	FFPE	A IDH	A IDH	0.99842	0.77400	MCF IDH GLM	MCF IDH GLM	1.00000
GSM2404887	2	FFPE	A IDH	A IDH	0.99655	0.76000	MCF IDH GLM	MCF IDH GLM	1.00000
GSM2404891	2	FFPE	GBM, RTK II	GBM, RTK II	0.99534	0.75400	MCF GBM	MCF GBM	1.00000
GSM2404896	2	Frozen	SUBEPN, PF	SUBEPN, PF	1.00000	0.87000	SUBEPN, PF	SUBEPN, PF	1.00000
GSM2404898	2	Frozen	EPN, PF B	EPN, PF B	1.00000	0.64200	EPN, PF B	EPN, PF B	1.00000
GSM2404903	2	FFPE	LGG, SEGA	LGG, SEGA	0.99995	0.37800	LGG, SEGA	LGG, SEGA	0.99995
GSM2404913	2	FFPE	SUBEPN, SPINE	SUBEPN, SPINE	1.00000	0.25800	SUBEPN, SPINE	SUBEPN, SPINE	1.00000
GSM2404915	2	FFPE	O IDH	O IDH	1.00000	0.82600	MCF IDH GLM	MCF IDH GLM	1.00000
GSM2404916	2	FFPE	LGG, PA PF	LGG, PA PF	0.99999	0.80800	MCF PA	MCF PA	0.99999
GSM2404919	2	FFPE	HGNET, BCOR	HGNET, BCOR	0.99999	0.58400	HGNET, BCOR	HGNET, BCOR	0.99999
GSM2404920	2	FFPE	O IDH	O IDH	1.00000	0.79800	MCF IDH GLM	MCF IDH GLM	1.00000
GSM2404924	2	Frozen	EPN, YAP	EPN, YAP	1.00000	0.61000	EPN, YAP	EPN, YAP	1.00000
GSM2404929	2	Frozen	EPN, PF B	EPN, PF B	1.00000	0.66000	EPN, PF B	EPN, PF B	1.00000
GSM2404930	2	Frozen	EPN, PF B	EPN, PF B	0.99981	0.61400	EPN, PF B	EPN, PF B	0.99981
GSM2404936	2	FFPE	PLEX, PED B	PLEX, PED B	0.98165	0.24000	MCF PLEX T	MCF PLEX T	0.98843
GSM2404942	2	FFPE	PLEX, PED B	PLEX, PED B	0.99846	0.47000	MCF PLEX T	MCF PLEX T	1.00000
GSM2404943	2	FFPE	PLEX, PED B	PLEX, PED B	0.99994	0.56800	MCF PLEX T	MCF PLEX T	0.99999
GSM2404948	2	FFPE	PLEX, PED B	PLEX, PED B	0.99999	0.77600	MCF PLEX T	MCF PLEX T	1.00000
GSM2404957	2	FFPE	PLEX, PED B	PLEX, PED B	0.99730	0.55600	MCF PLEX T	MCF PLEX T	1.00000
GSM2404961	2	FFPE	PLEX, PED A	PLEX, PED B	0.59300	0.26000	MCF PLEX T	MCF PLEX T	1.00000
GSM2404968	2	FFPE	PLEX, PED B	PLEX, PED B	0.99986	0.64000	MCF PLEX T	MCF PLEX T	1.00000
GSM2404982	2	FFPE	PLEX, AD	PLEX, AD	0.99030	0.38200	MCF PLEX T	MCF PLEX T	0.99984
GSM2404989	2	FFPE	PLEX, PED B	PLEX, PED B	0.99989	0.68200	MCF PLEX T	MCF PLEX T	1.00000
GSM2404993	2	FFPE	PLEX, PED B	PLEX, PED B	0.99999	0.74000	MCF PLEX T	MCF PLEX T	1.00000
GSM2405007	2	FFPE	GBM, MYCN	GBM, MYCN	0.99895	0.10800	MCF GBM	MCF GBM	0.99930
GSM2405010	2	Frozen	ATRT, SHH	ATRT, SHH	1.00000	0.74600	MCF ATRT	MCF ATRT	1.00000
GSM2405011	2	Frozen	ATRT, SHH	ATRT, SHH	1.00000	0.61000	MCF ATRT	MCF ATRT	1.00000
GSM2405017	2	Frozen	ATRT, TYR	ATRT, TYR	1.00000	0.86600	MCF ATRT	MCF ATRT	1.00000
GSM2405025	2	FFPE	GBM, MES	GBM, MES	0.99696	0.36000	MCF GBM	MCF GBM	0.99851
GSM2405026	2	FFPE	GBM, G34	GBM, G34	0.99996	0.50800	GBM, G34	GBM, G34	0.99996
GSM2405035	2	FFPE	A IDH, HG	A IDH, HG	0.99800	0.65600	MCF IDH GLM	MCF IDH GLM	1.00000
GSM2405040	2	FFPE	O IDH	O IDH	1.00000	0.67800	MCF IDH GLM	MCF IDH GLM	1.00000
GSM2405045	2	Frozen	CPH, ADM	CPH, ADM	1.00000	0.68800	CPH, ADM	CPH, ADM	1.00000
GSM2405052	2	Frozen	CPH, PAP	CPH, PAP	0.99979	0.60400	CPH, PAP	CPH, PAP	0.99979
GSM2405056	2	FFPE	GBM, RTK II	GBM, RTK II	0.98695	0.73200	MCF GBM	MCF GBM	0.99999
GSM2405059	2	FFPE	GBM, RTK II	GBM, RTK II	0.71275	0.58600	MCF GBM	MCF GBM	1.00000
GSM2405063	2	FFPE	LGG, MYB	LGG, MYB	0.99954	0.50200	LGG, MYB	LGG, MYB	0.99954
GSM2405067	2	FFPE	GBM, RTK II	GBM, RTK II	0.98991	0.65800	MCF GBM	MCF GBM	0.99988
GSM2405071	2	FFPE	ETMR	ETMR	0.99170	0.46000	ETMR	ETMR	0.99170
GSM2405078	2	Frozen	EPN, PF A	EPN, PF A	0.99988	0.82000	EPN, PF A	EPN, PF A	0.99988
GSM2405082	2	Frozen	MB, SHH INF	MB, SHH INF	1.00000	0.82600	MCF MB SHH	MCF MB SHH	1.00000
GSM2405087	2	FFPE	GBM, RTK II	GBM, RTK II	0.99769	0.67000	MCF GBM	MCF GBM	0.99998
GSM2405093	2	FFPE	PLASMA	PLASMA	0.99968	0.22800	PLASMA	PLASMA	0.99968
GSM2405104	2	FFPE	GBM, RTK II	GBM, RTK II	0.98568	0.80600	MCF GBM	MCF GBM	1.00000
GSM2405124	2	FFPE	A IDH	A IDH	0.99684	0.72600	MCF IDH GLM	MCF IDH GLM	0.99998
GSM2405130	2	FFPE	GBM, MES	GBM, MES	0.68955	0.15600	MCF GBM	MCF GBM	0.91736
GSM2405131	2	Frozen	GBM, RTK I	GBM, RTK I	0.89602	0.31600	MCF GBM	MCF GBM	0.99984
GSM2405138	2	Frozen	GBM, RTK II	GBM, RTK II	0.93944	0.66200	MCF GBM	MCF GBM	0.99990
GSM2405148	2	FFPE	GBM, MID	GBM, MID	0.99860	0.16800	MCF GBM	MCF GBM	0.99967
GSM2405150	2	FFPE	GBM, RTK I	GBM, RTK II	0.93174	0.41800	MCF GBM	MCF GBM	0.99996
GSM2405153	2	FFPE	PXA	PXA	0.99989	0.30400	PXA	PXA	0.99989
GSM2405158	2	FFPE	EPN, MPE	EPN, MPE	1.00000	0.67400	EPN, MPE	EPN, MPE	1.00000
GSM2405167	2	Frozen	GBM, RTK I	GBM, RTK I	1.00000	0.54600	MCF GBM	MCF GBM	1.00000
GSM2405189	2	Frozen	GBM, RTK I	GBM, RTK I	0.74881	0.26600	MCF GBM	MCF GBM	0.99736
GSM2405190	2	Frozen	GBM, MES	GBM, MES	0.50289	0.21600	MCF GBM	MCF GBM	1.00000
GSM2405192	2	Frozen	CONTR, INFLAM	CONTR, INFLAM	0.99997	0.55400	CONTR, INFLAM	CONTR, INFLAM	0.99997
GSM2405194	2	Frozen	GBM, G34	GBM, G34	0.99996	0.46800	GBM, G34	GBM, G34	0.99996
GSM2405198	2	Frozen	A IDH	A IDH	0.98324	0.65800	MCF IDH GLM	MCF IDH GLM	1.00000
GSM2405200	2	Frozen	GBM, RTK I	GBM, RTK I	0.99997	0.39000	MCF GBM	MCF GBM	1.00000
GSM2405214	2	FFPE	GBM, RTK II	GBM, RTK II	0.97299	0.72200	MCF GBM	MCF GBM	0.99999
GSM2405216	2	FFPE	LGG, PA MID	LGG, PA MID	0.99999	0.57600	MCF PA	MCF PA	1.00000
GSM2405220	2	Frozen	IHG	IHG	1.00000	0.38200	IHG	IHG	1.00000
GSM2405224	2	Frozen	RETB	RETB	0.99985	0.57400	RETB	RETB	0.99985
GSM2405230	2	Frozen	RETB	RETB	0.99984	0.64600	RETB	RETB	0.99984
GSM2405237	2	Frozen	RETB	RETB	0.84632	0.15600	RETB	RETB	0.84632
GSM2405241	2	FFPE	ANA PA	ANA PA	1.00000	0.36800	ANA PA	ANA PA	1.00000
GSM2405245	2	FFPE	GBM, RTK I	GBM, RTK I	0.95225	0.34000	MCF GBM	MCF GBM	1.00000
GSM2405254	2	Frozen	RETB	RETB	0.99997	0.80400	RETB	RETB	0.99997
GSM2405259	2	FFPE	ENB, B	ENB, B	0.99914	0.40800	MCF ENB	MCF ENB	0.99916
GSM2405260	2	FFPE	ENB, B	ENB, B	0.99993	0.44400	MCF ENB	MCF ENB	0.99998
GSM2405267	2	FFPE	MB, G4	MB, G4	1.00000	0.96000	MCF MB G3G4	MCF MB G3G4	1.00000
GSM2405275	2	FFPE	ANA PA	ANA PA	1.00000	0.37000	ANA PA	ANA PA	1.00000
GSM2405276	2	FFPE	A IDH, HG	A IDH, HG	0.99984	0.65800	MCF IDH GLM	MCF IDH GLM	1.00000
GSM2405277	2	Frozen	MB, G4	MB, G4	1.00000	0.94000	MCF MB G3G4	MCF MB G3G4	1.00000
GSM2405288	2	FFPE	O IDH	O IDH	1.00000	0.79000	MCF IDH GLM	MCF IDH GLM	1.00000
GSM2405295	2	Frozen	DMG, K27	DMG, K27	0.99999	0.63400	DMG, K27	DMG, K27	0.99999
GSM2405302	2	FFPE	A IDH	A IDH	0.89714	0.28200	MCF IDH GLM	MCF IDH GLM	0.96760
GSM2405312	2	FFPE	IHG	IHG	0.96163	0.17200	IHG	IHG	0.96163
GSM2405321	2	FFPE	MB, G4	MB, G4	0.99998	0.84600	MCF MB G3G4	MCF MB G3G4	0.99998
GSM2405324	2	FFPE	GBM, RTK II	GBM, RTK II	0.84543	0.68000	MCF GBM	MCF GBM	1.00000
GSM2405332	2	FFPE	ANA PA	ANA PA	0.97839	0.27400	ANA PA	ANA PA	0.97839
GSM2405343	2	Frozen	MNG	MNG	0.99999	0.87400	MNG	MNG	0.99999
GSM2405345	2	Frozen	MNG	MNG	0.99999	0.90200	MNG	MNG	0.99999
GSM2405348	2	Frozen	MNG	MNG	0.99999	0.93200	MNG	MNG	0.99999
GSM2405351	2	FFPE	MNG	MNG	0.99998	0.84800	MNG	MNG	0.99998
GSM2405353	2	Frozen	MNG	MNG	0.99999	0.91400	MNG	MNG	0.99999
GSM2405356	2	FFPE	MNG	MNG	0.99999	0.91800	MNG	MNG	0.99999
GSM2405374	2	FFPE	PXA	PXA	1.00000	0.66400	PXA	PXA	1.00000
GSM2405377	2	FFPE	GBM, RTK II	GBM, RTK II	0.99145	0.80800	MCF GBM	MCF GBM	1.00000
GSM2405379	2	FFPE	ANA PA	ANA PA	0.98943	0.21800	ANA PA	ANA PA	0.98943
GSM2405388	2	FFPE	GBM, MES	GBM, MES	0.93448	0.59400	MCF GBM	MCF GBM	1.00000
GSM2405389	2	FFPE	A IDH	A IDH	0.99835	0.76000	MCF IDH GLM	MCF IDH GLM	1.00000
GSM2405391	2	FFPE	CONTR, PONS	CONTR, PONS	0.99972	0.61400	CONTR, PONS	CONTR, PONS	0.99972
GSM2405399	2	FFPE	CONTR, PONS	CONTR, PONS	0.99361	0.41000	CONTR, PONS	CONTR, PONS	0.99361
GSM2405416	2	FFPE	CNS NB, FOXR2	CNS NB, FOXR2	0.99999	0.92400	CNS NB, FOXR2	CNS NB, FOXR2	0.99999
GSM2405424	2	FFPE	PIN T, PB A	PIN T, PB A	0.99851	0.51400	PIN T, PB A	PIN T, PB A	0.99851
GSM2405425	2	FFPE	PIN T, PB B	PIN T, PB B	1.00000	0.83800	PIN T, PB B	PIN T, PB B	1.00000
GSM2405431	2	FFPE	PITUI	PITUI	1.00000	0.68200	PITUI	PITUI	1.00000
GSM2405437	2	FFPE	GBM, RTK I	GBM, RTK I	0.66312	0.29200	MCF GBM	MCF GBM	0.99997
GSM2405441	2	FFPE	CHGL	CHGL	1.00000	0.33800	CHGL	CHGL	1.00000
GSM2405448	2	FFPE	ATRT, TYR	ATRT, TYR	1.00000	0.93000	MCF ATRT	MCF ATRT	1.00000
GSM2405471	2	FFPE	PITUI	PITUI	0.99995	0.59400	PITUI	PITUI	0.99995
GSM2405473	2	FFPE	GBM, RTK II	GBM, RTK II	0.52271	0.41200	MCF GBM	MCF GBM	0.99983
GSM2405474	2	FFPE	A IDH, HG	A IDH, HG	0.67262	0.37400	MCF IDH GLM	MCF IDH GLM	1.00000
GSM2405480	2	FFPE	PXA	PXA	1.00000	0.46600	PXA	PXA	1.00000
GSM2405484	2	FFPE	PXA	PXA	0.99997	0.36800	PXA	PXA	0.99997
GSM2405491	2	FFPE	LGG, PA/GG ST	CONTR, REACT	0.89334	0.17800	MCF PA	CONTR, REACT	0.89334
GSM2405492	2	FFPE	CHGL	CHGL	1.00000	0.33800	CHGL	CHGL	1.00000
GSM2405493	2	FFPE	PITUI	PITUI	0.99997	0.57400	PITUI	PITUI	0.99997
GSM2405499	2	FFPE	GBM, RTK II	GBM, RTK II	0.98953	0.82600	MCF GBM	MCF GBM	0.99999
GSM2405503	2	FFPE	GBM, RTK II	GBM, RTK II	0.79718	0.48600	MCF GBM	MCF GBM	0.99993
GSM2405504	2	FFPE	HGNET, MN1	HGNET, MN1	1.00000	0.49400	HGNET, MN1	HGNET, MN1	1.00000
GSM2405505	2	Frozen	GBM, MYCN	GBM, MYCN	0.99997	0.17200	MCF GBM	MCF GBM	1.00000
GSM2405517	2	FFPE	A IDH, HG	A IDH, HG	0.99705	0.59000	MCF IDH GLM	MCF IDH GLM	1.00000
GSM2405518	2	FFPE	A IDH, HG	A IDH, HG	0.99990	0.72200	MCF IDH GLM	MCF IDH GLM	1.00000
GSM2405520	2	FFPE	ATRT, TYR	ATRT, TYR	0.99996	0.65000	MCF ATRT	MCF ATRT	0.99998
GSM2405521	2	FFPE	ATRT, SHH	ATRT, SHH	0.99967	0.42200	MCF ATRT	MCF ATRT	0.99970
GSM2405525	2	FFPE	CNS NB, FOXR2	CNS NB, FOXR2	0.99996	0.80400	CNS NB, FOXR2	CNS NB, FOXR2	0.99996
GSM2405533	2	FFPE	LGG, DNT	LGG, DNT	0.99995	0.68800	LGG, DNT	LGG, DNT	0.99995
GSM2405535	2	FFPE	CNS NB, FOXR2	CNS NB, FOXR2	0.99992	0.78400	CNS NB, FOXR2	CNS NB, FOXR2	0.99992
GSM2405536	2	FFPE	HGNET, BCOR	HGNET, BCOR	0.99999	0.57800	HGNET, BCOR	HGNET, BCOR	0.99999
GSM2405540	2	FFPE	DLGNT	DLGNT	0.99999	0.30400	DLGNT	DLGNT	0.99999
GSM2405543	2	FFPE	LGG, DNT	LGG, DNT	0.99996	0.68600	LGG, DNT	LGG, DNT	0.99996
GSM2405550	2	FFPE	PITAD, ACTH	PITAD, ACTH	0.99464	0.33600	PITAD, ACTH	PITAD, ACTH	0.99464
GSM2405551	2	FFPE	PITAD, ACTH	PITAD, ACTH	0.99996	0.53600	PITAD, ACTH	PITAD, ACTH	0.99996
GSM2405570	2	FFPE	PITAD, STH DNS B	PITAD, STH DNS B	0.98043	0.38000	PITAD, STH DNS B	PITAD, STH DNS B	0.98043
GSM2405578	2	FFPE	MB, G3	MB, G3	0.99999	0.60400	MCF MB G3G4	MCF MB G3G4	0.99999
GSM2405579	2	FFPE	CHGL	CHGL	1.00000	0.39000	CHGL	CHGL	1.00000
GSM2405580	2	FFPE	GBM, G34	GBM, G34	0.99999	0.54000	GBM, G34	GBM, G34	0.99999
GSM2405603	2	FFPE	CONTR, CEBM	CONTR, CEBM	0.83282	0.15600	CONTR, CEBM	CONTR, CEBM	0.83282
GSM2405605	2	FFPE	DLGNT	DLGNT	0.99997	0.16200	DLGNT	DLGNT	0.99997
GSM2405606	2	FFPE	CONTR, HYPTHAL	CONTR, HYPTHAL	0.99961	0.49000	CONTR, HYPTHAL	CONTR, HYPTHAL	0.99961
GSM2405617	2	FFPE	PITAD, TSH	PITAD, TSH	0.98800	0.26400	PITAD, TSH	PITAD, TSH	0.98800
GSM2405624	2	FFPE	PITAD, TSH	PITAD, TSH	1.00000	0.37200	PITAD, TSH	PITAD, TSH	1.00000
GSM2405643	2	FFPE	PIN T, PB B	PIN T, PB B	0.99999	0.57800	PIN T, PB B	PIN T, PB B	0.99999
GSM2405650	2	FFPE	ENB, A	ENB, A	0.99999	0.53800	MCF ENB	MCF ENB	1.00000
GSM2405654	2	FFPE	ANA PA	ANA PA	0.99836	0.28000	ANA PA	ANA PA	0.99836
GSM2402855	3	Frozen	DMG, K27	DMG, K27	0.99989	0.69400	DMG, K27	DMG, K27	0.99989
GSM2402856	3	Frozen	DMG, K27	DMG, K27	0.98212	0.50600	DMG, K27	DMG, K27	0.98212
GSM2402862	3	Frozen	GBM, G34	GBM, G34	0.99990	0.63000	GBM, G34	GBM, G34	0.99990
GSM2402863	3	Frozen	DMG, K27	DMG, K27	0.99981	0.69000	DMG, K27	DMG, K27	0.99981
GSM2402864	3	Frozen	DMG, K27	DMG, K27	0.99999	0.81000	DMG, K27	DMG, K27	0.99999
GSM2402880	3	Frozen	GBM, G34	GBM, G34	0.99942	0.56200	GBM, G34	GBM, G34	0.99942
GSM2402883	3	Frozen	GBM, G34	GBM, G34	0.99997	0.66800	GBM, G34	GBM, G34	0.99997
GSM2402889	3	Frozen	LGG, PA PF	LGG, PA PF	0.99117	0.78600	MCF PA	MCF PA	0.99131
GSM2402893	3	Frozen	LGG, PA PF	LGG, PA PF	0.99541	0.74000	MCF PA	MCF PA	0.99719
GSM2402895	3	Frozen	LGG, PA MID	LGG, PA MID	1.00000	0.81200	MCF PA	MCF PA	1.00000
GSM2402913	3	Frozen	MB, WNT	MB, WNT	0.99949	0.75200	MB, WNT	MB, WNT	0.99949
GSM2402917	3	Frozen	ATRT, SHH	ATRT, SHH	0.99611	0.47800	MCF ATRT	MCF ATRT	0.99803
GSM2402919	3	Frozen	ATRT, TYR	ATRT, TYR	0.99997	0.89200	MCF ATRT	MCF ATRT	0.99997
GSM2402923	3	Frozen	LGG, PA PF	LGG, PA PF	0.99841	0.82400	MCF PA	MCF PA	0.99852
GSM2402925	3	Frozen	LGG, SEGA	LGG, SEGA	0.95231	0.31800	LGG, SEGA	LGG, SEGA	0.95231
GSM2402926	3	Frozen	LGG, PA PF	LGG, PA PF	0.99923	0.87800	MCF PA	MCF PA	0.99931
GSM2402933	3	Frozen	MB, WNT	MB, WNT	0.99959	0.76400	MB, WNT	MB, WNT	0.99959
GSM2402936	3	Frozen	MB, WNT	MB, WNT	0.99986	0.83200	MB, WNT	MB, WNT	0.99986
GSM2402939	3	Frozen	MB, G4	MB, G4	0.99749	0.79800	MCF MB G3G4	MCF MB G3G4	0.99772
GSM2402942	3	Frozen	MB, SHH INF	MB, SHH INF	0.99247	0.60200	MCF MB SHH	MCF MB SHH	0.99817
GSM2402947	3	Frozen	MB, WNT	MB, WNT	0.99952	0.75200	MB, WNT	MB, WNT	0.99952
GSM2402948	3	Frozen	MB, G4	MB, G4	0.99956	0.95600	MCF MB G3G4	MCF MB G3G4	0.99957
GSM2402949	3	Frozen	MB, G3	MB, G3	0.90590	0.48200	MCF MB G3G4	MCF MB G3G4	0.98184
GSM2402950	3	Frozen	MB, G4	MB, G4	0.99953	0.95400	MCF MB G3G4	MCF MB G3G4	0.99954
GSM2402951	3	Frozen	MB, G4	MB, G4	0.99940	0.93000	MCF MB G3G4	MCF MB G3G4	0.99941
GSM2402955	3	Frozen	ATRT, SHH	ATRT, SHH	0.97675	0.40800	MCF ATRT	MCF ATRT	0.98839
GSM2402959	3	Frozen	ATRT, SHH	ATRT, SHH	0.99997	0.73800	MCF ATRT	MCF ATRT	0.99999
GSM2402961	3	Frozen	ATRT, TYR	ATRT, TYR	0.99998	0.94200	MCF ATRT	MCF ATRT	0.99998
GSM2402969	3	Frozen	LGG, PA PF	LGG, PA PF	0.99946	0.91600	MCF PA	MCF PA	0.99949
GSM2402973	3	Frozen	LGG, PA MID	LGG, PA MID	0.99915	0.42800	MCF PA	MCF PA	0.99947
GSM2402975	3	Frozen	ATRT, MYC	ATRT, MYC	0.99009	0.41000	MCF ATRT	MCF ATRT	0.99528
GSM2402976	3	Frozen	EPN, RELA	EPN, RELA	0.99990	0.66800	EPN, RELA	EPN, RELA	0.99990
GSM2402982	3	Frozen	MB, G3	MB, G3	0.99917	0.70800	MCF MB G3G4	MCF MB G3G4	0.99960
GSM2402986	3	Frozen	MB, G3	MB, G3	0.99869	0.67400	MCF MB G3G4	MCF MB G3G4	0.99927
GSM2402987	3	Frozen	MB, G3	MB, G3	0.99988	0.82800	MCF MB G3G4	MCF MB G3G4	0.99994
GSM2402988	3	Frozen	MB, SHH CHL AD	MB, SHH CHL AD	0.99950	0.78400	MCF MB SHH	MCF MB SHH	0.99951
GSM2402991	3	Frozen	SUBEPN, ST	SUBEPN, ST	0.99980	0.65200	SUBEPN, ST	SUBEPN, ST	0.99980
GSM2402993	3	Frozen	EPN, PF A	EPN, PF A	0.99691	0.73800	EPN, PF A	EPN, PF A	0.99691
GSM2402994	3	Frozen	MB, SHH CHL AD	MB, SHH CHL AD	0.99943	0.76400	MCF MB SHH	MCF MB SHH	0.99946
GSM2402998	3	Frozen	EPN, RELA	EPN, RELA	0.99999	0.81200	EPN, RELA	EPN, RELA	0.99999
GSM2403000	3	Frozen	CNS NB, FOXR2	CNS NB, FOXR2	0.98434	0.59400	CNS NB, FOXR2	CNS NB, FOXR2	0.98434
GSM2403005	3	Frozen	MB, SHH CHL AD	MB, SHH CHL AD	0.99993	0.92800	MCF MB SHH	MCF MB SHH	0.99993
GSM2403007	3	Frozen	MB, G4	MB, G4	0.99902	0.88400	MCF MB G3G4	MCF MB G3G4	0.99905
GSM2403008	3	Frozen	MB, SHH CHL AD	MB, SHH CHL AD	0.99988	0.89200	MCF MB SHH	MCF MB SHH	0.99988
GSM2403019	3	Frozen	MB, G4	MB, G4	0.99930	0.91600	MCF MB G3G4	MCF MB G3G4	0.99932
GSM2403022	3	Frozen	MB, SHH CHL AD	MB, SHH CHL AD	0.99982	0.83800	MCF MB SHH	MCF MB SHH	0.99982
GSM2403030	3	FFPE	LGG, PA MID	LGG, PA MID	1.00000	0.73600	MCF PA	MCF PA	1.00000
GSM2403035	3	Frozen	MB, SHH CHL AD	MB, SHH CHL AD	0.99966	0.80200	MCF MB SHH	MCF MB SHH	0.99968
GSM2403040	3	Frozen	MB, G3	MB, G3	0.77012	0.44800	MCF MB G3G4	MCF MB G3G4	0.97414
GSM2403066	3	Frozen	ETMR	ETMR	0.99994	0.92400	ETMR	ETMR	0.99994
GSM2403071	3	Frozen	ETMR	ETMR	0.99983	0.85600	ETMR	ETMR	0.99983
GSM2403077	3	Frozen	MB, SHH CHL AD	MB, SHH CHL AD	0.99993	0.93200	MCF MB SHH	MCF MB SHH	0.99994
GSM2403079	3	Frozen	MB, SHH CHL AD	MB, SHH CHL AD	0.99990	0.89600	MCF MB SHH	MCF MB SHH	0.99990
GSM2403088	3	Frozen	GBM, RTK II	GBM, RTK II	0.94584	0.66800	MCF GBM	MCF GBM	0.99780
GSM2403089	3	Frozen	GBM, RTK II	GBM, RTK II	0.80814	0.52400	MCF GBM	MCF GBM	0.99421
GSM2403096	3	Frozen	GBM, MES	GBM, MES	0.93824	0.65200	MCF GBM	MCF GBM	0.99995
GSM2403102	3	Frozen	GBM, RTK II	GBM, RTK II	0.93968	0.85200	MCF GBM	MCF GBM	0.99903
GSM2403112	3	Frozen	DMG, K27	DMG, K27	0.99996	0.76800	DMG, K27	DMG, K27	0.99996
GSM2403123	3	FFPE	GBM, RTK II	GBM, RTK II	0.88671	0.58200	MCF GBM	MCF GBM	0.99115
GSM2403129	3	Frozen	MB, SHH CHL AD	MB, SHH CHL AD	0.99979	0.83800	MCF MB SHH	MCF MB SHH	0.99979
GSM2403134	3	Frozen	MB, G4	MB, G4	0.99925	0.91000	MCF MB G3G4	MCF MB G3G4	0.99927
GSM2403136	3	Frozen	MB, WNT	MB, WNT	0.99985	0.83000	MB, WNT	MB, WNT	0.99985
GSM2403139	3	Frozen	LGG, PA PF	LGG, PA PF	0.99617	0.75800	MCF PA	MCF PA	0.99652
GSM2403151	3	Frozen	LGG, PA MID	LGG, PA MID	1.00000	0.66800	MCF PA	MCF PA	1.00000
GSM2403153	3	Frozen	LGG, PA PF	LGG, PA PF	0.99909	0.85400	MCF PA	MCF PA	0.99919
GSM2403154	3	Frozen	LGG, PA PF	LGG, PA PF	0.99964	0.95200	MCF PA	MCF PA	0.99965
GSM2403164	3	Frozen	LGG, PA PF	LGG, PA PF	0.99945	0.90600	MCF PA	MCF PA	0.99947
GSM2403171	3	Frozen	LGG, PA PF	LGG, PA PF	0.99956	0.93000	MCF PA	MCF PA	0.99958
GSM2403176	3	Frozen	LGG, PA PF	LGG, PA PF	0.99954	0.92800	MCF PA	MCF PA	0.99956
GSM2403177	3	Frozen	LGG, PA PF	LGG, PA PF	0.99642	0.76600	MCF PA	MCF PA	0.99672
GSM2403188	3	Frozen	EPN, PF A	EPN, PF A	0.93130	0.46400	EPN, PF A	EPN, PF A	0.93130
GSM2403190	3	Frozen	GBM, G34	GBM, G34	0.97179	0.36200	GBM, G34	GBM, G34	0.97179
GSM2403194	3	Frozen	EPN, RELA	EPN, RELA	0.99869	0.53800	EPN, RELA	EPN, RELA	0.99869
GSM2403198	3	Frozen	SUBEPN, ST	SUBEPN, ST	0.99998	0.74800	SUBEPN, ST	SUBEPN, ST	0.99998
GSM2403200	3	Frozen	EPN, RELA	EPN, RELA	0.99999	0.82200	EPN, RELA	EPN, RELA	0.99999
GSM2403202	3	Frozen	EPN, RELA	EPN, RELA	0.99960	0.61200	EPN, RELA	EPN, RELA	0.99960
GSM2403203	3	Frozen	EPN, YAP	EPN, YAP	1.00000	0.53000	EPN, YAP	EPN, YAP	1.00000
GSM2403211	3	Frozen	EPN, YAP	EPN, YAP	1.00000	0.68000	EPN, YAP	EPN, YAP	1.00000
GSM2403220	3	Frozen	LGG, PA PF	LGG, PA PF	0.94214	0.63800	MCF PA	MCF PA	0.94341
GSM2403224	3	Frozen	LGG, PA PF	LGG, PA PF	0.99334	0.70000	MCF PA	MCF PA	0.99368
GSM2403227	3	FFPE	EPN, PF B	EPN, PF B	0.99997	0.73400	EPN, PF B	EPN, PF B	0.99997
GSM2403229	3	Frozen	EPN, PF B	EPN, PF B	0.99997	0.76000	EPN, PF B	EPN, PF B	0.99997
GSM2403232	3	Frozen	EPN, PF B	EPN, PF B	0.99961	0.65200	EPN, PF B	EPN, PF B	0.99961
GSM2403233	3	Frozen	CONTR, CEBM	CONTR, CEBM	1.00000	0.70200	CONTR, CEBM	CONTR, CEBM	1.00000
GSM2403236	3	Frozen	CONTR, HEMI	CONTR, HEMI	0.99806	0.67200	CONTR, HEMI	CONTR, HEMI	0.99806
GSM2403237	3	Frozen	CONTR, HEMI	CONTR, HEMI	0.99942	0.74400	CONTR, HEMI	CONTR, HEMI	0.99942
GSM2403241	3	FFPE	MB, SHH INF	MB, SHH INF	0.99997	0.84200	MCF MB SHH	MCF MB SHH	0.99998
GSM2403243	3	FFPE	MB, G3	MB, G3	0.99988	0.80200	MCF MB G3G4	MCF MB G3G4	0.99990
GSM2403246	3	FFPE	MB, G4	MB, G4	0.99950	0.95200	MCF MB G3G4	MCF MB G3G4	0.99951
GSM2403252	3	FFPE	MB, G4	MB, G4	0.99966	0.98200	MCF MB G3G4	MCF MB G3G4	0.99967
GSM2403253	3	FFPE	MB, G4	MB, G4	0.99958	0.96200	MCF MB G3G4	MCF MB G3G4	0.99958
GSM2403254	3	FFPE	MB, G4	MB, G4	0.99955	0.95600	MCF MB G3G4	MCF MB G3G4	0.99956
GSM2403264	3	FFPE	MB, G3	MB, G3	0.99994	0.84600	MCF MB G3G4	MCF MB G3G4	0.99996
GSM2403267	3	FFPE	MB, G3	MB, G3	0.99580	0.61600	MCF MB G3G4	MCF MB G3G4	0.99777
GSM2403272	3	FFPE	MB, G4	MB, G4	0.99957	0.96200	MCF MB G3G4	MCF MB G3G4	0.99958
GSM2403280	3	FFPE	MB, G4	MB, G4	0.98003	0.66800	MCF MB G3G4	MCF MB G3G4	0.99264
GSM2403281	3	FFPE	MB, G4	MB, G4	0.99960	0.97000	MCF MB G3G4	MCF MB G3G4	0.99961
GSM2403294	3	FFPE	MB, SHH CHL AD	MB, SHH CHL AD	0.99992	0.91800	MCF MB SHH	MCF MB SHH	0.99992
GSM2403306	3	FFPE	MB, SHH CHL AD	MB, SHH CHL AD	0.99992	0.90400	MCF MB SHH	MCF MB SHH	0.99992
GSM2403314	3	FFPE	MB, SHH INF	MB, SHH INF	0.99967	0.76800	MCF MB SHH	MCF MB SHH	0.99971
GSM2403340	3	FFPE	MB, G4	MB, G4	0.99939	0.93200	MCF MB G3G4	MCF MB G3G4	0.99940
GSM2403342	3	FFPE	MB, SHH INF	MB, SHH INF	0.99990	0.77600	MCF MB SHH	MCF MB SHH	0.99992
GSM2403345	3	FFPE	MB, SHH CHL AD	MB, SHH CHL AD	0.99077	0.55000	MCF MB SHH	MCF MB SHH	0.99112
GSM2403347	3	FFPE	MB, G4	MB, G4	0.99917	0.90000	MCF MB G3G4	MCF MB G3G4	0.99921
GSM2403348	3	FFPE	MB, G4	MB, G4	0.99841	0.84000	MCF MB G3G4	MCF MB G3G4	0.99853
GSM2403351	3	FFPE	MB, WNT	MB, WNT	0.99465	0.60000	MB, WNT	MB, WNT	0.99465
GSM2403352	3	FFPE	MB, G3	MB, G3	0.99995	0.85000	MCF MB G3G4	MCF MB G3G4	0.99996
GSM2403371	3	FFPE	MB, G4	MB, G4	0.99613	0.76000	MCF MB G3G4	MCF MB G3G4	0.99682
GSM2403373	3	FFPE	MB, G3	MB, G3	0.99999	0.92600	MCF MB G3G4	MCF MB G3G4	0.99999
GSM2403374	3	FFPE	MB, WNT	MB, WNT	0.99979	0.80800	MB, WNT	MB, WNT	0.99979
GSM2403376	3	FFPE	MB, G4	MB, G4	0.97427	0.65600	MCF MB G3G4	MCF MB G3G4	0.99189
GSM2403388	3	FFPE	MB, G4	MB, G4	0.99941	0.93400	MCF MB G3G4	MCF MB G3G4	0.99942
GSM2403393	3	FFPE	MB, G3	MB, G3	0.99581	0.61400	MCF MB G3G4	MCF MB G3G4	0.99786
GSM2403396	3	FFPE	MB, G4	MB, G4	0.99945	0.94400	MCF MB G3G4	MCF MB G3G4	0.99946
GSM2403403	3	Frozen	MB, G4	MB, G4	0.99941	0.93600	MCF MB G3G4	MCF MB G3G4	0.99942
GSM2403411	3	Frozen	MB, G3	MB, G3	0.99960	0.71800	MCF MB G3G4	MCF MB G3G4	0.99968
GSM2403413	3	Frozen	MB, G4	MB, G4	0.99906	0.89200	MCF MB G3G4	MCF MB G3G4	0.99908
GSM2403427	3	Frozen	MB, SHH CHL AD	MB, SHH CHL AD	0.99986	0.86200	MCF MB SHH	MCF MB SHH	0.99986
GSM2403434	3	Frozen	MB, SHH INF	MB, SHH INF	0.99968	0.74400	MCF MB SHH	MCF MB SHH	0.99987
GSM2403436	3	Frozen	MB, G3	MB, G3	0.49048	0.43400	MCF MB G3G4	MCF MB G3G4	0.97800
GSM2403441	3	Frozen	MB, G4	MB, G4	0.99797	0.81600	MCF MB G3G4	MCF MB G3G4	0.99817
GSM2403446	3	Frozen	LGG, PA PF	LGG, PA PF	0.99934	0.90200	MCF PA	MCF PA	0.99938
GSM2403452	3	Frozen	LGG, PA PF	LGG, PA PF	0.99968	0.94800	MCF PA	MCF PA	0.99970
GSM2403454	3	Frozen	LGG, PA PF	LGG, PA PF	0.99929	0.90000	MCF PA	MCF PA	0.99933
GSM2403457	3	Frozen	LGG, PA PF	LGG, PA PF	0.90361	0.52200	MCF PA	MCF PA	0.90805
GSM2403469	3	Frozen	MB, G4	MB, G4	0.99961	0.97000	MCF MB G3G4	MCF MB G3G4	0.99962
GSM2403471	3	Frozen	GBM, RTK II	GBM, RTK II	0.91119	0.76000	MCF GBM	MCF GBM	0.99935
GSM2403474	3	Frozen	GBM, RTK II	GBM, RTK II	0.84572	0.58600	MCF GBM	MCF GBM	0.99559
GSM2403482	3	Frozen	GBM, RTK II	GBM, MES	0.52445	0.36000	MCF GBM	MCF GBM	0.99922
GSM2403486	3	Frozen	GBM, RTK II	GBM, RTK II	0.95270	0.74600	MCF GBM	MCF GBM	0.99798
GSM2403489	3	Frozen	GBM, MID	GBM, MID	0.99998	0.26600	MCF GBM	MCF GBM	0.99999
GSM2403496	3	Frozen	ATRT, SHH	ATRT, SHH	0.99992	0.67000	MCF ATRT	MCF ATRT	0.99995
GSM2403499	3	Frozen	CNS NB, FOXR2	CNS NB, FOXR2	0.99978	0.88000	CNS NB, FOXR2	CNS NB, FOXR2	0.99978
GSM2403500	3	Frozen	HGNET, BCOR	HGNET, BCOR	1.00000	0.72400	HGNET, BCOR	HGNET, BCOR	1.00000
GSM2403507	3	FFPE	O IDH	O IDH	0.93682	0.44400	MCF IDH GLM	MCF IDH GLM	0.98780
GSM2403512	3	FFPE	CONTR, REACT	CONTR, REACT	0.99987	0.49800	CONTR, REACT	CONTR, REACT	0.99987
GSM2403517	3	FFPE	ETMR	ETMR	0.99953	0.78600	ETMR	ETMR	0.99953
GSM2403519	3	FFPE	CONTR, REACT	CONTR, REACT	0.99973	0.49600	CONTR, REACT	CONTR, REACT	0.99973
GSM2403521	3	FFPE	ETMR	ETMR	0.99986	0.86600	ETMR	ETMR	0.99986
GSM2403525	3	FFPE	CNS NB, FOXR2	CNS NB, FOXR2	0.99987	0.91400	CNS NB, FOXR2	CNS NB, FOXR2	0.99987
GSM2403527	3	FFPE	CNS NB, FOXR2	CNS NB, FOXR2	0.99977	0.87800	CNS NB, FOXR2	CNS NB, FOXR2	0.99977
GSM2403535	3	Frozen	CONTR, HEMI	CONTR, HEMI	0.98974	0.52200	CONTR, HEMI	CONTR, HEMI	0.98974
GSM2403539	3	Frozen	MNG	MNG	0.98118	0.55800	MNG	MNG	0.98118
GSM2403541	3	Frozen	MNG	MNG	0.99977	0.92600	MNG	MNG	0.99977
GSM2403543	3	Frozen	MNG	MNG	0.99974	0.90800	MNG	MNG	0.99974
GSM2403554	3	Frozen	MNG	MNG	0.99978	0.93200	MNG	MNG	0.99978
GSM2403564	3	Frozen	MNG	MNG	0.99982	0.93800	MNG	MNG	0.99982
GSM2403565	3	Frozen	MNG	MNG	0.99960	0.85600	MNG	MNG	0.99960
GSM2403575	3	FFPE	LGG, MYB	LGG, MYB	0.99998	0.63600	LGG, MYB	LGG, MYB	0.99998
GSM2403576	3	FFPE	LGG, MYB	LGG, MYB	1.00000	0.73400	LGG, MYB	LGG, MYB	1.00000
GSM2403590	3	FFPE	A IDH, HG	A IDH, HG	0.99997	0.72600	MCF IDH GLM	MCF IDH GLM	1.00000
GSM2403595	3	Frozen	MNG	MNG	0.99972	0.91000	MNG	MNG	0.99972
GSM2403597	3	Frozen	GBM, RTK I	GBM, RTK I	0.99122	0.37200	MCF GBM	MCF GBM	0.99932
GSM2403600	3	Frozen	EPN, PF A	EPN, PF A	0.99968	0.92400	EPN, PF A	EPN, PF A	0.99968
GSM2403601	3	Frozen	EPN, RELA	EPN, RELA	0.99955	0.59600	EPN, RELA	EPN, RELA	0.99955
GSM2403603	3	Frozen	MB, G4	MB, G4	0.99937	0.92800	MCF MB G3G4	MCF MB G3G4	0.99938
GSM2403614	3	FFPE	CONTR, REACT	CONTR, REACT	0.99998	0.57200	CONTR, REACT	CONTR, REACT	0.99998
GSM2403615	3	FFPE	LGG, PA/GG ST	LGG, PA/GG ST	0.66323	0.16800	MCF PA	MCF PA	0.68811
GSM2403617	3	FFPE	O IDH	O IDH	0.99054	0.46800	MCF IDH GLM	MCF IDH GLM	0.99174
GSM2403618	3	FFPE	MB, SHH CHL AD	MB, SHH CHL AD	0.99802	0.70200	MCF MB SHH	MCF MB SHH	0.99805
GSM2403634	3	FFPE	CN	CN	0.99989	0.68200	CN	CN	0.99989
GSM2403635	3	FFPE	CN	CN	0.99779	0.53600	CN	CN	0.99779
GSM2403637	3	FFPE	CN	CN	0.99998	0.76400	CN	CN	0.99998
GSM2403648	3	Frozen	GBM, MES	GBM, RTK II	0.93812	0.78800	MCF GBM	MCF GBM	0.99889
GSM2403651	3	FFPE	PXA	PXA	0.99981	0.45800	PXA	PXA	0.99981
GSM2403655	3	FFPE	PXA	PXA	1.00000	0.66000	PXA	PXA	1.00000
GSM2403662	3	FFPE	ETMR	ETMR	0.99986	0.86600	ETMR	ETMR	0.99986
GSM2403663	3	FFPE	ETMR	ETMR	0.99968	0.81200	ETMR	ETMR	0.99968
GSM2403665	3	FFPE	ETMR	ETMR	0.99961	0.79400	ETMR	ETMR	0.99961
GSM2403672	3	Frozen	GBM, RTK II	GBM, RTK II	0.78350	0.43200	MCF GBM	MCF GBM	0.98908
GSM2403677	3	Frozen	GBM, RTK II	GBM, RTK II	0.96829	0.74200	MCF GBM	MCF GBM	0.99838
GSM2403688	3	Frozen	GBM, RTK I	GBM, RTK I	0.98239	0.51400	MCF GBM	MCF GBM	0.99999
GSM2403691	3	Frozen	GBM, RTK II	GBM, RTK II	0.65599	0.55600	MCF GBM	MCF GBM	0.99937
GSM2403719	3	FFPE	ATRT, MYC	ATRT, MYC	0.91149	0.30200	MCF ATRT	MCF ATRT	0.93827
GSM2403720	3	FFPE	CNS NB, FOXR2	CNS NB, FOXR2	0.99893	0.76600	CNS NB, FOXR2	CNS NB, FOXR2	0.99893
GSM2403722	3	FFPE	LGG, SEGA	LGG, SEGA	0.99998	0.63600	LGG, SEGA	LGG, SEGA	0.99998
GSM2403725	3	FFPE	O IDH	O IDH	0.88001	0.48600	MCF IDH GLM	MCF IDH GLM	0.99057
GSM2403729	3	FFPE	GBM, RTK II	PXA	0.18463	0.09200	MCF GBM	MCF GBM	0.29807
GSM2403733	3	FFPE	PGG, nC	PGG, nC	0.99598	0.54800	PGG, nC	PGG, nC	0.99598
GSM2403738	3	FFPE	GBM, MES	GBM, MES	0.92742	0.28400	MCF GBM	MCF GBM	0.95707
GSM2403750	3	FFPE	A IDH, HG	A IDH, HG	0.94440	0.32400	MCF IDH GLM	MCF IDH GLM	0.94620
GSM2403753	3	FFPE	LGG, DNT	LGG, DNT	0.99873	0.62400	LGG, DNT	LGG, DNT	0.99873
GSM2403754	3	FFPE	HGNET, BCOR	HGNET, BCOR	0.99952	0.51600	HGNET, BCOR	HGNET, BCOR	0.99952
GSM2403756	3	FFPE	LGG, DNT	LGG, DNT	0.99990	0.79600	LGG, DNT	LGG, DNT	0.99990
GSM2403761	3	Frozen	DMG, K27	DMG, K27	0.99986	0.67800	DMG, K27	DMG, K27	0.99986
GSM2403765	3	Frozen	CNS NB, FOXR2	CNS NB, FOXR2	0.99980	0.88800	CNS NB, FOXR2	CNS NB, FOXR2	0.99980
GSM2403767	3	FFPE	CPH, ADM	CPH, ADM	0.99999	0.89000	CPH, ADM	CPH, ADM	0.99999
GSM2403770	3	FFPE	CN	CN	0.99979	0.65200	CN	CN	0.99979
GSM2403771	3	FFPE	CN	CN	0.32977	0.20200	CN	CN	0.32977
GSM2403776	3	FFPE	CHGL	CHGL	1.00000	0.51800	CHGL	CHGL	1.00000
GSM2403778	3	FFPE	MELAN	MELAN	0.49480	0.11600	MELAN	MELAN	0.49480
GSM2403781	3	FFPE	EPN, PF A	EPN, PF A	0.99831	0.78000	EPN, PF A	EPN, PF A	0.99831
GSM2403789	3	FFPE	CPH, ADM	CPH, ADM	0.99995	0.80800	CPH, ADM	CPH, ADM	0.99995
GSM2403794	3	FFPE	EPN, RELA	EPN, RELA	0.99989	0.67000	EPN, RELA	EPN, RELA	0.99989
GSM2403802	3	FFPE	EPN, RELA	EPN, RELA	0.99997	0.73200	EPN, RELA	EPN, RELA	0.99997
GSM2403803	3	FFPE	EPN, RELA	EPN, RELA	0.98943	0.42600	EPN, RELA	EPN, RELA	0.98943
GSM2403810	3	FFPE	EPN, RELA	EPN, RELA	0.95126	0.35000	EPN, RELA	EPN, RELA	0.95126
GSM2403815	3	FFPE	LGG, GG	LGG, GG	0.98531	0.35800	LGG, GG	LGG, GG	0.98531
GSM2403825	3	FFPE	EPN, PF A	EPN, PF A	0.99822	0.78600	EPN, PF A	EPN, PF A	0.99822
GSM2403834	3	Frozen	MNG	MNG	0.99962	0.88400	MNG	MNG	0.99962
GSM2403837	3	Frozen	MB, SHH CHL AD	MB, SHH CHL AD	0.99965	0.81200	MCF MB SHH	MCF MB SHH	0.99965
GSM2403848	3	FFPE	CPH, PAP	CPH, PAP	0.92762	0.35000	CPH, PAP	CPH, PAP	0.92762
GSM2403860	3	FFPE	EPN, PF A	EPN, PF A	0.99959	0.91200	EPN, PF A	EPN, PF A	0.99959
GSM2403871	3	FFPE	EPN, PF A	EPN, PF A	0.99959	0.90000	EPN, PF A	EPN, PF A	0.99959
GSM2403874	3	FFPE	EPN, PF A	EPN, PF A	0.99959	0.91600	EPN, PF A	EPN, PF A	0.99959
GSM2403875	3	FFPE	EPN, PF A	EPN, PF A	0.99963	0.91200	EPN, PF A	EPN, PF A	0.99963
GSM2403897	3	FFPE	EPN, MPE	EPN, MPE	0.99853	0.53400	EPN, MPE	EPN, MPE	0.99853
GSM2403898	3	FFPE	EPN, MPE	EPN, MPE	0.99991	0.66200	EPN, MPE	EPN, MPE	0.99991
GSM2403900	3	FFPE	CPH, PAP	CPH, PAP	0.99990	0.73000	CPH, PAP	CPH, PAP	0.99990
GSM2403904	3	FFPE	EPN, SPINE	EPN, SPINE	0.98845	0.43400	EPN, SPINE	EPN, SPINE	0.98845
GSM2403908	3	FFPE	HMB	HMB	0.99997	0.59800	HMB	HMB	0.99997
GSM2403912	3	FFPE	HMB	HMB	1.00000	0.78000	HMB	HMB	1.00000
GSM2403918	3	Frozen	MB, SHH INF	MB, SHH INF	0.99998	0.87800	MCF MB SHH	MCF MB SHH	0.99999
GSM2403926	3	FFPE	PTPR, A	PTPR, A	0.99995	0.43200	PTPR, A	PTPR, A	0.99995
GSM2403927	3	FFPE	PTPR, B	PTPR, B	0.99998	0.70800	PTPR, B	PTPR, B	0.99998
GSM2403928	3	FFPE	PTPR, B	PTPR, B	1.00000	0.79200	PTPR, B	PTPR, B	1.00000
GSM2403945	3	FFPE	HMB	HMB	0.99999	0.64200	HMB	HMB	0.99999
GSM2403951	3	FFPE	SFT HMPC	SFT HMPC	1.00000	0.44200	SFT HMPC	SFT HMPC	1.00000
GSM2403953	3	FFPE	SCHW	SCHW	0.99991	0.44400	SCHW	SCHW	0.99991
GSM2403954	3	FFPE	SCHW	SCHW	1.00000	0.53800	SCHW	SCHW	1.00000
GSM2403956	3	FFPE	SCHW	SCHW	1.00000	0.59400	SCHW	SCHW	1.00000
GSM2403966	3	FFPE	HMB	HMB	0.96237	0.30200	HMB	HMB	0.96237
GSM2403968	3	Frozen	PXA	PXA	0.99989	0.47600	PXA	PXA	0.99989
GSM2403972	3	Frozen	EPN, PF A	EPN, PF A	0.99924	0.83600	EPN, PF A	EPN, PF A	0.99924
GSM2403974	3	Frozen	EPN, PF A	EPN, PF A	0.99936	0.85600	EPN, PF A	EPN, PF A	0.99936
GSM2403982	3	Frozen	EPN, PF B	EPN, PF B	0.99998	0.76800	EPN, PF B	EPN, PF B	0.99998
GSM2403983	3	Frozen	EPN, PF A	EPN, PF A	0.99753	0.75800	EPN, PF A	EPN, PF A	0.99753
GSM2403985	3	Frozen	EPN, PF A	EPN, PF A	0.99949	0.88200	EPN, PF A	EPN, PF A	0.99949
GSM2403987	3	Frozen	EPN, PF A	EPN, PF A	0.99956	0.91000	EPN, PF A	EPN, PF A	0.99956
GSM2403991	3	FFPE	PGG, nC	PGG, nC	0.99991	0.74600	PGG, nC	PGG, nC	0.99991
GSM2403994	3	FFPE	PGG, nC	PGG, nC	0.99977	0.69600	PGG, nC	PGG, nC	0.99977
GSM2404002	3	FFPE	MB, SHH CHL AD	MB, SHH CHL AD	0.75865	0.49600	MCF MB SHH	MCF MB SHH	0.98940
GSM2404010	3	FFPE	HMB	HMB	0.99412	0.42400	HMB	HMB	0.99412
GSM2404011	3	FFPE	PTPR, B	PTPR, B	0.99969	0.64400	PTPR, B	PTPR, B	0.99969
GSM2404030	3	FFPE	SFT HMPC	SFT HMPC	0.99999	0.41800	SFT HMPC	SFT HMPC	0.99999
GSM2404032	3	FFPE	PLEX, AD	PLEX, AD	0.99982	0.59800	MCF PLEX T	MCF PLEX T	0.99991
GSM2404034	3	FFPE	MELCYT	MELCYT	0.96256	0.34200	MELCYT	MELCYT	0.96256
GSM2404043	3	FFPE	SUBEPN, SPINE	SUBEPN, SPINE	1.00000	0.65400	SUBEPN, SPINE	SUBEPN, SPINE	1.00000
GSM2404046	3	FFPE	ATRT, SHH	ATRT, SHH	0.99969	0.62400	MCF ATRT	MCF ATRT	0.99988
GSM2404047	3	FFPE	LGG, PA MID	LGG, PA MID	0.99999	0.63200	MCF PA	MCF PA	0.99999
GSM2404049	3	FFPE	EPN, RELA	EPN, RELA	0.99439	0.46400	EPN, RELA	EPN, RELA	0.99439
GSM2404053	3	FFPE	EPN, RELA	EPN, RELA	0.97652	0.38600	EPN, RELA	EPN, RELA	0.97652
GSM2404064	3	Frozen	MB, SHH INF	MB, SHH INF	0.99196	0.56400	MCF MB SHH	MCF MB SHH	0.99596
GSM2404065	3	Frozen	MB, SHH INF	MB, SHH INF	0.99985	0.82600	MCF MB SHH	MCF MB SHH	0.99986
GSM2404075	3	FFPE	MNG	MNG	0.99804	0.73200	MNG	MNG	0.99804
GSM2404081	3	FFPE	MNG	MNG	0.99936	0.82200	MNG	MNG	0.99936
GSM2404082	3	FFPE	MNG	MNG	0.98490	0.48800	MNG	MNG	0.98490
GSM2404084	3	FFPE	MNG	MNG	0.99975	0.90600	MNG	MNG	0.99975
GSM2404089	3	FFPE	MNG	MNG	0.99838	0.73800	MNG	MNG	0.99838
GSM2404090	3	FFPE	MNG	MNG	0.99934	0.84600	MNG	MNG	0.99934
GSM2404101	3	FFPE	LGG, MYB	LGG, MYB	1.00000	0.69800	LGG, MYB	LGG, MYB	1.00000
GSM2404105	3	FFPE	A IDH	A IDH	0.99730	0.66400	MCF IDH GLM	MCF IDH GLM	0.99959
GSM2404111	3	FFPE	LGG, MYB	LGG, RGNT	0.64260	0.08400	LGG, MYB	LGG, RGNT	0.64260
GSM2404121	3	FFPE	LIPN	LIPN	0.99999	0.53200	LIPN	LIPN	0.99999
GSM2404125	3	Frozen	ATRT, SHH	ATRT, SHH	0.99798	0.55000	MCF ATRT	MCF ATRT	0.99936
GSM2404127	3	Frozen	ATRT, TYR	ATRT, TYR	0.99998	0.91600	MCF ATRT	MCF ATRT	0.99998
GSM2404131	3	FFPE	GBM, RTK III	GBM, RTK III	0.99997	0.28200	MCF GBM	MCF GBM	0.99998
GSM2404133	3	FFPE	PLEX, AD	PLEX, AD	0.99995	0.62800	MCF PLEX T	MCF PLEX T	0.99998
GSM2404137	3	FFPE	GBM, G34	GBM, G34	0.99868	0.56200	GBM, G34	GBM, G34	0.99868
GSM2404139	3	FFPE	PITAD, PRL	PITAD, PRL	1.00000	0.29200	PITAD, PRL	PITAD, PRL	1.00000
GSM2404155	3	FFPE	ATRT, MYC	ATRT, MYC	0.99998	0.69000	MCF ATRT	MCF ATRT	0.99999
GSM2404158	3	FFPE	ATRT, SHH	ATRT, SHH	0.99810	0.49800	MCF ATRT	MCF ATRT	0.99860
GSM2404171	3	FFPE	CPH, ADM	CPH, ADM	0.99976	0.69600	CPH, ADM	CPH, ADM	0.99976
GSM2404176	3	FFPE	CPH, ADM	CPH, ADM	0.99996	0.83800	CPH, ADM	CPH, ADM	0.99996
GSM2404178	3	FFPE	EPN, PF A	EPN, PF A	0.99874	0.79600	EPN, PF A	EPN, PF A	0.99874
GSM2404179	3	FFPE	EPN, PF B	EPN, PF B	0.99710	0.54600	EPN, PF B	EPN, PF B	0.99710
GSM2404182	3	FFPE	SUBEPN, PF	SUBEPN, PF	0.99835	0.48800	SUBEPN, PF	SUBEPN, PF	0.99835
GSM2404183	3	FFPE	SUBEPN, PF	SUBEPN, PF	1.00000	0.85200	SUBEPN, PF	SUBEPN, PF	1.00000
GSM2404184	3	FFPE	SUBEPN, PF	SUBEPN, PF	0.97334	0.35800	SUBEPN, PF	SUBEPN, PF	0.97334
GSM2404186	3	FFPE	SUBEPN, PF	SUBEPN, PF	1.00000	0.80600	SUBEPN, PF	SUBEPN, PF	1.00000
GSM2404193	3	FFPE	PLEX, PED A	PLEX, PED A	0.99868	0.25200	MCF PLEX T	MCF PLEX T	0.99974
GSM2404200	3	FFPE	GBM, RTK II	GBM, RTK II	0.94148	0.79400	MCF GBM	MCF GBM	0.99861
GSM2404204	3	FFPE	LYMPHO	LYMPHO	1.00000	0.60800	LYMPHO	LYMPHO	1.00000
GSM2404206	3	FFPE	A IDH	A IDH	0.89552	0.57000	MCF IDH GLM	MCF IDH GLM	0.99968
GSM2404209	3	FFPE	O IDH	O IDH	0.99566	0.56200	MCF IDH GLM	MCF IDH GLM	0.99786
GSM2404216	3	FFPE	O IDH	O IDH	0.99998	0.88000	MCF IDH GLM	MCF IDH GLM	0.99998
GSM2404217	3	FFPE	O IDH	O IDH	0.99999	0.88800	MCF IDH GLM	MCF IDH GLM	0.99999
GSM2404223	3	FFPE	O IDH	O IDH	0.99945	0.65800	MCF IDH GLM	MCF IDH GLM	0.99972
GSM2404226	3	FFPE	O IDH	O IDH	0.99995	0.80600	MCF IDH GLM	MCF IDH GLM	0.99995
GSM2404227	3	FFPE	A IDH, HG	A IDH, HG	0.99999	0.71600	MCF IDH GLM	MCF IDH GLM	1.00000
GSM2404236	3	FFPE	A IDH, HG	A IDH, HG	0.99917	0.57400	MCF IDH GLM	MCF IDH GLM	0.99999
GSM2404243	3	FFPE	SCHW, MEL	SCHW, MEL	0.96754	0.18000	SCHW, MEL	SCHW, MEL	0.96754
GSM2404252	3	FFPE	SCHW, MEL	SCHW, MEL	0.99789	0.21800	SCHW, MEL	SCHW, MEL	0.99789
GSM2404262	3	FFPE	ENB, B	ENB, B	0.99923	0.49600	MCF ENB	MCF ENB	0.99955
GSM2404264	3	FFPE	LGG, PA PF	LGG, PA PF	0.61928	0.34800	MCF PA	MCF PA	0.65847
GSM2404266	3	Frozen	MB, SHH CHL AD	MB, SHH CHL AD	0.99991	0.90600	MCF MB SHH	MCF MB SHH	0.99991
GSM2404275	3	FFPE	EPN, SPINE	EPN, SPINE	0.99937	0.56800	EPN, SPINE	EPN, SPINE	0.99937
GSM2404282	3	FFPE	ENB, B	ENB, B	0.86119	0.26400	MCF ENB	MCF ENB	0.99178
GSM2404283	3	FFPE	EPN, RELA	EPN, RELA	0.99860	0.53000	EPN, RELA	EPN, RELA	0.99860
GSM2404292	3	FFPE	EPN, MPE	EPN, MPE	0.99986	0.64800	EPN, MPE	EPN, MPE	0.99986
GSM2404296	3	FFPE	CONTR, ADENOPIT	CONTR, ADENOPIT	0.99976	0.55600	CONTR, ADENOPIT	CONTR, ADENOPIT	0.99976
GSM2404298	3	FFPE	EPN, SPINE	EPN, SPINE	0.99988	0.64800	EPN, SPINE	EPN, SPINE	0.99988
GSM2404303	3	FFPE	LGG, SEGA	LGG, SEGA	0.99518	0.42200	LGG, SEGA	LGG, SEGA	0.99518
GSM2404304	3	FFPE	LGG, SEGA	LGG, SEGA	0.99932	0.50200	LGG, SEGA	LGG, SEGA	0.99932
GSM2404316	3	Frozen	EPN, PF A	EPN, PF A	0.99964	0.91600	EPN, PF A	EPN, PF A	0.99964
GSM2404320	3	FFPE	PXA	PXA	0.98558	0.34800	PXA	PXA	0.98558
GSM2404324	3	FFPE	LGG, GG	LGG, GG	0.99984	0.51600	LGG, GG	LGG, GG	0.99984
GSM2404331	3	FFPE	LGG, GG	LGG, GG	1.00000	0.71800	LGG, GG	LGG, GG	1.00000
GSM2404340	3	FFPE	LGG, GG	LGG, GG	0.99997	0.62200	LGG, GG	LGG, GG	0.99997
GSM2404348	3	FFPE	PITAD, STH SPA	PITAD, STH SPA	0.99728	0.31800	PITAD, STH SPA	PITAD, STH SPA	0.99728
GSM2404351	3	FFPE	PITAD, STH SPA	PITAD, STH SPA	0.99994	0.50600	PITAD, STH SPA	PITAD, STH SPA	0.99994
GSM2404359	3	FFPE	PITAD, STH SPA	PITAD, STH SPA	0.99913	0.42200	PITAD, STH SPA	PITAD, STH SPA	0.99913
GSM2404363	3	FFPE	PITAD, STH DNS A	PITAD, STH DNS A	0.99550	0.33800	PITAD, STH DNS A	PITAD, STH DNS A	0.99550
GSM2404387	3	Frozen	HGNET, MN1	HGNET, MN1	0.99998	0.37600	HGNET, MN1	HGNET, MN1	0.99998
GSM2404406	3	FFPE	PITAD, STH DNS B	PITAD, STH DNS B	0.99999	0.43800	PITAD, STH DNS B	PITAD, STH DNS B	0.99999
GSM2404407	3	FFPE	PITAD, FSH LH	PITAD, FSH LH	0.95235	0.43600	PITAD, FSH LH	PITAD, FSH LH	0.95235
GSM2404411	3	FFPE	PITAD, FSH LH	PITAD, FSH LH	0.99997	0.80800	PITAD, FSH LH	PITAD, FSH LH	0.99997
GSM2404414	3	FFPE	PITAD, FSH LH	PITAD, FSH LH	0.99994	0.76800	PITAD, FSH LH	PITAD, FSH LH	0.99994
GSM2404424	3	FFPE	PITAD, PRL	PITAD, PRL	0.97808	0.11800	PITAD, PRL	PITAD, PRL	0.97808
GSM2404434	3	FFPE	MELAN	MELAN	0.99884	0.32800	MELAN	MELAN	0.99884
GSM2404436	3	FFPE	MELCYT	MELCYT	0.99422	0.39200	MELCYT	MELCYT	0.99422
GSM2404437	3	FFPE	PITUI	PITUI	0.99235	0.48600	PITUI	PITUI	0.99235
GSM2404438	3	FFPE	LGG, DNT	LGG, DNT	0.98502	0.45600	LGG, DNT	LGG, DNT	0.98502
GSM2404440	3	FFPE	PTPR, A	PTPR, A	0.99988	0.35800	PTPR, A	PTPR, A	0.99988
GSM2404441	3	FFPE	PITUI	PITUI	0.99995	0.73400	PITUI	PITUI	0.99995
GSM2404453	3	FFPE	CONTR, ADENOPIT	CONTR, ADENOPIT	0.99980	0.58800	CONTR, ADENOPIT	CONTR, ADENOPIT	0.99980
GSM2404456	3	FFPE	PIN T, PPT	PIN T, PPT	0.99733	0.50000	PIN T, PPT	PIN T, PPT	0.99733
GSM2404461	3	Frozen	EPN, PF A	EPN, PF A	0.99973	0.93000	EPN, PF A	EPN, PF A	0.99973
GSM2404462	3	Frozen	EPN, PF B	EPN, PF B	0.99256	0.47400	EPN, PF B	EPN, PF B	0.99256
GSM2404467	3	FFPE	MNG	MNG	0.99977	0.91400	MNG	MNG	0.99977
GSM2404469	3	FFPE	MNG	MNG	0.99970	0.88200	MNG	MNG	0.99970
GSM2404472	3	FFPE	SCHW	SCHW	0.99927	0.36200	SCHW	SCHW	0.99927
GSM2404475	3	FFPE	SCHW	SCHW	1.00000	0.55200	SCHW	SCHW	1.00000
GSM2404476	3	FFPE	LGG, PA/GG ST	LGG, PA/GG ST	0.96246	0.24600	MCF PA	MCF PA	0.96809
GSM2404479	3	FFPE	A IDH	A IDH	0.99834	0.72200	MCF IDH GLM	MCF IDH GLM	0.99987
GSM2404481	3	FFPE	DMG, K27	DMG, K27	0.99487	0.59000	DMG, K27	DMG, K27	0.99487
GSM2404483	3	FFPE	ATRT, TYR	ATRT, TYR	0.96939	0.48200	MCF ATRT	MCF ATRT	0.99180
GSM2404485	3	FFPE	CONTR, REACT	CONTR, INFLAM	0.53084	0.19000	CONTR, REACT	CONTR, INFLAM	0.53084
GSM2404489	3	FFPE	GBM, G34	GBM, G34	0.99998	0.70600	GBM, G34	GBM, G34	0.99998
GSM2404496	3	FFPE	DMG, K27	DMG, K27	0.99997	0.77800	DMG, K27	DMG, K27	0.99997
GSM2404502	3	FFPE	DMG, K27	DMG, K27	0.99961	0.65000	DMG, K27	DMG, K27	0.99961
GSM2404503	3	FFPE	PXA	PXA	0.90524	0.19000	PXA	PXA	0.90524
GSM2404506	3	FFPE	DMG, K27	DMG, K27	0.99969	0.64400	DMG, K27	DMG, K27	0.99969
GSM2404512	3	FFPE	HGNET, MN1	HGNET, MN1	0.99999	0.39200	HGNET, MN1	HGNET, MN1	0.99999
GSM2404514	3	FFPE	LGG, DNT	LGG, DNT	0.99998	0.91400	LGG, DNT	LGG, DNT	0.99998
GSM2404518	3	FFPE	GBM, G34	GBM, G34	1.00000	0.74800	GBM, G34	GBM, G34	1.00000
GSM2404519	3	FFPE	ATRT, SHH	ATRT, SHH	0.99990	0.65800	MCF ATRT	MCF ATRT	0.99994
GSM2404522	3	FFPE	PTPR, B	PTPR, B	1.00000	0.81200	PTPR, B	PTPR, B	1.00000
GSM2404524	3	FFPE	EPN, PF A	EPN, PF A	0.99828	0.77600	EPN, PF A	EPN, PF A	0.99828
GSM2404529	3	FFPE	ANA PA	ANA PA	0.99964	0.30400	ANA PA	ANA PA	0.99964
GSM2404532	3	FFPE	CONTR, PINEAL	CONTR, PINEAL	0.95685	0.38000	CONTR, PINEAL	CONTR, PINEAL	0.95685
GSM2404541	3	FFPE	MELCYT	MELCYT	1.00000	0.68800	MELCYT	MELCYT	1.00000
GSM2404547	3	FFPE	PIN T, PPT	PIN T, PPT	0.99991	0.64800	PIN T, PPT	PIN T, PPT	0.99991
GSM2404550	3	FFPE	LGG, PA MID	LGG, PA MID	0.99999	0.65000	MCF PA	MCF PA	0.99999
GSM2404556	3	FFPE	IHG	IHG	0.99992	0.27200	IHG	IHG	0.99992
GSM2404567	3	FFPE	LGG, PA PF	LGG, PA PF	0.99148	0.66400	MCF PA	MCF PA	0.99190
GSM2404568	3	Frozen	CONTR, INFLAM	CONTR, INFLAM	0.99999	0.87000	CONTR, INFLAM	CONTR, INFLAM	0.99999
GSM2404571	3	Frozen	GBM, RTK I	GBM, RTK I	0.97149	0.41600	MCF GBM	MCF GBM	0.99989
GSM2404572	3	Frozen	CONTR, INFLAM	CONTR, INFLAM	0.99999	0.88200	CONTR, INFLAM	CONTR, INFLAM	0.99999
GSM2404594	3	Frozen	CONTR, INFLAM	CONTR, INFLAM	0.99997	0.79400	CONTR, INFLAM	CONTR, INFLAM	0.99997
GSM2404597	3	Frozen	GBM, RTK II	GBM, RTK II	0.95603	0.75400	MCF GBM	MCF GBM	0.99901
GSM2404608	3	FFPE	CONTR, WM	CONTR, WM	0.99993	0.76400	CONTR, WM	CONTR, WM	0.99993
GSM2404609	3	FFPE	CONTR, WM	CONTR, WM	0.99984	0.71000	CONTR, WM	CONTR, WM	0.99984
GSM2404622	3	FFPE	PLEX, AD	PLEX, AD	0.99984	0.55200	MCF PLEX T	MCF PLEX T	0.99991
GSM2404628	3	FFPE	GBM, RTK II	GBM, RTK II	0.82264	0.48600	MCF GBM	MCF GBM	0.99927
GSM2404630	3	Frozen	CONTR, INFLAM	CONTR, INFLAM	0.99997	0.80200	CONTR, INFLAM	CONTR, INFLAM	0.99997
GSM2404635	3	Frozen	GBM, RTK II	GBM, RTK II	0.96791	0.83800	MCF GBM	MCF GBM	0.99912
GSM2404636	3	Frozen	GBM, MES	GBM, MES	0.96808	0.46200	MCF GBM	MCF GBM	0.99886
GSM2404642	3	Frozen	GBM, RTK II	GBM, RTK II	0.92996	0.66000	MCF GBM	MCF GBM	0.99923
GSM2404647	3	Frozen	GBM, RTK I	GBM, RTK II	0.66172	0.52000	MCF GBM	MCF GBM	0.99878
GSM2404650	3	FFPE	A IDH, HG	A IDH, HG	0.89550	0.33400	MCF IDH GLM	MCF IDH GLM	0.99826
GSM2404657	3	FFPE	DMG, K27	DMG, K27	0.99996	0.76000	DMG, K27	DMG, K27	0.99996
GSM2404661	3	FFPE	GBM, RTK III	GBM, RTK III	1.00000	0.42000	MCF GBM	MCF GBM	1.00000
GSM2404666	3	FFPE	GBM, MYCN	GBM, MYCN	1.00000	0.22800	MCF GBM	MCF GBM	1.00000
GSM2404667	3	FFPE	GBM, RTK III	GBM, RTK III	1.00000	0.33800	MCF GBM	MCF GBM	1.00000
GSM2404673	3	FFPE	DMG, K27	DMG, K27	0.93195	0.32400	DMG, K27	DMG, K27	0.93195
GSM2404676	3	FFPE	DMG, K27	DMG, K27	0.99897	0.59200	DMG, K27	DMG, K27	0.99897
GSM2404684	3	FFPE	A IDH	A IDH	0.99731	0.68000	MCF IDH GLM	MCF IDH GLM	0.99946
GSM2404685	3	Frozen	GBM, RTK I	GBM, RTK I	0.53487	0.21400	MCF GBM	MCF GBM	0.94787
GSM2404690	3	FFPE	EPN, SPINE	EPN, SPINE	0.93636	0.34800	EPN, SPINE	EPN, SPINE	0.93636
GSM2404698	3	FFPE	A IDH, HG	A IDH, HG	0.99940	0.57200	MCF IDH GLM	MCF IDH GLM	0.99998
GSM2404700	3	FFPE	A IDH, HG	A IDH, HG	0.91048	0.37800	MCF IDH GLM	MCF IDH GLM	0.99940
GSM2404703	3	FFPE	DMG, K27	DMG, K27	0.99993	0.72600	DMG, K27	DMG, K27	0.99993
GSM2404706	3	FFPE	PXA	PXA	0.99745	0.34400	PXA	PXA	0.99745
GSM2404718	3	FFPE	MB, G3	MB, G3	0.99997	0.88400	MCF MB G3G4	MCF MB G3G4	0.99998
GSM2404720	3	Frozen	EWS	EWS	0.99283	0.26400	EWS	EWS	0.99283
GSM2404726	3	FFPE	ENB, B	ENB, B	0.99702	0.44600	MCF ENB	MCF ENB	0.99799
GSM2404730	3	FFPE	ENB, A	ENB, A	0.99753	0.65600	MCF ENB	MCF ENB	0.99998
GSM2404739	3	FFPE	ETMR	ETMR	0.99954	0.78800	ETMR	ETMR	0.99954
GSM2404740	3	FFPE	ETMR	ETMR	0.99990	0.89400	ETMR	ETMR	0.99990
GSM2404751	3	Frozen	A IDH	A IDH	0.99983	0.82800	MCF IDH GLM	MCF IDH GLM	0.99996
GSM2404756	3	Frozen	O IDH	O IDH	0.99322	0.58200	MCF IDH GLM	MCF IDH GLM	0.99822
GSM2404771	3	FFPE	LGG, PA/GG ST	LGG, PA/GG ST	0.99974	0.48000	MCF PA	MCF PA	0.99976
GSM2404774	3	FFPE	MB, G3	MB, G3	0.91235	0.44000	MCF MB G3G4	MCF MB G3G4	0.96638
GSM2404783	3	FFPE	PIN T, PPT	PIN T, PPT	0.99999	0.76200	PIN T, PPT	PIN T, PPT	0.99999
GSM2404785	3	FFPE	MB, G4	MB, G4	0.92675	0.56400	MCF MB G3G4	MCF MB G3G4	0.97881
GSM2404790	3	FFPE	A IDH	A IDH	0.83374	0.45200	MCF IDH GLM	MCF IDH GLM	0.99501
GSM2404792	3	Frozen	EPN, MPE	EPN, MPE	0.99998	0.74000	EPN, MPE	EPN, MPE	0.99998
GSM2404793	3	Frozen	SUBEPN, ST	SUBEPN, ST	0.99932	0.57800	SUBEPN, ST	SUBEPN, ST	0.99932
GSM2404797	3	Frozen	SUBEPN, PF	SUBEPN, PF	0.99998	0.72600	SUBEPN, PF	SUBEPN, PF	0.99998
GSM2404801	3	Frozen	SUBEPN, PF	SUBEPN, PF	0.99992	0.64400	SUBEPN, PF	SUBEPN, PF	0.99992
GSM2404825	3	FFPE	DMG, K27	DMG, K27	0.99732	0.55600	DMG, K27	DMG, K27	0.99732
GSM2404826	3	FFPE	MB, G3	MB, G3	0.99770	0.63400	MCF MB G3G4	MCF MB G3G4	0.99882
GSM2404827	3	FFPE	GBM, RTK II	GBM, RTK II	0.85905	0.43600	MCF GBM	MCF GBM	0.99274
GSM2404828	3	FFPE	SUBEPN, PF	SUBEPN, PF	1.00000	0.93400	SUBEPN, PF	SUBEPN, PF	1.00000
GSM2404850	3	FFPE	LGG, DNT	LGG, DNT	0.99545	0.54600	LGG, DNT	LGG, DNT	0.99545
GSM2404853	3	Frozen	MB, SHH INF	MB, SHH INF	0.99998	0.86200	MCF MB SHH	MCF MB SHH	0.99998
GSM2404861	3	FFPE	EPN, PF B	EPN, PF B	0.99954	0.61400	EPN, PF B	EPN, PF B	0.99954
GSM2404869	3	FFPE	GBM, RTK I	GBM, RTK I	0.99998	0.71000	MCF GBM	MCF GBM	1.00000
GSM2404875	3	FFPE	EPN, PF A	EPN, PF A	0.99735	0.73000	EPN, PF A	EPN, PF A	0.99735
GSM2404880	3	Frozen	ATRT, MYC	ATRT, MYC	0.87537	0.30000	MCF ATRT	MCF ATRT	0.94638
GSM2404889	3	FFPE	A IDH	A IDH	0.99080	0.54800	MCF IDH GLM	MCF IDH GLM	0.99746
GSM2404895	3	Frozen	HGNET, MN1	HGNET, MN1	0.99998	0.37800	HGNET, MN1	HGNET, MN1	0.99998
GSM2404897	3	Frozen	EPN, PF B	EPN, PF B	0.99971	0.61600	EPN, PF B	EPN, PF B	0.99971
GSM2404907	3	FFPE	HGNET, BCOR	HGNET, BCOR	0.99996	0.61400	HGNET, BCOR	HGNET, BCOR	0.99996
GSM2404910	3	FFPE	O IDH	O IDH	0.99998	0.86600	MCF IDH GLM	MCF IDH GLM	0.99998
GSM2404914	3	FFPE	EWS	EWS	1.00000	0.45000	EWS	EWS	1.00000
GSM2404917	3	FFPE	MB, WNT	MB, WNT	0.98684	0.54200	MB, WNT	MB, WNT	0.98684
GSM2404938	3	FFPE	PLEX, AD	PLEX, AD	0.99992	0.63800	MCF PLEX T	MCF PLEX T	0.99998
GSM2404939	3	FFPE	PLEX, PED B	PLEX, PED B	0.99984	0.55800	MCF PLEX T	MCF PLEX T	0.99991
GSM2404964	3	FFPE	PLEX, PED B	PLEX, PED B	0.99995	0.59400	MCF PLEX T	MCF PLEX T	0.99996
GSM2404967	3	FFPE	PLEX, PED B	PLEX, PED B	0.99972	0.52800	MCF PLEX T	MCF PLEX T	0.99977
GSM2404976	3	FFPE	PLEX, PED A	PLEX, PED A	0.89986	0.18600	MCF PLEX T	MCF PLEX T	0.99718
GSM2404978	3	FFPE	PLEX, PED B	PLEX, PED B	1.00000	0.76400	MCF PLEX T	MCF PLEX T	1.00000
GSM2404981	3	FFPE	PLEX, PED B	PLEX, PED B	0.99985	0.55200	MCF PLEX T	MCF PLEX T	0.99988
GSM2404984	3	FFPE	PLEX, PED B	PLEX, PED B	0.99996	0.63000	MCF PLEX T	MCF PLEX T	0.99998
GSM2404994	3	FFPE	PLEX, PED B	PLEX, PED B	0.99988	0.56400	MCF PLEX T	MCF PLEX T	0.99993
GSM2404999	3	FFPE	GBM, RTK I	GBM, RTK I	0.79798	0.31000	MCF GBM	MCF GBM	0.99883
GSM2405001	3	FFPE	GBM, RTK II	GBM, RTK II	0.56789	0.46400	MCF GBM	MCF GBM	0.98412
GSM2405018	3	FFPE	PTPR, B	PTPR, B	0.99977	0.60000	PTPR, B	PTPR, B	0.99977
GSM2405021	3	FFPE	EPN, PF B	EPN, PF B	0.99991	0.72200	EPN, PF B	EPN, PF B	0.99991
GSM2405023	3	FFPE	EPN, PF B	EPN, PF B	0.99919	0.62200	EPN, PF B	EPN, PF B	0.99919
GSM2405028	3	FFPE	GBM, RTK II	GBM, RTK II	0.90499	0.62200	MCF GBM	MCF GBM	0.99696
GSM2405030	3	FFPE	GBM, RTK II	GBM, RTK II	0.94736	0.85000	MCF GBM	MCF GBM	0.99895
GSM2405031	3	FFPE	GBM, MES	GBM, MES	0.95129	0.34200	MCF GBM	MCF GBM	0.98307
GSM2405037	3	FFPE	GBM, MES	GBM, MES	0.60759	0.29800	MCF GBM	MCF GBM	0.99859
GSM2405039	3	FFPE	EPN, SPINE	EPN, SPINE	0.99325	0.45400	EPN, SPINE	EPN, SPINE	0.99325
GSM2405043	3	FFPE	ATRT, SHH	ATRT, SHH	0.99928	0.56000	MCF ATRT	MCF ATRT	0.99944
GSM2405049	3	Frozen	CPH, ADM	CPH, ADM	0.99999	0.89000	CPH, ADM	CPH, ADM	0.99999
GSM2405061	3	FFPE	EFT, CIC	EFT, CIC	0.99999	0.35600	EFT, CIC	EFT, CIC	0.99999
GSM2405062	3	Frozen	MB, SHH INF	MB, SHH INF	0.99648	0.62000	MCF MB SHH	MCF MB SHH	0.99874
GSM2405081	3	Frozen	ATRT, TYR	ATRT, TYR	0.99999	0.97200	MCF ATRT	MCF ATRT	0.99999
GSM2405085	3	FFPE	LGG, DNT	LGG, DNT	0.99911	0.64600	LGG, DNT	LGG, DNT	0.99911
GSM2405089	3	FFPE	O IDH	O IDH	0.99992	0.79200	MCF IDH GLM	MCF IDH GLM	0.99993
GSM2405094	3	FFPE	SFT HMPC	SFT HMPC	0.99992	0.35200	SFT HMPC	SFT HMPC	0.99992
GSM2405096	3	Frozen	O IDH	O IDH	0.99992	0.78600	MCF IDH GLM	MCF IDH GLM	0.99993
GSM2405101	3	Frozen	A IDH	A IDH	0.99939	0.75200	MCF IDH GLM	MCF IDH GLM	0.99988
GSM2405106	3	FFPE	EFT, CIC	EFT, CIC	0.99970	0.27200	EFT, CIC	EFT, CIC	0.99970
GSM2405107	3	FFPE	PLASMA	PLASMA	0.99991	0.32400	PLASMA	PLASMA	0.99991
GSM2405112	3	FFPE	GBM, RTK II	GBM, MES	0.54454	0.33600	MCF GBM	MCF GBM	0.99907
GSM2405127	3	FFPE	CHORDM	CHORDM	1.00000	0.42600	CHORDM	CHORDM	1.00000
GSM2405139	3	Frozen	CONTR, INFLAM	CONTR, INFLAM	0.99980	0.70200	CONTR, INFLAM	CONTR, INFLAM	0.99980
GSM2405140	3	Frozen	GBM, MES	GBM, MES	0.86478	0.54800	MCF GBM	MCF GBM	0.99978
GSM2405149	3	FFPE	GBM, RTK I	GBM, RTK I	0.70960	0.31200	MCF GBM	MCF GBM	0.99900
GSM2405155	3	FFPE	O IDH	O IDH	0.99875	0.64600	MCF IDH GLM	MCF IDH GLM	0.99936
GSM2405157	3	FFPE	GBM, MES	GBM, MES	0.88079	0.32600	MCF GBM	MCF GBM	0.98247
GSM2405162	3	Frozen	GBM, RTK I	GBM, RTK I	0.96751	0.43400	MCF GBM	MCF GBM	0.99989
GSM2405166	3	Frozen	GBM, RTK I	GBM, RTK I	0.95429	0.34200	MCF GBM	MCF GBM	0.99714
GSM2405170	3	Frozen	A IDH	A IDH	0.96872	0.52400	MCF IDH GLM	MCF IDH GLM	0.99590
GSM2405177	3	FFPE	GBM, RTK II	GBM, RTK II	0.94641	0.76000	MCF GBM	MCF GBM	0.99898
GSM2405180	3	FFPE	GBM, RTK II	GBM, RTK II	0.89399	0.65000	MCF GBM	MCF GBM	0.99850
GSM2405181	3	FFPE	EPN, MPE	EPN, MPE	0.99970	0.61000	EPN, MPE	EPN, MPE	0.99970
GSM2405182	3	FFPE	CHORDM	CHORDM	0.99930	0.14400	CHORDM	CHORDM	0.99930
GSM2405184	3	FFPE	PLASMA	PLASMA	0.99965	0.28600	PLASMA	PLASMA	0.99965
GSM2405186	3	FFPE	LGG, RGNT	LGG, RGNT	0.88941	0.13800	LGG, RGNT	LGG, RGNT	0.88941
GSM2405193	3	Frozen	DMG, K27	DMG, K27	0.99973	0.70600	DMG, K27	DMG, K27	0.99973
GSM2405196	3	Frozen	O IDH	O IDH	0.96222	0.48200	MCF IDH GLM	MCF IDH GLM	0.99664
GSM2405197	3	Frozen	A IDH	A IDH	0.99933	0.77000	MCF IDH GLM	MCF IDH GLM	0.99994
GSM2405206	3	FFPE	LYMPHO	LYMPHO	0.99925	0.39600	LYMPHO	LYMPHO	0.99925
GSM2405208	3	FFPE	PIN T, PB A	PIN T, PB A	0.99998	0.52000	PIN T, PB A	PIN T, PB A	0.99998
GSM2405211	3	FFPE	ATRT, TYR	ATRT, TYR	0.99998	0.92400	MCF ATRT	MCF ATRT	0.99998
GSM2405212	3	FFPE	GBM, MES	GBM, RTK II	0.74054	0.62400	MCF GBM	MCF GBM	0.99908
GSM2405227	3	FFPE	GBM, MES	GBM, MES	0.97307	0.59200	MCF GBM	MCF GBM	0.99982
GSM2405229	3	Frozen	RETB	RETB	0.94157	0.43000	RETB	RETB	0.94157
GSM2405239	3	Frozen	RETB	RETB	0.52548	0.41200	RETB	RETB	0.52548
GSM2405242	3	FFPE	ENB, A	ENB, B	0.57423	0.29600	MCF ENB	MCF ENB	0.99769
GSM2405243	3	FFPE	ENB, B	ENB, B	0.99621	0.41800	MCF ENB	MCF ENB	0.99969
GSM2405247	3	FFPE	CPH, PAP	CPH, PAP	0.99553	0.48800	CPH, PAP	CPH, PAP	0.99553
GSM2405255	3	Frozen	RETB	RETB	0.99915	0.90000	RETB	RETB	0.99915
GSM2405266	3	FFPE	CPH, PAP	CPH, PAP	0.99991	0.77400	CPH, PAP	CPH, PAP	0.99991
GSM2405281	3	FFPE	GBM, RTK I	GBM, RTK I	0.99680	0.46600	MCF GBM	MCF GBM	0.99989
GSM2405284	3	FFPE	LGG, PA/GG ST	LGG, PA/GG ST	0.99971	0.45400	MCF PA	MCF PA	0.99976
GSM2405287	3	FFPE	A IDH	A IDH	0.98614	0.59800	MCF IDH GLM	MCF IDH GLM	0.99911
GSM2405291	3	FFPE	O IDH	O IDH	0.99999	0.92600	MCF IDH GLM	MCF IDH GLM	0.99999
GSM2405296	3	FFPE	GBM, RTK I	GBM, RTK II	0.49874	0.44400	MCF GBM	MCF GBM	0.99264
GSM2405297	3	FFPE	GBM, RTK II	GBM, RTK II	0.84201	0.47600	MCF GBM	MCF GBM	0.98629
GSM2405298	3	FFPE	A IDH	A IDH	0.94875	0.51600	MCF IDH GLM	MCF IDH GLM	0.99785
GSM2405301	3	FFPE	LGG, PA PF	LGG, PA PF	0.99902	0.87200	MCF PA	MCF PA	0.99908
GSM2405311	3	FFPE	GBM, MYCN	GBM, MYCN	0.99871	0.15800	MCF GBM	MCF GBM	0.99989
GSM2405322	3	Frozen	EWS	EWS	0.99998	0.40200	EWS	EWS	0.99998
GSM2405325	3	FFPE	GBM, RTK II	GBM, RTK II	0.51149	0.43400	MCF GBM	MCF GBM	0.96170
GSM2405327	3	FFPE	O IDH	O IDH	0.99993	0.80000	MCF IDH GLM	MCF IDH GLM	0.99994
GSM2405330	3	FFPE	LGG, PA/GG ST	LGG, PA/GG ST	0.99967	0.46600	MCF PA	MCF PA	0.99970
GSM2405333	3	FFPE	GBM, MID	GBM, MID	0.93927	0.11800	MCF GBM	MCF GBM	0.96635
GSM2405358	3	FFPE	MNG	MNG	0.99977	0.90400	MNG	MNG	0.99977
GSM2405361	3	FFPE	MNG	MNG	0.99972	0.91000	MNG	MNG	0.99972
GSM2405375	3	FFPE	GBM, RTK I	GBM, RTK I	0.52340	0.26200	MCF GBM	MCF GBM	0.99776
GSM2405378	3	Frozen	LGG, PA MID	LGG, PA MID	0.99986	0.51600	MCF PA	MCF PA	0.99989
GSM2405381	3	FFPE	A IDH, HG	A IDH, HG	0.99959	0.52000	MCF IDH GLM	MCF IDH GLM	0.99985
GSM2405384	3	FFPE	MB, G4	MB, G4	0.99965	0.98000	MCF MB G3G4	MCF MB G3G4	0.99965
GSM2405392	3	FFPE	CONTR, PONS	CONTR, PONS	0.99994	0.57800	CONTR, PONS	CONTR, PONS	0.99994
GSM2405394	3	FFPE	CONTR, PINEAL	CONTR, PINEAL	0.97173	0.40000	CONTR, PINEAL	CONTR, PINEAL	0.97173
GSM2405404	3	FFPE	CONTR, PINEAL	CONTR, PINEAL	0.99959	0.60000	CONTR, PINEAL	CONTR, PINEAL	0.99959
GSM2405405	3	FFPE	CONTR, PONS	CONTR, PONS	0.99989	0.56000	CONTR, PONS	CONTR, PONS	0.99989
GSM2405410	3	FFPE	PIN T, PB A	PIN T, PB A	1.00000	0.59200	PIN T, PB A	PIN T, PB A	1.00000
GSM2405413	3	FFPE	CNS NB, FOXR2	CNS NB, FOXR2	0.99989	0.93000	CNS NB, FOXR2	CNS NB, FOXR2	0.99989
GSM2405414	3	FFPE	HGNET, BCOR	HGNET, BCOR	0.99896	0.47400	HGNET, BCOR	HGNET, BCOR	0.99896
GSM2405417	3	FFPE	PIN T, PB B	PIN T, PB B	0.99789	0.60200	PIN T, PB B	PIN T, PB B	0.99789
GSM2405418	3	FFPE	CNS NB, FOXR2	CNS NB, FOXR2	0.97863	0.56800	CNS NB, FOXR2	CNS NB, FOXR2	0.97863
GSM2405420	3	FFPE	PIN T, PB B	PIN T, PB B	0.99996	0.80400	PIN T, PB B	PIN T, PB B	0.99996
GSM2405422	3	FFPE	PIN T, PB B	PIN T, PB B	0.99996	0.80600	PIN T, PB B	PIN T, PB B	0.99996
GSM2405430	3	FFPE	PITUI	PITUI	0.99672	0.52400	PITUI	PITUI	0.99672
GSM2405435	3	Frozen	IHG	IHG	1.00000	0.54600	IHG	IHG	1.00000
GSM2405446	3	FFPE	GBM, RTK II	GBM, RTK II	0.83433	0.51600	MCF GBM	MCF GBM	0.99404
GSM2405449	3	FFPE	ATRT, MYC	ATRT, MYC	0.99975	0.57600	MCF ATRT	MCF ATRT	0.99987
GSM2405450	3	FFPE	ATRT, MYC	ATRT, MYC	0.99978	0.57600	MCF ATRT	MCF ATRT	0.99987
GSM2405453	3	FFPE	GBM, MID	GBM, MID	0.99979	0.21800	MCF GBM	MCF GBM	0.99995
GSM2405455	3	FFPE	LGG, DNT	LGG, DNT	0.99995	0.81800	LGG, DNT	LGG, DNT	0.99995
GSM2405459	3	FFPE	LGG, PA PF	LGG, PA PF	0.99731	0.76200	MCF PA	MCF PA	0.99780
GSM2405462	3	FFPE	LGG, DNT	LGG, DNT	0.99961	0.73200	LGG, DNT	LGG, DNT	0.99961
GSM2405464	3	FFPE	PIN T, PB B	PIN T, PB B	0.99985	0.73200	PIN T, PB B	PIN T, PB B	0.99985
GSM2405467	3	FFPE	GBM, MES	GBM, MES	0.68556	0.17400	MCF GBM	MCF GBM	0.69642
GSM2405469	3	FFPE	LGG, DNT	LGG, DNT	0.99968	0.72600	LGG, DNT	LGG, DNT	0.99968
GSM2405477	3	FFPE	GBM, RTK II	GBM, RTK II	0.95998	0.73000	MCF GBM	MCF GBM	0.99742
GSM2405481	3	FFPE	PXA	PXA	0.99888	0.37400	PXA	PXA	0.99888
GSM2405483	3	FFPE	PXA	PXA	1.00000	0.74200	PXA	PXA	1.00000
GSM2405485	3	FFPE	PXA	PXA	1.00000	0.70800	PXA	PXA	1.00000
GSM2405506	3	FFPE	A IDH	O IDH	0.64835	0.38400	MCF IDH GLM	MCF IDH GLM	0.98519
GSM2405507	3	FFPE	LGG, PA MID	LGG, PA MID	0.99997	0.60000	MCF PA	MCF PA	0.99998
GSM2405512	3	FFPE	CONTR, REACT	CONTR, REACT	0.85853	0.25600	CONTR, REACT	CONTR, REACT	0.85853
GSM2405513	3	FFPE	CHGL	CHGL	0.99850	0.33400	CHGL	CHGL	0.99850
GSM2405514	3	FFPE	A IDH	A IDH	0.99599	0.64000	MCF IDH GLM	MCF IDH GLM	0.99912
GSM2405519	3	FFPE	A IDH	A IDH	0.99897	0.69600	MCF IDH GLM	MCF IDH GLM	0.99976
GSM2405522	3	FFPE	ATRT, TYR	ATRT, TYR	0.99995	0.86800	MCF ATRT	MCF ATRT	0.99996
GSM2405539	3	FFPE	DLGNT	DLGNT	1.00000	0.35000	DLGNT	DLGNT	1.00000
GSM2405544	3	FFPE	GBM, MYCN	GBM, MYCN	1.00000	0.25000	MCF GBM	MCF GBM	1.00000
GSM2405545	3	FFPE	PITAD, STH SPA	PITAD, STH SPA	0.99925	0.44800	PITAD, STH SPA	PITAD, STH SPA	0.99925
GSM2405546	3	FFPE	PITUI	PITUI	0.98905	0.46000	PITUI	PITUI	0.98905
GSM2405553	3	FFPE	PITAD, ACTH	PITAD, ACTH	1.00000	0.64600	PITAD, ACTH	PITAD, ACTH	1.00000
GSM2405555	3	FFPE	PITAD, ACTH	PITAD, ACTH	0.99996	0.47400	PITAD, ACTH	PITAD, ACTH	0.99996
GSM2405565	3	FFPE	PITUI	PITUI	0.99717	0.52800	PITUI	PITUI	0.99717
GSM2405566	3	FFPE	PITAD, ACTH	PITAD, ACTH	0.99995	0.47400	PITAD, ACTH	PITAD, ACTH	0.99995
GSM2405568	3	FFPE	PITAD, ACTH	PITAD, ACTH	0.99505	0.31800	PITAD, ACTH	PITAD, ACTH	0.99505
GSM2405572	3	FFPE	PITAD, STH DNS B	PITAD, STH DNS B	1.00000	0.47800	PITAD, STH DNS B	PITAD, STH DNS B	1.00000
GSM2405575	3	FFPE	ANA PA	ANA PA	0.99990	0.30600	ANA PA	ANA PA	0.99990
GSM2405583	3	FFPE	GBM, G34	GBM, G34	0.96407	0.37000	GBM, G34	GBM, G34	0.96407
GSM2405589	3	FFPE	PITAD, FSH LH	PITAD, FSH LH	0.99901	0.63200	PITAD, FSH LH	PITAD, FSH LH	0.99901
GSM2405599	3	FFPE	PIN T, PPT	PIN T, PPT	0.99943	0.56200	PIN T, PPT	PIN T, PPT	0.99943
GSM2405610	3	FFPE	CONTR, HYPTHAL	CONTR, HYPTHAL	0.99994	0.55000	CONTR, HYPTHAL	CONTR, HYPTHAL	0.99994
GSM2405612	3	FFPE	CONTR, HYPTHAL	CONTR, HYPTHAL	0.99994	0.54000	CONTR, HYPTHAL	CONTR, HYPTHAL	0.99994
GSM2405616	3	FFPE	LIPN	LIPN	0.99997	0.50600	LIPN	LIPN	0.99997
GSM2405618	3	FFPE	PITAD, TSH	PITAD, TSH	0.93300	0.25600	PITAD, TSH	PITAD, TSH	0.93300
GSM2405625	3	FFPE	PITAD, TSH	PITAD, TSH	0.41910	0.12400	PITAD, TSH	PITAD, TSH	0.41910
GSM2405628	3	Frozen	LGG, DIG/DIA	LGG, DIG/DIA	1.00000	0.43000	LGG, DIG/DIA	LGG, DIG/DIA	1.00000
GSM2405635	3	FFPE	HGNET, MN1	HGNET, MN1	1.00000	0.59200	HGNET, MN1	HGNET, MN1	1.00000
GSM2405636	3	FFPE	HGNET, BCOR	HGNET, BCOR	0.99997	0.64800	HGNET, BCOR	HGNET, BCOR	0.99997
GSM2405639	3	FFPE	CHGL	CHGL	1.00000	0.57400	CHGL	CHGL	1.00000
GSM2405642	3	FFPE	GBM, MYCN	GBM, MYCN	0.97431	0.15000	MCF GBM	MCF GBM	0.99984
GSM2405646	3	FFPE	ENB, A	ENB, A	0.99987	0.68200	MCF ENB	MCF ENB	0.99997
GSM2405649	3	FFPE	ENB, A	ENB, A	0.99994	0.70600	MCF ENB	MCF ENB	0.99998
GSM2405651	3	Frozen	A IDH, HG	A IDH, HG	0.99993	0.64600	MCF IDH GLM	MCF IDH GLM	1.00000
GSM2405656	3	FFPE	ANA PA	ANA PA	0.99998	0.35200	ANA PA	ANA PA	0.99998
GSM2405657	3	FFPE	ANA PA	ANA PA	0.99088	0.19400	ANA PA	ANA PA	0.99088
GSM2402861	4	Frozen	DMG, K27	DMG, K27	0.99980	0.68400	DMG, K27	DMG, K27	0.99980
GSM2402871	4	Frozen	DMG, K27	DMG, K27	0.99845	0.54000	DMG, K27	DMG, K27	0.99845
GSM2402874	4	Frozen	CONTR, CEBM	CONTR, CEBM	0.99998	0.42000	CONTR, CEBM	CONTR, CEBM	0.99998
GSM2402876	4	Frozen	GBM, G34	GBM, G34	0.99984	0.59200	GBM, G34	GBM, G34	0.99984
GSM2402878	4	Frozen	GBM, G34	GBM, G34	0.99963	0.51400	GBM, G34	GBM, G34	0.99963
GSM2402886	4	Frozen	CONTR, REACT	LGG, PA/GG ST	0.99713	0.36800	CONTR, REACT	MCF PA	0.99831
GSM2402896	4	Frozen	LGG, PA PF	LGG, PA PF	0.99897	0.82200	MCF PA	MCF PA	0.99904
GSM2402906	4	Frozen	LGG, PA PF	LGG, PA PF	0.99940	0.88200	MCF PA	MCF PA	0.99943
GSM2402915	4	Frozen	ATRT, MYC	ATRT, MYC	0.99990	0.59000	MCF ATRT	MCF ATRT	0.99996
GSM2402916	4	Frozen	ATRT, SHH	ATRT, SHH	0.92980	0.39200	MCF ATRT	MCF ATRT	0.98859
GSM2402927	4	Frozen	LGG, PA PF	LGG, PA PF	0.99926	0.85600	MCF PA	MCF PA	0.99930
GSM2402932	4	Frozen	LGG, PA PF	LGG, PA PF	0.99917	0.85600	MCF PA	MCF PA	0.99919
GSM2402935	4	Frozen	MB, WNT	MB, WNT	0.99993	0.85000	MB, WNT	MB, WNT	0.99993
GSM2402943	4	Frozen	MB, G3	MB, G3	0.99900	0.60400	MCF MB G3G4	MCF MB G3G4	0.99930
GSM2402954	4	Frozen	ATRT, TYR	ATRT, TYR	0.97641	0.50600	MCF ATRT	MCF ATRT	0.99382
GSM2402956	4	Frozen	ATRT, TYR	ATRT, TYR	0.99939	0.72200	MCF ATRT	MCF ATRT	0.99941
GSM2402964	4	Frozen	LGG, PA PF	LGG, PA PF	0.95508	0.61200	MCF PA	MCF PA	0.95586
GSM2402965	4	Frozen	LGG, PA PF	LGG, PA PF	0.83276	0.51000	MCF PA	MCF PA	0.84122
GSM2402966	4	Frozen	CONTR, REACT	CONTR, REACT	0.99993	0.47800	CONTR, REACT	CONTR, REACT	0.99993
GSM2402968	4	Frozen	LGG, PA PF	LGG, PA PF	0.99961	0.91600	MCF PA	MCF PA	0.99963
GSM2402972	4	Frozen	LGG, PA PF	LGG, PA PF	0.99931	0.85600	MCF PA	MCF PA	0.99936
GSM2402996	4	Frozen	EPN, PF B	EPN, PF B	0.99081	0.41000	EPN, PF B	EPN, PF B	0.99081
GSM2402997	4	Frozen	EFT, CIC	EFT, CIC	0.99991	0.24600	EFT, CIC	EFT, CIC	0.99991
GSM2403001	4	Frozen	ETMR	ETMR	0.99985	0.86000	ETMR	ETMR	0.99985
GSM2403003	4	Frozen	MB, WNT	MB, WNT	0.99940	0.71600	MB, WNT	MB, WNT	0.99940
GSM2403004	4	Frozen	MB, SHH CHL AD	MB, SHH CHL AD	0.99906	0.78800	MCF MB SHH	MCF MB SHH	0.99919
GSM2403017	4	Frozen	MB, SHH CHL AD	MB, SHH CHL AD	0.99975	0.87800	MCF MB SHH	MCF MB SHH	0.99976
GSM2403027	4	Frozen	ATRT, SHH	ATRT, SHH	0.99998	0.72400	MCF ATRT	MCF ATRT	0.99999
GSM2403031	4	FFPE	LGG, PA PF	LGG, PA PF	0.99938	0.88600	MCF PA	MCF PA	0.99940
GSM2403032	4	Frozen	MB, G4	MB, G4	0.89136	0.61200	MCF MB G3G4	MCF MB G3G4	0.98452
GSM2403033	4	Frozen	MB, G4	MB, G4	0.99665	0.78800	MCF MB G3G4	MCF MB G3G4	0.99768
GSM2403037	4	Frozen	MB, SHH INF	MB, SHH INF	0.99811	0.62800	MCF MB SHH	MCF MB SHH	0.99888
GSM2403038	4	Frozen	MB, G4	MB, G4	0.99924	0.89800	MCF MB G3G4	MCF MB G3G4	0.99927
GSM2403041	4	Frozen	MB, G4	MB, G4	0.99724	0.79200	MCF MB G3G4	MCF MB G3G4	0.99759
GSM2403042	4	Frozen	MB, G4	MB, G4	0.99958	0.94400	MCF MB G3G4	MCF MB G3G4	0.99959
GSM2403045	4	Frozen	MB, G3	MB, G3	0.99969	0.68400	MCF MB G3G4	MCF MB G3G4	0.99984
GSM2403046	4	Frozen	MB, G4	MB, G4	0.99915	0.89000	MCF MB G3G4	MCF MB G3G4	0.99920
GSM2403050	4	Frozen	MB, G4	MB, G4	0.99902	0.87400	MCF MB G3G4	MCF MB G3G4	0.99911
GSM2403051	4	Frozen	MB, G4	MB, G4	0.99963	0.95600	MCF MB G3G4	MCF MB G3G4	0.99964
GSM2403064	4	Frozen	EPN, RELA	EPN, RELA	0.99999	0.72800	EPN, RELA	EPN, RELA	0.99999
GSM2403068	4	Frozen	ATRT, SHH	ATRT, SHH	0.99679	0.48800	MCF ATRT	MCF ATRT	0.99765
GSM2403069	4	Frozen	HGNET, BCOR	HGNET, BCOR	0.99902	0.49800	HGNET, BCOR	HGNET, BCOR	0.99902
GSM2403074	4	Frozen	ETMR	ETMR	0.99952	0.78400	ETMR	ETMR	0.99952
GSM2403083	4	Frozen	MB, G3	MB, G3	0.99995	0.76000	MCF MB G3G4	MCF MB G3G4	0.99996
GSM2403084	4	Frozen	LGG, PA PF	LGG, PA PF	0.99662	0.75600	MCF PA	MCF PA	0.99699
GSM2403085	4	Frozen	LGG, PA MID	LGG, PA MID	0.99999	0.76000	MCF PA	MCF PA	0.99999
GSM2403090	4	Frozen	GBM, RTK I	GBM, RTK I	0.93198	0.36800	MCF GBM	MCF GBM	0.99931
GSM2403091	4	Frozen	GBM, MES	GBM, MES	0.93370	0.32200	MCF GBM	MCF GBM	0.99403
GSM2403093	4	Frozen	GBM, MES	GBM, MES	0.99534	0.77600	MCF GBM	MCF GBM	1.00000
GSM2403099	4	Frozen	GBM, MES	GBM, RTK II	0.89424	0.70000	MCF GBM	MCF GBM	0.99965
GSM2403100	4	Frozen	GBM, RTK II	GBM, RTK II	0.98536	0.87600	MCF GBM	MCF GBM	0.99982
GSM2403103	4	Frozen	GBM, RTK II	GBM, RTK II	0.63849	0.60200	MCF GBM	MCF GBM	0.99992
GSM2403105	4	Frozen	GBM, MES	GBM, MES	0.86722	0.48800	MCF GBM	MCF GBM	0.99998
GSM2403108	4	Frozen	GBM, RTK II	GBM, RTK II	0.96178	0.76400	MCF GBM	MCF GBM	0.99972
GSM2403109	4	Frozen	GBM, RTK II	GBM, RTK II	0.98322	0.76800	MCF GBM	MCF GBM	0.99958
GSM2403120	4	FFPE	GBM, RTK II	GBM, RTK II	0.94926	0.54200	MCF GBM	MCF GBM	0.99714
GSM2403126	4	FFPE	EPN, RELA	EPN, RELA	0.99961	0.57400	EPN, RELA	EPN, RELA	0.99961
GSM2403130	4	Frozen	MB, SHH CHL AD	MB, SHH CHL AD	0.99986	0.89000	MCF MB SHH	MCF MB SHH	0.99986
GSM2403137	4	Frozen	MB, G4	MB, G4	0.99954	0.94000	MCF MB G3G4	MCF MB G3G4	0.99956
GSM2403143	4	Frozen	MB, WNT	MB, WNT	0.99998	0.92600	MB, WNT	MB, WNT	0.99998
GSM2403146	4	Frozen	MB, G4	MB, G4	0.99975	0.99000	MCF MB G3G4	MCF MB G3G4	0.99976
GSM2403155	4	Frozen	LGG, PA MID	LGG, PA MID	0.67806	0.31800	MCF PA	MCF PA	0.96506
GSM2403158	4	Frozen	LGG, PA PF	LGG, PA PF	0.99673	0.74000	MCF PA	MCF PA	0.99776
GSM2403162	4	Frozen	LGG, PA PF	LGG, PA PF	0.99947	0.89600	MCF PA	MCF PA	0.99949
GSM2403165	4	Frozen	LGG, PA MID	LGG, PA MID	0.99118	0.43200	MCF PA	MCF PA	0.99351
GSM2403170	4	Frozen	LGG, PA MID	LGG, PA MID	0.99862	0.55000	MCF PA	MCF PA	0.99881
GSM2403181	4	Frozen	LGG, PA PF	LGG, PA PF	0.99972	0.95000	MCF PA	MCF PA	0.99973
GSM2403186	4	Frozen	EPN, PF A	EPN, PF A	0.99940	0.88200	EPN, PF A	EPN, PF A	0.99940
GSM2403191	4	Frozen	EPN, RELA	EPN, RELA	0.99999	0.75000	EPN, RELA	EPN, RELA	0.99999
GSM2403193	4	Frozen	EPN, RELA	EPN, RELA	0.99996	0.68800	EPN, RELA	EPN, RELA	0.99996
GSM2403196	4	Frozen	SUBEPN, ST	SUBEPN, ST	0.99960	0.55800	SUBEPN, ST	SUBEPN, ST	0.99960
GSM2403205	4	Frozen	SUBEPN, ST	SUBEPN, ST	0.99995	0.66000	SUBEPN, ST	SUBEPN, ST	0.99995
GSM2403208	4	Frozen	EPN, RELA	EPN, RELA	0.99975	0.59200	EPN, RELA	EPN, RELA	0.99975
GSM2403209	4	Frozen	LGG, MYB	LGG, MYB	0.99995	0.71400	LGG, MYB	LGG, MYB	0.99995
GSM2403235	4	Frozen	CONTR, HEMI	CONTR, HEMI	0.99965	0.64000	CONTR, HEMI	CONTR, HEMI	0.99965
GSM2403244	4	FFPE	MB, WNT	MB, WNT	0.98186	0.49800	MB, WNT	MB, WNT	0.98186
GSM2403247	4	FFPE	MB, G4	MB, G4	0.99743	0.79400	MCF MB G3G4	MCF MB G3G4	0.99787
GSM2403249	4	FFPE	MB, G3	MB, G3	0.99571	0.52800	MCF MB G3G4	MCF MB G3G4	0.99601
GSM2403251	4	FFPE	MB, SHH INF	MB, SHH INF	0.99867	0.64600	MCF MB SHH	MCF MB SHH	0.99889
GSM2403256	4	FFPE	MB, WNT	MB, WNT	0.99996	0.87800	MB, WNT	MB, WNT	0.99996
GSM2403269	4	FFPE	MB, G4	MB, G4	0.99973	0.98400	MCF MB G3G4	MCF MB G3G4	0.99974
GSM2403273	4	FFPE	MB, G4	MB, G4	0.99798	0.81800	MCF MB G3G4	MCF MB G3G4	0.99831
GSM2403274	4	FFPE	MB, G4	MB, G4	0.99839	0.83600	MCF MB G3G4	MCF MB G3G4	0.99866
GSM2403288	4	FFPE	MB, SHH INF	MB, SHH INF	0.99970	0.70800	MCF MB SHH	MCF MB SHH	0.99975
GSM2403291	4	FFPE	MB, G4	MB, G4	0.99968	0.96800	MCF MB G3G4	MCF MB G3G4	0.99969
GSM2403292	4	FFPE	MB, G4	MB, G4	0.99370	0.73000	MCF MB G3G4	MCF MB G3G4	0.99555
GSM2403302	4	FFPE	MB, G3	MB, G3	0.99967	0.65800	MCF MB G3G4	MCF MB G3G4	0.99970
GSM2403307	4	FFPE	MB, SHH CHL AD	MB, SHH CHL AD	0.99970	0.86400	MCF MB SHH	MCF MB SHH	0.99972
GSM2403312	4	FFPE	MB, WNT	MB, WNT	0.99974	0.77000	MB, WNT	MB, WNT	0.99974
GSM2403318	4	FFPE	MB, SHH INF	MB, SHH INF	0.99912	0.67600	MCF MB SHH	MCF MB SHH	0.99956
GSM2403321	4	FFPE	MB, SHH INF	MB, SHH INF	0.99783	0.62000	MCF MB SHH	MCF MB SHH	0.99863
GSM2403327	4	FFPE	MB, G4	MB, G4	0.99973	0.98600	MCF MB G3G4	MCF MB G3G4	0.99974
GSM2403332	4	FFPE	MB, G4	MB, G4	0.99733	0.81600	MCF MB G3G4	MCF MB G3G4	0.99831
GSM2403334	4	FFPE	MB, G3	MB, G3	0.99997	0.79200	MCF MB G3G4	MCF MB G3G4	0.99998
GSM2403355	4	FFPE	MB, G4	MB, G4	0.99930	0.90400	MCF MB G3G4	MCF MB G3G4	0.99933
GSM2403356	4	FFPE	MB, SHH CHL AD	MB, SHH CHL AD	0.99229	0.61800	MCF MB SHH	MCF MB SHH	0.99453
GSM2403357	4	FFPE	MB, WNT	MB, WNT	0.99973	0.76400	MB, WNT	MB, WNT	0.99973
GSM2403361	4	FFPE	MB, G4	MB, G4	0.99968	0.96800	MCF MB G3G4	MCF MB G3G4	0.99969
GSM2403362	4	FFPE	MB, SHH INF	MB, SHH INF	0.80874	0.41400	MCF MB SHH	MCF MB SHH	0.96808
GSM2403378	4	FFPE	MB, G3	MB, G3	0.99999	0.83600	MCF MB G3G4	MCF MB G3G4	0.99999
GSM2403386	4	FFPE	MB, G4	MB, G4	0.88183	0.60400	MCF MB G3G4	MCF MB G3G4	0.98226
GSM2403392	4	FFPE	MB, SHH CHL AD	MB, SHH CHL AD	0.99991	0.95600	MCF MB SHH	MCF MB SHH	0.99991
GSM2403399	4	FFPE	MB, G3	MB, G3	0.99997	0.78600	MCF MB G3G4	MCF MB G3G4	0.99998
GSM2403400	4	FFPE	MB, G4	MB, G4	0.99949	0.93000	MCF MB G3G4	MCF MB G3G4	0.99952
GSM2403414	4	Frozen	MB, SHH CHL AD	MB, SHH CHL AD	0.99983	0.90400	MCF MB SHH	MCF MB SHH	0.99984
GSM2403416	4	Frozen	MB, SHH CHL AD	MB, SHH CHL AD	0.99966	0.85800	MCF MB SHH	MCF MB SHH	0.99967
GSM2403420	4	Frozen	MB, SHH CHL AD	MB, SHH CHL AD	0.99963	0.85800	MCF MB SHH	MCF MB SHH	0.99964
GSM2403429	4	Frozen	MB, SHH CHL AD	MB, SHH CHL AD	0.99964	0.83400	MCF MB SHH	MCF MB SHH	0.99966
GSM2403430	4	Frozen	MB, G3	MB, G3	0.99979	0.68400	MCF MB G3G4	MCF MB G3G4	0.99983
GSM2403431	4	Frozen	MB, G4	MB, G4	0.99822	0.82800	MCF MB G3G4	MCF MB G3G4	0.99846
GSM2403435	4	Frozen	MB, G4	MB, G4	0.99965	0.96400	MCF MB G3G4	MCF MB G3G4	0.99967
GSM2403442	4	Frozen	LGG, PA PF	LGG, PA PF	0.98874	0.64200	MCF PA	MCF PA	0.99099
GSM2403443	4	Frozen	LGG, PA PF	LGG, PA PF	0.95487	0.53200	MCF PA	MCF PA	0.97571
GSM2403444	4	Frozen	LGG, PA PF	LGG, PA PF	0.99956	0.89400	MCF PA	MCF PA	0.99958
GSM2403456	4	Frozen	LGG, PA PF	LGG, PA PF	0.99927	0.86400	MCF PA	MCF PA	0.99931
GSM2403459	4	Frozen	LGG, PA PF	LGG, RGNT	0.52013	0.08000	MCF PA	LGG, RGNT	0.52013
GSM2403466	4	Frozen	MB, SHH CHL AD	MB, SHH CHL AD	0.99758	0.72400	MCF MB SHH	MCF MB SHH	0.99877
GSM2403475	4	Frozen	GBM, RTK I	GBM, RTK II	0.97011	0.62000	MCF GBM	MCF GBM	0.99686
GSM2403479	4	Frozen	GBM, RTK II	GBM, RTK II	0.99115	0.75000	MCF GBM	MCF GBM	0.99938
GSM2403481	4	Frozen	GBM, RTK II	GBM, RTK II	0.97049	0.76600	MCF GBM	MCF GBM	0.99962
GSM2403484	4	Frozen	GBM, RTK II	GBM, RTK II	0.98248	0.78800	MCF GBM	MCF GBM	0.99966
GSM2403487	4	Frozen	GBM, RTK I	GBM, RTK I	0.99678	0.39200	MCF GBM	MCF GBM	0.99985
GSM2403493	4	Frozen	LGG, PA PF	LGG, PA PF	0.99958	0.91400	MCF PA	MCF PA	0.99960
GSM2403495	4	Frozen	MB, SHH CHL AD	MB, SHH CHL AD	0.99685	0.64800	MCF MB SHH	MCF MB SHH	0.99699
GSM2403498	4	Frozen	ETMR	ETMR	0.99963	0.80000	ETMR	ETMR	0.99963
GSM2403502	4	FFPE	HMB	HMB	1.00000	0.69000	HMB	HMB	1.00000
GSM2403503	4	FFPE	EPN, MPE	EPN, MPE	0.99949	0.52000	EPN, MPE	EPN, MPE	0.99949
GSM2403508	4	FFPE	SCHW	SCHW	0.54658	0.14000	SCHW	SCHW	0.54658
GSM2403530	4	Frozen	CONTR, HEMI	CONTR, HEMI	0.99939	0.58400	CONTR, HEMI	CONTR, HEMI	0.99939
GSM2403532	4	Frozen	CONTR, HEMI	CONTR, HEMI	0.99977	0.63400	CONTR, HEMI	CONTR, HEMI	0.99977
GSM2403542	4	Frozen	MNG	MNG	0.99898	0.80800	MNG	MNG	0.99898
GSM2403549	4	Frozen	MNG	MNG	0.99940	0.85600	MNG	MNG	0.99940
GSM2403556	4	Frozen	MNG	MNG	0.99976	0.93600	MNG	MNG	0.99976
GSM2403567	4	Frozen	MNG	MNG	0.99822	0.76200	MNG	MNG	0.99822
GSM2403570	4	FFPE	O IDH	O IDH	0.99995	0.70800	MCF IDH GLM	MCF IDH GLM	0.99998
GSM2403577	4	FFPE	LGG, MYB	LGG, MYB	0.85209	0.31200	LGG, MYB	LGG, MYB	0.85209
GSM2403580	4	FFPE	LGG, MYB	LGG, MYB	0.99997	0.71200	LGG, MYB	LGG, MYB	0.99997
GSM2403584	4	FFPE	MB, SHH CHL AD	MB, SHH CHL AD	0.99176	0.54600	MCF MB SHH	MCF MB SHH	0.99269
GSM2403585	4	FFPE	EPN, MPE	EPN, MPE	0.99996	0.63800	EPN, MPE	EPN, MPE	0.99996
GSM2403589	4	FFPE	A IDH	A IDH	0.99483	0.63800	MCF IDH GLM	MCF IDH GLM	0.99920
GSM2403593	4	Frozen	MNG	MNG	0.99976	0.93800	MNG	MNG	0.99976
GSM2403598	4	Frozen	GBM, RTK II	GBM, RTK II	0.99140	0.76400	MCF GBM	MCF GBM	0.99958
GSM2403605	4	Frozen	HGNET, MN1	HGNET, MN1	0.99994	0.37200	HGNET, MN1	HGNET, MN1	0.99994
GSM2403611	4	FFPE	LGG, PA PF	LGG, PA PF	0.98118	0.58600	MCF PA	MCF PA	0.98767
GSM2403621	4	FFPE	CNS NB, FOXR2	CNS NB, FOXR2	0.99950	0.83400	CNS NB, FOXR2	CNS NB, FOXR2	0.99950
GSM2403623	4	FFPE	MB, SHH CHL AD	MB, SHH CHL AD	0.99988	0.93400	MCF MB SHH	MCF MB SHH	0.99988
GSM2403630	4	FFPE	LGG, SEGA	LGG, SEGA	0.99899	0.45200	LGG, SEGA	LGG, SEGA	0.99899
GSM2403633	4	FFPE	CN	CN	1.00000	0.75400	CN	CN	1.00000
GSM2403636	4	FFPE	CN	CN	0.99999	0.66000	CN	CN	0.99999
GSM2403638	4	FFPE	SUBEPN, ST	SUBEPN, ST	0.99801	0.48000	SUBEPN, ST	SUBEPN, ST	0.99801
GSM2403644	4	FFPE	LYMPHO	LYMPHO	0.99978	0.45600	LYMPHO	LYMPHO	0.99978
GSM2403645	4	FFPE	LYMPHO	LYMPHO	1.00000	0.66600	LYMPHO	LYMPHO	1.00000
GSM2403652	4	FFPE	PXA	PXA	0.99997	0.56400	PXA	PXA	0.99997
GSM2403658	4	FFPE	LGG, PA/GG ST	LGG, PA/GG ST	0.99992	0.50800	MCF PA	MCF PA	0.99995
GSM2403660	4	FFPE	LYMPHO	LYMPHO	0.99988	0.45200	LYMPHO	LYMPHO	0.99988
GSM2403661	4	FFPE	ETMR	ETMR	0.99976	0.83000	ETMR	ETMR	0.99976
GSM2403664	4	FFPE	ETMR	ETMR	0.99984	0.85600	ETMR	ETMR	0.99984
GSM2403681	4	Frozen	CONTR, INFLAM	CONTR, INFLAM	1.00000	0.85600	CONTR, INFLAM	CONTR, INFLAM	1.00000
GSM2403695	4	Frozen	ETMR	ETMR	0.99991	0.89400	ETMR	ETMR	0.99991
GSM2403701	4	Frozen	EFT, CIC	EFT, CIC	0.99983	0.24200	EFT, CIC	EFT, CIC	0.99983
GSM2403713	4	FFPE	CPH, ADM	CPH, ADM	0.99999	0.77600	CPH, ADM	CPH, ADM	0.99999
GSM2403714	4	FFPE	CPH, PAP	CPH, PAP	0.99995	0.76000	CPH, PAP	CPH, PAP	0.99995
GSM2403718	4	FFPE	ETMR	ETMR	0.99978	0.83800	ETMR	ETMR	0.99978
GSM2403727	4	FFPE	PITUI	PITUI	0.98977	0.43400	PITUI	PITUI	0.98977
GSM2403730	4	FFPE	A IDH	A IDH	0.99204	0.66200	MCF IDH GLM	MCF IDH GLM	0.99968
GSM2403732	4	FFPE	EPN, MPE	EPN, MPE	0.99655	0.44400	EPN, MPE	EPN, MPE	0.99655
GSM2403740	4	FFPE	GBM, G34	GBM, G34	0.99928	0.51000	GBM, G34	GBM, G34	0.99928
GSM2403741	4	FFPE	A IDH	A IDH	0.99272	0.62800	MCF IDH GLM	MCF IDH GLM	0.99892
GSM2403742	4	FFPE	PIN T, PPT	PIN T, PPT	0.99587	0.39800	PIN T, PPT	PIN T, PPT	0.99587
GSM2403745	4	FFPE	CONTR, PINEAL	CONTR, PINEAL	0.99993	0.73000	CONTR, PINEAL	CONTR, PINEAL	0.99993
GSM2403748	4	FFPE	GBM, G34	GBM, G34	0.99694	0.43000	GBM, G34	GBM, G34	0.99694
GSM2403751	4	Frozen	HGNET, BCOR	HGNET, BCOR	0.99108	0.40200	HGNET, BCOR	HGNET, BCOR	0.99108
GSM2403760	4	FFPE	LGG, DNT	LGG, DNT	0.99990	0.87000	LGG, DNT	LGG, DNT	0.99990
GSM2403769	4	FFPE	CN	CN	0.99999	0.63400	CN	CN	0.99999
GSM2403775	4	FFPE	CN	CN	0.99998	0.61800	CN	CN	0.99998
GSM2403777	4	FFPE	LGG, DNT	LGG, DNT	0.99968	0.83200	LGG, DNT	LGG, DNT	0.99968
GSM2403790	4	FFPE	CPH, ADM	CPH, ADM	1.00000	0.91600	CPH, ADM	CPH, ADM	1.00000
GSM2403791	4	FFPE	EPN, RELA	EPN, RELA	0.99997	0.70200	EPN, RELA	EPN, RELA	0.99997
GSM2403797	4	FFPE	EPN, RELA	EPN, RELA	0.99997	0.69800	EPN, RELA	EPN, RELA	0.99997
GSM2403799	4	FFPE	EPN, RELA	EPN, RELA	0.99822	0.48800	EPN, RELA	EPN, RELA	0.99822
GSM2403806	4	FFPE	EPN, PF A	EPN, PF A	0.98494	0.61000	EPN, PF A	EPN, PF A	0.98494
GSM2403807	4	FFPE	EPN, YAP	EPN, YAP	0.94658	0.18400	EPN, YAP	EPN, YAP	0.94658
GSM2403808	4	FFPE	EPN, RELA	EPN, RELA	0.99997	0.69200	EPN, RELA	EPN, RELA	0.99997
GSM2403809	4	FFPE	EPN, RELA	EPN, RELA	0.99934	0.54800	EPN, RELA	EPN, RELA	0.99934
GSM2403813	4	FFPE	EPN, RELA	EPN, RELA	0.99969	0.58600	EPN, RELA	EPN, RELA	0.99969
GSM2403814	4	FFPE	LGG, PA/GG ST	LGG, PA/GG ST	0.99722	0.42200	MCF PA	MCF PA	0.99728
GSM2403821	4	FFPE	EPN, PF A	EPN, PF A	0.99980	0.96400	EPN, PF A	EPN, PF A	0.99980
GSM2403823	4	FFPE	EPN, PF A	EPN, PF A	0.99901	0.83400	EPN, PF A	EPN, PF A	0.99901
GSM2403824	4	FFPE	MNG	MNG	0.99762	0.74600	MNG	MNG	0.99762
GSM2403839	4	FFPE	ENB, B	ENB, B	0.98370	0.45200	MCF ENB	MCF ENB	0.99975
GSM2403847	4	FFPE	EPN, MPE	EPN, MPE	0.99994	0.62400	EPN, MPE	EPN, MPE	0.99994
GSM2403854	4	FFPE	EPN, PF B	EPN, PF B	0.99962	0.58800	EPN, PF B	EPN, PF B	0.99962
GSM2403862	4	FFPE	EPN, PF A	EPN, PF A	0.99877	0.80000	EPN, PF A	EPN, PF A	0.99877
GSM2403865	4	FFPE	EPN, PF A	EPN, PF A	0.99906	0.83800	EPN, PF A	EPN, PF A	0.99906
GSM2403866	4	FFPE	EPN, PF A	EPN, PF A	0.99876	0.77600	EPN, PF A	EPN, PF A	0.99876
GSM2403869	4	FFPE	EPN, RELA	EPN, RELA	0.99994	0.66600	EPN, RELA	EPN, RELA	0.99994
GSM2403872	4	FFPE	EPN, PF A	EPN, PF A	0.99848	0.79600	EPN, PF A	EPN, PF A	0.99848
GSM2403873	4	FFPE	EPN, PF A	EPN, PF A	0.99976	0.95600	EPN, PF A	EPN, PF A	0.99976
GSM2403881	4	FFPE	EPN, PF A	EPN, PF A	0.99910	0.83000	EPN, PF A	EPN, PF A	0.99910
GSM2403882	4	FFPE	EPN, PF A	EPN, PF A	0.99860	0.80000	EPN, PF A	EPN, PF A	0.99860
GSM2403884	4	FFPE	EPN, PF A	EPN, PF A	0.99705	0.71800	EPN, PF A	EPN, PF A	0.99705
GSM2403885	4	FFPE	EPN, PF A	EPN, PF A	0.99930	0.86200	EPN, PF A	EPN, PF A	0.99930
GSM2403895	4	Frozen	CNS NB, FOXR2	CNS NB, FOXR2	0.99937	0.81000	CNS NB, FOXR2	CNS NB, FOXR2	0.99937
GSM2403896	4	Frozen	GBM, MYCN	GBM, MYCN	0.99984	0.19000	MCF GBM	MCF GBM	1.00000
GSM2403921	4	FFPE	PTPR, A	PTPR, A	1.00000	0.36400	PTPR, A	PTPR, A	1.00000
GSM2403931	4	FFPE	PTPR, B	PTPR, B	0.99995	0.71200	PTPR, B	PTPR, B	0.99995
GSM2403932	4	FFPE	PTPR, B	PTPR, B	0.99512	0.65200	PTPR, B	PTPR, B	0.99512
GSM2403933	4	FFPE	PTPR, B	PTPR, B	0.99969	0.62400	PTPR, B	PTPR, B	0.99969
GSM2403935	4	FFPE	HMB	HMB	1.00000	0.73200	HMB	HMB	1.00000
GSM2403937	4	FFPE	SCHW	SCHW	1.00000	0.64600	SCHW	SCHW	1.00000
GSM2403939	4	FFPE	HMB	HMB	0.99997	0.57800	HMB	HMB	0.99997
GSM2403947	4	FFPE	HMB	HMB	0.90984	0.25200	HMB	HMB	0.90984
GSM2403948	4	FFPE	HMB	HMB	0.99996	0.55200	HMB	HMB	0.99996
GSM2403960	4	FFPE	SCHW	SCHW	1.00000	0.64800	SCHW	SCHW	1.00000
GSM2403961	4	FFPE	SCHW	SCHW	1.00000	0.68800	SCHW	SCHW	1.00000
GSM2403962	4	FFPE	SCHW	SCHW	1.00000	0.63800	SCHW	SCHW	1.00000
GSM2403963	4	FFPE	SUBEPN, PF	SUBEPN, PF	0.99999	0.79000	SUBEPN, PF	SUBEPN, PF	0.99999
GSM2403967	4	Frozen	CONTR, REACT	CONTR, REACT	0.99936	0.40000	CONTR, REACT	CONTR, REACT	0.99936
GSM2403969	4	Frozen	MB, G4	MB, G4	0.99947	0.92600	MCF MB G3G4	MCF MB G3G4	0.99949
GSM2403970	4	Frozen	EPN, YAP	EPN, YAP	0.99887	0.27000	EPN, YAP	EPN, YAP	0.99887
GSM2403976	4	Frozen	EPN, PF A	EPN, PF A	0.99368	0.67200	EPN, PF A	EPN, PF A	0.99368
GSM2403980	4	Frozen	EPN, PF B	EPN, PF B	0.94627	0.28600	EPN, PF B	EPN, PF B	0.94627
GSM2403995	4	FFPE	PGG, nC	PGG, nC	0.99984	0.66800	PGG, nC	PGG, nC	0.99984
GSM2404005	4	FFPE	PGG, nC	PGG, nC	0.99962	0.62600	PGG, nC	PGG, nC	0.99962
GSM2404006	4	FFPE	PGG, nC	PGG, nC	0.99960	0.62000	PGG, nC	PGG, nC	0.99960
GSM2404009	4	FFPE	SFT HMPC	SFT HMPC	0.99994	0.39000	SFT HMPC	SFT HMPC	0.99994
GSM2404014	4	FFPE	PIN T, PB B	PIN T, PB B	1.00000	0.78800	PIN T, PB B	PIN T, PB B	1.00000
GSM2404016	4	FFPE	SFT HMPC	SFT HMPC	0.98663	0.24200	SFT HMPC	SFT HMPC	0.98663
GSM2404021	4	FFPE	MB, G3	MB, G3	0.99995	0.75800	MCF MB G3G4	MCF MB G3G4	0.99996
GSM2404022	4	FFPE	MB, G4	MB, G4	0.99940	0.91400	MCF MB G3G4	MCF MB G3G4	0.99944
GSM2404023	4	FFPE	GBM, RTK III	GBM, MYCN	0.50124	0.05800	MCF GBM	MCF GBM	0.91575
GSM2404024	4	FFPE	HGNET, MN1	HGNET, MN1	0.99994	0.38600	HGNET, MN1	HGNET, MN1	0.99994
GSM2404035	4	FFPE	EPN, RELA	EPN, RELA	0.99890	0.51400	EPN, RELA	EPN, RELA	0.99890
GSM2404044	4	FFPE	SUBEPN, SPINE	SUBEPN, SPINE	1.00000	0.55000	SUBEPN, SPINE	SUBEPN, SPINE	1.00000
GSM2404045	4	FFPE	MB, G4	MB, G4	0.99941	0.91600	MCF MB G3G4	MCF MB G3G4	0.99943
GSM2404054	4	FFPE	EPN, PF B	EPN, PF B	0.99987	0.62000	EPN, PF B	EPN, PF B	0.99987
GSM2404055	4	FFPE	EPN, RELA	EPN, RELA	0.99939	0.55600	EPN, RELA	EPN, RELA	0.99939
GSM2404060	4	FFPE	CNS NB, FOXR2	CNS NB, FOXR2	0.99105	0.62400	CNS NB, FOXR2	CNS NB, FOXR2	0.99105
GSM2404069	4	FFPE	ETMR	ETMR	0.98590	0.55800	ETMR	ETMR	0.98590
GSM2404074	4	FFPE	MNG	MNG	0.49787	0.27200	MNG	MNG	0.49787
GSM2404080	4	FFPE	MNG	MNG	0.99866	0.79400	MNG	MNG	0.99866
GSM2404083	4	FFPE	MNG	MNG	0.99960	0.89200	MNG	MNG	0.99960
GSM2404096	4	FFPE	MB, SHH INF	MB, SHH INF	0.99999	0.91800	MCF MB SHH	MCF MB SHH	0.99999
GSM2404099	4	Frozen	ATRT, TYR	ATRT, TYR	0.99993	0.86200	MCF ATRT	MCF ATRT	0.99994
GSM2404104	4	FFPE	DMG, K27	DMG, K27	0.99496	0.53600	DMG, K27	DMG, K27	0.99496
GSM2404109	4	FFPE	SUBEPN, ST	SUBEPN, ST	0.99799	0.50000	SUBEPN, ST	SUBEPN, ST	0.99799
GSM2404115	4	Frozen	ETMR	ETMR	0.99728	0.66800	ETMR	ETMR	0.99728
GSM2404119	4	FFPE	ATRT, MYC	ATRT, MYC	0.91003	0.29200	MCF ATRT	MCF ATRT	0.93897
GSM2404120	4	FFPE	PITAD, ACTH	PITAD, ACTH	0.99955	0.37200	PITAD, ACTH	PITAD, ACTH	0.99955
GSM2404122	4	FFPE	EPN, SPINE	EPN, SPINE	0.99999	0.72800	EPN, SPINE	EPN, SPINE	0.99999
GSM2404129	4	Frozen	CNS NB, FOXR2	CNS NB, FOXR2	0.99604	0.68600	CNS NB, FOXR2	CNS NB, FOXR2	0.99604
GSM2404134	4	FFPE	A IDH	A IDH	0.99316	0.57600	MCF IDH GLM	MCF IDH GLM	0.99848
GSM2404138	4	FFPE	PITAD, ACTH	PITAD, ACTH	0.99996	0.45000	PITAD, ACTH	PITAD, ACTH	0.99996
GSM2404164	4	FFPE	ATRT, SHH	ATRT, SHH	0.99982	0.62800	MCF ATRT	MCF ATRT	0.99992
GSM2404172	4	FFPE	CPH, PAP	CPH, PAP	0.99998	0.78000	CPH, PAP	CPH, PAP	0.99998
GSM2404177	4	FFPE	CPH, ADM	CPH, ADM	0.99999	0.81400	CPH, ADM	CPH, ADM	0.99999
GSM2404192	4	FFPE	PLEX, PED B	PLEX, PED B	0.99994	0.77200	MCF PLEX T	MCF PLEX T	0.99997
GSM2404195	4	FFPE	EWS	EWS	1.00000	0.40600	EWS	EWS	1.00000
GSM2404196	4	FFPE	SUBEPN, SPINE	SUBEPN, SPINE	1.00000	0.43000	SUBEPN, SPINE	SUBEPN, SPINE	1.00000
GSM2404205	4	FFPE	DMG, K27	DMG, K27	0.99995	0.75600	DMG, K27	DMG, K27	0.99995
GSM2404220	4	FFPE	O IDH	O IDH	0.99998	0.73800	MCF IDH GLM	MCF IDH GLM	0.99999
GSM2404222	4	FFPE	A IDH, HG	A IDH, HG	0.85747	0.21800	MCF IDH GLM	MCF IDH GLM	0.94263
GSM2404225	4	FFPE	O IDH	O IDH	0.99003	0.53200	MCF IDH GLM	MCF IDH GLM	0.99873
GSM2404231	4	FFPE	O IDH	O IDH	1.00000	0.82200	MCF IDH GLM	MCF IDH GLM	1.00000
GSM2404233	4	FFPE	A IDH, HG	A IDH, HG	0.90691	0.38400	MCF IDH GLM	MCF IDH GLM	0.99975
GSM2404235	4	FFPE	O IDH	O IDH	1.00000	0.82600	MCF IDH GLM	MCF IDH GLM	1.00000
GSM2404240	4	FFPE	MELAN	MELAN	0.99980	0.35000	MELAN	MELAN	0.99980
GSM2404244	4	FFPE	MELCYT	MELCYT	1.00000	0.72400	MELCYT	MELCYT	1.00000
GSM2404245	4	FFPE	MELCYT	MELCYT	0.99996	0.56600	MELCYT	MELCYT	0.99996
GSM2404260	4	FFPE	SUBEPN, PF	SUBEPN, PF	1.00000	0.90800	SUBEPN, PF	SUBEPN, PF	1.00000
GSM2404261	4	FFPE	SUBEPN, PF	SUBEPN, PF	0.99339	0.45400	SUBEPN, PF	SUBEPN, PF	0.99339
GSM2404270	4	Frozen	MB, SHH CHL AD	MB, SHH CHL AD	0.99909	0.77200	MCF MB SHH	MCF MB SHH	0.99913
GSM2404274	4	FFPE	EPN, SPINE	EPN, SPINE	0.99998	0.71600	EPN, SPINE	EPN, SPINE	0.99998
GSM2404278	4	FFPE	ENB, A	ENB, A	0.99928	0.52600	MCF ENB	MCF ENB	0.99994
GSM2404280	4	FFPE	ENB, A	ENB, A	0.99999	0.60200	MCF ENB	MCF ENB	0.99999
GSM2404281	4	FFPE	ENB, B	ENB, B	0.99998	0.51000	MCF ENB	MCF ENB	0.99999
GSM2404284	4	FFPE	PGG, nC	PGG, nC	0.99782	0.54000	PGG, nC	PGG, nC	0.99782
GSM2404285	4	Frozen	SCHW, MEL	SCHW, MEL	0.99920	0.21000	SCHW, MEL	SCHW, MEL	0.99920
GSM2404300	4	FFPE	MB, G3	MB, G3	0.99995	0.76400	MCF MB G3G4	MCF MB G3G4	0.99996
GSM2404301	4	FFPE	MB, G3	MB, G3	0.97950	0.45400	MCF MB G3G4	MCF MB G3G4	0.98331
GSM2404302	4	FFPE	LGG, SEGA	LGG, SEGA	0.99988	0.52000	LGG, SEGA	LGG, SEGA	0.99988
GSM2404309	4	Frozen	EPN, PF A	EPN, PF A	0.99883	0.82400	EPN, PF A	EPN, PF A	0.99883
GSM2404311	4	Frozen	EPN, PF A	EPN, PF A	0.99922	0.86200	EPN, PF A	EPN, PF A	0.99922
GSM2404318	4	FFPE	LGG, DNT	LGG, DNT	0.99976	0.84600	LGG, DNT	LGG, DNT	0.99976
GSM2404325	4	FFPE	LGG, GG	LGG, GG	0.99985	0.48200	LGG, GG	LGG, GG	0.99985
GSM2404327	4	FFPE	LGG, GG	LGG, GG	0.96862	0.31200	LGG, GG	LGG, GG	0.96862
GSM2404330	4	FFPE	LGG, DNT	LGG, DNT	0.99986	0.84800	LGG, DNT	LGG, DNT	0.99986
GSM2404333	4	FFPE	LGG, DNT	LGG, DNT	0.99966	0.77400	LGG, DNT	LGG, DNT	0.99966
GSM2404334	4	FFPE	LGG, GG	LGG, GG	0.99855	0.38400	LGG, GG	LGG, GG	0.99855
GSM2404343	4	FFPE	A IDH, HG	A IDH, HG	0.99556	0.49200	MCF IDH GLM	MCF IDH GLM	0.99993
GSM2404350	4	FFPE	PITAD, STH SPA	PITAD, STH SPA	0.99992	0.50400	PITAD, STH SPA	PITAD, STH SPA	0.99992
GSM2404352	4	FFPE	PITAD, STH SPA	PITAD, STH SPA	0.99977	0.44400	PITAD, STH SPA	PITAD, STH SPA	0.99977
GSM2404355	4	FFPE	PITAD, STH SPA	PITAD, STH SPA	0.99986	0.47600	PITAD, STH SPA	PITAD, STH SPA	0.99986
GSM2404356	4	FFPE	PITAD, STH DNS B	PITAD, STH DNS B	0.99987	0.42800	PITAD, STH DNS B	PITAD, STH DNS B	0.99987
GSM2404360	4	FFPE	PITAD, STH DNS A	PITAD, STH DNS A	0.86013	0.18600	PITAD, STH DNS A	PITAD, STH DNS A	0.86013
GSM2404377	4	FFPE	LGG, PA PF	LGG, PA PF	0.99932	0.87600	MCF PA	MCF PA	0.99934
GSM2404380	4	Frozen	EPN, SPINE	EPN, SPINE	0.99975	0.59000	EPN, SPINE	EPN, SPINE	0.99975
GSM2404381	4	Frozen	EPN, SPINE	EPN, SPINE	0.99986	0.62000	EPN, SPINE	EPN, SPINE	0.99986
GSM2404386	4	Frozen	EPN, SPINE	EPN, SPINE	0.99992	0.64600	EPN, SPINE	EPN, SPINE	0.99992
GSM2404391	4	Frozen	SUBEPN, PF	SUBEPN, PF	0.99998	0.78000	SUBEPN, PF	SUBEPN, PF	0.99998
GSM2404392	4	Frozen	SUBEPN, PF	SUBEPN, PF	0.99975	0.61200	SUBEPN, PF	SUBEPN, PF	0.99975
GSM2404396	4	Frozen	EPN, PF B	EPN, PF B	0.99998	0.71400	EPN, PF B	EPN, PF B	0.99998
GSM2404399	4	Frozen	EPN, PF A	EPN, PF A	0.99942	0.88000	EPN, PF A	EPN, PF A	0.99942
GSM2404413	4	FFPE	PITAD, FSH LH	PITAD, FSH LH	0.99998	0.73200	PITAD, FSH LH	PITAD, FSH LH	0.99998
GSM2404416	4	FFPE	PITAD, FSH LH	PITAD, FSH LH	0.99997	0.71000	PITAD, FSH LH	PITAD, FSH LH	0.99997
GSM2404417	4	FFPE	PITAD, FSH LH	PITAD, FSH LH	0.99503	0.53800	PITAD, FSH LH	PITAD, FSH LH	0.99503
GSM2404419	4	FFPE	PITAD, FSH LH	PITAD, FSH LH	1.00000	0.79600	PITAD, FSH LH	PITAD, FSH LH	1.00000
GSM2404422	4	FFPE	PITAD, STH DNS B	PITAD, STH DNS B	0.63099	0.20000	PITAD, STH DNS B	PITAD, STH DNS B	0.63099
GSM2404426	4	FFPE	PITAD, PRL	PITAD, PRL	1.00000	0.44600	PITAD, PRL	PITAD, PRL	1.00000
GSM2404428	4	FFPE	PITAD, ACTH	PITAD, ACTH	0.99976	0.38600	PITAD, ACTH	PITAD, ACTH	0.99976
GSM2404432	4	FFPE	O IDH	O IDH	1.00000	0.84200	MCF IDH GLM	MCF IDH GLM	1.00000
GSM2404464	4	Frozen	EPN, PF A	EPN, PF A	0.99848	0.81000	EPN, PF A	EPN, PF A	0.99848
GSM2404465	4	FFPE	MNG	MNG	0.99937	0.85000	MNG	MNG	0.99937
GSM2404466	4	FFPE	MNG	MNG	0.99798	0.75800	MNG	MNG	0.99798
GSM2404471	4	FFPE	MNG	MNG	0.99961	0.89600	MNG	MNG	0.99961
GSM2404482	4	FFPE	LGG, DNT	LGG, DNT	0.99970	0.78200	LGG, DNT	LGG, DNT	0.99970
GSM2404490	4	FFPE	HGNET, BCOR	HGNET, BCOR	0.99994	0.62600	HGNET, BCOR	HGNET, BCOR	0.99994
GSM2404492	4	FFPE	PXA	PXA	0.99492	0.30000	PXA	PXA	0.99492
GSM2404497	4	FFPE	DMG, K27	DMG, K27	0.99995	0.75600	DMG, K27	DMG, K27	0.99995
GSM2404504	4	FFPE	PXA	PXA	0.50021	0.19800	PXA	PXA	0.50021
GSM2404509	4	FFPE	DMG, K27	DMG, K27	0.99979	0.66800	DMG, K27	DMG, K27	0.99979
GSM2404511	4	FFPE	ENB, A	ENB, A	0.91231	0.41600	MCF ENB	MCF ENB	0.99938
GSM2404523	4	FFPE	LGG, DNT	LGG, DNT	0.99229	0.60200	LGG, DNT	LGG, DNT	0.99229
GSM2404525	4	FFPE	LGG, DNT	LGG, DNT	0.99940	0.75200	LGG, DNT	LGG, DNT	0.99940
GSM2404527	4	FFPE	GBM, RTK II	GBM, MES	0.64964	0.26400	MCF GBM	MCF GBM	0.99726
GSM2404535	4	FFPE	A IDH	A IDH	0.99604	0.68800	MCF IDH GLM	MCF IDH GLM	0.99976
GSM2404543	4	FFPE	SCHW, MEL	SCHW, MEL	0.21577	0.07200	SCHW, MEL	SCHW, MEL	0.21577
GSM2404546	4	FFPE	GBM, MES	GBM, MES	0.89439	0.34000	MCF GBM	MCF GBM	0.99953
GSM2404548	4	FFPE	PLEX, PED A	PLEX, PED A	0.99914	0.41600	MCF PLEX T	MCF PLEX T	1.00000
GSM2404551	4	FFPE	PIN T, PB A	PIN T, PB A	0.98944	0.24200	PIN T, PB A	PIN T, PB A	0.98944
GSM2404557	4	FFPE	LGG, SEGA	LGG, SEGA	0.99999	0.60200	LGG, SEGA	LGG, SEGA	0.99999
GSM2404566	4	FFPE	EWS	EWS	0.99993	0.32800	EWS	EWS	0.99993
GSM2404569	4	Frozen	GBM, RTK II	GBM, RTK II	0.96068	0.79200	MCF GBM	MCF GBM	0.99980
GSM2404575	4	Frozen	CONTR, INFLAM	CONTR, INFLAM	1.00000	0.86600	CONTR, INFLAM	CONTR, INFLAM	1.00000
GSM2404579	4	Frozen	GBM, RTK II	GBM, RTK II	0.97681	0.71200	MCF GBM	MCF GBM	0.99893
GSM2404583	4	FFPE	LGG, PA/GG ST	LGG, PA/GG ST	0.99708	0.41000	MCF PA	MCF PA	0.99724
GSM2404592	4	Frozen	GBM, RTK II	GBM, RTK II	0.95912	0.80000	MCF GBM	MCF GBM	0.99984
GSM2404595	4	Frozen	CONTR, INFLAM	CONTR, INFLAM	0.99988	0.54800	CONTR, INFLAM	CONTR, INFLAM	0.99988
GSM2404604	4	Frozen	GBM, MES	GBM, MES	0.93045	0.51000	MCF GBM	MCF GBM	0.99993
GSM2404606	4	FFPE	CPH, ADM	CPH, ADM	1.00000	0.86000	CPH, ADM	CPH, ADM	1.00000
GSM2404607	4	FFPE	ANA PA	ANA PA	0.99994	0.33000	ANA PA	ANA PA	0.99994
GSM2404614	4	FFPE	GBM, G34	GBM, G34	0.99991	0.57000	GBM, G34	GBM, G34	0.99991
GSM2404618	4	FFPE	DMG, K27	DMG, K27	0.99998	0.79000	DMG, K27	DMG, K27	0.99998
GSM2404621	4	FFPE	PLEX, AD	PLEX, AD	0.99993	0.58600	MCF PLEX T	MCF PLEX T	0.99997
GSM2404633	4	Frozen	GBM, RTK II	GBM, RTK II	0.97336	0.63800	MCF GBM	MCF GBM	0.99817
GSM2404637	4	Frozen	GBM, RTK I	GBM, RTK I	1.00000	0.70600	MCF GBM	MCF GBM	1.00000
GSM2404640	4	Frozen	GBM, RTK II	GBM, RTK II	0.58467	0.57000	MCF GBM	MCF GBM	0.99889
GSM2404652	4	FFPE	GBM, G34	GBM, G34	0.99994	0.58800	GBM, G34	GBM, G34	0.99994
GSM2404656	4	FFPE	DMG, K27	DMG, K27	0.99997	0.78400	DMG, K27	DMG, K27	0.99997
GSM2404663	4	FFPE	DMG, K27	DMG, K27	0.99999	0.83200	DMG, K27	DMG, K27	0.99999
GSM2404665	4	FFPE	DMG, K27	DMG, K27	0.99983	0.68600	DMG, K27	DMG, K27	0.99983
GSM2404670	4	FFPE	GBM, MYCN	GBM, MYCN	0.99989	0.20200	MCF GBM	MCF GBM	0.99999
GSM2404671	4	FFPE	GBM, G34	GBM, G34	0.84017	0.25000	GBM, G34	GBM, G34	0.84017
GSM2404672	4	FFPE	GBM, MID	GBM, MID	0.99999	0.30200	MCF GBM	MCF GBM	0.99999
GSM2404674	4	FFPE	GBM, RTK III	GBM, RTK III	0.99459	0.21800	MCF GBM	MCF GBM	1.00000
GSM2404678	4	FFPE	DMG, K27	DMG, K27	0.99999	0.84200	DMG, K27	DMG, K27	0.99999
GSM2404679	4	FFPE	DMG, K27	DMG, K27	0.99997	0.78000	DMG, K27	DMG, K27	0.99997
GSM2404681	4	FFPE	O IDH	O IDH	1.00000	0.83000	MCF IDH GLM	MCF IDH GLM	1.00000
GSM2404687	4	FFPE	GBM, RTK II	GBM, RTK II	0.97302	0.64200	MCF GBM	MCF GBM	0.99505
GSM2404689	4	FFPE	MELCYT	MELCYT	0.99992	0.58600	MELCYT	MELCYT	0.99992
GSM2404692	4	FFPE	CONTR, WM	CONTR, WM	0.99985	0.69000	CONTR, WM	CONTR, WM	0.99985
GSM2404693	4	FFPE	MELAN	MELAN	0.91656	0.18600	MELAN	MELAN	0.91656
GSM2404699	4	FFPE	MB, WNT	MB, WNT	0.99995	0.87400	MB, WNT	MB, WNT	0.99995
GSM2404702	4	FFPE	GBM, RTK II	GBM, RTK II	0.96655	0.58600	MCF GBM	MCF GBM	0.99655
GSM2404707	4	FFPE	CHGL	CHGL	1.00000	0.54600	CHGL	CHGL	1.00000
GSM2404711	4	FFPE	IHG	IHG	0.99997	0.30000	IHG	IHG	0.99997
GSM2404724	4	FFPE	LIPN	LIPN	0.99963	0.48400	LIPN	LIPN	0.99963
GSM2404738	4	FFPE	GBM, RTK I	GBM, RTK II	0.90594	0.61800	MCF GBM	MCF GBM	0.99888
GSM2404743	4	Frozen	MB, SHH INF	MB, SHH INF	0.91806	0.49800	MCF MB SHH	MCF MB SHH	0.99290
GSM2404744	4	Frozen	MB, SHH INF	MB, SHH INF	0.99952	0.69400	MCF MB SHH	MCF MB SHH	0.99959
GSM2404753	4	Frozen	A IDH	A IDH	0.99569	0.66400	MCF IDH GLM	MCF IDH GLM	0.99950
GSM2404755	4	Frozen	A IDH	A IDH	0.97043	0.61200	MCF IDH GLM	MCF IDH GLM	0.99851
GSM2404757	4	Frozen	A IDH	A IDH	0.98532	0.61200	MCF IDH GLM	MCF IDH GLM	0.99946
GSM2404761	4	FFPE	MB, G3	MB, G3	0.99837	0.58000	MCF MB G3G4	MCF MB G3G4	0.99869
GSM2404765	4	FFPE	EWS	EWS	0.99999	0.37400	EWS	EWS	0.99999
GSM2404767	4	FFPE	DMG, K27	DMG, K27	0.99991	0.70600	DMG, K27	DMG, K27	0.99991
GSM2404777	4	Frozen	EFT, CIC	EFT, CIC	1.00000	0.40400	EFT, CIC	EFT, CIC	1.00000
GSM2404805	4	Frozen	EPN, MPE	EPN, MPE	0.99925	0.50800	EPN, MPE	EPN, MPE	0.99925
GSM2404807	4	Frozen	SUBEPN, PF	SUBEPN, PF	0.99998	0.76600	SUBEPN, PF	SUBEPN, PF	0.99998
GSM2404809	4	Frozen	CONTR, REACT	LGG, PA/GG ST	0.69249	0.25600	CONTR, REACT	MCF PA	0.70440
GSM2404810	4	Frozen	CNS NB, FOXR2	CNS NB, FOXR2	0.99969	0.86400	CNS NB, FOXR2	CNS NB, FOXR2	0.99969
GSM2404816	4	FFPE	DMG, K27	DMG, K27	0.99959	0.62400	DMG, K27	DMG, K27	0.99959
GSM2404818	4	FFPE	EPN, PF B	EPN, PF B	0.99868	0.52400	EPN, PF B	EPN, PF B	0.99868
GSM2404838	4	FFPE	ATRT, TYR	ATRT, TYR	0.99564	0.58600	MCF ATRT	MCF ATRT	0.99773
GSM2404839	4	FFPE	ATRT, SHH	ATRT, SHH	0.99995	0.67800	MCF ATRT	MCF ATRT	0.99997
GSM2404844	4	FFPE	ATRT, SHH	ATRT, SHH	0.46191	0.25000	MCF ATRT	MCF ATRT	0.85220
GSM2404854	4	FFPE	ATRT, SHH	ATRT, SHH	0.99974	0.60400	MCF ATRT	MCF ATRT	0.99987
GSM2404858	4	FFPE	SUBEPN, PF	SUBEPN, PF	0.63810	0.26400	SUBEPN, PF	SUBEPN, PF	0.63810
GSM2404860	4	FFPE	EPN, PF B	EPN, PF B	0.99991	0.63400	EPN, PF B	EPN, PF B	0.99991
GSM2404863	4	FFPE	EPN, PF B	EPN, PF B	0.98840	0.42600	EPN, PF B	EPN, PF B	0.98840
GSM2404873	4	FFPE	LGG, PA PF	LGG, PA PF	0.85156	0.42400	MCF PA	MCF PA	0.87843
GSM2404883	4	FFPE	LGG, SEGA	LGG, SEGA	0.99999	0.65000	LGG, SEGA	LGG, SEGA	0.99999
GSM2404888	4	FFPE	A IDH	A IDH	0.97698	0.46000	MCF IDH GLM	MCF IDH GLM	0.98798
GSM2404892	4	Frozen	EPN, PF B	EPN, PF B	0.99959	0.56400	EPN, PF B	EPN, PF B	0.99959
GSM2404902	4	Frozen	EPN, PF B	EPN, PF B	0.99968	0.58200	EPN, PF B	EPN, PF B	0.99968
GSM2404905	4	FFPE	GBM, MES	GBM, MES	0.87487	0.43000	MCF GBM	MCF GBM	0.99962
GSM2404908	4	FFPE	O IDH	O IDH	1.00000	0.86200	MCF IDH GLM	MCF IDH GLM	1.00000
GSM2404912	4	FFPE	GBM, MES	GBM, MES	0.98970	0.47400	MCF GBM	MCF GBM	0.99952
GSM2404922	4	FFPE	O IDH	O IDH	0.99999	0.76000	MCF IDH GLM	MCF IDH GLM	0.99999
GSM2404925	4	Frozen	SFT HMPC	SFT HMPC	0.85029	0.16800	SFT HMPC	SFT HMPC	0.85029
GSM2404926	4	Frozen	ATRT, TYR	ATRT, TYR	0.99995	0.89200	MCF ATRT	MCF ATRT	0.99996
GSM2404927	4	Frozen	ATRT, SHH	ATRT, SHH	0.99942	0.56200	MCF ATRT	MCF ATRT	0.99961
GSM2404933	4	FFPE	PLEX, PED B	PLEX, PED B	0.99910	0.61000	MCF PLEX T	MCF PLEX T	0.99953
GSM2404950	4	FFPE	PLEX, PED A	PLEX, PED A	0.99966	0.31400	MCF PLEX T	MCF PLEX T	0.99990
GSM2404953	4	FFPE	PLEX, PED B	PLEX, PED B	0.99722	0.61600	MCF PLEX T	MCF PLEX T	0.99991
GSM2404958	4	FFPE	PLEX, PED B	PLEX, PED B	0.76598	0.28000	MCF PLEX T	MCF PLEX T	0.79262
GSM2404959	4	FFPE	PLEX, PED B	PLEX, PED B	0.99316	0.54400	MCF PLEX T	MCF PLEX T	0.99946
GSM2404966	4	FFPE	PLEX, AD	PLEX, AD	0.95909	0.42000	MCF PLEX T	MCF PLEX T	0.99858
GSM2404970	4	FFPE	PLEX, PED B	PLEX, PED B	0.99964	0.66200	MCF PLEX T	MCF PLEX T	0.99985
GSM2404979	4	FFPE	PLEX, AD	PLEX, AD	0.98644	0.36200	MCF PLEX T	MCF PLEX T	0.99307
GSM2404987	4	FFPE	PLEX, PED B	PLEX, PED A	0.56295	0.26800	MCF PLEX T	MCF PLEX T	0.99990
GSM2404990	4	FFPE	PLEX, AD	PLEX, AD	0.99429	0.54600	MCF PLEX T	MCF PLEX T	0.99992
GSM2404997	4	FFPE	MB, G3	MB, G4	0.44803	0.32600	MCF MB G3G4	MCF MB G3G4	0.84344
GSM2404998	4	FFPE	GBM, RTK II	GBM, RTK I	0.87743	0.32200	MCF GBM	MCF GBM	0.99839
GSM2405002	4	FFPE	A IDH	A IDH	0.98670	0.60800	MCF IDH GLM	MCF IDH GLM	0.99926
GSM2405004	4	FFPE	DLGNT	DLGNT	0.99286	0.15200	DLGNT	DLGNT	0.99286
GSM2405006	4	FFPE	GBM, MYCN	GBM, MYCN	0.99976	0.25600	MCF GBM	MCF GBM	1.00000
GSM2405009	4	FFPE	GBM, RTK III	GBM, RTK III	0.99999	0.32800	MCF GBM	MCF GBM	1.00000
GSM2405013	4	Frozen	ATRT, MYC	ATRT, MYC	0.99528	0.41600	MCF ATRT	MCF ATRT	0.99694
GSM2405014	4	Frozen	ATRT, TYR	ATRT, TYR	0.99938	0.69600	MCF ATRT	MCF ATRT	0.99947
GSM2405015	4	Frozen	ATRT, SHH	ATRT, SHH	0.99985	0.65200	MCF ATRT	MCF ATRT	0.99994
GSM2405016	4	Frozen	ATRT, MYC	ATRT, MYC	0.99997	0.63200	MCF ATRT	MCF ATRT	0.99999
GSM2405020	4	FFPE	PTPR, B	PTPR, B	0.99942	0.58800	PTPR, B	PTPR, B	0.99942
GSM2405033	4	FFPE	PXA	PXA	0.99999	0.59600	PXA	PXA	0.99999
GSM2405034	4	FFPE	PXA	PXA	0.99999	0.59800	PXA	PXA	0.99999
GSM2405036	4	FFPE	GBM, RTK I	GBM, RTK I	0.99997	0.55400	MCF GBM	MCF GBM	1.00000
GSM2405041	4	FFPE	A IDH	A IDH	0.99781	0.70200	MCF IDH GLM	MCF IDH GLM	0.99966
GSM2405051	4	Frozen	CPH, ADM	CPH, ADM	0.99995	0.70400	CPH, ADM	CPH, ADM	0.99995
GSM2405053	4	Frozen	CPH, PAP	CPH, PAP	0.99998	0.76400	CPH, PAP	CPH, PAP	0.99998
GSM2405054	4	FFPE	PXA	PXA	0.85196	0.27800	PXA	PXA	0.85196
GSM2405058	4	FFPE	GBM, RTK II	GBM, RTK II	0.59060	0.29800	MCF GBM	MCF GBM	0.99306
GSM2405064	4	FFPE	LGG, DIG/DIA	LGG, DIG/DIA	1.00000	0.49200	LGG, DIG/DIA	LGG, DIG/DIA	1.00000
GSM2405066	4	FFPE	A IDH	A IDH	0.99308	0.63000	MCF IDH GLM	MCF IDH GLM	0.99862
GSM2405070	4	FFPE	MELAN	MELAN	0.99889	0.30800	MELAN	MELAN	0.99889
GSM2405073	4	FFPE	CONTR, REACT	CONTR, REACT	0.99888	0.40600	CONTR, REACT	CONTR, REACT	0.99888
GSM2405084	4	FFPE	A IDH	A IDH	0.98976	0.61200	MCF IDH GLM	MCF IDH GLM	0.99925
GSM2405086	4	FFPE	PIN T, PPT	PIN T, PPT	0.99963	0.51200	PIN T, PPT	PIN T, PPT	0.99963
GSM2405095	4	FFPE	LGG, RGNT	LGG, RGNT	0.98228	0.32000	LGG, RGNT	LGG, RGNT	0.98228
GSM2405103	4	FFPE	EPN, SPINE	EPN, SPINE	1.00000	0.79600	EPN, SPINE	EPN, SPINE	1.00000
GSM2405105	4	FFPE	A IDH, HG	A IDH, HG	0.99975	0.48400	MCF IDH GLM	MCF IDH GLM	0.99978
GSM2405113	4	FFPE	PLASMA	PLASMA	1.00000	0.29400	PLASMA	PLASMA	1.00000
GSM2405114	4	FFPE	LGG, PA MID	LGG, PA MID	0.99500	0.47800	MCF PA	MCF PA	0.99830
GSM2405116	4	FFPE	O IDH	O IDH	0.99989	0.67000	MCF IDH GLM	MCF IDH GLM	0.99997
GSM2405118	4	FFPE	MB, G4	MB, G4	0.99957	0.94200	MCF MB G3G4	MCF MB G3G4	0.99959
GSM2405128	4	FFPE	CHORDM	CHORDM	1.00000	0.36800	CHORDM	CHORDM	1.00000
GSM2405132	4	Frozen	GBM, RTK I	GBM, RTK I	0.99988	0.50600	MCF GBM	MCF GBM	0.99998
GSM2405137	4	Frozen	CONTR, INFLAM	CONTR, INFLAM	0.99999	0.68600	CONTR, INFLAM	CONTR, INFLAM	0.99999
GSM2405143	4	FFPE	GBM, RTK I	GBM, RTK I	0.98997	0.31800	MCF GBM	MCF GBM	0.99528
GSM2405145	4	FFPE	LGG, PA/GG ST	LGG, PA/GG ST	0.66607	0.22200	MCF PA	MCF PA	0.69256
GSM2405156	4	FFPE	PLASMA	PLASMA	1.00000	0.27400	PLASMA	PLASMA	1.00000
GSM2405161	4	FFPE	PIN T, PPT	PIN T, PPT	0.99943	0.52600	PIN T, PPT	PIN T, PPT	0.99943
GSM2405165	4	Frozen	GBM, RTK I	GBM, RTK I	0.99997	0.54400	MCF GBM	MCF GBM	0.99999
GSM2405168	4	Frozen	GBM, RTK II	GBM, RTK II	0.97998	0.85000	MCF GBM	MCF GBM	0.99976
GSM2405169	4	Frozen	GBM, RTK II	GBM, RTK II	0.89815	0.65400	MCF GBM	MCF GBM	0.99971
GSM2405172	4	Frozen	O IDH	O IDH	0.99802	0.57000	MCF IDH GLM	MCF IDH GLM	0.99972
GSM2405173	4	Frozen	O IDH	O IDH	0.98879	0.51200	MCF IDH GLM	MCF IDH GLM	0.99882
GSM2405176	4	FFPE	GBM, RTK I	GBM, RTK II	0.89027	0.53000	MCF GBM	MCF GBM	0.99724
GSM2405178	4	Frozen	CONTR, INFLAM	CONTR, INFLAM	1.00000	0.88000	CONTR, INFLAM	CONTR, INFLAM	1.00000
GSM2405179	4	Frozen	GBM, RTK I	GBM, RTK I	1.00000	0.65000	MCF GBM	MCF GBM	1.00000
GSM2405187	4	FFPE	GBM, RTK I	GBM, RTK I	0.99998	0.56800	MCF GBM	MCF GBM	1.00000
GSM2405204	4	FFPE	HGNET, BCOR	HGNET, BCOR	1.00000	0.76200	HGNET, BCOR	HGNET, BCOR	1.00000
GSM2405205	4	FFPE	O IDH	O IDH	0.74927	0.38000	MCF IDH GLM	MCF IDH GLM	0.98360
GSM2405210	4	FFPE	ATRT, MYC	ATRT, MYC	0.99872	0.49600	MCF ATRT	MCF ATRT	0.99969
GSM2405215	4	FFPE	HGNET, BCOR	HGNET, BCOR	0.99959	0.53000	HGNET, BCOR	HGNET, BCOR	0.99959
GSM2405217	4	FFPE	GBM, RTK I	GBM, RTK I	0.99990	0.50000	MCF GBM	MCF GBM	0.99998
GSM2405218	4	FFPE	SFT HMPC	SFT HMPC	0.99999	0.47200	SFT HMPC	SFT HMPC	0.99999
GSM2405219	4	FFPE	A IDH	A IDH	0.98786	0.60400	MCF IDH GLM	MCF IDH GLM	0.99936
GSM2405222	4	FFPE	GBM, RTK II	GBM, RTK II	0.62208	0.53400	MCF GBM	MCF GBM	0.99765
GSM2405233	4	Frozen	RETB	RETB	0.99999	0.94600	RETB	RETB	0.99999
GSM2405238	4	Frozen	RETB	RETB	0.99997	0.80400	RETB	RETB	0.99997
GSM2405246	4	FFPE	GBM, RTK II	GBM, RTK I	0.69226	0.22400	MCF GBM	MCF GBM	0.97122
GSM2405248	4	FFPE	O IDH	O IDH	0.90700	0.37600	MCF IDH GLM	MCF IDH GLM	0.98968
GSM2405250	4	FFPE	LGG, PA/GG ST	LGG, PA/GG ST	0.99971	0.44800	MCF PA	MCF PA	0.99981
GSM2405251	4	FFPE	ATRT, MYC	ATRT, MYC	0.99996	0.60600	MCF ATRT	MCF ATRT	0.99997
GSM2405252	4	FFPE	LGG, PA MID	LGG, PA MID	0.87251	0.37400	MCF PA	MCF PA	0.87553
GSM2405256	4	Frozen	RETB	RETB	0.99998	0.81200	RETB	RETB	0.99998
GSM2405258	4	Frozen	RETB	RETB	0.99999	0.94400	RETB	RETB	0.99999
GSM2405261	4	FFPE	ENB, A	ENB, A	0.99980	0.51000	MCF ENB	MCF ENB	0.99992
GSM2405263	4	FFPE	ENB, B	ENB, A	0.98652	0.36600	MCF ENB	MCF ENB	0.99707
GSM2405264	4	FFPE	ENB, A	ENB, A	0.99998	0.56600	MCF ENB	MCF ENB	0.99998
GSM2405274	4	FFPE	LGG, PA MID	CONTR, REACT	0.99607	0.34200	MCF PA	CONTR, REACT	0.99607
GSM2405279	4	FFPE	A IDH, HG	A IDH, HG	0.99864	0.43600	MCF IDH GLM	MCF IDH GLM	0.99979
GSM2405303	4	FFPE	MB, SHH CHL AD	MB, SHH CHL AD	0.99914	0.74200	MCF MB SHH	MCF MB SHH	0.99920
GSM2405305	4	FFPE	A IDH, HG	A IDH, HG	0.99999	0.69600	MCF IDH GLM	MCF IDH GLM	1.00000
GSM2405306	4	FFPE	GBM, MES	GBM, MES	0.98999	0.50800	MCF GBM	MCF GBM	0.99993
GSM2405307	4	FFPE	MB, SHH CHL AD	MB, SHH CHL AD	0.99973	0.85600	MCF MB SHH	MCF MB SHH	0.99975
GSM2405308	4	FFPE	IHG	IHG	1.00000	0.52800	IHG	IHG	1.00000
GSM2405310	4	FFPE	ANA PA	ANA PA	0.99018	0.19400	ANA PA	ANA PA	0.99018
GSM2405313	4	FFPE	GBM, RTK II	GBM, RTK II	0.92456	0.64000	MCF GBM	MCF GBM	0.99979
GSM2405315	4	FFPE	MB, G3	MB, G3	0.99900	0.60400	MCF MB G3G4	MCF MB G3G4	0.99917
GSM2405317	4	FFPE	GBM, MES	GBM, MES	0.95200	0.54600	MCF GBM	MCF GBM	0.99997
GSM2405326	4	FFPE	A IDH, HG	A IDH, HG	0.99944	0.48400	MCF IDH GLM	MCF IDH GLM	0.99994
GSM2405331	4	FFPE	GBM, MID	GBM, MID	0.80394	0.12400	MCF GBM	MCF GBM	0.99795
GSM2405337	4	FFPE	PXA	PXA	0.99994	0.46200	PXA	PXA	0.99994
GSM2405340	4	FFPE	O IDH	O IDH	0.99685	0.54200	MCF IDH GLM	MCF IDH GLM	0.99943
GSM2405341	4	FFPE	EPN, MPE	EPN, MPE	0.99497	0.42400	EPN, MPE	EPN, MPE	0.99497
GSM2405342	4	FFPE	A IDH, HG	A IDH, HG	0.99948	0.51200	MCF IDH GLM	MCF IDH GLM	0.99992
GSM2405344	4	Frozen	MNG	MNG	0.99951	0.88000	MNG	MNG	0.99951
GSM2405347	4	Frozen	MNG	MNG	0.99967	0.90600	MNG	MNG	0.99967
GSM2405349	4	Frozen	MNG	MNG	0.99979	0.94800	MNG	MNG	0.99979
GSM2405357	4	FFPE	MNG	MNG	0.99914	0.81600	MNG	MNG	0.99914
GSM2405362	4	FFPE	MNG	MNG	0.98745	0.61800	MNG	MNG	0.98745
GSM2405363	4	FFPE	MNG	MNG	0.99913	0.83200	MNG	MNG	0.99913
GSM2405364	4	FFPE	PIN T, PPT	PIN T, PPT	1.00000	0.77800	PIN T, PPT	PIN T, PPT	1.00000
GSM2405371	4	FFPE	MB, SHH INF	MB, SHH INF	0.99989	0.77600	MCF MB SHH	MCF MB SHH	0.99990
GSM2405372	4	FFPE	ATRT, TYR	ATRT, TYR	0.99996	0.90000	MCF ATRT	MCF ATRT	0.99996
GSM2405373	4	FFPE	GBM, RTK II	GBM, MES	0.89115	0.52800	MCF GBM	MCF GBM	0.99995
GSM2405382	4	FFPE	ANA PA	ANA PA	0.99893	0.26200	ANA PA	ANA PA	0.99893
GSM2405386	4	FFPE	A IDH	A IDH	0.99556	0.66400	MCF IDH GLM	MCF IDH GLM	0.99950
GSM2405387	4	FFPE	LGG, GG	LGG, GG	0.99999	0.62000	LGG, GG	LGG, GG	0.99999
GSM2405390	4	FFPE	CONTR, ADENOPIT	CONTR, ADENOPIT	0.99935	0.49800	CONTR, ADENOPIT	CONTR, ADENOPIT	0.99935
GSM2405393	4	FFPE	CONTR, WM	CONTR, WM	0.99982	0.66400	CONTR, WM	CONTR, WM	0.99982
GSM2405395	4	FFPE	CONTR, PINEAL	CONTR, PINEAL	0.99218	0.56000	CONTR, PINEAL	CONTR, PINEAL	0.99218
GSM2405400	4	FFPE	CONTR, PONS	CONTR, PONS	0.98763	0.37400	CONTR, PONS	CONTR, PONS	0.98763
GSM2405401	4	FFPE	CONTR, PONS	CONTR, PONS	0.99944	0.52400	CONTR, PONS	CONTR, PONS	0.99944
GSM2405409	4	FFPE	CNS NB, FOXR2	CNS NB, FOXR2	0.95073	0.50000	CNS NB, FOXR2	CNS NB, FOXR2	0.95073
GSM2405415	4	FFPE	CNS NB, FOXR2	CNS NB, FOXR2	0.99961	0.84200	CNS NB, FOXR2	CNS NB, FOXR2	0.99961
GSM2405419	4	FFPE	PIN T, PB B	PIN T, PB B	1.00000	0.90000	PIN T, PB B	PIN T, PB B	1.00000
GSM2405421	4	FFPE	PIN T, PB B	PIN T, PB B	0.99996	0.66600	PIN T, PB B	PIN T, PB B	0.99996
GSM2405427	4	FFPE	GBM, RTK II	GBM, RTK II	0.89106	0.70000	MCF GBM	MCF GBM	0.99980
GSM2405429	4	FFPE	PITAD, PRL	PITAD, PRL	0.99984	0.27000	PITAD, PRL	PITAD, PRL	0.99984
GSM2405432	4	FFPE	PITUI	PITUI	0.99998	0.72200	PITUI	PITUI	0.99998
GSM2405434	4	FFPE	LGG, RGNT	LGG, RGNT	0.97686	0.33800	LGG, RGNT	LGG, RGNT	0.97686
GSM2405438	4	FFPE	ATRT, SHH	ATRT, SHH	0.83202	0.28000	MCF ATRT	MCF ATRT	0.86010
GSM2405440	4	FFPE	CHGL	CHGL	0.99998	0.49200	CHGL	CHGL	0.99998
GSM2405447	4	FFPE	A IDH, HG	A IDH, HG	0.99368	0.43000	MCF IDH GLM	MCF IDH GLM	0.99959
GSM2405458	4	FFPE	ANA PA	ANA PA	0.99895	0.35200	ANA PA	ANA PA	0.99895
GSM2405460	4	FFPE	LGG, PA PF	LGG, PA PF	0.99906	0.82000	MCF PA	MCF PA	0.99912
GSM2405476	4	FFPE	LGG, MYB	LGG, MYB	0.95670	0.31600	LGG, MYB	LGG, MYB	0.95670
GSM2405482	4	FFPE	PXA	PXA	0.99409	0.40600	PXA	PXA	0.99409
GSM2405486	4	FFPE	PXA	PXA	0.99793	0.39800	PXA	PXA	0.99793
GSM2405487	4	FFPE	HGNET, MN1	HGNET, MN1	0.99999	0.44400	HGNET, MN1	HGNET, MN1	0.99999
GSM2405489	4	FFPE	GBM, RTK II	GBM, RTK I	0.95298	0.37200	MCF GBM	MCF GBM	0.99963
GSM2405496	4	FFPE	PITUI	PITUI	0.99987	0.64400	PITUI	PITUI	0.99987
GSM2405500	4	Frozen	GBM, MES	GBM, MES	0.98003	0.65600	MCF GBM	MCF GBM	1.00000
GSM2405502	4	FFPE	O IDH	O IDH	0.99982	0.65200	MCF IDH GLM	MCF IDH GLM	0.99992
GSM2405529	4	FFPE	LGG, DNT	LGG, DNT	0.99869	0.66200	LGG, DNT	LGG, DNT	0.99869
GSM2405552	4	FFPE	PITAD, ACTH	PITAD, ACTH	0.99999	0.50600	PITAD, ACTH	PITAD, ACTH	0.99999
GSM2405559	4	Frozen	GBM, RTK II	GBM, RTK II	0.95450	0.76600	MCF GBM	MCF GBM	0.99988
GSM2405563	4	FFPE	PITUI	PITUI	0.99937	0.56400	PITUI	PITUI	0.99937
GSM2405571	4	FFPE	PITAD, STH DNS A	PITAD, STH DNS A	0.99999	0.34600	PITAD, STH DNS A	PITAD, STH DNS A	0.99999
GSM2405577	4	FFPE	PITUI	PITUI	0.99984	0.63400	PITUI	PITUI	0.99984
GSM2405584	4	FFPE	GBM, G34	GBM, G34	0.99995	0.61400	GBM, G34	GBM, G34	0.99995
GSM2405591	4	Frozen	DMG, K27	DMG, K27	0.99913	0.61200	DMG, K27	DMG, K27	0.99913
GSM2405592	4	FFPE	LIPN	LIPN	0.99996	0.56800	LIPN	LIPN	0.99996
GSM2405593	4	FFPE	PIN T, PB B	PIN T, PB B	1.00000	0.79200	PIN T, PB B	PIN T, PB B	1.00000
GSM2405607	4	FFPE	CONTR, HYPTHAL	CONTR, HYPTHAL	0.99725	0.46200	CONTR, HYPTHAL	CONTR, HYPTHAL	0.99725
GSM2405614	4	FFPE	CONTR, HYPTHAL	CONTR, HYPTHAL	0.99984	0.57400	CONTR, HYPTHAL	CONTR, HYPTHAL	0.99984
GSM2405619	4	FFPE	PITAD, TSH	PITAD, TSH	0.99515	0.21000	PITAD, TSH	PITAD, TSH	0.99515
GSM2405621	4	FFPE	PITAD, TSH	PITAD, TSH	0.99992	0.30000	PITAD, TSH	PITAD, TSH	0.99992
GSM2405633	4	FFPE	HGNET, MN1	HGNET, MN1	0.99961	0.34400	HGNET, MN1	HGNET, MN1	0.99961
GSM2405652	4	FFPE	LGG, DIG/DIA	LGG, DIG/DIA	0.99961	0.30200	LGG, DIG/DIA	LGG, DIG/DIA	0.99961
GSM2405653	4	FFPE	PIN T, PB A	RETB	0.15060	0.03400	PIN T, PB A	RETB	0.15060
