file	md5
GSM2940725_10003886252_R05C02_Grn.idat.gz	7ab24d8aed6d83d6245c774eb710f89f
GSM2940725_10003886252_R05C02_Red.idat.gz	45eb69b730894f170e33d0e06cdd9325
GSM2940726_10003886252_R06C02_Grn.idat.gz	49fb60a9a80d68660fcaa43d305bad01
GSM2940726_10003886252_R06C02_Red.idat.gz	dafddfe6d536cacefb45c258a752cd5c
GSM2940727_10003886253_R03C02_Grn.idat.gz	3aff56fde1ae608b73e9ec0174c42819
GSM2940727_10003886253_R03C02_Red.idat.gz	0f289dd0690008577692ad505210ceae
GSM2940728_10003886253_R04C01_Grn.idat.gz	10ecc8ef955dcd2253d0645201401c1b
GSM2940728_10003886253_R04C01_Red.idat.gz	438f1e37a6b972769fbac2978045e0ea
GSM2940729_10003886253_R04C02_Grn.idat.gz	177f11c03f8e5b8b6ebe3f409817d3b7
GSM2940729_10003886253_R04C02_Red.idat.gz	6e3821297099f501b700920dd9a3156c
GSM2940730_10003886256_R01C01_Grn.idat.gz	d075153d09e2ee38650d95cbd711690c
GSM2940730_10003886256_R01C01_Red.idat.gz	bf4a7578a54bad6b3d4f8f99418a9f34
GSM2940731_10003886256_R02C02_Grn.idat.gz	2f72d4656167668b697730b9cd9eb2eb
GSM2940731_10003886256_R02C02_Red.idat.gz	25cca6ddf16e0a0c5b75ed00a69c96f9
GSM2940732_10003886256_R05C02_Grn.idat.gz	6957b694fe4984e6c6c45d89dcdb5e04
GSM2940732_10003886256_R05C02_Red.idat.gz	6f49728955d0e629b5a474972c339718
GSM2940733_10003886256_R06C01_Grn.idat.gz	62a738bcbabc7a7081a313a95a0446b4
GSM2940733_10003886256_R06C01_Red.idat.gz	762705c90503ee208bd4ff5c0ca42a03
GSM2940734_10003886258_R01C01_Grn.idat.gz	d7c914283f1c9a8ccb8992b7d7f434e2
GSM2940734_10003886258_R01C01_Red.idat.gz	a00cbf0d54f2e4cfc73ac54ec690071d
GSM2940735_10003886258_R01C02_Grn.idat.gz	9e135f877aca1ba1c6162b1fd7cbcd8c
GSM2940735_10003886258_R01C02_Red.idat.gz	df66747636d403605d2b331b21ee32d9
GSM2940736_10003886258_R03C02_Grn.idat.gz	a589f4193946175737b2f15905eec019
GSM2940736_10003886258_R03C02_Red.idat.gz	a5a881007fd385f0edefdde0853286cb
GSM2940737_10003886258_R04C02_Grn.idat.gz	f7f8762b68702f713b95f5eb8b184494
GSM2940737_10003886258_R04C02_Red.idat.gz	8b9c238a82ec393c7aa65fd61c04bc82
GSM2940738_10003886258_R05C01_Grn.idat.gz	7d3cda42fee6e220018d72fdd4c50378
GSM2940738_10003886258_R05C01_Red.idat.gz	c067cd10e9cd837833c94b994982d381
GSM2940739_10003886258_R06C02_Grn.idat.gz	3eb22b0e6a1d7449cbf9a5812f9f0ddc
GSM2940739_10003886258_R06C02_Red.idat.gz	b1201fd3bc18f95f87708a5d0e631c2c
GSM2940740_10003886259_R01C01_Grn.idat.gz	6728f8c57a1c356e89605929f582d99e
GSM2940740_10003886259_R01C01_Red.idat.gz	a908f0076d4f8241ac12c75186092b4f
GSM2940741_10006823022_R04C02_Grn.idat.gz	40bd5a5ac53a98a4e869344a3ef7b2f4
GSM2940741_10006823022_R04C02_Red.idat.gz	6a4039a591a580a21d49d3023ab56d6e
GSM2940742_10006823022_R05C02_Grn.idat.gz	45342db0c327a272b3c8843d5f31faa3
GSM2940742_10006823022_R05C02_Red.idat.gz	42d56d774abf2d6942f0edb8082a37d2
GSM2940743_10006823022_R06C02_Grn.idat.gz	0fe408585bdf0379da0750d1f23fdbce
GSM2940743_10006823022_R06C02_Red.idat.gz	437ed412fd59ec9c03c15d2519a42fd7
GSM2940744_10006823024_R01C01_Grn.idat.gz	b61625eba73e3acf2e4a278b3620c2d1
GSM2940744_10006823024_R01C01_Red.idat.gz	202eaef372eb6c39ebada9a07d9d57e5
GSM2940745_10006823024_R02C01_Grn.idat.gz	1bf39191b86bec3e76b642b2e4a44f13
GSM2940745_10006823024_R02C01_Red.idat.gz	700db350258ab04d78a5765fccc1d859
GSM2940746_10006823024_R02C02_Grn.idat.gz	603d2da7056f30a80d7a35da8c141cea
GSM2940746_10006823024_R02C02_Red.idat.gz	29b1c0e86a91a56e739f83cce47e1a15
GSM2940747_10006823024_R03C01_Grn.idat.gz	1796752d5eac96b409dc598aba175b0e
GSM2940747_10006823024_R03C01_Red.idat.gz	0113654d663e2372d80f47968b04ac7a
GSM2940748_10006823024_R04C01_Grn.idat.gz	2a1b8e22840073db771adf626c9e1970
GSM2940748_10006823024_R04C01_Red.idat.gz	98c5b69e547d84172d4e74e8aff915d4
GSM2940749_10006823024_R04C02_Grn.idat.gz	cc03be80ebb9becd06afe1eedbf2e69f
GSM2940749_10006823024_R04C02_Red.idat.gz	74395054c73968eeb7e4c52a04d87d1c
GSM2940750_10006823024_R05C02_Grn.idat.gz	37ef1003b4ab89a2236830ac808ba42a
GSM2940750_10006823024_R05C02_Red.idat.gz	520eb936c0ab7e826fd2011c12f311b6
GSM2940751_10006823024_R06C01_Grn.idat.gz	7ea6075f0f353f364960a09e39cb9148
GSM2940751_10006823024_R06C01_Red.idat.gz	d92f3804da480c9e44a044884a5e0bf2
GSM2940752_10006823069_R01C01_Grn.idat.gz	a70185e4e08a704918fd881f868a97dd
GSM2940752_10006823069_R01C01_Red.idat.gz	5cd0670eeb20cdc2a9b3d7caab398e31
GSM2940753_10006823069_R01C02_Grn.idat.gz	75336684c0f7d5f9b904f10dc9c02c50
GSM2940753_10006823069_R01C02_Red.idat.gz	d4838512992d1b7c1c86da95b5bcb76f
GSM2940754_10006823069_R02C02_Grn.idat.gz	701e93f4df252529a06f9403a0e295c4
GSM2940754_10006823069_R02C02_Red.idat.gz	7b872f70c4aee221b33d18c2805ebbfe
GSM2940755_10006823069_R03C01_Grn.idat.gz	9f4d6b80bdce8074d6e31d04f7427a28
GSM2940755_10006823069_R03C01_Red.idat.gz	034913af1142584cc6d881d50e2d5bad
GSM2940756_10006823069_R04C01_Grn.idat.gz	1b9c3a1baed8bc4c96c03de168cb8a1a
GSM2940756_10006823069_R04C01_Red.idat.gz	5a6be23848f3b7ed92f6e4164e9bcdbb
GSM2940757_10006823069_R05C01_Grn.idat.gz	2338763f974719d8f44c0a3eb5d40bf1
GSM2940757_10006823069_R05C01_Red.idat.gz	813785cca59e775a23f768fa109ae52b
GSM2940758_10006823071_R01C01_Grn.idat.gz	cec8851369e33a89eecc47f543d42577
GSM2940758_10006823071_R01C01_Red.idat.gz	8536388e26589b9f158f778cf3ecb9ac
GSM2940759_10006823071_R01C02_Grn.idat.gz	2596ddc41f859767477a0a518d15fdb4
GSM2940759_10006823071_R01C02_Red.idat.gz	a4c725c28bf1b11c53356cb3c5a7bbdf
GSM2940760_10006823071_R02C01_Grn.idat.gz	851b6f2ef12b743472befc39f1bc4fe1
GSM2940760_10006823071_R02C01_Red.idat.gz	940768c50b48bc15e73478b42b8a6ac0
GSM2940761_10006823071_R03C01_Grn.idat.gz	d2744805b57ee386df8e2022d36ffcec
GSM2940761_10006823071_R03C01_Red.idat.gz	ae847638bf3da0a3f49eee5d1b3b8972
GSM2940762_10006823071_R05C01_Grn.idat.gz	61a68d0a61d2f3049ce77ebcbcdf7de9
GSM2940762_10006823071_R05C01_Red.idat.gz	61939ae9276faad6b2326ffeb55bc51b
GSM2940763_10006823071_R06C01_Grn.idat.gz	d9fd01f81b2664c315928e537375689e
GSM2940763_10006823071_R06C01_Red.idat.gz	f1ea48ec0375cee865e5107179dbd893
GSM2940764_10006823122_R03C01_Grn.idat.gz	34291a2575da59abf35df312dfecddc9
GSM2940764_10006823122_R03C01_Red.idat.gz	3711abd586583911261ce776d43f5652
GSM2940765_10006823122_R04C01_Grn.idat.gz	9966c3b692d9a95fa59c5d32acb5c038
GSM2940765_10006823122_R04C01_Red.idat.gz	a66883f992bf184ac9a1ace7d93f090b
GSM2940766_10006823123_R01C02_Grn.idat.gz	a43a57a18e83dd9598b1229c5f28efc0
GSM2940766_10006823123_R01C02_Red.idat.gz	961f33e1085224c77e972ff3c4213c8f
GSM2940767_10006823123_R02C02_Grn.idat.gz	50cc11bd54a5e91cf92478e49e6a5439
GSM2940767_10006823123_R02C02_Red.idat.gz	42bad2d0e17869f4354bfcde47cd173c
GSM2940768_10006823123_R03C02_Grn.idat.gz	231f22111f86c3afd7e6738719cd53f9
GSM2940768_10006823123_R03C02_Red.idat.gz	1d2983bf8ad3d69fd00a73818953937c
GSM2940769_10006823123_R04C02_Grn.idat.gz	7038ff7ad99150780b6ae73396ab96fa
GSM2940769_10006823123_R04C02_Red.idat.gz	119814dc8b3fd26785fa9fa59c787508
GSM2940770_10006823123_R05C02_Grn.idat.gz	555c6df52854ef88708f24df8d3b53be
GSM2940770_10006823123_R05C02_Red.idat.gz	9b7636112ceb3ff24951525f4d446982
GSM2940771_10006823130_R01C01_Grn.idat.gz	3875019cc2e0e17f5cc41ae426268e98
GSM2940771_10006823130_R01C01_Red.idat.gz	6939afff9825e345f58bdeaf72a105a9
GSM2940772_10006823130_R01C02_Grn.idat.gz	ac2b6ec4c9a642409ff5709080fd2370
GSM2940772_10006823130_R01C02_Red.idat.gz	e8d1905323ea15de484061042be3cb13
GSM2940773_10006823130_R02C02_Grn.idat.gz	205a83ef9b281d22e219ddd94df72adc
GSM2940773_10006823130_R02C02_Red.idat.gz	f9f8cc3c9e67700ff8e7396d43dc45fd
GSM2940774_10006823130_R05C02_Grn.idat.gz	6ece35d08799402d17914c99e4f21594
GSM2940774_10006823130_R05C02_Red.idat.gz	a8136b1baf5b859a1a9a9dc901a30df2
GSM2940775_10006823130_R06C02_Grn.idat.gz	ab80f227988da9cc45f37f330b733912
GSM2940775_10006823130_R06C02_Red.idat.gz	73d60d86316125276a96074cee16556f
GSM2940776_10006823132_R05C02_Grn.idat.gz	6298c5b0f500871504c00da67d472e81
GSM2940776_10006823132_R05C02_Red.idat.gz	9cb1ff3a908c56b20cd850e5be5ebc07
GSM2940777_10006823133_R01C01_Grn.idat.gz	73a4f8caf1010812bcac811fdb7abc8f
GSM2940777_10006823133_R01C01_Red.idat.gz	0bfbd5cfb0a33cb11d7cdf891f262427
GSM2940778_10006823141_R02C01_Grn.idat.gz	6fb196d613d3fc7fa6105f199e939a5c
GSM2940778_10006823141_R02C01_Red.idat.gz	893fefae0ca924a39239a60911abf616
GSM2940779_10006823141_R03C01_Grn.idat.gz	e5f52e1a5eefdbab92969dc1d81db057
GSM2940779_10006823141_R03C01_Red.idat.gz	125400220058e5f9280243967bbc07e9
GSM2940780_10006823141_R04C01_Grn.idat.gz	5e8a4901622cb2d37d4ca3584805e958
GSM2940780_10006823141_R04C01_Red.idat.gz	542871524dbc0932ccf6d824f64ada37
GSM2940781_10006823141_R06C01_Grn.idat.gz	4ccf054062d55bca9aa56a5dd22b5439
GSM2940781_10006823141_R06C01_Red.idat.gz	4b8fef36a17e4b6ae478c7f64d553607
GSM2940782_10006823143_R06C02_Grn.idat.gz	247968fb8b6c1e1aac50e5ebfbd4b5b7
GSM2940782_10006823143_R06C02_Red.idat.gz	e62fdb64f91534481d8cf0884052b34c
GSM2940783_10006823144_R01C01_Grn.idat.gz	ba533d825c7fe0935be3a932fe692440
GSM2940783_10006823144_R01C01_Red.idat.gz	5d6f419f2c6f434c20698082bea21fc7
GSM2940784_10006823144_R02C02_Grn.idat.gz	2bd477b5e66f40b5c53bd828461885ef
GSM2940784_10006823144_R02C02_Red.idat.gz	5c8eb7ad44457ddfac228624f56c48db
GSM2940785_10006823144_R03C01_Grn.idat.gz	cfabb35a7c70764fb9f23ba356cf1d6e
GSM2940785_10006823144_R03C01_Red.idat.gz	294d6143330480b26488da6195859c33
GSM2940786_10006823144_R04C01_Grn.idat.gz	8747d4b1117df635eb9d637eb7f374f0
GSM2940786_10006823144_R04C01_Red.idat.gz	06c8ec717055d853b49d079bd4d3237a
GSM2940787_10006823144_R04C02_Grn.idat.gz	0c9a71ef300aef4016321a58bc01e837
GSM2940787_10006823144_R04C02_Red.idat.gz	582c24b51db28ba80340d20b745b93d3
GSM2940788_10006823144_R05C01_Grn.idat.gz	42534dad4f7bd6a48d3a8d5f7ee98f34
GSM2940788_10006823144_R05C01_Red.idat.gz	268d551f6f42b943b7a9a3fbc94dd313
GSM2940789_10006823144_R05C02_Grn.idat.gz	16116df8f6802b46ae2970db771f43f5
GSM2940789_10006823144_R05C02_Red.idat.gz	5a0123928481e617cbfc456627e499ef
GSM2940790_10006823155_R01C01_Grn.idat.gz	c8398da042b93259de5e5ac401e6a1eb
GSM2940790_10006823155_R01C01_Red.idat.gz	937baf06aa423ba3b86c9f68674c36de
GSM2940791_10006823155_R01C02_Grn.idat.gz	b04c215104b6a3ec9d492bec07bddbf8
GSM2940791_10006823155_R01C02_Red.idat.gz	b2e9f1f7b29993069703d88800aa2ea9
GSM2940792_10006823155_R03C01_Grn.idat.gz	5cb0db61132c3363816ac088920e96af
GSM2940792_10006823155_R03C01_Red.idat.gz	22e3b7a4b0b190fe61c54a974a8929d7
GSM2940793_10006823155_R05C02_Grn.idat.gz	815c8a0111ab6f03569e011fc72024ed
GSM2940793_10006823155_R05C02_Red.idat.gz	c399647a1e6ef0586fdf44ca7ee24df9
GSM2940794_10006823155_R06C02_Grn.idat.gz	5e05285cc1eb1652b4fb35af4332d6e1
GSM2940794_10006823155_R06C02_Red.idat.gz	59d458eb50199797ec3d428fedf9602c
GSM2940795_10006823160_R01C01_Grn.idat.gz	1c5659117fc64922ac9a0e9679aa498b
GSM2940795_10006823160_R01C01_Red.idat.gz	163a6a51de49ab86e27847309ef8cf4e
GSM2940796_10006823160_R01C02_Grn.idat.gz	19a53b800427bb7361b707b804305bfd
GSM2940796_10006823160_R01C02_Red.idat.gz	e97424ea11a37fe995dfc70cbbfd6d8a
GSM2940797_10006823160_R02C01_Grn.idat.gz	31638b41c2291dee4c2a1c2e5759423a
GSM2940797_10006823160_R02C01_Red.idat.gz	96a7065f508e8990e68969c553292827
GSM2940798_10006823160_R02C02_Grn.idat.gz	5796a3a71692e43cda5949d6bad5e0e0
GSM2940798_10006823160_R02C02_Red.idat.gz	56025977369f6989cc108a8cd33a758a
GSM2940799_10006823160_R03C01_Grn.idat.gz	13f8cffd8c846eb43d5ac6ed62de7cc9
GSM2940799_10006823160_R03C01_Red.idat.gz	14bbad68cdbc1e62ca78fd3e2f63b9d5
GSM2940800_10006823165_R03C01_Grn.idat.gz	d4113926060de8e93ff19139b18c34f5
GSM2940800_10006823165_R03C01_Red.idat.gz	8159f619b1c46680e07b260c7751e3b3
GSM2940801_101178130116_R03C02_Grn.idat.gz	2606cff02477880d1d9ee17bc19f9305
GSM2940801_101178130116_R03C02_Red.idat.gz	1767f52455b03fa107aa57b6976372c3
GSM2940802_101178130116_R06C01_Grn.idat.gz	6d303751fd19321ed1964df84ad5933f
GSM2940802_101178130116_R06C01_Red.idat.gz	94d0d2479c607ccf2bee6c5e7b01dad1
GSM2940803_101178130118_R01C01_Grn.idat.gz	a15bd89e78f7f8ea84c0e5aa733fc287
GSM2940803_101178130118_R01C01_Red.idat.gz	94b683d4fd65c4640385f470a3588460
GSM2940804_101178130118_R02C01_Grn.idat.gz	6fb1541abf5b04da95c11aadc0934872
GSM2940804_101178130118_R02C01_Red.idat.gz	dba7b7e512f378dc5f66b02dc5a41ada
GSM2940805_101231000009_R02C01_Grn.idat.gz	77d061afcfdbdfc4018b528cf7e089ee
GSM2940805_101231000009_R02C01_Red.idat.gz	b2ceec11eaa6220ec0bd4d7300738565
GSM2940806_101231000009_R03C01_Grn.idat.gz	53e8af63a8c8f12a3fa6cf9c1d0541bb
GSM2940806_101231000009_R03C01_Red.idat.gz	2b3b15ab8f01ddef6bf383a69e7a09e2
GSM2940807_101231000009_R04C01_Grn.idat.gz	415e32e3240d30709d0e39cd4fd3e9c9
GSM2940807_101231000009_R04C01_Red.idat.gz	5679b6a3a20842c40964c1b26461bed0
GSM2940808_101231000009_R05C01_Grn.idat.gz	9ae84ef29d6ab025365aa8a9fbbbb3ea
GSM2940808_101231000009_R05C01_Red.idat.gz	628b3640ce5fe8a3afdd8527c6a78b5e
GSM2940809_101231000014_R02C01_Grn.idat.gz	93bae56257121dda4b5311ecb60543e8
GSM2940809_101231000014_R02C01_Red.idat.gz	b1e060fea47f36a5230bcb04e29ff1a1
GSM2940810_101231000014_R04C01_Grn.idat.gz	96dc03e2096b7b6835739043500d0018
GSM2940810_101231000014_R04C01_Red.idat.gz	1c6fb12a7123eca39dd6d53528d9a0ec
GSM2940811_101231000014_R04C02_Grn.idat.gz	24a7eb4c6645fb690091ab365bf78c12
GSM2940811_101231000014_R04C02_Red.idat.gz	74ee16f1a08eaefa0bf010fa1fedf132
GSM2940812_200277210030_R05C01_Grn.idat.gz	1805110e3f08007d43648bb8b536f422
GSM2940812_200277210030_R05C01_Red.idat.gz	ae43225599624c8d0cdb64af015ce6c6
GSM2940813_200277210056_R01C01_Grn.idat.gz	e48eaf43d03d03cc9c8725088ac2e30b
GSM2940813_200277210056_R01C01_Red.idat.gz	9779a86a27b10085716f60163aaa7465
GSM2940814_200277210056_R02C01_Grn.idat.gz	2627059c5350d9e39a80ecfbbe4cd929
GSM2940814_200277210056_R02C01_Red.idat.gz	22b3ca7101f2fe06825a87d38f212182
GSM2940815_200277210056_R03C01_Grn.idat.gz	b56518744b5f7f692a6060c8b73d53bd
GSM2940815_200277210056_R03C01_Red.idat.gz	21b36035baafaa6845cf371a2c73a767
GSM2940816_200277210056_R03C02_Grn.idat.gz	23448dcbffcbb5508a2ac7897595f0f6
GSM2940816_200277210056_R03C02_Red.idat.gz	f9e95f762c1a8a897c44c2b4e51dd8c5
GSM2940817_200277210056_R04C01_Grn.idat.gz	ce6e907a857c71636c20ef70eae49c15
GSM2940817_200277210056_R04C01_Red.idat.gz	ee9b9c3e0a3a40a02a12b3c4a86fd10e
GSM2940818_200277210056_R04C02_Grn.idat.gz	e820341bd06eca5d34e9e101acd188c2
GSM2940818_200277210056_R04C02_Red.idat.gz	7cdf7ea39d789ca602f74317dad9e489
GSM2940819_200277210056_R05C01_Grn.idat.gz	4ac32e081fb34f342a74e20718b56255
GSM2940819_200277210056_R05C01_Red.idat.gz	6374d516304a52c54ef9a7aa9e532ae8
GSM2940820_200277210056_R05C02_Grn.idat.gz	2b358cdeba7e4c4fc078891691eee2b6
GSM2940820_200277210056_R05C02_Red.idat.gz	844fdc9b98e21e3e0ebd0fdaee23a46f
GSM2940821_200277210056_R06C01_Grn.idat.gz	a5552e30e081cb385dbb3eec88162b96
GSM2940821_200277210056_R06C01_Red.idat.gz	2342dcc889e98185b5f299f7f453bb86
GSM2940822_200277210073_R01C01_Grn.idat.gz	cec159e3716686e6ab6b9c79a3d5559e
GSM2940822_200277210073_R01C01_Red.idat.gz	721611d583bc8efa3990173559419e61
GSM2940823_200277210073_R02C01_Grn.idat.gz	5db8de27bf9ba298c1ddae0306d99949
GSM2940823_200277210073_R02C01_Red.idat.gz	b00bb0ed51981e44c2c31558140c7d35
GSM2940824_200325530023_R01C01_Grn.idat.gz	a8cabc2259e3ea14c40f3c818fee0139
GSM2940824_200325530023_R01C01_Red.idat.gz	5576c54d4a6d65c628edf27808592d05
GSM2940825_200325530023_R01C02_Grn.idat.gz	0087090c6be6f3a3577382fe403c07ac
GSM2940825_200325530023_R01C02_Red.idat.gz	9bad148273b6e3dac03948abdf35769e
GSM2940826_200325530023_R03C02_Grn.idat.gz	fd2c2e75e5937b5a70e81956770bdb51
GSM2940826_200325530023_R03C02_Red.idat.gz	88a0dee4435e5f6e500b96fd2847f736
GSM2940827_200325530023_R04C02_Grn.idat.gz	e8682be091b7c3bd7db0d4f5813bede9
GSM2940827_200325530023_R04C02_Red.idat.gz	e222a771cc44cee5cdb59f8ed405d64f
GSM2940828_200325530023_R05C01_Grn.idat.gz	938679d28590f5af80d18ad00cb201d0
GSM2940828_200325530023_R05C01_Red.idat.gz	b82d16e793c8d1f0aa50907c1146e466
GSM2940829_200325530023_R05C02_Grn.idat.gz	ed152058be28030d00a537e2ef1340c7
GSM2940829_200325530023_R05C02_Red.idat.gz	9d81d662795bf416ad5f9eeb4f76e6b5
GSM2940830_200325530023_R06C01_Grn.idat.gz	0e8ba1cc3ecaa069ddb81c237c4be1e1
GSM2940830_200325530023_R06C01_Red.idat.gz	630d9c8a9d37eaf8507365c8a8dcc364
GSM2940831_200325530023_R06C02_Grn.idat.gz	74ba626da193e1a4f4ff26dd3ed6945f
GSM2940831_200325530023_R06C02_Red.idat.gz	da3c6eb747f52d35b9cbb2150e560f55
GSM2940832_200325530024_R01C01_Grn.idat.gz	7f41fc2d6fff771df3db3de5e1fef8fd
GSM2940832_200325530024_R01C01_Red.idat.gz	640106a40bb653faeb7e9a3fc3b5fd58
GSM2940833_200325530024_R01C02_Grn.idat.gz	a550a166c1eac9ca9d315246962330b0
GSM2940833_200325530024_R01C02_Red.idat.gz	aa8e67d27f58a9de918ca11c260685b9
GSM2940834_200325530024_R02C01_Grn.idat.gz	084b8f886302d19e3727259a43cc6303
GSM2940834_200325530024_R02C01_Red.idat.gz	2f724af3574f782be52dce382e30b829
GSM2940835_200325530024_R02C02_Grn.idat.gz	10d26c83f4fe6cc3ca1820b6d2c4cf02
GSM2940835_200325530024_R02C02_Red.idat.gz	2e5d51bb1ced1aa05b201f09edede7c2
GSM2940836_200325530024_R03C01_Grn.idat.gz	aa2354e5b5885727efcd6a7bbd485d8e
GSM2940836_200325530024_R03C01_Red.idat.gz	9d54de001cc16f5f7adaba55d51e5fbd
GSM2940837_200325530024_R04C01_Grn.idat.gz	a14c83bd81fcbf8d01f855a91ba4bc05
GSM2940837_200325530024_R04C01_Red.idat.gz	94b5a228495957e0aad50e40a83fee5b
GSM2940838_200325530024_R05C01_Grn.idat.gz	a2132adc265471ae537f87689cd60924
GSM2940838_200325530024_R05C01_Red.idat.gz	fcddf70b397c6a31d1b7e26b1544cfb1
GSM2940839_200325530024_R06C01_Grn.idat.gz	ef28f4a98c35d5dac06021b9e03dce9f
GSM2940839_200325530024_R06C01_Red.idat.gz	07a5f8769b16749a22feb3a872f4b747
GSM2940840_200325530044_R03C02_Grn.idat.gz	cfd6df7d9c3f4360e9d2aa22f390bd1b
GSM2940840_200325530044_R03C02_Red.idat.gz	fab26875f14c825c4693a2b891cf363e
GSM2940841_200325530044_R04C02_Grn.idat.gz	85b453d84913e244caad01ad80e39c49
GSM2940841_200325530044_R04C02_Red.idat.gz	33b2d60d69614de36f4c9cf89251374c
GSM2940842_200325530048_R05C01_Grn.idat.gz	0508c42dc7e4b7d7efd6c846bf350e72
GSM2940842_200325530048_R05C01_Red.idat.gz	f9fdfedf506a768f1ad40b13fd081223
GSM2940843_200325530103_R01C01_Grn.idat.gz	c66694e96c88639148c5e76aca22c3e7
GSM2940843_200325530103_R01C01_Red.idat.gz	4515dcdd4871839b97166f4a3a5256ba
GSM2940844_200325530103_R03C02_Grn.idat.gz	59c4e4b37a2a3cc533eb10e639d456d1
GSM2940844_200325530103_R03C02_Red.idat.gz	60a0302b3bc5591498f02a6fabab0231
GSM2940845_200325530103_R05C02_Grn.idat.gz	872db02fc4a2ead1cd7f1223313bb885
GSM2940845_200325530103_R05C02_Red.idat.gz	e183e1f0d7ed963197b9a250ad9b22f5
GSM2940846_200325530103_R06C01_Grn.idat.gz	78a92f820ac32ffa91ed7d6776f7f550
GSM2940846_200325530103_R06C01_Red.idat.gz	f5fcfbde9499946a9a3e5ae792ffd439
GSM2940847_200325530103_R06C02_Grn.idat.gz	d024d2ba5f0ebdb301c0451ad5ba0527
GSM2940847_200325530103_R06C02_Red.idat.gz	0a3a78712c7aa5169e0bd0eacc45a232
GSM2940848_200325530104_R01C01_Grn.idat.gz	6822543292b4b0bb6c55960dc401845b
GSM2940848_200325530104_R01C01_Red.idat.gz	e03844a376ed5b2fbb70fcfc486afe31
GSM2940849_200325530104_R02C01_Grn.idat.gz	ad25ed4c2c95242f65b933e3083b754f
GSM2940849_200325530104_R02C01_Red.idat.gz	101907778a29c6b75509888929782430
GSM2940850_200325530166_R01C01_Grn.idat.gz	6aef0d7e13f27d7971bc5bc0f32282c3
GSM2940850_200325530166_R01C01_Red.idat.gz	d10e00f0b91d6e4665af2cc35f646e69
GSM2940851_200325530166_R02C02_Grn.idat.gz	dad926a9559f8bad6ce2adcf8ad8a164
GSM2940851_200325530166_R02C02_Red.idat.gz	782d97f1cea70af43bcc3f8bc2a7a692
GSM2940852_200325530166_R03C01_Grn.idat.gz	ec2acfc30e2d1eb9a92e57886d7c3b3e
GSM2940852_200325530166_R03C01_Red.idat.gz	7223f2ea4bed80776e3e5da4832c8b2c
GSM2940853_200325530166_R04C01_Grn.idat.gz	7920bc2615dd023afbe19d36b501fd42
GSM2940853_200325530166_R04C01_Red.idat.gz	1325de5326cf15b55f4aba6860a1f07b
GSM2940854_200325530166_R04C02_Grn.idat.gz	e6530d61da44a5f65589c69fa2489dd5
GSM2940854_200325530166_R04C02_Red.idat.gz	fa027787f8ee864b0ee684e2a3fa0194
GSM2940855_200325530166_R05C01_Grn.idat.gz	3e850f5e89a2e20222ad2080b71a850e
GSM2940855_200325530166_R05C01_Red.idat.gz	f9f5ff1e208a95de49a269a2ecc9c12b
GSM2940856_200325530166_R05C02_Grn.idat.gz	75d4f8cfba2c261ea14119bcb59c3827
GSM2940856_200325530166_R05C02_Red.idat.gz	0bde50efcd7d1b2363e5d42d2b0830a4
GSM2940857_200325530166_R06C01_Grn.idat.gz	b1b0db344b2fdb6e065f3460857cafa4
GSM2940857_200325530166_R06C01_Red.idat.gz	5036dd396e4d1e590597acdfd9d73d53
GSM2940858_200360420061_R05C02_Grn.idat.gz	f85e92171ea4a2929cea0755a340e23c
GSM2940858_200360420061_R05C02_Red.idat.gz	a60012546398c1e95e1b6f8fcc324f08
GSM2940859_200360420061_R06C02_Grn.idat.gz	1b6c1b86882135cb324caf4ce48285ac
GSM2940859_200360420061_R06C02_Red.idat.gz	8af2c4021fc53a1da17a68f07ac73399
GSM2940860_200360420062_R01C02_Grn.idat.gz	560d13f77da186549d57780e489a0f06
GSM2940860_200360420062_R01C02_Red.idat.gz	e39296f993d126f78d55e07b7d883401
GSM2940861_200360420062_R02C01_Grn.idat.gz	4cff24c62bc3ca288720bff08aaad54d
GSM2940861_200360420062_R02C01_Red.idat.gz	21ea25ac9bf84e32fa576605751caaa8
GSM2940862_200360420062_R04C01_Grn.idat.gz	5a8cb8180117c1d06f735097d7d13f2e
GSM2940862_200360420062_R04C01_Red.idat.gz	82e6302443960adc28a392328716492e
GSM2940863_200360420062_R06C01_Grn.idat.gz	2a903d5d2af993b6a437433676d861a9
GSM2940863_200360420062_R06C01_Red.idat.gz	ecde37ed31db884b370c6f07f86fc690
GSM2940864_200362700065_R02C02_Grn.idat.gz	89164ca0d6d2ab803c562dadc071dd01
GSM2940864_200362700065_R02C02_Red.idat.gz	4c6654e87cc152b2e4e8cfa3b42d04d6
GSM2940865_200362700065_R03C02_Grn.idat.gz	61946b90d3b0b2afc054b8ecef74e674
GSM2940865_200362700065_R03C02_Red.idat.gz	3489821349ef7e698114eff6283d2e4d
GSM2940866_200362700065_R05C02_Grn.idat.gz	5ebba738b0aa64ea8ffe40374bf8aa05
GSM2940866_200362700065_R05C02_Red.idat.gz	58fed7588596bd3430d30c9e8f12c7f0
GSM2940867_200362700194_R01C01_Grn.idat.gz	4e82ac114e6cca358bf547eb9a1120d0
GSM2940867_200362700194_R01C01_Red.idat.gz	bb852af9d200bc2ce4f96503f9e68ce9
GSM2940868_200362700194_R01C02_Grn.idat.gz	586b2b5acba2b890038a7230cd37faa2
GSM2940868_200362700194_R01C02_Red.idat.gz	3827491313600fe11436d19b0059db77
GSM2940869_200362700194_R04C02_Grn.idat.gz	9ec40acfade6715eac2082715c7657dd
GSM2940869_200362700194_R04C02_Red.idat.gz	665fa89d61bf05c07ea583e0a7cf9046
GSM2940870_200362700194_R05C02_Grn.idat.gz	02b102e65e6b6f12b251895d957b6b62
GSM2940870_200362700194_R05C02_Red.idat.gz	99c066a22d71fc6588c26525efc849f7
GSM2940871_200362700194_R06C01_Grn.idat.gz	cd95c71da1e61ff47839b8b9ee72aeac
GSM2940871_200362700194_R06C01_Red.idat.gz	9be7f6a18838d5a1fa13e8fe340c9e19
GSM2940872_200362700196_R01C02_Grn.idat.gz	21a831b3a5f51e91b80e4da00f1fdecd
GSM2940872_200362700196_R01C02_Red.idat.gz	7b0b1a8a5d0cf399b8013888dde282a1
GSM2940873_200362700196_R02C01_Grn.idat.gz	b285e0547a524208e3d5271e37c31eeb
GSM2940873_200362700196_R02C01_Red.idat.gz	cf61d8f858681b5e80d05c368c19bd07
GSM2940874_200362700196_R02C02_Grn.idat.gz	73666b8122fbe5f0a4109fde1e18d623
GSM2940874_200362700196_R02C02_Red.idat.gz	bea194b497b92190115287dfd4a9fec8
GSM2940875_200362700196_R03C02_Grn.idat.gz	8fd50b386bb811be24cc8bf03c7011ff
GSM2940875_200362700196_R03C02_Red.idat.gz	1dbef94e1941773c19a8c14c5efa7c4f
GSM2940876_200362700196_R04C01_Grn.idat.gz	6e3fadcd070c3b0b7ba345f59a4ef393
GSM2940876_200362700196_R04C01_Red.idat.gz	e4ce1b67fd1b4322cb8882eda81ef03a
GSM2940877_200362700196_R05C01_Grn.idat.gz	6935aa8a31dee632565d65e83e781014
GSM2940877_200362700196_R05C01_Red.idat.gz	57e92dabb5d58d75c947b81e9d79231e
GSM2940878_200362700196_R05C02_Grn.idat.gz	81e8b3c87d1878feaa3e66eee1dc979e
GSM2940878_200362700196_R05C02_Red.idat.gz	d7e428463ca0e0f07b8cc711840dc99d
GSM2940879_200362700196_R06C01_Grn.idat.gz	f748d3f3eed9d92ee1f43bb758ba9429
GSM2940879_200362700196_R06C01_Red.idat.gz	8089f5791ce05dd67e36ac801de501e6
GSM2940880_200362700204_R01C01_Grn.idat.gz	b7708b7da6c1000c87908cdc4ae1333e
GSM2940880_200362700204_R01C01_Red.idat.gz	6e83405510624dc86618018c37ec0f9c
GSM2940881_200362700204_R04C01_Grn.idat.gz	95f4afa96fdd95c9bc05f5c5a6b5dc91
GSM2940881_200362700204_R04C01_Red.idat.gz	cb4f5a98686c487224b9332c5c16a9c1
GSM2940882_200394870010_R01C02_Grn.idat.gz	ebe0ca67dd93224e32a1e4fc2be3ec7f
GSM2940882_200394870010_R01C02_Red.idat.gz	a92776fb572c8b6b59afd64ae0750a53
GSM2940883_200394870010_R03C01_Grn.idat.gz	68981f46098980c8bbac39ad0334929e
GSM2940883_200394870010_R03C01_Red.idat.gz	e016ea5408bf11ee1480f85eb6a8175e
GSM2940884_200394870010_R04C01_Grn.idat.gz	f6676a5fa60978f5411ce0a7cbf5d9b2
GSM2940884_200394870010_R04C01_Red.idat.gz	c1ca7dcd13ec3767b3bbcf9aaa90ccf2
GSM2940885_200394870010_R05C01_Grn.idat.gz	7b392dc7eba3142ccb41ca687222b0ba
GSM2940885_200394870010_R05C01_Red.idat.gz	2cf8a2687ac951b0b5514da8340444c0
GSM2940886_200394870010_R06C01_Grn.idat.gz	25758dfbca57bdeac09935631c49543a
GSM2940886_200394870010_R06C01_Red.idat.gz	37f1a6e0859afdc9050fafa2e83f83ba
GSM2940887_200394870069_R01C02_Grn.idat.gz	55af4f3caae0657fa69f761bedfd3c05
GSM2940887_200394870069_R01C02_Red.idat.gz	6ba3cf99a2dd5d2255ee2e832e1bcff1
GSM2940888_200394870069_R04C01_Grn.idat.gz	d5e8ba85e1de24fff4cec2d6584bf348
GSM2940888_200394870069_R04C01_Red.idat.gz	86c427891beb4d75e35692ed1a7b84fe
GSM2940889_200394870069_R04C02_Grn.idat.gz	1de7a2f9d11a08d4c3deb1b545e2d19f
GSM2940889_200394870069_R04C02_Red.idat.gz	61867152b26001434271c6cae5e83675
GSM2940890_200394870069_R06C01_Grn.idat.gz	f265616d64f6156755af289dab80e5f4
GSM2940890_200394870069_R06C01_Red.idat.gz	39abc479c529ea2dccda397a4d4efc01
GSM2940891_200394870071_R06C01_Grn.idat.gz	fb83a5774563ea77bdac969189ab4b37
GSM2940891_200394870071_R06C01_Red.idat.gz	4ec673220fe953143072205b43d7ee40
GSM2940892_200394870072_R01C01_Grn.idat.gz	f200a9765415cbc7dc3d7bbd513577b1
GSM2940892_200394870072_R01C01_Red.idat.gz	7ca63685681aeec33c738d1a51d26816
GSM2940893_200394870113_R05C02_Grn.idat.gz	0c31c915879abfb733ecb33de0cd294d
GSM2940893_200394870113_R05C02_Red.idat.gz	2638a7f2197e2ec0afa47f3ad79aa4ff
GSM2940894_200394870113_R06C02_Grn.idat.gz	9bc264c33494f2f41b49fb1f30048dfa
GSM2940894_200394870113_R06C02_Red.idat.gz	ddc1ac4247af6de0ff46ffb092a61ea2
GSM2940895_200394970046_R01C01_Grn.idat.gz	f23319a9433896a275466bdd79cd2dc0
GSM2940895_200394970046_R01C01_Red.idat.gz	bebb0766a2c2cc007f42812ea02474a5
GSM2940896_200394970046_R04C01_Grn.idat.gz	9fd902139c90c30d1345bb897c3fbe79
GSM2940896_200394970046_R04C01_Red.idat.gz	c1948452b72a22e5e39f47da06b1c0e5
GSM2940897_200394970064_R01C01_Grn.idat.gz	0902c46132115242cad9696535d97691
GSM2940897_200394970064_R01C01_Red.idat.gz	fadd989456ab2a7f541e81617575446d
GSM2940898_200394970064_R02C01_Grn.idat.gz	b0deb6c67b4f7d518e5169b5b40780ee
GSM2940898_200394970064_R02C01_Red.idat.gz	a8a03c60f1ecbf6378b76fc6a8a43a0d
GSM2940899_200394970064_R05C01_Grn.idat.gz	dbeeecb2da17fb39cbb22da84288a161
GSM2940899_200394970064_R05C01_Red.idat.gz	813657acba4e8bd47db7bf291ad269b5
GSM2940900_200394970104_R02C01_Grn.idat.gz	cff36fa034c7642b0760f480b35bc2c9
GSM2940900_200394970104_R02C01_Red.idat.gz	3475dd59d7a419daaaf3842e1b0f3625
GSM2940901_200394970104_R03C01_Grn.idat.gz	6d762f993463f331162690c331e2c91d
GSM2940901_200394970104_R03C01_Red.idat.gz	1ce59baa52cae1393f2e8aead6a62ace
GSM2940902_200394970104_R06C01_Grn.idat.gz	03bcf471ae6dd53fab7b4e7a9ea2af2a
GSM2940902_200394970104_R06C01_Red.idat.gz	6f082cf8c99d97d3ca5246a6e19e67f1
GSM2940903_200397540001_R02C02_Grn.idat.gz	e1a3ecf3369aac6ab5cc49bbe2c614ad
GSM2940903_200397540001_R02C02_Red.idat.gz	407cb45e3e916f5f99435502b877f7be
GSM2940904_200397540001_R03C01_Grn.idat.gz	b50eb5e7fe6eb120be62fda4bb841836
GSM2940904_200397540001_R03C01_Red.idat.gz	baba9ecf7e9c7addf7c03700f6836c23
GSM2940905_200397540001_R03C02_Grn.idat.gz	295c2fc0873117a38d544f65a6969612
GSM2940905_200397540001_R03C02_Red.idat.gz	b41e5b97b3b48312c4ac0709555eaffc
GSM2940906_200397540001_R04C01_Grn.idat.gz	21a6b2022b77685a5ba667401829b4e3
GSM2940906_200397540001_R04C01_Red.idat.gz	66c642f02f1e4049d6ade3c571960ed1
GSM2940907_200397540001_R04C02_Grn.idat.gz	b5f2606cfb821c0238147c87fa397201
GSM2940907_200397540001_R04C02_Red.idat.gz	3073c47f246d1d836c7f6989a79e3893
GSM2940908_200397540001_R05C01_Grn.idat.gz	a158c85b6df2b13a384a5bc633f1028d
GSM2940908_200397540001_R05C01_Red.idat.gz	5202fe6a690fdbee44125a049fdc024a
GSM2940909_200397540001_R06C01_Grn.idat.gz	b630abeac2f568739c98c494a7354892
GSM2940909_200397540001_R06C01_Red.idat.gz	90d619b34f02f0eb9e7a87a816699a8b
GSM2940910_200397540001_R06C02_Grn.idat.gz	f47060d9dd795e366624a9dc9141d97d
GSM2940910_200397540001_R06C02_Red.idat.gz	2848f8ece16265e039e54e48ff93870d
GSM2940911_200397540002_R01C01_Grn.idat.gz	826722dcf8782443ec71cbeecd96865b
GSM2940911_200397540002_R01C01_Red.idat.gz	f00b891429317b193993dd41457dd111
GSM2940912_200397540002_R03C02_Grn.idat.gz	2101c5cc1c32d0db42b537706c79b781
GSM2940912_200397540002_R03C02_Red.idat.gz	2986b2ada0ee9be556ca47648b29bcf2
GSM2940913_200400320088_R01C01_Grn.idat.gz	4115418a9bbc37bb3e33450b68b1a9c5
GSM2940913_200400320088_R01C01_Red.idat.gz	7e4848dda3057d42022ef3dddbd93445
GSM2940914_200400320088_R01C02_Grn.idat.gz	89c0a3dbbbe3847362ef9d1b68c9834f
GSM2940914_200400320088_R01C02_Red.idat.gz	eddbf755c51dd5da54f20b5ddc93bd72
GSM2940915_200400320088_R02C02_Grn.idat.gz	1df22b6dff11b3db34942f7c60ce0f1b
GSM2940915_200400320088_R02C02_Red.idat.gz	406476fc2cc49db6360b4bc947cbe75e
GSM2940916_200400320088_R03C01_Grn.idat.gz	53dfe3c54c73ccc5a68c5c7cb1b87e6a
GSM2940916_200400320088_R03C01_Red.idat.gz	8603f4bac461953192529deb4fcf43c8
GSM2940917_200400320088_R03C02_Grn.idat.gz	797b2180f653859082a6ab01c9cfa602
GSM2940917_200400320088_R03C02_Red.idat.gz	0d50e2986e9824b248a52a466598ceef
GSM2940918_200400320088_R04C01_Grn.idat.gz	7c73566ebcaa9ffa1e6e8e47b4af6698
GSM2940918_200400320088_R04C01_Red.idat.gz	2014543217b526e29c46c22fe177e866
GSM2940919_200400320088_R05C01_Grn.idat.gz	1deb0c277ced090d574cef97b0fd6a97
GSM2940919_200400320088_R05C01_Red.idat.gz	46f448d979994e6b338828db4506d17e
GSM2940920_200400320088_R06C01_Grn.idat.gz	289f5e2a25d4d9445155e872068a2eec
GSM2940920_200400320088_R06C01_Red.idat.gz	c8afb34297d7dfcf4a8e1b6aff0894fe
GSM2940921_200406080086_R01C02_Grn.idat.gz	1818482fcb25ca780627e924ae8c0eb3
GSM2940921_200406080086_R01C02_Red.idat.gz	906a7a012f828fa0a2666bc01e7eaee2
GSM2940922_200406080086_R02C01_Grn.idat.gz	a77c3d9cb98d0ef8e72048713ec17a61
GSM2940922_200406080086_R02C01_Red.idat.gz	70bc80ae0f2f584820c1e16f8313f06e
GSM2940923_200406080086_R03C01_Grn.idat.gz	7b0a638bf020083ad6b15d3d810d4c38
GSM2940923_200406080086_R03C01_Red.idat.gz	8600299260122d981b5fbe5aaadeb662
GSM2940924_200406080086_R04C01_Grn.idat.gz	07ebc6b065d51bce34b8da352e79f697
GSM2940924_200406080086_R04C01_Red.idat.gz	dd93684f4dbef0733a9f55b80dcb38af
GSM2940925_200406080086_R05C01_Grn.idat.gz	1f23f7d159746031329ca9add1ce2e28
GSM2940925_200406080086_R05C01_Red.idat.gz	2d1d4e3f7f44661aed150db83975a358
GSM2940926_200406080086_R06C01_Grn.idat.gz	92f2feb1552807033fa2d26440a6ae3b
GSM2940926_200406080086_R06C01_Red.idat.gz	a75ad1d1eacfaf3d6721a49ae9ee05c8
GSM2940927_200486890026_R01C01_Grn.idat.gz	45a89ee03996f155baffd9f912912dc6
GSM2940927_200486890026_R01C01_Red.idat.gz	3dd96a92059847dbff596eb6440a9bfb
GSM2940928_200486890026_R01C02_Grn.idat.gz	9aa9bb391bd31a5b9530d9e72e35bc11
GSM2940928_200486890026_R01C02_Red.idat.gz	a1c290795d794c1ebc15eaf47a4cc09c
GSM2940929_200486890026_R02C01_Grn.idat.gz	cf00abdd24f004cc25df61e9e1415774
GSM2940929_200486890026_R02C01_Red.idat.gz	db3a4d98ea606204ecfe346b38f353ac
GSM2940930_200486890026_R02C02_Grn.idat.gz	dc4a963abeef39bdc637a1d58c128fbb
GSM2940930_200486890026_R02C02_Red.idat.gz	5f1afd7227210752475770d287fba21f
GSM2940931_200486890026_R04C01_Grn.idat.gz	846a0e7c7e8295cc079b7a4c37b3e560
GSM2940931_200486890026_R04C01_Red.idat.gz	db7b44853eb00c379a850aba033d51ee
GSM2940932_3998523002_R05C02_Grn.idat.gz	64c9dcfd57a07e62c78543688d78678a
GSM2940932_3998523002_R05C02_Red.idat.gz	3e9b6e565303c9fd9288f4b8b6de0674
GSM2940933_3998523018_R02C01_Grn.idat.gz	3c4975ae8915dedc8d776a38546c2aa0
GSM2940933_3998523018_R02C01_Red.idat.gz	fd43a7470a7682ae88ff40e11a85edc8
GSM2940934_3998523018_R02C02_Grn.idat.gz	334fe540d5365a5707775a01fe0e4bfd
GSM2940934_3998523018_R02C02_Red.idat.gz	1c5849d2fa0d3066360bffd53ff894a0
GSM2940935_3998523018_R03C01_Grn.idat.gz	543d656b30c5d8131e3a661a44b3b06e
GSM2940935_3998523018_R03C01_Red.idat.gz	c0b0b01cae2431c9024b6f9c5e441575
GSM2940936_3998523018_R03C02_Grn.idat.gz	d8b402200ca9028a6ebead7b81e54a7b
GSM2940936_3998523018_R03C02_Red.idat.gz	93c4b55045325c42570dd5432a473a7e
GSM2940937_3998523018_R04C01_Grn.idat.gz	8e012f1ae1eb2e8019f849d09a7d39dc
GSM2940937_3998523018_R04C01_Red.idat.gz	ac0136d59c781e4797e0dfe9e320df26
GSM2940938_3998523018_R04C02_Grn.idat.gz	558f0c4b23fa7f5b5f2cbdb218149de5
GSM2940938_3998523018_R04C02_Red.idat.gz	78064b9d927f0b7b87b672f51731b6de
GSM2940939_3998523018_R05C01_Grn.idat.gz	9c203c34c10c9dd736f204f8071bdc8c
GSM2940939_3998523018_R05C01_Red.idat.gz	038e600ab5219b3850af76f85dcd26b0
GSM2940940_3998523018_R05C02_Grn.idat.gz	becd922297189715f799a95ad156e833
GSM2940940_3998523018_R05C02_Red.idat.gz	f00f6fa2f003913edc12099f0d8ff597
GSM2940941_3998523019_R03C02_Grn.idat.gz	4c8fa4c34bb077f6f5d5ff278ade2082
GSM2940941_3998523019_R03C02_Red.idat.gz	bc99816e9ac6d0c3457a55e1ebd63923
GSM2940942_3998523022_R02C02_Grn.idat.gz	0c40e8ea3291896bf68dc80651d8a097
GSM2940942_3998523022_R02C02_Red.idat.gz	dc6dbbc03bcd44272bd6205cb1d2002b
GSM2940943_3998523022_R04C02_Grn.idat.gz	95db8edecd6cc4e96abcc5f071bb9d45
GSM2940943_3998523022_R04C02_Red.idat.gz	1a77e355bf513416c8559168659f7f7b
GSM2940944_3998523022_R05C02_Grn.idat.gz	c5ffb648e384fc762d56e068e20e02d6
GSM2940944_3998523022_R05C02_Red.idat.gz	424e78ec74b4610d2abd22d24b213194
GSM2940945_3998523022_R06C02_Grn.idat.gz	d1e3439b2aa3c76415150019adeba16f
GSM2940945_3998523022_R06C02_Red.idat.gz	832ce9f010e4d8b7962661f27f09be37
GSM2940946_3998523030_R01C01_Grn.idat.gz	56c38320022b91dabebb5eb7a66f563e
GSM2940946_3998523030_R01C01_Red.idat.gz	0d92048d67f48f25581cc8cca2f728c7
GSM2940947_3998523030_R01C02_Grn.idat.gz	35c69fe17f459c66ac406180be1fcf7b
GSM2940947_3998523030_R01C02_Red.idat.gz	319167d882fc95c4a0b53cbd9efca57d
GSM2940948_3998523030_R02C01_Grn.idat.gz	095333c4b566b9c0e222b4582c07c6d7
GSM2940948_3998523030_R02C01_Red.idat.gz	8b1b250044ea54835ad8a1d5375923db
GSM2940949_3998523030_R02C02_Grn.idat.gz	10285996e6b328657355aa7db380f6aa
GSM2940949_3998523030_R02C02_Red.idat.gz	b84a21b31a721a360d06d29e53f82ee8
GSM2940950_3998523030_R03C01_Grn.idat.gz	eed71bab15a81e2586869f7c0bf04b1d
GSM2940950_3998523030_R03C01_Red.idat.gz	678063bb27cd76e78d01a07baf087362
GSM2940951_3998523030_R04C01_Grn.idat.gz	09c7941702b8f94256ae4f1623fa9e11
GSM2940951_3998523030_R04C01_Red.idat.gz	732ff747b07927b2f79cf08343c1d6b0
GSM2940952_3998523030_R04C02_Grn.idat.gz	e6826e4d1602928ce35300a011eb8635
GSM2940952_3998523030_R04C02_Red.idat.gz	8b7f5bf658e92a1e4289b189aa6a0ec8
GSM2940953_3998523030_R05C01_Grn.idat.gz	d4394c53068de25bc6a605e4f8f611ef
GSM2940953_3998523030_R05C01_Red.idat.gz	ea6c1fb240864bbe4caff2564c053c0b
GSM2940954_3998523030_R05C02_Grn.idat.gz	86eb2e90ae5e60f652280b61e9ec586f
GSM2940954_3998523030_R05C02_Red.idat.gz	90d102361e98251f8e91ff9b010b0ce9
GSM2940955_3998523030_R06C01_Grn.idat.gz	50afff1cebb1d9b53a267db3a8301285
GSM2940955_3998523030_R06C01_Red.idat.gz	2f61921c883510a78abf16553c7a7807
GSM2940956_3998523030_R06C02_Grn.idat.gz	1b85abe8bfd3812cede753369f683fbe
GSM2940956_3998523030_R06C02_Red.idat.gz	42100efc0f63fce3ae21141f9d684078
GSM2940957_3998523031_R01C01_Grn.idat.gz	e9b9f6aa0f770f8239311be85c601167
GSM2940957_3998523031_R01C01_Red.idat.gz	4d3d148cd0345504f7c1d11d6c5f44e6
GSM2940958_3998523031_R02C01_Grn.idat.gz	8ae0cf725b7f252afdd538de331354de
GSM2940958_3998523031_R02C01_Red.idat.gz	ec46e0e15e7ccef0ab97df8c39169faa
GSM2940959_3998523031_R04C02_Grn.idat.gz	cdb1b9dfae02e5d40e7817589d134926
GSM2940959_3998523031_R04C02_Red.idat.gz	cb3e23872951efe10eae3a86797969e8
GSM2940960_3998523031_R06C02_Grn.idat.gz	d399f485b5e238da189d6285efdb5623
GSM2940960_3998523031_R06C02_Red.idat.gz	5eeea5151424f5965a3a594f1e5c0d2e
GSM2940961_3998523032_R02C01_Grn.idat.gz	7ae2c813edf91420bb4fef8460f4bdef
GSM2940961_3998523032_R02C01_Red.idat.gz	c737a11d05412c6d6f66b5310ba9273b
GSM2940962_3998523032_R02C02_Grn.idat.gz	0af2e57c35afec4d5046e1fbcbf4f728
GSM2940962_3998523032_R02C02_Red.idat.gz	68574a04f8d89e15750eedc6f2082230
GSM2940963_3998523032_R03C01_Grn.idat.gz	a99e289a8fb65ad6e8c99a1b91e623d3
GSM2940963_3998523032_R03C01_Red.idat.gz	aef1ab679336048d25fa9218dbba40c8
GSM2940964_3998523032_R05C01_Grn.idat.gz	007719162f31877c453e8d08b45209b0
GSM2940964_3998523032_R05C01_Red.idat.gz	ea40134903a5e8d699cac76886d8f18a
GSM2940965_3998523056_R01C01_Grn.idat.gz	94308458b29234771d8068886b63dc2e
GSM2940965_3998523056_R01C01_Red.idat.gz	7127272bcb16dabc64a96931a250aaf7
GSM2940966_3998523056_R01C02_Grn.idat.gz	36c939dc9f2d85621c9c96fcc7e59761
GSM2940966_3998523056_R01C02_Red.idat.gz	8c7dca6120f7d6413f4571879fb7133d
GSM2940967_3998523056_R02C01_Grn.idat.gz	f7ddda17e8648774f05301e85069976a
GSM2940967_3998523056_R02C01_Red.idat.gz	5a4a7d29969741d7c4eb440595f21db8
GSM2940968_3998523056_R02C02_Grn.idat.gz	7615901f23079e14783a682eb6808032
GSM2940968_3998523056_R02C02_Red.idat.gz	820d1a09ed2775fe0f6f7d9c9a0fd733
GSM2940969_3998523056_R03C01_Grn.idat.gz	c1222cc5c2830c41eef4428d9ca1db46
GSM2940969_3998523056_R03C01_Red.idat.gz	0d4bbf60d8a1511ccc45f7c4ac27e960
GSM2940970_3998523056_R03C02_Grn.idat.gz	fedf72312fff56f3a24104685fda9e8b
GSM2940970_3998523056_R03C02_Red.idat.gz	1c012d6ae2b8e291b1823ea0483534db
GSM2940971_3998523056_R05C02_Grn.idat.gz	2feb8cdfdf82e5f5c1d8b6ae7b10da4d
GSM2940971_3998523056_R05C02_Red.idat.gz	fd630071694dcc1efcee0b5b99ca7f17
GSM2940972_3998523056_R06C01_Grn.idat.gz	bbed35988d234305d97a82a6e02926af
GSM2940972_3998523056_R06C01_Red.idat.gz	b17a1cc1c2bf12694a0b8e6215d8c028
GSM2940973_3998523056_R06C02_Grn.idat.gz	4001e3dc712d93a4664fbbfef5e49dcc
GSM2940973_3998523056_R06C02_Red.idat.gz	be8310aff85b7cc8947f5dd2c35154c5
GSM2940974_3998523057_R01C01_Grn.idat.gz	0545ac4952a9330766c4a595d7204ff2
GSM2940974_3998523057_R01C01_Red.idat.gz	d9cca512e99a142361b0170d7a59a8eb
GSM2940975_3998523057_R01C02_Grn.idat.gz	ffa9a05c6d21ad570efd1a6f9d9af574
GSM2940975_3998523057_R01C02_Red.idat.gz	2ac439bab273e22788b8b9274985ec1a
GSM2940976_3998523057_R02C01_Grn.idat.gz	a61fabdb0da1a1f7414124a5bdcefc70
GSM2940976_3998523057_R02C01_Red.idat.gz	59ef79cf3cffdfb79b3b729cba4640be
GSM2940977_3998523057_R02C02_Grn.idat.gz	6c30edbcb110962e6a5f0a9b75a9d3cf
GSM2940977_3998523057_R02C02_Red.idat.gz	f89984edaeefe524aa3db6e50b0698c1
GSM2940978_3998523057_R04C01_Grn.idat.gz	19c4fddf0af2702393083c2b5019539b
GSM2940978_3998523057_R04C01_Red.idat.gz	1f1565e3e3b985a134c2fc709495db94
GSM2940979_3998523057_R05C01_Grn.idat.gz	1baea982c4d9b08c77d6cc048fbb21ed
GSM2940979_3998523057_R05C01_Red.idat.gz	17f56940ce91b5fb35527929c7de0e27
GSM2940980_3998523057_R05C02_Grn.idat.gz	090a372059e0974da6297da9baedbe70
GSM2940980_3998523057_R05C02_Red.idat.gz	cae9cd4ca1697b5fbc1531d982d43d4a
GSM2940981_3998523057_R06C01_Grn.idat.gz	3ef18972ddd2baea3566df2a945e4387
GSM2940981_3998523057_R06C01_Red.idat.gz	e376528bd533f8c98fcca4575f684dd5
GSM2940982_3998523057_R06C02_Grn.idat.gz	a232e398b78114fbe530093dfa2e6c86
GSM2940982_3998523057_R06C02_Red.idat.gz	25de6f6584319482cc3435201c2e506f
GSM2940983_3998523058_R01C01_Grn.idat.gz	b99f7dc228ce251cce832679dc57034b
GSM2940983_3998523058_R01C01_Red.idat.gz	1b0f0881ef19f158ed18df88b76f12eb
GSM2940984_3998523058_R02C01_Grn.idat.gz	c2b4e15d4a808e83bf334303df5dc455
GSM2940984_3998523058_R02C01_Red.idat.gz	a7b5f539ea8c68d73f4da7671dbe2f4e
GSM2940985_3998523058_R03C01_Grn.idat.gz	769d3eed981731102c2027c8243b1adb
GSM2940985_3998523058_R03C01_Red.idat.gz	4f882e4a51b3090d8049ebbe8c0d0d8b
GSM2940986_3998546128_R01C02_Grn.idat.gz	8bac86e13045a4cc0e041a52aa647049
GSM2940986_3998546128_R01C02_Red.idat.gz	af373ea4a6c1ce55833fcf9f092ebd23
GSM2940987_3998546128_R02C01_Grn.idat.gz	33bd136f9dd60315eade5a079dddc52c
GSM2940987_3998546128_R02C01_Red.idat.gz	27ac7201609c45bc62e4d6473125b898
GSM2940988_3998546128_R02C02_Grn.idat.gz	180a1fc66e7f83d3c9a07d1cd9cfbfa1
GSM2940988_3998546128_R02C02_Red.idat.gz	cd85155cf716555f3a2404a1b9c23b5b
GSM2940989_3998546128_R03C01_Grn.idat.gz	0bdafc807372dfef7d6bace48898b3df
GSM2940989_3998546128_R03C01_Red.idat.gz	1222137167f3a53b23137c80710121da
GSM2940990_3998546128_R03C02_Grn.idat.gz	86ff1446bdfc879a61e9e717160c52ac
GSM2940990_3998546128_R03C02_Red.idat.gz	921e7f41c477dfe874596d662ed58381
GSM2940991_3998546128_R04C01_Grn.idat.gz	a192b28af08e7dfad77ad9e54343688c
GSM2940991_3998546128_R04C01_Red.idat.gz	779c60c1fee1898bdd1382e6c29dd0a3
GSM2940992_3998546128_R04C02_Grn.idat.gz	3c69137bfb4e17a2c0c5dd2de4fd9d0b
GSM2940992_3998546128_R04C02_Red.idat.gz	f54a5d61667da6ce9b929b495e5c05d0
GSM2940993_3998546128_R05C01_Grn.idat.gz	0de5f56d53ea8cc659eeaf0021e35581
GSM2940993_3998546128_R05C01_Red.idat.gz	4988a18e9e4d5a5a53c8433497711601
GSM2940994_3998546128_R06C02_Grn.idat.gz	6184c7e4f83b15260505b2a3fac66ba8
GSM2940994_3998546128_R06C02_Red.idat.gz	4c4ea965e111818f4eac968f545cb559
GSM2940995_3998546129_R01C01_Grn.idat.gz	30c79c982c90250ab0e161dde12bb3be
GSM2940995_3998546129_R01C01_Red.idat.gz	d7daf8997470337d5f0dfc7fc540d77f
GSM2940996_3998546129_R01C02_Grn.idat.gz	0381174578738d42e55f9dbc30a722ae
GSM2940996_3998546129_R01C02_Red.idat.gz	30a2057018c8780ffaa1147b11b76c37
GSM2940997_3998546129_R02C01_Grn.idat.gz	c8d0f40eb96e570a345c8c4bf9fb0103
GSM2940997_3998546129_R02C01_Red.idat.gz	2056167fdbbbbf08ad08409e49905269
GSM2940998_3998546129_R02C02_Grn.idat.gz	de9abca750862eb4444ab3900fe9ffd1
GSM2940998_3998546129_R02C02_Red.idat.gz	7c26b46ee8049b28e0a2433767937dfc
GSM2940999_3998546129_R03C01_Grn.idat.gz	95fe625fd0f504295092cc80d53d5ae3
GSM2940999_3998546129_R03C01_Red.idat.gz	51dce169d19ba5e4aa6896abf5efc09c
GSM2941000_3998546129_R03C02_Grn.idat.gz	d9e6c82385e7d855d449795c06368e40
GSM2941000_3998546129_R03C02_Red.idat.gz	49608022a6b9e7c692d8249afd36f140
GSM2941001_3998546129_R04C01_Grn.idat.gz	751e841479e332b626ad1110c0df8e93
GSM2941001_3998546129_R04C01_Red.idat.gz	b6af22a15cd409a69d0c1ca3666a4075
GSM2941002_3998546129_R04C02_Grn.idat.gz	40c435eece9aa99bd57307cd4dcac670
GSM2941002_3998546129_R04C02_Red.idat.gz	1c6a837079c3a6a8e6a9a4d199dd9e6f
GSM2941003_3998546129_R05C01_Grn.idat.gz	9e1159300014df84e6161b5c1e845425
GSM2941003_3998546129_R05C01_Red.idat.gz	d445e094d1c3c35b8f9468b9bbfc3b3c
GSM2941004_3998546129_R05C02_Grn.idat.gz	6e50a7eaef6cc86548b7334896946269
GSM2941004_3998546129_R05C02_Red.idat.gz	59d81318a1673174a3040e805879d5a3
GSM2941005_3998546129_R06C01_Grn.idat.gz	5c9df8e5e9a133b63cce7ba0886e6b70
GSM2941005_3998546129_R06C01_Red.idat.gz	6ee6f1e2ce3f52b9618374e4aab55015
GSM2941006_3998546129_R06C02_Grn.idat.gz	3eef7f538a42c71a4a2617b14f1850db
GSM2941006_3998546129_R06C02_Red.idat.gz	4cd619d80bc9c9d075dc1a6e247922e9
GSM2941007_3998546133_R01C01_Grn.idat.gz	49f9c91c55c0a243c96fc3929ede71a9
GSM2941007_3998546133_R01C01_Red.idat.gz	ad95b52d9ed206af5f38263fa42151a1
GSM2941008_3998546133_R03C01_Grn.idat.gz	6a82ace7d9beacf3f90d023d0fefe7ee
GSM2941008_3998546133_R03C01_Red.idat.gz	ab9093c72e19511fa76a36869c3f9650
GSM2941009_3998546133_R04C01_Grn.idat.gz	3f50a1619c276d4156c8cf7ced1a1ef4
GSM2941009_3998546133_R04C01_Red.idat.gz	a6c1106219260c4759052cfa3bf44729
GSM2941010_3998546133_R05C01_Grn.idat.gz	ad43432d9d2909f7f1ec2a3d10e59981
GSM2941010_3998546133_R05C01_Red.idat.gz	10d651337a8d42f396ace5a0138d1d58
GSM2941011_3998567085_R01C02_Grn.idat.gz	8f80dbe3326cfddd9a17a37b9393c938
GSM2941011_3998567085_R01C02_Red.idat.gz	713180a17a38480ad6c0328d0de78846
GSM2941012_3998567085_R02C02_Grn.idat.gz	a9271661f4e4f37d6b1a5e711cb286b9
GSM2941012_3998567085_R02C02_Red.idat.gz	4f0bdb18e30ce1e19440d23925b0611f
GSM2941013_3998567085_R03C01_Grn.idat.gz	5ed0f17daeda127186e745d98382590a
GSM2941013_3998567085_R03C01_Red.idat.gz	d6a21ec5b12d43526af32137a66d060d
GSM2941014_3998567085_R04C01_Grn.idat.gz	679416c7cdea50d32447d2367cdbb106
GSM2941014_3998567085_R04C01_Red.idat.gz	a54b6f56ee9edcdde7832aeea070593e
GSM2941015_3998567085_R04C02_Grn.idat.gz	364b145becaaebf5b395230382d2d5b1
GSM2941015_3998567085_R04C02_Red.idat.gz	a3c10a8ecd95f93398c17a76b4ad526c
GSM2941016_3998567085_R05C02_Grn.idat.gz	927dbeecfcdd3ef8f2470632e3d9746f
GSM2941016_3998567085_R05C02_Red.idat.gz	66b097ada0dcae11c0ef6e8ff4ee1a0b
GSM2941017_3998567085_R06C01_Grn.idat.gz	0481b84b31314e62f6fb88897f58a8cd
GSM2941017_3998567085_R06C01_Red.idat.gz	deeb0d067bdda9983e2ab31e20eec480
GSM2941018_3998567087_R02C01_Grn.idat.gz	a4095ba27c46c83e6933ecce51d3f284
GSM2941018_3998567087_R02C01_Red.idat.gz	60277aee70066a2676fd1cbc226f1ba8
GSM2941019_3998567087_R03C02_Grn.idat.gz	8458fe9bdcf3e90b7d1971e8018797d7
GSM2941019_3998567087_R03C02_Red.idat.gz	773cfb4ea3574b54e0313629846cfe90
GSM2941020_3998567087_R04C01_Grn.idat.gz	e5c583c1c4586e10472db3c51b42b49d
GSM2941020_3998567087_R04C01_Red.idat.gz	cfa88abed154f01f33f7f6f3e7818598
GSM2941021_3998567087_R04C02_Grn.idat.gz	21efa5ab51340b8a3a7ed0213ebdc526
GSM2941021_3998567087_R04C02_Red.idat.gz	bd3c587bf0d51a52c8938fff27022797
GSM2941022_3998567087_R05C02_Grn.idat.gz	36cddda28b1cb4616dde24b3d59a31c7
GSM2941022_3998567087_R05C02_Red.idat.gz	35dccffa63ef1ed81c51476b610ffb2c
GSM2941023_3998567087_R06C01_Grn.idat.gz	643be89321465d3a97899cc565e6e9a9
GSM2941023_3998567087_R06C01_Red.idat.gz	53cf590eb68f0b043bf21ad564c26429
GSM2941024_3998567087_R06C02_Grn.idat.gz	f1414d549f435512684bce3d3bda0a91
GSM2941024_3998567087_R06C02_Red.idat.gz	aa208d58c4934833af286b440f8443cd
GSM2941025_3998567088_R02C01_Grn.idat.gz	ef889d0ec0a66256782b5d4376d21fb8
GSM2941025_3998567088_R02C01_Red.idat.gz	5d10c77c4485013a0bd31248fd47dd83
GSM2941026_3998567088_R03C01_Grn.idat.gz	57eda853bc93c96aa9206e70ccdecb85
GSM2941026_3998567088_R03C01_Red.idat.gz	63ffc82003be04b3a9fa1f0d453b490f
GSM2941027_3998567088_R04C01_Grn.idat.gz	5dabd28a47307a0de68b743b8acf2394
GSM2941027_3998567088_R04C01_Red.idat.gz	d2bb755957f53c1b26d6634af0110aab
GSM2941028_3998567088_R05C01_Grn.idat.gz	29d4728f8a4c5dc045f37b43084d812a
GSM2941028_3998567088_R05C01_Red.idat.gz	21f57607b4ac3ee45abee40c6d8e80a4
GSM2941029_3998568127_R04C02_Grn.idat.gz	766446dfcfb357208172d6e3d2ca6afc
GSM2941029_3998568127_R04C02_Red.idat.gz	12f255d5439d55c5d510c04f8ba3d369
GSM2941030_3998568127_R05C02_Grn.idat.gz	478a9d3c0f53dcb81111732db6265dfb
GSM2941030_3998568127_R05C02_Red.idat.gz	bb0caf5b9f8c3a8f7519e7a6a73775fd
GSM2941031_3998568129_R03C02_Grn.idat.gz	7324bbab98c23567bfeed06ef6d51ed8
GSM2941031_3998568129_R03C02_Red.idat.gz	8891312ce1372521dae2e28d4f0c20dd
GSM2941032_3998568154_R03C01_Grn.idat.gz	2d3046f083056e876fa4e737a3fc14fb
GSM2941032_3998568154_R03C01_Red.idat.gz	b099336959cbf4f2e9bad1997d3da4f1
GSM2941033_3998568166_R01C01_Grn.idat.gz	d0f9f6aba0a4dfbe2532f5313b17c9d0
GSM2941033_3998568166_R01C01_Red.idat.gz	c4f43bc1c81477ab5467e22fc97f3dcf
GSM2941034_3998568166_R01C02_Grn.idat.gz	9366f918abfbb517624f42c017e0d71a
GSM2941034_3998568166_R01C02_Red.idat.gz	246ea22d72009fe7ca601fb1b6df1a7f
GSM2941035_3998568166_R02C02_Grn.idat.gz	4c338e752174728379d0dcfe16c83282
GSM2941035_3998568166_R02C02_Red.idat.gz	63ce67cb531a7d8bab6cc7c0f34f17bc
GSM2941036_3998568166_R03C01_Grn.idat.gz	ee075e97056ec7188709848cf9a0c85f
GSM2941036_3998568166_R03C01_Red.idat.gz	1e13f13d4fd7e6ec4fe0198b15756ceb
GSM2941037_3998568166_R03C02_Grn.idat.gz	9d0fa494cdda57537abc043830fbdda5
GSM2941037_3998568166_R03C02_Red.idat.gz	5690bd846fb33f49bc95aca41c5a0e92
GSM2941038_3998568166_R05C01_Grn.idat.gz	32de3ad5a6def2698ebe5d9d1f315d13
GSM2941038_3998568166_R05C01_Red.idat.gz	0973dd2d655b8d560d746224a1c4ffde
GSM2941039_3998568166_R05C02_Grn.idat.gz	2d3b36dbcb7c4a46fde6df0ffc947af5
GSM2941039_3998568166_R05C02_Red.idat.gz	0872d47692a9f5fc1cbe02bb7d5cefab
GSM2941040_3998568166_R06C01_Grn.idat.gz	ec46a22c20700bdfdd1f13cb947b3b20
GSM2941040_3998568166_R06C01_Red.idat.gz	0900991513d3953e1d053dbcd76cce02
GSM2941041_3998568166_R06C02_Grn.idat.gz	3c586fe559c4600472ac30b86a4e9556
GSM2941041_3998568166_R06C02_Red.idat.gz	95ab6710cc2bc87903406198cc9cba1d
GSM2941042_3998568167_R01C01_Grn.idat.gz	0561ed71dbb2c8acde6bf78d7ded78ac
GSM2941042_3998568167_R01C01_Red.idat.gz	7bba3eda659d7bbe291b76a4900cf4f4
GSM2941043_3998568167_R02C01_Grn.idat.gz	b9923bdf3c21efd533cea7a1c73f1140
GSM2941043_3998568167_R02C01_Red.idat.gz	b839aea34e986af42861d214b04a9063
GSM2941044_3998568167_R03C01_Grn.idat.gz	6256984cff91fce247bf4cd35a0cc50e
GSM2941044_3998568167_R03C01_Red.idat.gz	b774531fab10b79580daeecd7e5e7494
GSM2941045_3998568167_R04C01_Grn.idat.gz	5742b8f3e8e0de199fb12124eb46cda4
GSM2941045_3998568167_R04C01_Red.idat.gz	69f0bcf714e50e7ea139c0c30f1ae2a7
GSM2941046_3998909013_R02C02_Grn.idat.gz	170e2aeb01728825180e64f8c8129a14
GSM2941046_3998909013_R02C02_Red.idat.gz	35183ff5e1ae3965653d0d2ec5efb76b
GSM2941047_3998909026_R03C02_Grn.idat.gz	ede8fa0407f3f930319bdc625f51f3ee
GSM2941047_3998909026_R03C02_Red.idat.gz	6a32b1fac08dd11889327c4835055469
GSM2941048_3998909026_R04C01_Grn.idat.gz	d5a2964b72f33fd4d453e190fe6fdcee
GSM2941048_3998909026_R04C01_Red.idat.gz	1d10cef01b39b96581c9ab76493106b0
GSM2941049_3998909026_R05C01_Grn.idat.gz	f0c61a8f93a4382cfc0ad8dffe8e286c
GSM2941049_3998909026_R05C01_Red.idat.gz	99d260fc88fee37494c8eb6034dfe8d2
GSM2941050_3998909026_R05C02_Grn.idat.gz	d5979a77b08bb69df30b8b5e0f16ee75
GSM2941050_3998909026_R05C02_Red.idat.gz	1607cd5926443099d83a0aebb711dc95
GSM2941051_3998909026_R06C01_Grn.idat.gz	620083875b434c04d1651249e378e26e
GSM2941051_3998909026_R06C01_Red.idat.gz	0d1db332412ca41e6bc417f4022bc1ef
GSM2941052_3998909027_R03C01_Grn.idat.gz	6a9609e6b5a9834c9c9be618837283b5
GSM2941052_3998909027_R03C01_Red.idat.gz	6be92f30e66eae80d4f88f7becfdb0b1
GSM2941053_3998909027_R04C01_Grn.idat.gz	d03feee0aa6e5350fbd701193a0ed94a
GSM2941053_3998909027_R04C01_Red.idat.gz	e288e6b37cd79825cba4b9f74c75f742
GSM2941054_3998909027_R05C01_Grn.idat.gz	bea6f14b6709012b5e6acdf3653b1c66
GSM2941054_3998909027_R05C01_Red.idat.gz	5f13bd698038ef00e738990bac23e040
GSM2941055_3998909027_R06C02_Grn.idat.gz	60222eda93700a74f1a827df992a276d
GSM2941055_3998909027_R06C02_Red.idat.gz	d948b10cdc8c31d329d933a7b39aa435
GSM2941056_3998909050_R03C02_Grn.idat.gz	22b1296504c6cd6ed6cf2b25d3b40158
GSM2941056_3998909050_R03C02_Red.idat.gz	5d4de3846f510b15d2c42885c02632c0
GSM2941057_3998909050_R04C02_Grn.idat.gz	c95bec7ddb1fea44dd044c580b4fbe60
GSM2941057_3998909050_R04C02_Red.idat.gz	6045faf0984710763e12773425e7629e
GSM2941058_3998909050_R05C02_Grn.idat.gz	4e3c3d9bce74080f4357b5264b8fe350
GSM2941058_3998909050_R05C02_Red.idat.gz	d9443dd4dc40d9a4e19bd80453473450
GSM2941059_3998909051_R01C01_Grn.idat.gz	ba6fcf6515d2e2eba8730fe8ffab8aea
GSM2941059_3998909051_R01C01_Red.idat.gz	8de0c360b4c12efe7f7230f1d54885f5
GSM2941060_3998909051_R03C01_Grn.idat.gz	b5f3ffbd5d4f91cd29f9f5c5a146954a
GSM2941060_3998909051_R03C01_Red.idat.gz	2be9fe456f5efe22864f2a520828649d
GSM2941061_3998909051_R04C01_Grn.idat.gz	538dce43f6f8f86db4c052749c0a3af6
GSM2941061_3998909051_R04C01_Red.idat.gz	3dac4165b76a1f6175541b84b908ba3f
GSM2941062_3998909051_R04C02_Grn.idat.gz	022b1547f1d6790a06bc62493aec1758
GSM2941062_3998909051_R04C02_Red.idat.gz	93bbadd96630ea377da37c08e1f90a6c
GSM2941063_3998909062_R01C01_Grn.idat.gz	03c705d6172a2ead74c60b3ee00ab535
GSM2941063_3998909062_R01C01_Red.idat.gz	ca3a48ac1054875c4dfb9c9fd21842d6
GSM2941064_3998909062_R01C02_Grn.idat.gz	963254992125d91307ada31b7b807c15
GSM2941064_3998909062_R01C02_Red.idat.gz	491d9727279d81dad219ef4bfed78e44
GSM2941065_3998909062_R02C01_Grn.idat.gz	0122032ae2245869c1d9d69cbcd40205
GSM2941065_3998909062_R02C01_Red.idat.gz	f5ff76a21ff541583b9d7b6aa0bc00d4
GSM2941066_3998909062_R02C02_Grn.idat.gz	b1c8822619ef496e0c1a2bce1f8f84ef
GSM2941066_3998909062_R02C02_Red.idat.gz	999ac5c13963bd078e6626f5afebdb5f
GSM2941067_3998909062_R03C01_Grn.idat.gz	744b1262d2d2a65953d12998782d530d
GSM2941067_3998909062_R03C01_Red.idat.gz	eab1ecabc9e6fd5a93f3b9b9e81d73ce
GSM2941068_3998909062_R04C01_Grn.idat.gz	930432be6c06a15edbc7c357dc5cadbf
GSM2941068_3998909062_R04C01_Red.idat.gz	f594c937ba629fac2d1e8a58580e5eb7
GSM2941069_3998909063_R01C02_Grn.idat.gz	825e95853f50eb18534144bd2f065767
GSM2941069_3998909063_R01C02_Red.idat.gz	b18c7c4eb3d2dee619687494c26783c4
GSM2941070_3998909063_R04C02_Grn.idat.gz	43aa48784273fcf30f18da006d8d1a0d
GSM2941070_3998909063_R04C02_Red.idat.gz	b9bc5328fdba983e3efaff16ae6f7cb1
GSM2941071_3998909070_R02C02_Grn.idat.gz	da831e5f2c4f65ccab4a93a7de191f48
GSM2941071_3998909070_R02C02_Red.idat.gz	a3426ec035ffa99e378fe931d828ebaa
GSM2941072_3998909070_R03C02_Grn.idat.gz	ea907620a175a28f667691799096171e
GSM2941072_3998909070_R03C02_Red.idat.gz	b053bd1899a546cee5a121bc8010b211
GSM2941073_3998909070_R04C02_Grn.idat.gz	7b5a6710e45d63198aa9b1f4e1c4f99f
GSM2941073_3998909070_R04C02_Red.idat.gz	71d94aec6042e40cb9ad7ae130f79444
GSM2941074_3998909072_R01C02_Grn.idat.gz	0e257c7350c5a4be71fa65e23bf8701f
GSM2941074_3998909072_R01C02_Red.idat.gz	49e0ebd3b6de01fb98c647843459cf2d
GSM2941075_3998909072_R02C02_Grn.idat.gz	4fa1a6d3c091fea2f171df253530bf9e
GSM2941075_3998909072_R02C02_Red.idat.gz	8a9074e051c3cac58c17fc69124bac99
GSM2941076_3998909072_R03C02_Grn.idat.gz	64deaf43b13e48aa091861b248d66c8b
GSM2941076_3998909072_R03C02_Red.idat.gz	283b7e278d061d217a6ae713562ad0c1
GSM2941077_3998909072_R04C01_Grn.idat.gz	915d5bac8bf4a0babce157529974aa1f
GSM2941077_3998909072_R04C01_Red.idat.gz	598c2ce0dac099ee16026299cb436b0b
GSM2941078_3998909072_R04C02_Grn.idat.gz	090280bb1c1fdca748d5d523f77ddf63
GSM2941078_3998909072_R04C02_Red.idat.gz	929de59595662a2f55a8fd6b0c78e9c1
GSM2941079_3998909072_R05C01_Grn.idat.gz	ab0617aeda3c47ea15ce21ea2dfa2629
GSM2941079_3998909072_R05C01_Red.idat.gz	dd21b8d2a4de3b32224572335873b2b7
GSM2941080_3998909072_R05C02_Grn.idat.gz	78c7ae8597275a510f7c30655a50af22
GSM2941080_3998909072_R05C02_Red.idat.gz	3780e38f7cea44d4d3305497d68ee61b
GSM2941081_3998909072_R06C01_Grn.idat.gz	94bae147fa4368dcedbfd0eda7cf6d22
GSM2941081_3998909072_R06C01_Red.idat.gz	f4c147d6e86909db4845f749e2e1272e
GSM2941082_3998909072_R06C02_Grn.idat.gz	e06fa9b9d597a2ab35235e43dcffb26f
GSM2941082_3998909072_R06C02_Red.idat.gz	fed0ee5fe926dbd85b6fb27ed4ef2628
GSM2941083_3998909073_R01C01_Grn.idat.gz	2f25bc8d515dd6e878769696c1e6ddab
GSM2941083_3998909073_R01C01_Red.idat.gz	d4db2a4f676bf7d40b79dc76c1355e15
GSM2941084_3998909073_R02C01_Grn.idat.gz	fa076fb2e878bc3ae9a7f340ad4186a4
GSM2941084_3998909073_R02C01_Red.idat.gz	c168e768b67b720bd2ab6a6d04b036c9
GSM2941085_3998909075_R02C02_Grn.idat.gz	22f12f067d74416099fde5b4b04feed4
GSM2941085_3998909075_R02C02_Red.idat.gz	c305181b0dd8e56799145478f771730d
GSM2941086_3998909075_R03C02_Grn.idat.gz	fe1016bb65ba5b1a75757f5ea8cf8486
GSM2941086_3998909075_R03C02_Red.idat.gz	b4d756be9892eed56fd5e2c598e25888
GSM2941087_3998909075_R04C02_Grn.idat.gz	211ce4ca1ffafe78a4629f7f9de0c233
GSM2941087_3998909075_R04C02_Red.idat.gz	ab15b5bf5a59faa7eb5dd075add2f328
GSM2941088_3998909075_R05C02_Grn.idat.gz	30a75ac5e00acc0f51d6dc0c89273be1
GSM2941088_3998909075_R05C02_Red.idat.gz	f80de40aa97bf319de586bda3d9dea9e
GSM2941089_3998909089_R01C02_Grn.idat.gz	5bbe0ff1a13b054d25998df6e35d02c7
GSM2941089_3998909089_R01C02_Red.idat.gz	964ffbf62ce3696e205a10cabcda050f
GSM2941090_3998909089_R02C01_Grn.idat.gz	fdfac259322db99de6048c2433d13b4f
GSM2941090_3998909089_R02C01_Red.idat.gz	a8fb89a82197d2cd8b656613e1137fa1
GSM2941091_3998909089_R02C02_Grn.idat.gz	445dd5015223148a502ca5f25153995a
GSM2941091_3998909089_R02C02_Red.idat.gz	3ea636a162d979edc06430b16f7bbef3
GSM2941092_3998909089_R05C01_Grn.idat.gz	be2e299228b8a812f22134977c66a51d
GSM2941092_3998909089_R05C01_Red.idat.gz	3184a46d7a073abe9b8d7013ad4b10e8
GSM2941093_3998909174_R03C02_Grn.idat.gz	26ebabd2ae303d5326575d3a0e6cfc78
GSM2941093_3998909174_R03C02_Red.idat.gz	44c1bf1a95bf2e29cd1ab9ca7a4ce7d4
GSM2941094_3998909174_R04C02_Grn.idat.gz	e5c9fae11aad65944f78216f986c9f2a
GSM2941094_3998909174_R04C02_Red.idat.gz	54b0e7274a7f3f5234673cecbb75936a
GSM2941095_3998909181_R01C01_Grn.idat.gz	202e85dfd3a8ff373b8fa4404db67b13
GSM2941095_3998909181_R01C01_Red.idat.gz	d1d4b14c83956b2bcf44c8720a1005a6
GSM2941096_3998909181_R01C02_Grn.idat.gz	b70ef7b7ff2d7310f3108b6737b471ca
GSM2941096_3998909181_R01C02_Red.idat.gz	611a49e8f572e3d92eecd3348c208ceb
GSM2941097_3998909181_R02C01_Grn.idat.gz	888159a7aea04413ae73ce2830c472a8
GSM2941097_3998909181_R02C01_Red.idat.gz	0d0bd2a56ee9a8169fcae3df66c9fd42
GSM2941098_3998909181_R02C02_Grn.idat.gz	67935e1f62fbc9b5760ed100831f07c2
GSM2941098_3998909181_R02C02_Red.idat.gz	37772177e528ffb65b4af7c0da9647b2
GSM2941099_3998909181_R03C02_Grn.idat.gz	d88eabd2970188e8e319641c1e31eb37
GSM2941099_3998909181_R03C02_Red.idat.gz	8020f5f6dbd82160dab90dd69a07853c
GSM2941100_3998909181_R04C01_Grn.idat.gz	8be333d36b8d8374cc76cd0267ec5cf1
GSM2941100_3998909181_R04C01_Red.idat.gz	9c58343824292b673f12d8a6dbb8d512
GSM2941101_3998909181_R05C01_Grn.idat.gz	5a4237757cf4d44db36d4825f8157358
GSM2941101_3998909181_R05C01_Red.idat.gz	e7bbfad346abd6ccdf88f55ef6a7562b
GSM2941102_3998909182_R02C01_Grn.idat.gz	891f7b76d56214bf7fe0e67899038487
GSM2941102_3998909182_R02C01_Red.idat.gz	34ee88c92c893af869d32348eeb3a153
GSM2941103_3998909182_R03C01_Grn.idat.gz	3f1306fa80fa1866ca62bcd4c909fda4
GSM2941103_3998909182_R03C01_Red.idat.gz	77daac4c0fcd79c6297504e526592fe8
GSM2941104_3998909182_R03C02_Grn.idat.gz	a92a4dcc0071cd913f8dc41c57c48b32
GSM2941104_3998909182_R03C02_Red.idat.gz	7f2b977909e3cef94cb543a4ca8395e2
GSM2941105_3998909182_R04C02_Grn.idat.gz	4bec5bebc9ab338c2983d046511fd522
GSM2941105_3998909182_R04C02_Red.idat.gz	0f45363db59afa25baf48a00a831e164
GSM2941106_3998909182_R05C01_Grn.idat.gz	4426ca7d7b2e594800c1831cf62430df
GSM2941106_3998909182_R05C01_Red.idat.gz	560dc4423d0133fde6253ef6ee3aa2c5
GSM2941107_3998909182_R05C02_Grn.idat.gz	f8cc14262520c716bb4eb3b3dc2aa9cf
GSM2941107_3998909182_R05C02_Red.idat.gz	5c34f9f7c8c3fb55bda95e774b16769c
GSM2941108_3998909182_R06C02_Grn.idat.gz	dbadccbbd85dd66b15ddb1df45cd805e
GSM2941108_3998909182_R06C02_Red.idat.gz	e53b1096b5a6092564901679cc187b17
GSM2941109_3998909193_R01C01_Grn.idat.gz	9ad61da327b16b5dc95d42118c83260c
GSM2941109_3998909193_R01C01_Red.idat.gz	cffeefa0a3a47b4b2de20d56218e0830
GSM2941110_3998919099_R01C01_Grn.idat.gz	1d8834a5d85e87d16d3c516aa047ce38
GSM2941110_3998919099_R01C01_Red.idat.gz	2a4dc3462a63f89902ec5571eeccd6f5
GSM2941111_3998919099_R02C02_Grn.idat.gz	0aee9cc4ea863bd89371a82675a2677d
GSM2941111_3998919099_R02C02_Red.idat.gz	f8866c5795b4a980cb7a88927cbb86da
GSM2941112_3998919099_R03C01_Grn.idat.gz	7124024001dd9f6a512985dcfe1f872f
GSM2941112_3998919099_R03C01_Red.idat.gz	08fffe137dceaf08bf3d0991bf15dd1e
GSM2941113_3998919099_R03C02_Grn.idat.gz	6611b47d13699ac15cd3bc5b5e4d7d54
GSM2941113_3998919099_R03C02_Red.idat.gz	c5da949f2251f056f1a7217fbe28f9a8
GSM2941114_3998919099_R05C02_Grn.idat.gz	9729b7b87a0789c9eaea6fb8b91de6e6
GSM2941114_3998919099_R05C02_Red.idat.gz	f71f230d24c8fd46f221bf2947a21686
GSM2941115_3998919099_R06C02_Grn.idat.gz	d00928992bde1fd953a37fea0e72cba4
GSM2941115_3998919099_R06C02_Red.idat.gz	4bac94015080270d469c2eedeaf1ac1a
GSM2941116_3998920094_R01C01_Grn.idat.gz	f24300b2090cc918d68df9897902f820
GSM2941116_3998920094_R01C01_Red.idat.gz	5f61ea5e4d8f48d4387485aa4df03284
GSM2941117_3998920094_R02C01_Grn.idat.gz	9124f428ac7152f4651e4688fdfb1fdf
GSM2941117_3998920094_R02C01_Red.idat.gz	5b86b81ecd9aaee1207d4468b7c24968
GSM2941118_3998920120_R01C01_Grn.idat.gz	bdbad60735aa33058c7c4d8e35c1e5ac
GSM2941118_3998920120_R01C01_Red.idat.gz	52bb2037f1925dd971cfbc49c3ed6a0d
GSM2941119_3998920120_R02C01_Grn.idat.gz	bd684d174fb21c685c2a3907c188a7f7
GSM2941119_3998920120_R02C01_Red.idat.gz	3bf6363a6c58a38e57ab71165ddcbfa8
GSM2941120_3998920120_R03C01_Grn.idat.gz	0970c53e8028791907988b52f611843d
GSM2941120_3998920120_R03C01_Red.idat.gz	169dd10a87855733d2aadd1116ec158c
GSM2941121_3998920120_R04C01_Grn.idat.gz	6dbb1bee62eca1de30a795e44bc1fe2c
GSM2941121_3998920120_R04C01_Red.idat.gz	f535a8f01f3fb2641468b4c64d894643
GSM2941122_3998920120_R06C01_Grn.idat.gz	7ea50e47081fc1d0fe5bf18a5a5e9f53
GSM2941122_3998920120_R06C01_Red.idat.gz	e03d076cc37870c3479791f76e08a308
GSM2941123_3998920147_R01C02_Grn.idat.gz	22ff69a3c5b4aadd186164d8316dc595
GSM2941123_3998920147_R01C02_Red.idat.gz	55e9d58e23878de75c77eebe324ef89a
GSM2941124_3998920147_R03C02_Grn.idat.gz	4ae7343ba589852ca9607e90939b5f67
GSM2941124_3998920147_R03C02_Red.idat.gz	360cfa1d533cc28a2208783b3bc74750
GSM2941125_3998920147_R04C02_Grn.idat.gz	fb809aa722e8de3061aa32f19e09caee
GSM2941125_3998920147_R04C02_Red.idat.gz	021037963bcb4a64acf1048540eeb5d9
GSM2941126_3998998159_R01C02_Grn.idat.gz	267830acb7aaf0889d83af18ea303efb
GSM2941126_3998998159_R01C02_Red.idat.gz	f4533eccfe6bbe13c2fe9e27b90e3d2d
GSM2941127_3998998159_R02C02_Grn.idat.gz	7b60d79bfff2884e6f2ce30b34501200
GSM2941127_3998998159_R02C02_Red.idat.gz	9605638302d7471fb45d8e6408d1acfa
GSM2941128_3998998159_R03C01_Grn.idat.gz	02980bda9e674ab6517c740a3d2a8e35
GSM2941128_3998998159_R03C01_Red.idat.gz	f125021963d76408401496a2bde89573
GSM2941129_3998998159_R03C02_Grn.idat.gz	08846d1d48d7a6bcc8e71c36ae11c487
GSM2941129_3998998159_R03C02_Red.idat.gz	6a007959aabb3eb2747e71d4efd0a0f8
GSM2941130_3998998159_R04C01_Grn.idat.gz	0204dbd3f7c705831f8983877df28091
GSM2941130_3998998159_R04C01_Red.idat.gz	d7628fadce83542c201fea2912955ec9
GSM2941131_3998998159_R04C02_Grn.idat.gz	7fd71adb1dea583a73a479c2f2df3852
GSM2941131_3998998159_R04C02_Red.idat.gz	2a728ce8701c139777e34ee8417986aa
GSM2941132_3998998159_R05C01_Grn.idat.gz	c054c5c0bc3a4e795532d5e175d149c4
GSM2941132_3998998159_R05C01_Red.idat.gz	659b44e6fb4524530c2173bd8fdef9dc
GSM2941133_3998998159_R05C02_Grn.idat.gz	201c24fb06452922f6ffdd27cb7298c3
GSM2941133_3998998159_R05C02_Red.idat.gz	27b4a966788b84909b5fa061e0fd58c8
GSM2941134_3998998159_R06C01_Grn.idat.gz	5962f710ef3a0317d0192b30707e4dfc
GSM2941134_3998998159_R06C01_Red.idat.gz	45767ab335fa3e1411dab5160c96dde0
GSM2941135_3998998159_R06C02_Grn.idat.gz	2022935db6277fd525225b8598bf7c68
GSM2941135_3998998159_R06C02_Red.idat.gz	0b75db754dc3505555993c1bfa500d35
GSM2941136_3998998164_R01C02_Grn.idat.gz	f7cfadb0e4d8836b1c76bd047fa92a01
GSM2941136_3998998164_R01C02_Red.idat.gz	5aa750c2e26a99af54a234f33e5902cc
GSM2941137_3998998164_R02C01_Grn.idat.gz	0d4e6b0c4f38da1ff2be82d314dd008e
GSM2941137_3998998164_R02C01_Red.idat.gz	67497d7a712297a93f6da4039ea21526
GSM2941138_3998998164_R02C02_Grn.idat.gz	eb0c7f59594b29609aafec613e824e8f
GSM2941138_3998998164_R02C02_Red.idat.gz	9cdd49c536210548be3473b75a2756b3
GSM2941139_3998998164_R03C02_Grn.idat.gz	abed7c17ccdd348366b3418e7cfcc2a4
GSM2941139_3998998164_R03C02_Red.idat.gz	c1bbe8b4cb42bd3974dcf316fd13f9a1
GSM2941140_3998998164_R05C01_Grn.idat.gz	ad4185cf03f74b13e80c5e190e0b732e
GSM2941140_3998998164_R05C01_Red.idat.gz	7e772655a1197c0d73a911391eb17c7d
GSM2941141_3998998164_R06C01_Grn.idat.gz	a27b6371e026286e8dff679a523d6472
GSM2941141_3998998164_R06C01_Red.idat.gz	82e49f984685999af4f85e3f4989d45d
GSM2941142_3998998164_R06C02_Grn.idat.gz	f5c1f98f58d86c48555d6e821aac5cd2
GSM2941142_3998998164_R06C02_Red.idat.gz	9bf867ad51dc63ffdbb168116dbad49b
GSM2941143_3998998187_R02C01_Grn.idat.gz	5f715fc98f37eee85c4bec00ec4f071e
GSM2941143_3998998187_R02C01_Red.idat.gz	e802473bb3725d19ee299e8dd764d3a0
GSM2941144_3998998187_R04C01_Grn.idat.gz	1154ada7739075ebc6c66044485f667e
GSM2941144_3998998187_R04C01_Red.idat.gz	c767c394a159ca9a5426a50acf5549d1
GSM2941145_3998998187_R05C01_Grn.idat.gz	7745d82834f1c5a92eb56fc3763e78c3
GSM2941145_3998998187_R05C01_Red.idat.gz	123e5835abff02b6ea20bbcdc9c60f53
GSM2941146_3999002043_R03C02_Grn.idat.gz	6a9bc872fa8ebfbabe7535c21639fcbd
GSM2941146_3999002043_R03C02_Red.idat.gz	1a049070fdf69c327cdb854f564cf4cf
GSM2941147_3999002044_R01C02_Grn.idat.gz	a370b636669122ffa1e4bfacf4ea9519
GSM2941147_3999002044_R01C02_Red.idat.gz	d9ee13df81f31ca1580b9dc5c7d366b4
GSM2941148_3999002044_R02C01_Grn.idat.gz	73d7fab30586ba571fedb02991341d67
GSM2941148_3999002044_R02C01_Red.idat.gz	034dda4adb8905a102351caab15fb5d0
GSM2941149_3999002044_R02C02_Grn.idat.gz	eca96b6bf478593fd7d7448f2477a190
GSM2941149_3999002044_R02C02_Red.idat.gz	5835963f4996731f796a570f1f0c0028
GSM2941150_3999002044_R03C01_Grn.idat.gz	a046d5c088833ac64c638b62212282ad
GSM2941150_3999002044_R03C01_Red.idat.gz	e37ca106924bb985f5b6fd0d74fbd5e3
GSM2941151_3999002044_R03C02_Grn.idat.gz	2c52c7f21d531c8b69b50d8f08e35ea6
GSM2941151_3999002044_R03C02_Red.idat.gz	f404c045d909a11a87edd9ea346ad5f9
GSM2941152_3999002044_R04C02_Grn.idat.gz	37b858bca815f68ff45d7fd768825f1b
GSM2941152_3999002044_R04C02_Red.idat.gz	945fcac8981b944ce5fecfd897061840
GSM2941153_3999002044_R05C01_Grn.idat.gz	a64515cc2f5700fb3158e0d527d64326
GSM2941153_3999002044_R05C01_Red.idat.gz	85e208b4dbad4fef9827f3a65f19318f
GSM2941154_3999002044_R05C02_Grn.idat.gz	da0c1ea945b3a870ec1cffcefb48f434
GSM2941154_3999002044_R05C02_Red.idat.gz	8a7ae252391f2217da7fc9f997f026ec
GSM2941155_3999002044_R06C01_Grn.idat.gz	0c69cfcfbe96ee42eb856bddf60e2e72
GSM2941155_3999002044_R06C01_Red.idat.gz	6aa3a3c142d6bf9a1a43022ff280f3e3
GSM2941156_3999002049_R01C01_Grn.idat.gz	882efff8f27554d8b760cf1d068b4fd2
GSM2941156_3999002049_R01C01_Red.idat.gz	de001cbce8893be3eb85613908d633d6
GSM2941157_3999002049_R01C02_Grn.idat.gz	5a33e99791ed7bd10c052bd84e3c4d25
GSM2941157_3999002049_R01C02_Red.idat.gz	da24ef1761dcb52bde21c4873d93b618
GSM2941158_3999002049_R02C01_Grn.idat.gz	07b5b92f86014282368761ca1b7b3670
GSM2941158_3999002049_R02C01_Red.idat.gz	24e7bce22339287d11608d2e4951d143
GSM2941159_3999002049_R03C01_Grn.idat.gz	6a19f5209f795f629942620ee002ce93
GSM2941159_3999002049_R03C01_Red.idat.gz	96bca405e6e3f148826f366f108f8c62
GSM2941160_3999002049_R04C01_Grn.idat.gz	97af01f751ff1d26d1d6822e372ccfd3
GSM2941160_3999002049_R04C01_Red.idat.gz	a50da56cafca390b087052984bfe5090
GSM2941161_3999002049_R05C01_Grn.idat.gz	6b26590c68be8265447ee4831d00e987
GSM2941161_3999002049_R05C01_Red.idat.gz	54d63614520ea0512208a81f7e899b9b
GSM2941162_3999002049_R06C01_Grn.idat.gz	358802c56b0325539a1f5ce327e13bf6
GSM2941162_3999002049_R06C01_Red.idat.gz	e414e36693b9e63a8ceb6c40b66d1aee
GSM2941163_3999002051_R02C01_Grn.idat.gz	e09ae39d50eebc1b64cc53ab8dfddc6c
GSM2941163_3999002051_R02C01_Red.idat.gz	70ba8c68befbb313c09fea1f7698d156
GSM2941164_3999002051_R02C02_Grn.idat.gz	843a0141f48d699c3d67a4019506912a
GSM2941164_3999002051_R02C02_Red.idat.gz	028b24e19a405cf08f7f82fc3d6b8622
GSM2941165_3999078079_R01C01_Grn.idat.gz	1c40dbc9ecfc479c066f670aff19ce55
GSM2941165_3999078079_R01C01_Red.idat.gz	1d495d66193dbf7ba8c8b6064f292c44
GSM2941166_3999078079_R01C02_Grn.idat.gz	9a7ea85743db121d71814dd4e6d534e1
GSM2941166_3999078079_R01C02_Red.idat.gz	2015fa59b8359231ff911fb600b9bc80
GSM2941167_3999078079_R02C02_Grn.idat.gz	6cc2857e1a2e5d48535b4a92bc5cea44
GSM2941167_3999078079_R02C02_Red.idat.gz	87aa35aad4a7dee3504045889295f341
GSM2941168_3999078079_R03C02_Grn.idat.gz	c215da9cf0eb6cde5574030f09bd744a
GSM2941168_3999078079_R03C02_Red.idat.gz	1d36e603cbb78d2fc7cc69767cafcdbf
GSM2941169_3999078079_R05C01_Grn.idat.gz	cd479fdc91af521358260ca7747189e1
GSM2941169_3999078079_R05C01_Red.idat.gz	4a5af37bd62631020fc454d8571e35fa
GSM2941170_3999078079_R06C02_Grn.idat.gz	00103e47123ab123040f9d833a123d72
GSM2941170_3999078079_R06C02_Red.idat.gz	91933000144084a66f81a50e0d5082c7
GSM2941171_3999078080_R04C02_Grn.idat.gz	8bd44524908ba42a3135cf6655e2b5ae
GSM2941171_3999078080_R04C02_Red.idat.gz	52709f8af3af1505fa6ba0f39c747ca3
GSM2941172_3999078080_R05C02_Grn.idat.gz	33b78906ff66cf0ddbe6f360f388980b
GSM2941172_3999078080_R05C02_Red.idat.gz	daca96cc903c2159855fd66c39f409e1
GSM2941173_3999078080_R06C02_Grn.idat.gz	e8cb8ac45bc8c3fa874a863fe49cd4a2
GSM2941173_3999078080_R06C02_Red.idat.gz	efc83871e3f5338029f79ccb19835e5e
GSM2941174_3999078119_R01C01_Grn.idat.gz	6e02405c04b23f2e9b0f8b25e8f2b653
GSM2941174_3999078119_R01C01_Red.idat.gz	85234ca7f26e4d2bd6cf4ed485860293
GSM2941175_3999078119_R03C02_Grn.idat.gz	007d0a461507195f507763abcdbb4e3b
GSM2941175_3999078119_R03C02_Red.idat.gz	b113fc2439a49ab92862d54af517f589
GSM2941176_3999078119_R05C02_Grn.idat.gz	c47ca88d3c0c107fce4a955b62343a8a
GSM2941176_3999078119_R05C02_Red.idat.gz	b85ac47b616dcba22a044fbed3a3474e
GSM2941177_3999078119_R06C02_Grn.idat.gz	764772bd5d4e2ceae5bc5b2ee5bc476b
GSM2941177_3999078119_R06C02_Red.idat.gz	0601c959f6b2b8d9fa2800d1c036e85d
GSM2941178_3999078120_R02C02_Grn.idat.gz	0bee18b668278970e071d8ded11a34ac
GSM2941178_3999078120_R02C02_Red.idat.gz	c0f2aebd0e2386328907d0773e4f5411
GSM2941179_3999078120_R03C01_Grn.idat.gz	4018bd77d041e5901748d1e2433bca74
GSM2941179_3999078120_R03C01_Red.idat.gz	1bb6489c05b0ae8197e3827cbb26887d
GSM2941180_3999078120_R04C02_Grn.idat.gz	ad83bcf624dcad019bada9085c1dc23a
GSM2941180_3999078120_R04C02_Red.idat.gz	d4625092af590b98a40fa40e9a11b681
GSM2941181_3999078120_R05C01_Grn.idat.gz	c6791b7ce7d078c291a5e8a6242a509f
GSM2941181_3999078120_R05C01_Red.idat.gz	338473c7200f14dce04c29be839ef72b
GSM2941182_3999078120_R05C02_Grn.idat.gz	09f515fc258c7248ee2165f1060e3266
GSM2941182_3999078120_R05C02_Red.idat.gz	f972800d8ee21634d155497424cc4ce0
GSM2941183_3999078120_R06C02_Grn.idat.gz	1204b90c83b17134693ab26dda2dd797
GSM2941183_3999078120_R06C02_Red.idat.gz	de62b5291d42fba3755ca134b9fa4617
GSM2941184_3999078123_R01C01_Grn.idat.gz	cb363c3f14e7905799b364c73a228f41
GSM2941184_3999078123_R01C01_Red.idat.gz	b909379d9ddd8629ba43325d02e517a4
GSM2941185_3999078123_R01C02_Grn.idat.gz	61377060ebb5e7401a3c566d6bd4cc8c
GSM2941185_3999078123_R01C02_Red.idat.gz	db62da737f61c3200404165a5fdb1a5e
GSM2941186_3999078123_R02C01_Grn.idat.gz	6a4de568cf14ab9421bdb3680dd09d26
GSM2941186_3999078123_R02C01_Red.idat.gz	e7ff6287ad5a666c243211e80a521d43
GSM2941187_3999078123_R02C02_Grn.idat.gz	18236fce3980b780d80143e03c6472e9
GSM2941187_3999078123_R02C02_Red.idat.gz	eefb4246c4d8717eb50216929ee12b78
GSM2941188_3999078123_R03C01_Grn.idat.gz	a63cc1909729f556dc6fae5633555ddb
GSM2941188_3999078123_R03C01_Red.idat.gz	bc40707510bd89ffe3844de686bc61f5
GSM2941189_3999078123_R05C01_Grn.idat.gz	3c3379b387fc8d632edfe532510bb8d7
GSM2941189_3999078123_R05C01_Red.idat.gz	fe1218d8a1af6458922e91a0347388ba
GSM2941190_3999078159_R02C01_Grn.idat.gz	4ea6db40ec84540a46425f831b629412
GSM2941190_3999078159_R02C01_Red.idat.gz	dcb4227a145409a03c93a8342cbc554b
GSM2941191_3999078159_R03C01_Grn.idat.gz	9bb13158c9b8697b1178ccc0716238ea
GSM2941191_3999078159_R03C01_Red.idat.gz	0b731b5964fac144540368778e78d2ba
GSM2941192_3999078159_R05C02_Grn.idat.gz	34c8eec637182ee30e308fc9b150c44d
GSM2941192_3999078159_R05C02_Red.idat.gz	47b3d4b1e1315c7f4a695cca2e024070
GSM2941193_3999078159_R06C01_Grn.idat.gz	fbaf325ddac75011469f5ce6056ddb96
GSM2941193_3999078159_R06C01_Red.idat.gz	aecae0e82b994deab202350e22ddecc9
GSM2941194_3999078159_R06C02_Grn.idat.gz	96efe188b5dd6eb89d84add30431ea54
GSM2941194_3999078159_R06C02_Red.idat.gz	bb4c5c28c93636fcbe91cf1d48433701
GSM2941195_3999095103_R01C02_Grn.idat.gz	5a3fd62b3c81f3b9f5abd1bd8f0601d5
GSM2941195_3999095103_R01C02_Red.idat.gz	42fadfc0d17acb64a45fb608d12056cc
GSM2941196_3999095103_R04C01_Grn.idat.gz	8021251502e9c091b4ace63269cd3989
GSM2941196_3999095103_R04C01_Red.idat.gz	4df8db30b333763165fb7b961ef57ae5
GSM2941197_3999095103_R04C02_Grn.idat.gz	1b3b740b463f2da3b1d3b3bce1ba162e
GSM2941197_3999095103_R04C02_Red.idat.gz	e98877696ff0e53d810f840ffe8f7e8d
GSM2941198_3999095103_R05C01_Grn.idat.gz	ff6abf415eb3c2f229d90aacba6ed232
GSM2941198_3999095103_R05C01_Red.idat.gz	01b9115510c529a14f6829ddd7ae119c
GSM2941199_3999095103_R06C01_Grn.idat.gz	624bdfae55236945c023640b30faabec
GSM2941199_3999095103_R06C01_Red.idat.gz	1ec01900ef8741de2c049e1769454af8
GSM2941200_3999095103_R06C02_Grn.idat.gz	5f82b2fae61b967f2af4392dc08b7ff5
GSM2941200_3999095103_R06C02_Red.idat.gz	e0398587096e3ce0d71c60b273bf2f81
GSM2941201_3999095104_R01C01_Grn.idat.gz	df8f24be8a2c3ae26bf860beaeb76be4
GSM2941201_3999095104_R01C01_Red.idat.gz	2c8ae250953a32761973e637001d7a91
GSM2941202_3999095104_R03C01_Grn.idat.gz	1119ad2dac89656ad9e0c52a16de5b83
GSM2941202_3999095104_R03C01_Red.idat.gz	47e5413c1d6265c676c8d2f9f95d2dfd
GSM2941203_3999095104_R04C01_Grn.idat.gz	c39f1419eae45df3aa377f6a5e7cdb6b
GSM2941203_3999095104_R04C01_Red.idat.gz	5d7db6ce0b457e756675da826781c682
GSM2941204_3999095104_R04C02_Grn.idat.gz	782a4a455d5c20d73be254f17d1085bd
GSM2941204_3999095104_R04C02_Red.idat.gz	e2c1482406a9e5e4b6a00ba95fb3c889
GSM2941205_3999095104_R05C02_Grn.idat.gz	68374f5aa69071e7a2b435bfd4f2aee9
GSM2941205_3999095104_R05C02_Red.idat.gz	2d0521ee2462346003bc5eddd8c536d5
GSM2941206_3999095104_R06C01_Grn.idat.gz	3d61e4fe4c2fb1122f7c4987aa8caa98
GSM2941206_3999095104_R06C01_Red.idat.gz	4f2280e71e7fea8c78b1cd3a80182204
GSM2941207_3999095105_R01C01_Grn.idat.gz	de82ff2418a53a6686ab8adf4c9f2440
GSM2941207_3999095105_R01C01_Red.idat.gz	1ec5b6e2c5aa5676956a08811d97ae41
GSM2941208_3999100043_R04C01_Grn.idat.gz	c391d07372c19aba4b8429df90366dcc
GSM2941208_3999100043_R04C01_Red.idat.gz	d47d58d344b2b3627187b57faf42feb6
GSM2941209_3999100091_R06C02_Grn.idat.gz	bed684a2100e2ebad9f3f4423ae3fe41
GSM2941209_3999100091_R06C02_Red.idat.gz	398291fd4e156d77ea4c48b49c7205c3
GSM2941210_3999100100_R03C02_Grn.idat.gz	821a7bf1db51e00577e1d802c62f02d0
GSM2941210_3999100100_R03C02_Red.idat.gz	d9b0b61950d73a9bce76575bedf5474f
GSM2941211_3999100100_R04C02_Grn.idat.gz	796f4a3f626db6f8c08174ae827844f4
GSM2941211_3999100100_R04C02_Red.idat.gz	b589892de90fbe8e1e1db51b849da24b
GSM2941212_3999100100_R05C01_Grn.idat.gz	57717d85a83f28f89a3b9cdab6849870
GSM2941212_3999100100_R05C01_Red.idat.gz	127a9c3ef44a9c75d12c386e7b26153b
GSM2941213_3999100100_R05C02_Grn.idat.gz	0f894fbd1ce597501e841ad1c66a11da
GSM2941213_3999100100_R05C02_Red.idat.gz	d43081a62c028fd6e4588e37c4c16807
GSM2941214_3999100101_R02C01_Grn.idat.gz	bbc716a88a501700fb31952b36e08a89
GSM2941214_3999100101_R02C01_Red.idat.gz	97880a4467d6379e58cd6ef5a5cfa348
GSM2941215_3999100101_R03C01_Grn.idat.gz	4c130fcd3892da3a3509fad589b265ca
GSM2941215_3999100101_R03C01_Red.idat.gz	7b512a19601ca8a63efb2a958c6ccaaf
GSM2941216_3999100101_R05C01_Grn.idat.gz	b4e10b50b62896497493e45a1e2c4eec
GSM2941216_3999100101_R05C01_Red.idat.gz	d3c0f39e191c1dc62549d8b6b3fda636
GSM2941217_3999100101_R06C01_Grn.idat.gz	9b44622c40568c398446ff8ebfbae237
GSM2941217_3999100101_R06C01_Red.idat.gz	3888b9b6b8b83583aded8bc71f4b6124
GSM2941218_3999100101_R06C02_Grn.idat.gz	f53e5100c9bcfb1cc7fc936b54244d7e
GSM2941218_3999100101_R06C02_Red.idat.gz	e09fc3a5f8d0f72f3c12b72e1ea44f60
GSM2941219_3999543042_R03C01_Grn.idat.gz	585776d258487e7472f8a64e9883aab2
GSM2941219_3999543042_R03C01_Red.idat.gz	d2e2cf142746b9eb2dd3fbd483b29ac1
GSM2941220_3999543042_R05C02_Grn.idat.gz	34ab031f5b6ce46eba44520b2d446632
GSM2941220_3999543042_R05C02_Red.idat.gz	28f83d5efe6faaf3620866c47e1deefd
GSM2941221_3999543042_R06C02_Grn.idat.gz	308e69f856adf47282e1467eb89edc53
GSM2941221_3999543042_R06C02_Red.idat.gz	6f4b2623876b20f129ab7ccb9c9b1b77
GSM2941222_3999543050_R01C01_Grn.idat.gz	3922ede89975018a918453ea41def54e
GSM2941222_3999543050_R01C01_Red.idat.gz	f7a94637cb9b945e16f25b8c120f8915
GSM2941223_3999543050_R02C01_Grn.idat.gz	5b79c516a639f97c0a31ff1884e94081
GSM2941223_3999543050_R02C01_Red.idat.gz	8d32b13ea55a8b2e6b1e33a3fc0b4608
GSM2941224_3999543050_R03C02_Grn.idat.gz	571b17bbb574e461db9ac5259e59ec42
GSM2941224_3999543050_R03C02_Red.idat.gz	12e3b6a3d97a9e65ae7df1bf52e79136
GSM2941225_3999543050_R04C01_Grn.idat.gz	e68877bb325f8802bd25659e371c9237
GSM2941225_3999543050_R04C01_Red.idat.gz	556f37f3b5899e80bdf660f217c0bbf0
GSM2941226_3999543050_R05C02_Grn.idat.gz	8b8cd03c998092c499b043973a27fc94
GSM2941226_3999543050_R05C02_Red.idat.gz	63ae1e0471cf533f5f3b037d484f5fc3
GSM2941227_3999543050_R06C02_Grn.idat.gz	9450a9e4dd9cf38f8ab12eff68e3f329
GSM2941227_3999543050_R06C02_Red.idat.gz	3eb8086f7f85d72c1dd5d681338e2da0
GSM2941228_3999543051_R03C01_Grn.idat.gz	6b3f241da11a137f3d7324baed31b3e9
GSM2941228_3999543051_R03C01_Red.idat.gz	8fbde511cc21f6a112ddae5df16f888b
GSM2941229_3999543051_R04C01_Grn.idat.gz	106c48522d360a5d958cdbb5fc3b83f9
GSM2941229_3999543051_R04C01_Red.idat.gz	c90da0e747bdfac0abde4ac8eb6cb9f3
GSM2941230_3999543051_R05C02_Grn.idat.gz	6ab35260ed109ba3a90f51e7af6dd292
GSM2941230_3999543051_R05C02_Red.idat.gz	5e4ec07e838ab6e20cfe95d6a4a56739
GSM2941231_3999543051_R06C02_Grn.idat.gz	df28eee74a7a924f89f861e42f851532
GSM2941231_3999543051_R06C02_Red.idat.gz	617a70a0e0dfebd64499a59f9a2a428a
GSM2941232_3999547142_R01C01_Grn.idat.gz	de6c0cfe350851c362c1037709c77543
GSM2941232_3999547142_R01C01_Red.idat.gz	fb7418c0cce8b594af2a00f731cea28a
GSM2941233_3999547142_R01C02_Grn.idat.gz	421839e4b754577193fdc6a43a434209
GSM2941233_3999547142_R01C02_Red.idat.gz	f6ec11932b8d8938f1484e10908d34ed
GSM2941234_3999547142_R03C02_Grn.idat.gz	f97bcd50221cbdc0873a2f38cabfcf84
GSM2941234_3999547142_R03C02_Red.idat.gz	42b2e47c418f1a3416428f5c2e1fb705
GSM2941235_3999547142_R04C02_Grn.idat.gz	fbc19ae952daa779c8036ea873b3fdf5
GSM2941235_3999547142_R04C02_Red.idat.gz	8970ebb3544ad94a9659ae015f94d139
GSM2941236_3999547142_R05C02_Grn.idat.gz	01a7bad7901b517ec60eab6132f1cbdd
GSM2941236_3999547142_R05C02_Red.idat.gz	4ac74ceec8f71c9d743e9691217191c4
GSM2941237_3999547142_R06C02_Grn.idat.gz	b88327a55ff23f12c1c13709c0d67db5
GSM2941237_3999547142_R06C02_Red.idat.gz	f0f2d50cb4512c2d616021a3f46198c2
GSM2941238_3999834001_R01C02_Grn.idat.gz	a5639078d40747a67de76e0753511396
GSM2941238_3999834001_R01C02_Red.idat.gz	f027991d65467349231cf1d12d853c4e
GSM2941239_3999834001_R02C02_Grn.idat.gz	d3a401940abb0c4484b5401fb965f00d
GSM2941239_3999834001_R02C02_Red.idat.gz	bc9a4bbb0b0ea119e377f4bccb397d36
GSM2941240_3999834001_R03C02_Grn.idat.gz	2935837b87aed838214aaa58dafb4181
GSM2941240_3999834001_R03C02_Red.idat.gz	bc0397ec7d540e4f17a38f8c353e2812
GSM2941241_3999834001_R06C01_Grn.idat.gz	b71b58560780de4f47ffd4599e5b40b0
GSM2941241_3999834001_R06C01_Red.idat.gz	7b6baa61347835cc449795f22dd169d8
GSM2941242_3999834002_R04C02_Grn.idat.gz	85e8c2b654b1f966f9476747eec1f490
GSM2941242_3999834002_R04C02_Red.idat.gz	efffdae09d027030262996aeae8726e4
GSM2941243_3999834002_R06C02_Grn.idat.gz	327c024a5a636f26dd45e702e09e1439
GSM2941243_3999834002_R06C02_Red.idat.gz	a0d73c8e33019e27163a2270063bce39
GSM2941244_3999834003_R01C02_Grn.idat.gz	6f693858a1b8f8aedb2fd55d7708556c
GSM2941244_3999834003_R01C02_Red.idat.gz	8785c69612525c7decd1677d0e565f52
GSM2941245_3999834003_R06C02_Grn.idat.gz	354f75452294664ac169454cb0d8d70c
GSM2941245_3999834003_R06C02_Red.idat.gz	31b838951f8061c184e68362ae59e8d8
GSM2941246_3999834021_R03C01_Grn.idat.gz	d82c658c5032a89a057817d696711099
GSM2941246_3999834021_R03C01_Red.idat.gz	7551a3ea6046df043145b6aee995a08e
GSM2941247_3999834063_R01C02_Grn.idat.gz	c20ed826fb2695c221556c002dc11d86
GSM2941247_3999834063_R01C02_Red.idat.gz	0d702c6c3a18a3a04ff985baafae6f63
GSM2941248_3999834063_R03C01_Grn.idat.gz	31f30b7fff511688e01aa1ad3a53ffa1
GSM2941248_3999834063_R03C01_Red.idat.gz	35bf17a994155a07c6d7ef39603ad1bf
GSM2941249_3999834067_R01C01_Grn.idat.gz	d2c3d6f653bcb0c680ba39476893b344
GSM2941249_3999834067_R01C01_Red.idat.gz	33df36bd0fa299f780198d0c17ca9908
GSM2941250_3999834067_R01C02_Grn.idat.gz	1582cdce32411634a25adebc950bf979
GSM2941250_3999834067_R01C02_Red.idat.gz	9131d7f9bd045d0fef80bc8e5cb82530
GSM2941251_3999834067_R02C02_Grn.idat.gz	4175eb108dae2e68e4847966916f617a
GSM2941251_3999834067_R02C02_Red.idat.gz	8d31fb752711ac10ed6c7e6b02827601
GSM2941252_3999834067_R04C01_Grn.idat.gz	b54ab9c325c7f6ebb9bfb71a486485f2
GSM2941252_3999834067_R04C01_Red.idat.gz	972e04600a8155202b5a89ac4a8b5f62
GSM2941253_3999834067_R05C02_Grn.idat.gz	b0d4c05f037f4dad2eb158ec9a7adc68
GSM2941253_3999834067_R05C02_Red.idat.gz	e154782ea76eb2ab40e70a5b418d1480
GSM2941254_3999834068_R01C01_Grn.idat.gz	5fcaf81bd04287e7f684c5611380499b
GSM2941254_3999834068_R01C01_Red.idat.gz	44173fe04f28cb252b1cb15b28f5373d
GSM2941255_3999834068_R01C02_Grn.idat.gz	1291b6936cbd145d140cb62f09e7aa9d
GSM2941255_3999834068_R01C02_Red.idat.gz	116cbdf00839f9433672bc518aa98a2e
GSM2941256_3999834068_R02C01_Grn.idat.gz	c98baf384cdca9eeb26d2ae3b87bb453
GSM2941256_3999834068_R02C01_Red.idat.gz	4cbdc02e29b57a293d9f194cf0942404
GSM2941257_3999834068_R04C01_Grn.idat.gz	f0c23e26fefaebc57321602b51dee0b9
GSM2941257_3999834068_R04C01_Red.idat.gz	5135d3e7782aa57d9561fcbcb1c23101
GSM2941258_3999834068_R04C02_Grn.idat.gz	1c05cffbafea26f6fde3b278631d53dd
GSM2941258_3999834068_R04C02_Red.idat.gz	86e1498409b6a57c94e3d4f008a46a97
GSM2941259_3999834068_R05C02_Grn.idat.gz	2ee287be8d7d05f27c9e6512afacc2b2
GSM2941259_3999834068_R05C02_Red.idat.gz	97d6c2a29b8bf588b0101edddfe9d334
GSM2941260_3999834068_R06C01_Grn.idat.gz	c943db4657b1c30dad94ee115e72b5db
GSM2941260_3999834068_R06C01_Red.idat.gz	3957bd29ed6a0db6377364dc37ac980f
GSM2941261_3999834068_R06C02_Grn.idat.gz	81263a082f088fa6b33bfc4a63f2fd69
GSM2941261_3999834068_R06C02_Red.idat.gz	cb180968980000465dc0b3de08400ee1
GSM2941262_3999834070_R02C02_Grn.idat.gz	b6da2408adad2de0addf5b2437969ce9
GSM2941262_3999834070_R02C02_Red.idat.gz	fe3a308ed58486b9248e56eb6d9fa5ef
GSM2941263_3999834070_R03C01_Grn.idat.gz	ccb9eaff63dae6c766e40a4645be78f7
GSM2941263_3999834070_R03C01_Red.idat.gz	e593c8143143ae1c688bf79cf267e82d
GSM2941264_3999834070_R03C02_Grn.idat.gz	11ee87b46018cbeb7c2f3855f9d820e3
GSM2941264_3999834070_R03C02_Red.idat.gz	7647089a353c431e28d04fcabef30ab9
GSM2941265_3999834070_R04C01_Grn.idat.gz	dab46a51af25f94842ea78f57ca8ce35
GSM2941265_3999834070_R04C01_Red.idat.gz	01574d1fb36af07e75a0e9f6d915c310
GSM2941266_3999834070_R05C01_Grn.idat.gz	a99609f08806fc1dbd0c20f903a5df8e
GSM2941266_3999834070_R05C01_Red.idat.gz	cc866ff93a988762115cdb5502a17490
GSM2941267_3999834070_R06C01_Grn.idat.gz	1ad3486720451e116a76093f87287855
GSM2941267_3999834070_R06C01_Red.idat.gz	72a0fcfabd22256854d01080f5bdcbe8
GSM2941268_3999834093_R05C02_Grn.idat.gz	491d7b1ce3b670d908a8caa9cea870d5
GSM2941268_3999834093_R05C02_Red.idat.gz	b5b830ebd38debc9e4e8dc11b9ce0da8
GSM2941269_3999834094_R02C02_Grn.idat.gz	f0f661b9252fb6183b72e374cad35936
GSM2941269_3999834094_R02C02_Red.idat.gz	056d241f5a8dd6aee677ce4b555ac028
GSM2941270_3999834094_R03C01_Grn.idat.gz	24e58532cc75f5c84a59528350ebb89e
GSM2941270_3999834094_R03C01_Red.idat.gz	a31d7028845e6b5a4bebea536f9f4aa2
GSM2941271_3999834098_R02C02_Grn.idat.gz	ec4a6ddc6747eff80ccd92e4e491f5d7
GSM2941271_3999834098_R02C02_Red.idat.gz	69f5ffa2eaf8ff8becb5ce45a28a5446
GSM2941272_3999834098_R04C01_Grn.idat.gz	d8423793a8e6244ebd595483dd9b96d1
GSM2941272_3999834098_R04C01_Red.idat.gz	a65ee06ae9b27fb8e3528461e82b8605
GSM2941273_3999834100_R02C02_Grn.idat.gz	8991d46eddf72f1b4ad90429df465739
GSM2941273_3999834100_R02C02_Red.idat.gz	6aabd98deee0d5d884274efae48e9401
GSM2941274_3999834104_R02C02_Grn.idat.gz	e679fd63a15514d9b40c678539533b68
GSM2941274_3999834104_R02C02_Red.idat.gz	2e5d86c449131ca35301b8a0c1f57d46
GSM2941275_3999834104_R03C01_Grn.idat.gz	e971f4b16a4f177e5fc9966303f5b470
GSM2941275_3999834104_R03C01_Red.idat.gz	e6a2de36df01b0e5290932909f7554bd
GSM2941276_3999834105_R03C02_Grn.idat.gz	52475bd3a4db6df533968973d72b9711
GSM2941276_3999834105_R03C02_Red.idat.gz	13f3a36e8e0bebd2407876655fe8bdac
GSM2941277_3999834105_R04C02_Grn.idat.gz	b679608db53926310963115a03ae8cd5
GSM2941277_3999834105_R04C02_Red.idat.gz	ba5ea822850aace7b622a549ebe0349d
GSM2941278_3999834105_R05C02_Grn.idat.gz	d20adce32678a0ebd931fccd7d76956e
GSM2941278_3999834105_R05C02_Red.idat.gz	0ffab4541c71a2c4489c2d46a975c44f
GSM2941279_3999834105_R06C02_Grn.idat.gz	c6d170720123c398760d18b459e6eedb
GSM2941279_3999834105_R06C02_Red.idat.gz	e5e1bc46a34f65a8a801a8bbee03c8d7
GSM2941280_3999834115_R01C01_Grn.idat.gz	9dbb631adf9f6251fe6fc4b46bde1324
GSM2941280_3999834115_R01C01_Red.idat.gz	291ebfb209dbdaf576a9a4397e452dfe
GSM2941281_3999834115_R02C01_Grn.idat.gz	b7d051b7a9fe3cdf1b1600a6d251dea0
GSM2941281_3999834115_R02C01_Red.idat.gz	a5bdf53eed8e653574dc7332a1952e0a
GSM2941282_3999834115_R03C01_Grn.idat.gz	c1a1946a9ec972a52155528d074d0934
GSM2941282_3999834115_R03C01_Red.idat.gz	dfa22482959b096661d06102c4834545
GSM2941283_3999834118_R02C02_Grn.idat.gz	ff59451bef06ab76642e3171fcb30ec2
GSM2941283_3999834118_R02C02_Red.idat.gz	56a7bd7c2fc6562f3bb75deaaea94740
GSM2941284_3999834118_R05C02_Grn.idat.gz	b02f5b87846668f11707603c41d9ee27
GSM2941284_3999834118_R05C02_Red.idat.gz	4c84f4057de9243d530d3cf163363054
GSM2941285_3999834120_R01C01_Grn.idat.gz	e1222336247e20390f3793769e1c11fd
GSM2941285_3999834120_R01C01_Red.idat.gz	c226982f20a38945f15839d49b25fea3
GSM2941286_3999834120_R02C01_Grn.idat.gz	eeef738ac04b77560b792021f7e534d9
GSM2941286_3999834120_R02C01_Red.idat.gz	66ba73941c95e464159d88a7b1d5618d
GSM2941287_3999875055_R05C01_Grn.idat.gz	704128f3e3bc2e8d5bbad9835cbc93b0
GSM2941287_3999875055_R05C01_Red.idat.gz	6e398c353e24f0f92e10435c206f993d
GSM2941288_3999875055_R06C01_Grn.idat.gz	8032723aab8ffdb523ca3fd0f3bdf329
GSM2941288_3999875055_R06C01_Red.idat.gz	ca03dcb854ebccd1086c47f6f76b8b04
GSM2941289_3999875055_R06C02_Grn.idat.gz	ffa986a9943cabf97520e678766f47d0
GSM2941289_3999875055_R06C02_Red.idat.gz	ae1e0561adc7269e5de0dc13dec11fa0
GSM2941290_3999875056_R01C01_Grn.idat.gz	c50c5b401435ec2394e29a668930b579
GSM2941290_3999875056_R01C01_Red.idat.gz	48e26d636fa950eb13ad37ac5ffaa310
GSM2941291_3999875056_R01C02_Grn.idat.gz	cb03032929467fc71e09975c8fdc2e56
GSM2941291_3999875056_R01C02_Red.idat.gz	10f2f0a86e32f5c1cd7324d14452cb1f
GSM2941292_3999875056_R02C01_Grn.idat.gz	db1bd7e79c7da3662a8f05bcb47fb969
GSM2941292_3999875056_R02C01_Red.idat.gz	769eff44ca708d1b7a34a90bdf0ad670
GSM2941293_3999875056_R02C02_Grn.idat.gz	4f2ebaadcca5fab967036693f95cb184
GSM2941293_3999875056_R02C02_Red.idat.gz	80f5ea7d2619087d6fba9b82d5db70f6
GSM2941294_3999875056_R03C01_Grn.idat.gz	0637af979f07e979412f962fabfd4607
GSM2941294_3999875056_R03C01_Red.idat.gz	3f3dedf2492505c6d43e26af1ddf521d
GSM2941295_3999875056_R06C01_Grn.idat.gz	ab222ce3a503274c1850a85daf77e0f6
GSM2941295_3999875056_R06C01_Red.idat.gz	257dee53afb63100e894c3a992103db8
GSM2941296_3999875057_R02C01_Grn.idat.gz	2be7805aeea93a6890804a2daab41762
GSM2941296_3999875057_R02C01_Red.idat.gz	c6a899b026764abda4df83cd84575897
GSM2941297_3999875057_R03C01_Grn.idat.gz	af4ea50166937f8e5eb261402d8b76d5
GSM2941297_3999875057_R03C01_Red.idat.gz	d6508ccedc18677f5aae2dadf0d95f6b
GSM2941298_3999875071_R01C02_Grn.idat.gz	6351955323514d618a7616e03ab8978f
GSM2941298_3999875071_R01C02_Red.idat.gz	7c7f07b323cf1c675f43a51b919cb54d
GSM2941299_3999875071_R02C02_Grn.idat.gz	3123a65a19385f3ff1119a80ae9603e5
GSM2941299_3999875071_R02C02_Red.idat.gz	8870aed55ad7841bb1fb503567e486f8
GSM2941300_3999875071_R04C01_Grn.idat.gz	e9bfb96496c2f1afbe272c7611d4c35d
GSM2941300_3999875071_R04C01_Red.idat.gz	f6eca2a77458fd946f6cdcb0eceeb504
GSM2941301_3999875071_R04C02_Grn.idat.gz	5f251829f2d225f12e5979b388ed7f41
GSM2941301_3999875071_R04C02_Red.idat.gz	48d943b21db540346d8703e99c503aa1
GSM2941302_3999875071_R05C01_Grn.idat.gz	93c40a06fcc58a07bc47dac32d3c59cc
GSM2941302_3999875071_R05C01_Red.idat.gz	6c1bafe1d80e2ea1fc623675e56fa9ea
GSM2941303_3999875071_R05C02_Grn.idat.gz	b9382314da848157a356e794897ca739
GSM2941303_3999875071_R05C02_Red.idat.gz	e96f1805d46e05521ce74eae99842da5
GSM2941304_3999875071_R06C01_Grn.idat.gz	bb5cdef04466f71fdf4de317d41fb6d5
GSM2941304_3999875071_R06C01_Red.idat.gz	4f189a9a811ac35819ab312f353b84e1
GSM2941305_3999875073_R01C02_Grn.idat.gz	9d648cf5891c6109966318801ffbfe35
GSM2941305_3999875073_R01C02_Red.idat.gz	306f7f4bc87394f5c6fd7040e7cc59a5
GSM2941306_3999875073_R02C02_Grn.idat.gz	53414cc420e99b619eb78c9f2b898af5
GSM2941306_3999875073_R02C02_Red.idat.gz	ade4a77cc081510f79d4a77bf08ed8dc
GSM2941307_3999875073_R03C01_Grn.idat.gz	eb5f04f9e4cde9dcfd6df047394aca06
GSM2941307_3999875073_R03C01_Red.idat.gz	f07682acd4b5aa57de748f8282aff2f6
GSM2941308_3999875073_R04C01_Grn.idat.gz	7fe491d040c3b0e671a9b85a704d396c
GSM2941308_3999875073_R04C01_Red.idat.gz	92d2967c4b167441da11b040883591ee
GSM2941309_3999875073_R05C02_Grn.idat.gz	d6d6f320e263badf257da28bcd056f34
GSM2941309_3999875073_R05C02_Red.idat.gz	e5d8ede268ae8c8abcc54604a7bc98e1
GSM2941310_3999875073_R06C02_Grn.idat.gz	a6f8c8a5ad89232310e57dad036b64d6
GSM2941310_3999875073_R06C02_Red.idat.gz	b9885985ad2c3ad93e16fc12b1c1a368
GSM2941311_3999875076_R01C01_Grn.idat.gz	f2ac2e69b7af0a89e78cc4adca4f0536
GSM2941311_3999875076_R01C01_Red.idat.gz	a8e5808727bc6b78b3636661be8170e9
GSM2941312_3999875076_R01C02_Grn.idat.gz	631411a29ca6ea927e60ab997aa9a7b8
GSM2941312_3999875076_R01C02_Red.idat.gz	1248f7ffc22bee15b42107b26c6ef6e2
GSM2941313_3999875076_R02C02_Grn.idat.gz	77094860aa6e3989875527d2848b44af
GSM2941313_3999875076_R02C02_Red.idat.gz	3b48eb7c701284133e72def81d2f967a
GSM2941314_3999875076_R04C01_Grn.idat.gz	059f5407a85195c6687398eca17f14f0
GSM2941314_3999875076_R04C01_Red.idat.gz	05d6b4a7e67e5964d2059c2df2a886c6
GSM2941315_3999875076_R05C01_Grn.idat.gz	bc83aee41646946fea31637103ac3745
GSM2941315_3999875076_R05C01_Red.idat.gz	14eabd3ad4f7bd4a75e7492767eaab5f
GSM2941316_9007225144_R06C01_Grn.idat.gz	cafc67a4d73442ce7b62725db481ab89
GSM2941316_9007225144_R06C01_Red.idat.gz	22ba99809d6caaba63097e4823d8ff02
GSM2941317_9020331028_R04C01_Grn.idat.gz	a2a94f60e7586c8f3c0a0d1e19e7da9f
GSM2941317_9020331028_R04C01_Red.idat.gz	b5451824da23cfc4446af8c193bdde87
GSM2941318_9296930017_R06C02_Grn.idat.gz	5391c6ed409d18e9474d3012dba6397e
GSM2941318_9296930017_R06C02_Red.idat.gz	76823ab2743b2740e5fbfaada655ce20
GSM2941319_9297949046_R04C01_Grn.idat.gz	352613b7b497c77d45cab91fd080bce7
GSM2941319_9297949046_R04C01_Red.idat.gz	db8a59e2e355729d6cc9e8758018d964
GSM2941320_9297949046_R05C01_Grn.idat.gz	2ef9e9054e7e17bba8b59c361bc1b903
GSM2941320_9297949046_R05C01_Red.idat.gz	102904f4196c0571cb5494a0307de2cf
GSM2941321_9297949139_R05C02_Grn.idat.gz	f06bbc022d831d3dd3f5b0a781226950
GSM2941321_9297949139_R05C02_Red.idat.gz	3d3e8b590d087f514274a51ca2b4b87e
GSM2941322_9297949139_R06C02_Grn.idat.gz	77f60c0548bc050c4b4602bb54bb33a8
GSM2941322_9297949139_R06C02_Red.idat.gz	490029f1ed8d8741442c8c4a83a281eb
GSM2941323_9305216168_R06C02_Grn.idat.gz	41d2d4867a4b34a7d638ba3542e167f9
GSM2941323_9305216168_R06C02_Red.idat.gz	ebee52f2fd744a3d7238404a1d891c75
GSM2941324_9305651060_R04C02_Grn.idat.gz	798b0b0a194db87b28ecda16e306d366
GSM2941324_9305651060_R04C02_Red.idat.gz	5536e6ce5706a7f06870d65db3bd3f40
GSM2941325_9305651060_R06C02_Grn.idat.gz	5a59d0b655b6a1eb337016f7fd0c3a99
GSM2941325_9305651060_R06C02_Red.idat.gz	463299b8d1eb16eb581b84973878034c
GSM2941326_9305651095_R03C02_Grn.idat.gz	4f3fb2363b6d21ec7be7cece6a5f5ed9
GSM2941326_9305651095_R03C02_Red.idat.gz	8919e25e5909810035d651043f608bd1
GSM2941327_9305651095_R06C01_Grn.idat.gz	9561280bae303959fa86d4314adc2a4c
GSM2941327_9305651095_R06C01_Red.idat.gz	83ccc6a7a705207737591651a9391235
GSM2941328_9305651146_R01C01_Grn.idat.gz	4556da1d3655eba3d866b2323d139491
GSM2941328_9305651146_R01C01_Red.idat.gz	8bff36a8ef0ac964fe21f3ce74347014
GSM2941329_9305651146_R04C01_Grn.idat.gz	5a049caeb375be1a812dca4ef2be5c68
GSM2941329_9305651146_R04C01_Red.idat.gz	2ba2d30d6f445dede56443db4d96f715
GSM2941330_9340996003_R03C02_Grn.idat.gz	e922865ce0796ac35fe2bacb301da8ed
GSM2941330_9340996003_R03C02_Red.idat.gz	3018d191d8b4647ce829c586a0e369a8
GSM2941331_9340996058_R01C01_Grn.idat.gz	e707710431073f1d8984bfc67894b925
GSM2941331_9340996058_R01C01_Red.idat.gz	4caf01c122f20d26403a5c13dd602da3
GSM2941332_9340996058_R02C01_Grn.idat.gz	4167200dd18c353d876e862d6c2b24ae
GSM2941332_9340996058_R02C01_Red.idat.gz	e4f966ba763aa206653d4a5a98035e02
GSM2941333_9340996058_R05C01_Grn.idat.gz	e4385ef74baa03a111ace813241cde08
GSM2941333_9340996058_R05C01_Red.idat.gz	4d1390a28c8bd92fe8d518059cdea82d
GSM2941334_9340996058_R06C01_Grn.idat.gz	376f34e9ef13479f5e581a1cbe782b62
GSM2941334_9340996058_R06C01_Red.idat.gz	0027c957bca835bc7b7a572471d3c405
GSM2941335_9370847051_R01C02_Grn.idat.gz	feca04abfb22a3323e515efb673263cb
GSM2941335_9370847051_R01C02_Red.idat.gz	dccfd77f220a1c12ecbe492e198d7538
GSM2941336_9370847051_R02C02_Grn.idat.gz	225d13b34d589ce694f9aff6ad301c87
GSM2941336_9370847051_R02C02_Red.idat.gz	a7fdacd26e38c775952ce67ef4003609
GSM2941337_9370847051_R04C02_Grn.idat.gz	b2f15d56b017c9d4c35c8a3a0eb43318
GSM2941337_9370847051_R04C02_Red.idat.gz	273b63425e0fbe0339f2a2ea1911d494
GSM2941338_9373550131_R02C01_Grn.idat.gz	b69003a30e40327d9bd51dbea31c3466
GSM2941338_9373550131_R02C01_Red.idat.gz	2bd72dec6aeaf0d21567948f00081c64
GSM2941339_9373550131_R03C02_Grn.idat.gz	8de5f193f4faa31256c8e132ae245ea4
GSM2941339_9373550131_R03C02_Red.idat.gz	82f9df474e435d580d902b2318db24aa
GSM2941340_9373550131_R04C01_Grn.idat.gz	438470bbef6adf3e97d5f5c95477c5f0
GSM2941340_9373550131_R04C01_Red.idat.gz	c78fb0f0a3853810696808e4b7695bce
GSM2941341_9373550131_R04C02_Grn.idat.gz	be677ad48b4037f8949fc3383949dabd
GSM2941341_9373550131_R04C02_Red.idat.gz	817159d360c58f93aef21ad4e658a388
GSM2941342_9373550131_R05C01_Grn.idat.gz	5ebc09ef0015571ee5075710f62a58fb
GSM2941342_9373550131_R05C01_Red.idat.gz	76ed6f0a216c6fcc8017e492b2a3b568
GSM2941343_9373551039_R04C01_Grn.idat.gz	55faccd932ca23cbaf3112d95af63603
GSM2941343_9373551039_R04C01_Red.idat.gz	46600ec976f930b0a4d69cdbc7988d9d
GSM2941344_9373551042_R04C02_Grn.idat.gz	af974d27caeff67724adbde9e893bad9
GSM2941344_9373551042_R04C02_Red.idat.gz	a22b5a3462577cae27a0216f99e0354e
GSM2941345_9373551042_R05C02_Grn.idat.gz	0e2a4d3605fe46520c97d4b4f0ba384c
GSM2941345_9373551042_R05C02_Red.idat.gz	c1b6f99011508e5136460725c875fe40
GSM2941346_9373551108_R01C01_Grn.idat.gz	3c126e3187ad5a5bf26e03a531062c6d
GSM2941346_9373551108_R01C01_Red.idat.gz	960c8e3b5769bb38052ee3673a104b01
GSM2941347_9373551108_R03C01_Grn.idat.gz	dd025a8cd1b3be3dffaa4d61bdc5b724
GSM2941347_9373551108_R03C01_Red.idat.gz	5983073fdad9a1598f65e5bbd0810e2a
GSM2941348_9374342010_R02C01_Grn.idat.gz	bed0ef04bac5d7597c89907f4be6528a
GSM2941348_9374342010_R02C01_Red.idat.gz	14f2fc0e89870bec196b3d081cc32a7b
GSM2941349_9374342010_R04C01_Grn.idat.gz	e64731dd76bf657c0920fc6100b2ef18
GSM2941349_9374342010_R04C01_Red.idat.gz	51e0882e9f3769744e70c1ffa5e51067
GSM2941350_9374342010_R05C01_Grn.idat.gz	2351daf56940d6d28afd3caab3a524f7
GSM2941350_9374342010_R05C01_Red.idat.gz	c4e8fadb0f839b9a84f83fc23766f2b8
GSM2941351_9374342010_R06C02_Grn.idat.gz	0e377e4efe405f2caae2eb09198390bd
GSM2941351_9374342010_R06C02_Red.idat.gz	39c95168c993492ddecdae4539b6e982
GSM2941352_9376561022_R03C02_Grn.idat.gz	4fe4fe9c0c86c1ac10125f37dfa9adcd
GSM2941352_9376561022_R03C02_Red.idat.gz	87f880e871b240c7c2d436686bc1d2c9
GSM2941353_9376561022_R05C02_Grn.idat.gz	141d37632aaad2fd38e1bbc7135bc070
GSM2941353_9376561022_R05C02_Red.idat.gz	a8b98ffe8877053a37037876fe519124
GSM2941354_9376561022_R06C02_Grn.idat.gz	11d728bc91949a9aa8c51274cb769208
GSM2941354_9376561022_R06C02_Red.idat.gz	fb6c5e89cf067f2df4c7d14dd02cff3e
GSM2941355_9376561024_R04C01_Grn.idat.gz	47bb4d334be1618e458f52b9c8445dd2
GSM2941355_9376561024_R04C01_Red.idat.gz	d3428c8390305272ed7f3443a7b396f2
GSM2941356_9376561024_R05C01_Grn.idat.gz	b94bd44d523da18ef60429896c17dc1f
GSM2941356_9376561024_R05C01_Red.idat.gz	17344c5bdd255ccfb93f6a24009686be
GSM2941357_9376561042_R06C02_Grn.idat.gz	00850db1692ad13ff0147e5901dfb12d
GSM2941357_9376561042_R06C02_Red.idat.gz	2496ca886277562732fad4769e394609
GSM2941358_9376561062_R01C01_Grn.idat.gz	5b43d0e6c2b1fd034046c8690fec624b
GSM2941358_9376561062_R01C01_Red.idat.gz	74cc6ed5981e27072eef57f372235590
GSM2941359_9376561062_R02C02_Grn.idat.gz	78605799102ef217e68ef0e80c585660
GSM2941359_9376561062_R02C02_Red.idat.gz	32f00bd64dd7cb66fcbaa67e711a4acb
GSM2941360_9376561062_R03C01_Grn.idat.gz	8365ddcccb6c1d244b9625b48f47c751
GSM2941360_9376561062_R03C01_Red.idat.gz	40f9335561ffa8d441620ec48fa7f172
GSM2941361_9376561062_R06C01_Grn.idat.gz	2de9857b660f62c0252cbfa1a1101aad
GSM2941361_9376561062_R06C01_Red.idat.gz	e9cf6fbf11296a0877f8bf9e971c4ca2
GSM2941362_9379082039_R01C02_Grn.idat.gz	55c79726ce3a13fdf9d5ee63388fa9c5
GSM2941362_9379082039_R01C02_Red.idat.gz	c87e1fb5b07e04a3a5dafccc4745630d
GSM2941363_9379082039_R04C01_Grn.idat.gz	39fe84cb606df46e6d2006750996df41
GSM2941363_9379082039_R04C01_Red.idat.gz	1535425793738633629b422154ab89fe
GSM2941364_9379082092_R01C02_Grn.idat.gz	91bc0c37b83065b4b1726c0399173080
GSM2941364_9379082092_R01C02_Red.idat.gz	bd6dc7a640e508e5ae5d421bf31f9857
GSM2941365_9379082092_R04C01_Grn.idat.gz	3a09a4e6f64402d4c1d238d0de33bcad
GSM2941365_9379082092_R04C01_Red.idat.gz	7e99d103d04754db6fcbca825e63ef52
GSM2941366_9379082092_R04C02_Grn.idat.gz	48646a04db50e42b9ae7b898b09413a6
GSM2941366_9379082092_R04C02_Red.idat.gz	27abc4e06e9f1418672bdaf7d3d117eb
GSM2941367_9379082092_R05C02_Grn.idat.gz	68a0a2bf5ac2f64c05204dba11d63107
GSM2941367_9379082092_R05C02_Red.idat.gz	50e48c82ce295362e9ac9531b4a1107d
GSM2941368_9379086132_R02C01_Grn.idat.gz	63c94d2a79f62fa18e0541a7b09fa5fa
GSM2941368_9379086132_R02C01_Red.idat.gz	9cc4a733bb08bb3c9132d35029f457c2
GSM2941369_9379086132_R04C01_Grn.idat.gz	4a7df3518ff3970cafe8c7f386d574de
GSM2941369_9379086132_R04C01_Red.idat.gz	54ef6110905afd5a8920d08e51ca69f5
GSM2941370_9379086132_R05C01_Grn.idat.gz	a67b073fcd5db695b6f50d876d61cdf0
GSM2941370_9379086132_R05C01_Red.idat.gz	9bdebb7b6b5902c93efe4e3394472371
GSM2941371_9406921039_R03C01_Grn.idat.gz	15733a2c4f4dd21f1ace3df551f09206
GSM2941371_9406921039_R03C01_Red.idat.gz	44cc6eda08d48f6ba01de48eaef819a0
GSM2941372_9406921039_R05C02_Grn.idat.gz	e9ef207c917f309df50644340a231a5a
GSM2941372_9406921039_R05C02_Red.idat.gz	b3906fb959eb66866fab643cc9eafa42
GSM2941373_9406921039_R06C02_Grn.idat.gz	b80455285bfbe2d64d804265f88d51d8
GSM2941373_9406921039_R06C02_Red.idat.gz	38622e42f04aef2581149c8dd5033206
GSM2941374_9406921070_R01C01_Grn.idat.gz	c5c66e24174786dcc85326787b4de2a3
GSM2941374_9406921070_R01C01_Red.idat.gz	c5193e2cf08387f8984910f292454809
GSM2941375_9406921070_R02C02_Grn.idat.gz	c9021b67a78224ec9d6d4ae47c77b16f
GSM2941375_9406921070_R02C02_Red.idat.gz	d61601d3d421d532f1055644aeb318d2
GSM2941376_9406921070_R04C01_Grn.idat.gz	91cbc145eb934fa79387e5cc098ecce7
GSM2941376_9406921070_R04C01_Red.idat.gz	9152bf76a20f6cf1e3207fc5ce06f794
GSM2941377_9406921070_R05C01_Grn.idat.gz	117f8304a274d7d80df2b77c0a182d2c
GSM2941377_9406921070_R05C01_Red.idat.gz	e66380bcea817abf3a519e069c0a51ac
GSM2941378_9406921148_R01C01_Grn.idat.gz	62661944b314f39948f58371e42cf3bb
GSM2941378_9406921148_R01C01_Red.idat.gz	133cf49da52b35919fd3ff7b548ff852
GSM2941379_9406921148_R02C01_Grn.idat.gz	2b736bcb35f330dd0a1da6ca3f3b367a
GSM2941379_9406921148_R02C01_Red.idat.gz	e4fb1a3b70c785bf6a1b50022be62d4b
GSM2941380_9406921148_R04C01_Grn.idat.gz	aca2bc8c1727e6816b0aede0f1281f2f
GSM2941380_9406921148_R04C01_Red.idat.gz	26eb33c0c6375c57ddd7856ec6342d73
GSM2941381_9406921148_R05C01_Grn.idat.gz	0232167db4b39dd55588bdbc7066e872
GSM2941381_9406921148_R05C01_Red.idat.gz	a830ae84c318a5f0cf4e974d495a146f
GSM2941382_9406921148_R06C02_Grn.idat.gz	ec95f3d30aafed9f5023027c935193a1
GSM2941382_9406921148_R06C02_Red.idat.gz	c7faf48e118430a0b6d14b80893d5d0a
GSM2941383_9406921149_R01C01_Grn.idat.gz	03c2fb4021d673f17b00e9b05cd92eec
GSM2941383_9406921149_R01C01_Red.idat.gz	5887c6ed4f7946f296b5fedf59f294b8
GSM2941384_9406921149_R03C01_Grn.idat.gz	4c427b2b3d6d2e749b93241b218e982a
GSM2941384_9406921149_R03C01_Red.idat.gz	bddd2013258f0893a85344f29de0285a
GSM2941385_9406922161_R01C01_Grn.idat.gz	c70f638d1e0941c1f642dabf60dbd36c
GSM2941385_9406922161_R01C01_Red.idat.gz	10ac3489dc19345866f5ca80eb39cae2
GSM2941386_9406922161_R01C02_Grn.idat.gz	f2133bf6c0c4fe618fadce88491f2625
GSM2941386_9406922161_R01C02_Red.idat.gz	a42fc091625fb6448b2b45d76f463a41
GSM2941387_9406922161_R03C01_Grn.idat.gz	1f54a69c10aace6e9beae06c22931813
GSM2941387_9406922161_R03C01_Red.idat.gz	4b04a610d3b53fd6305a31dfa503553d
GSM2941388_9407201028_R04C02_Grn.idat.gz	f6bd3c0f1136de24482f608542ea34c1
GSM2941388_9407201028_R04C02_Red.idat.gz	c7b98ec4e399a9e1ba3dac79dbf8c199
GSM2941389_9407201029_R01C01_Grn.idat.gz	27e208c1552ab041c6b3d022bf8adb7a
GSM2941389_9407201029_R01C01_Red.idat.gz	c0719862fe6c0fe34a54c4271f831bc5
GSM2941390_9407201029_R02C02_Grn.idat.gz	1849644804c6080f25aa3ea85b83fdb5
GSM2941390_9407201029_R02C02_Red.idat.gz	1dd49afd09cfb25bf931cf2371212f73
GSM2941391_9407201030_R02C01_Grn.idat.gz	a190fe58837b8ec94f8108245d2080a3
GSM2941391_9407201030_R02C01_Red.idat.gz	07eeccd61e6a1f51e165cd02e98de3f6
GSM2941392_9407201030_R04C01_Grn.idat.gz	8e46cad0f19850045f5a2d184cc8fcbf
GSM2941392_9407201030_R04C01_Red.idat.gz	191e0a85a2187c5b8def60f80eb099f3
GSM2941393_9407201030_R05C01_Grn.idat.gz	32c26c54150727b40fa9fef61e09cda2
GSM2941393_9407201030_R05C01_Red.idat.gz	21032431d320469b3d8c16c177d9f214
GSM2941394_9407201030_R06C01_Grn.idat.gz	aac195813405332e32e96f8ced51c703
GSM2941394_9407201030_R06C01_Red.idat.gz	8cae11bc2f5730b94834c729ae6a0286
GSM2941395_9407210090_R06C02_Grn.idat.gz	8f11f7b49a6aeddcab1fe5d847470ea6
GSM2941395_9407210090_R06C02_Red.idat.gz	4905a28c008fee8ef5eb6c67d702e56b
GSM2941396_9420867051_R01C01_Grn.idat.gz	365958b4490cc48287bf3ca63433724f
GSM2941396_9420867051_R01C01_Red.idat.gz	d7cef76db1bbf42866a22c86070605ae
GSM2941397_9420867051_R03C01_Grn.idat.gz	34dfe4661099bdf01a21c4d3ceaec6a7
GSM2941397_9420867051_R03C01_Red.idat.gz	ccb3bfeb2510a649a874a720e3633000
GSM2941398_9420867051_R04C01_Grn.idat.gz	89bd8ba9233704833bf77e52e51fc35a
GSM2941398_9420867051_R04C01_Red.idat.gz	f57050772eaa8692121aabe381f91ca2
GSM2941399_9420867051_R05C01_Grn.idat.gz	477e408411dfeaf35bd613d99e852ab6
GSM2941399_9420867051_R05C01_Red.idat.gz	945213d9e42fdabe8634817e92bd8193
GSM2941400_9420867051_R06C01_Grn.idat.gz	ed924b40d5b335a89e65cfae15f289cd
GSM2941400_9420867051_R06C01_Red.idat.gz	c76028424ac9fcf774988234664603c7
GSM2941401_9420867121_R02C02_Grn.idat.gz	5eeed270d6cae1eb261089c7539ed69f
GSM2941401_9420867121_R02C02_Red.idat.gz	74df808c52a79395509e675fb76ce050
GSM2941402_9420867121_R03C02_Grn.idat.gz	9c9f5436038af1ea6ff5dc18a937c529
GSM2941402_9420867121_R03C02_Red.idat.gz	f5a9c28a5807e69d3cf7e34531ec008e
GSM2941403_9420867121_R05C02_Grn.idat.gz	d83060678a675710658717764ac1aa70
GSM2941403_9420867121_R05C02_Red.idat.gz	b79a7fd94f9d5004a250a72224763b97
GSM2941404_9420867121_R06C02_Grn.idat.gz	258568bbfdb861d8e52f0b43dcec3e7b
GSM2941404_9420867121_R06C02_Red.idat.gz	9d464a7e22adc74bea063f3f63229f79
GSM2941405_9420867122_R01C02_Grn.idat.gz	66dbd7d0044810b0614941241e7f30c4
GSM2941405_9420867122_R01C02_Red.idat.gz	a557f2fd0c25c85e0b9020aa561c1065
GSM2941406_9422491056_R02C01_Grn.idat.gz	5d973ebf5f77a72f871e006cb66664e5
GSM2941406_9422491056_R02C01_Red.idat.gz	929b347ed800e9864b1c6ce5f563690a
GSM2941407_9422493146_R04C01_Grn.idat.gz	8413931d9f0e58bb8aa58ffa2fff4f07
GSM2941407_9422493146_R04C01_Red.idat.gz	de9b1c1eaa2801a5b2c9309f34aee19d
GSM2941408_9422493151_R05C02_Grn.idat.gz	0c8dafa3fc13fdd35f126b3ca8fb197c
GSM2941408_9422493151_R05C02_Red.idat.gz	a5382f64612f7678025d8aaf010497f4
GSM2941409_9422493151_R06C01_Grn.idat.gz	f7e8b65b7f3751767254c082997349a1
GSM2941409_9422493151_R06C01_Red.idat.gz	660e5b049d3c247864d0f2f606f20b41
GSM2941410_9426021175_R01C02_Grn.idat.gz	2fbefc8d2da3303b68a964ccd6595e9d
GSM2941410_9426021175_R01C02_Red.idat.gz	f31b8be591bca509d866e7c4c157c334
GSM2941411_9426021175_R03C02_Grn.idat.gz	e631f8c1247aee5aeb8d181185f3f861
GSM2941411_9426021175_R03C02_Red.idat.gz	f1450cb45890dd4b1ae1328077a5c43a
GSM2941412_9426021175_R05C01_Grn.idat.gz	6f6aa99cb67affe2b29e049958ab4ca8
GSM2941412_9426021175_R05C01_Red.idat.gz	5dbd7e35ff3df81a7c9d8620a95472f7
GSM2941413_9444374133_R03C02_Grn.idat.gz	abb444463ba19247ff1f3cd53fe37b67
GSM2941413_9444374133_R03C02_Red.idat.gz	cb9f6ad37f7b92140591038dd1c66fca
GSM2941414_9444374133_R04C01_Grn.idat.gz	3799d490573dd9a2270bf135776a2785
GSM2941414_9444374133_R04C01_Red.idat.gz	95818ec597d2713c39ebe260f9a285fd
GSM2941415_9444374134_R01C02_Grn.idat.gz	8f7794c0e61e0ea44d4b91a39faab9e1
GSM2941415_9444374134_R01C02_Red.idat.gz	068a6cf49e7c1010439737835a02b983
GSM2941416_9444374134_R06C01_Grn.idat.gz	c50db31e5940e6249bf1f244f0ea4c9e
GSM2941416_9444374134_R06C01_Red.idat.gz	f18c5b1841435debe2ae55b5b5e1333e
GSM2941417_9444374168_R04C02_Grn.idat.gz	09a4ac5be9b32df276dc4b316e63a84b
GSM2941417_9444374168_R04C02_Red.idat.gz	f2d1637295c9e076e1539193c5edc9b6
GSM2941418_9444375028_R01C02_Grn.idat.gz	825c0dc6b2e7044504363b4474e07f37
GSM2941418_9444375028_R01C02_Red.idat.gz	df4a7382fbd6c4068201bf17a73990d7
GSM2941419_9444375028_R03C02_Grn.idat.gz	3abb2f0f635bd6605ce109e886ff5e71
GSM2941419_9444375028_R03C02_Red.idat.gz	8093cc60762d8a12db9302f4e69a4b94
GSM2941420_9444375028_R04C01_Grn.idat.gz	6d74dd534468b16d49400893e7b47b3a
GSM2941420_9444375028_R04C01_Red.idat.gz	c95996a428891de53ad7c35098e40ab9
GSM2941421_9444375028_R06C01_Grn.idat.gz	c1b37ca059c5a0bea4c101456da08e1d
GSM2941421_9444375028_R06C01_Red.idat.gz	b2fee9765c8adf8e18514182df72d930
GSM2941422_9444375033_R04C02_Grn.idat.gz	20c7648a78469dd47acba12424dbc06c
GSM2941422_9444375033_R04C02_Red.idat.gz	b29be278e77b577c9bc09c097f95b7f9
GSM2941423_9444375033_R06C02_Grn.idat.gz	08a4b79e242cb0153155b1ea7eb8363d
GSM2941423_9444375033_R06C02_Red.idat.gz	67fcde67379d01305671f17937166487
GSM2941424_9444375037_R01C01_Grn.idat.gz	14073ddd290f0ac3053117e40b707d5a
GSM2941424_9444375037_R01C01_Red.idat.gz	6e4f191c7fee625d86b6cbbe2a94f3c1
GSM2941425_9444375037_R05C02_Grn.idat.gz	9e51f91954ff99c40f9fff7be6d81c7d
GSM2941425_9444375037_R05C02_Red.idat.gz	2c59549988ddd05987a852550e43e954
GSM2941426_9444375037_R06C02_Grn.idat.gz	6425533015b7831760e6d522e6158e15
GSM2941426_9444375037_R06C02_Red.idat.gz	a597d283e8680754ac57be818509ce83
GSM2941427_9444375113_R01C01_Grn.idat.gz	bdc9cd2adc45ed57799dd0633c5ed6c5
GSM2941427_9444375113_R01C01_Red.idat.gz	f2e3830543f840224c68c2c349aea8ab
GSM2941428_9444375113_R02C01_Grn.idat.gz	ae4ed053ef58f7a2184009363dbc7d81
GSM2941428_9444375113_R02C01_Red.idat.gz	8ca5dfa02ba55db9926d2bb17dd0dca3
GSM2941429_9444375114_R04C02_Grn.idat.gz	f1ac3c39bf29f0f2804bca032b2b24f0
GSM2941429_9444375114_R04C02_Red.idat.gz	4f6aa9643ad10381c302fb48536b725e
GSM2941430_9444375114_R05C02_Grn.idat.gz	edd4fbe7d020f30e1a2d837585b68138
GSM2941430_9444375114_R05C02_Red.idat.gz	afd8649299ba70fb461520ee1eb70a22
GSM2941431_9444375150_R01C01_Grn.idat.gz	61febf94fc796e58dbfb697ac630abfc
GSM2941431_9444375150_R01C01_Red.idat.gz	70a1b92ecda70fb39755d87fa0b8aba2
GSM2941432_9444375150_R02C01_Grn.idat.gz	a82df8b1eb11d187d9b2dedfa818974a
GSM2941432_9444375150_R02C01_Red.idat.gz	b68783116dfa2f0d1ce81240a07bd1b6
GSM2941433_9444375150_R04C01_Grn.idat.gz	6bafd194f0a6047514736ab7dc91edc5
GSM2941433_9444375150_R04C01_Red.idat.gz	5a422cbe91ba94b2b5b8ce8ad2d3d6d2
GSM2941434_9444375150_R06C01_Grn.idat.gz	38d418443780b1d73d4df06acd2dd7ed
GSM2941434_9444375150_R06C01_Red.idat.gz	c54c3ff76c844c40a67685c8420ba9f6
GSM2941435_9513149129_R01C01_Grn.idat.gz	1c0f7fa4e7d449e253fb448ecc47dde5
GSM2941435_9513149129_R01C01_Red.idat.gz	32de1d6d37a2901d68929a4121e8e326
GSM2941436_9513149129_R01C02_Grn.idat.gz	2132860f1ca2cd1e27b24c88cb92b35b
GSM2941436_9513149129_R01C02_Red.idat.gz	ae573cd2a77257839cc1b994ce44e68a
GSM2941437_9513149129_R02C01_Grn.idat.gz	e5854973814c1f86441532b75736951d
GSM2941437_9513149129_R02C01_Red.idat.gz	3fc373fbcf9b516a9f4beb704fe01870
GSM2941438_9513149129_R03C01_Grn.idat.gz	59c8ad04bed15a4c9ec057e72e53b8c1
GSM2941438_9513149129_R03C01_Red.idat.gz	6b429b6feaa29f55130a957121cf2f82
GSM2941439_9513149129_R03C02_Grn.idat.gz	f6aee4824b7216bcf45859f09215fd9e
GSM2941439_9513149129_R03C02_Red.idat.gz	cc5450c4e543ecbd807ea62a7555b735
GSM2941440_9513149129_R04C01_Grn.idat.gz	7bb13e62d83ee1cdf2812662b209f703
GSM2941440_9513149129_R04C01_Red.idat.gz	58565923a4af099df1212e1ad9cb0769
GSM2941441_9513149129_R04C02_Grn.idat.gz	34d4cc4ae74aa427d0bf7041602225bf
GSM2941441_9513149129_R04C02_Red.idat.gz	e658a59a7279488dc06ce8dcafa049d4
GSM2941442_9513149129_R06C01_Grn.idat.gz	edada067b2af96ce3b57822d3a43caa7
GSM2941442_9513149129_R06C01_Red.idat.gz	01323e2d39cb8d55f69522fb27a9f574
GSM2941443_9533774014_R04C02_Grn.idat.gz	563f61eb437dae7f7afd92c648e627cc
GSM2941443_9533774014_R04C02_Red.idat.gz	5d54bda2d364337a729f0e288bb971f4
GSM2941444_9533774014_R05C02_Grn.idat.gz	353c715e63dc8776749ec82c18af3d14
GSM2941444_9533774014_R05C02_Red.idat.gz	793a17506fb70ff8ffbad947b8d22276
GSM2941445_9533774014_R06C02_Grn.idat.gz	6be6327000673b248e23d32afbb051ff
GSM2941445_9533774014_R06C02_Red.idat.gz	074d1560dd53ae3226423d00c106219f
GSM2941446_9533774018_R02C02_Grn.idat.gz	d2159b5641f6ef5f9d702d4c90902305
GSM2941446_9533774018_R02C02_Red.idat.gz	3ebaefc4de96d6e79ffabdc212e98246
GSM2941447_9533774021_R01C02_Grn.idat.gz	4803fc5e572f37dc56b015f01b99246b
GSM2941447_9533774021_R01C02_Red.idat.gz	50753986fb3c80eec3b48fc3f381e6a0
GSM2941448_9533774021_R02C02_Grn.idat.gz	47dc4128e704852e7607903345bf6f4b
GSM2941448_9533774021_R02C02_Red.idat.gz	426c503172f2a4552ba0ad096ec0856b
GSM2941449_9533774021_R03C02_Grn.idat.gz	2ab3c739242ce28eb6e810462b17cd89
GSM2941449_9533774021_R03C02_Red.idat.gz	c17e0d861ef07d9a475855dda7361520
GSM2941450_9533774023_R02C02_Grn.idat.gz	2e5f0303473e7bbf7c7a6b3639bb5043
GSM2941450_9533774023_R02C02_Red.idat.gz	22fd1108b58846f5e23198d06ab161d8
GSM2941451_9533774023_R05C01_Grn.idat.gz	5880d83291e4e7b3cc4fa652cd22d1a3
GSM2941451_9533774023_R05C01_Red.idat.gz	72721e2ce7faea57599ab635ad57cca7
GSM2941452_9533774023_R06C01_Grn.idat.gz	07e73ff2c2e95b5dee7346a31cf5407d
GSM2941452_9533774023_R06C01_Red.idat.gz	b451249ff2d9831d8d497ad644093896
GSM2941453_9533774024_R05C01_Grn.idat.gz	1784f21e0ccfc89161602c27b922e313
GSM2941453_9533774024_R05C01_Red.idat.gz	2d52f93d88030da7b49f2a6f2b058781
GSM2941454_9533774024_R06C01_Grn.idat.gz	e84813bf2fabebda43963cb3479e093c
GSM2941454_9533774024_R06C01_Red.idat.gz	9f9fa49d024aa99375c9e2ec974b4453
GSM2941455_9533774033_R02C02_Grn.idat.gz	0cd57cc0356be56bf7ba23cd3e053665
GSM2941455_9533774033_R02C02_Red.idat.gz	352d190626d067110c57255ffc6ab5de
GSM2941456_9533774033_R03C02_Grn.idat.gz	5f94daed2acf7fff76fb23ec091c0bdb
GSM2941456_9533774033_R03C02_Red.idat.gz	cbaf354e7c7a5755516aa8711c5a253b
GSM2941457_9533774033_R04C02_Grn.idat.gz	0e1cbe709d7aed11b3f138d7040675ad
GSM2941457_9533774033_R04C02_Red.idat.gz	b204691212d24e27321cbfa5be8e43ab
GSM2941458_9533774033_R06C01_Grn.idat.gz	043eb0fc22e95f0761cd9079b518ecd0
GSM2941458_9533774033_R06C01_Red.idat.gz	328a0f2a4a07f636715726acc3b3ba7e
GSM2941459_9533774033_R06C02_Grn.idat.gz	9c29dd1f7a76936db48a03638b0a5813
GSM2941459_9533774033_R06C02_Red.idat.gz	4aa095fc106c64d9bf61837f3dc3c520
GSM2941460_9533774041_R01C01_Grn.idat.gz	b789e3ffe49608e3a0e51854dd567b79
GSM2941460_9533774041_R01C01_Red.idat.gz	a765b4092039f6a91800e2ddbb9127d8
GSM2941461_9533774041_R02C01_Grn.idat.gz	07e34512a2c2c9a21b1236461fc533e2
GSM2941461_9533774041_R02C01_Red.idat.gz	71ee525743bdcf895a550b1d37fb1c2a
GSM2941462_9533774088_R02C02_Grn.idat.gz	77dc57cb7c8d78d8a59f893e432d768b
GSM2941462_9533774088_R02C02_Red.idat.gz	84447cb0c833678791d6533c6664cbfa
GSM2941463_9533774088_R03C02_Grn.idat.gz	011cb5a68d4a3d6ed768e15309a06dd3
GSM2941463_9533774088_R03C02_Red.idat.gz	77820c46e2ee5d2290dc36bbf494c197
GSM2941464_9533774088_R04C02_Grn.idat.gz	9d7b59746a7fb09792517517e8333529
GSM2941464_9533774088_R04C02_Red.idat.gz	b1638a18dce80bc315b5da49407c35fd
GSM2941465_9533774088_R05C02_Grn.idat.gz	dc7c912fde477dac0cad00cbccac3383
GSM2941465_9533774088_R05C02_Red.idat.gz	db5f90258a5fe38302e6fe6a1f884f5c
GSM2941466_9533774097_R03C02_Grn.idat.gz	3a98c06e33f59dcb837cde2dc21f2eff
GSM2941466_9533774097_R03C02_Red.idat.gz	d049edb74c0883af590640a0105e0a78
GSM2941467_9533774097_R04C01_Grn.idat.gz	9b4c7eed2cf69e943345fc9c5ef3fc3a
GSM2941467_9533774097_R04C01_Red.idat.gz	386c6a1fd635b889df5e620ce1c820f7
GSM2941468_9533774097_R05C01_Grn.idat.gz	ba69a173f53c90ab4b912b957cf85680
GSM2941468_9533774097_R05C01_Red.idat.gz	d3c3612571e5a667d2d3df548df6d701
GSM2941469_9534104007_R01C02_Grn.idat.gz	c1d5326b047698deb62a1f134580e0b7
GSM2941469_9534104007_R01C02_Red.idat.gz	96a34e398064080a20c8953b4aacf50c
GSM2941470_9534104007_R02C01_Grn.idat.gz	c945b378d796ebbb06b540073ff845df
GSM2941470_9534104007_R02C01_Red.idat.gz	72626f310d3282f0329d7c629f2ac2ed
GSM2941471_9534104007_R03C01_Grn.idat.gz	5ddacae9ebf4b442eef615858f54580e
GSM2941471_9534104007_R03C01_Red.idat.gz	8f77e95bcf8ff45989e4c3fc182fa6a0
GSM2941472_9534104007_R05C02_Grn.idat.gz	0b680a0c1353cad17f8b7bac099b4182
GSM2941472_9534104007_R05C02_Red.idat.gz	56d97353583e0f567257c6a67eb93de5
GSM2941473_9534104007_R06C01_Grn.idat.gz	9dc57682eac077e0e6d593f9f6fbe923
GSM2941473_9534104007_R06C01_Red.idat.gz	c3f623e7df531f67c881209b1fcfc86c
GSM2941474_9534104007_R06C02_Grn.idat.gz	0ee71268115093275288946149a2976f
GSM2941474_9534104007_R06C02_Red.idat.gz	90ad27c9c74d1b9f38af7bc6a5c8bcb9
GSM2941475_9534104008_R01C02_Grn.idat.gz	c0d73982fd5bd22980e39a8493588fd5
GSM2941475_9534104008_R01C02_Red.idat.gz	c50187b487a6039507af50ca90263103
GSM2941476_9534104008_R02C01_Grn.idat.gz	617f4874edb45435af76adacb11c2756
GSM2941476_9534104008_R02C01_Red.idat.gz	90d85d5eb25be25cf250339fd355444e
GSM2941477_9534104008_R03C01_Grn.idat.gz	61d25ceca669e2526f65789b302f1182
GSM2941477_9534104008_R03C01_Red.idat.gz	d92899c5a494b56b0f114b58205a0916
GSM2941478_9534104008_R03C02_Grn.idat.gz	ef4c565639409980622787fe01f8052d
GSM2941478_9534104008_R03C02_Red.idat.gz	91e00762d174d68e6c59f11797f71a81
GSM2941479_9534104008_R04C01_Grn.idat.gz	fbe66c7e4afdcaad36c8444f6744dd0f
GSM2941479_9534104008_R04C01_Red.idat.gz	f681048322200138041d3c85f9f45de6
GSM2941480_9534104008_R05C01_Grn.idat.gz	9d2d91c9af79a30ea83eec81d47af2e3
GSM2941480_9534104008_R05C01_Red.idat.gz	c8666d0420bcafeb04b08547559e3e5f
GSM2941481_9534104008_R06C01_Grn.idat.gz	53a634fddfe09f4809f6daef7bd8bfe3
GSM2941481_9534104008_R06C01_Red.idat.gz	c1bb211bd9512b1b785fb0b872fda57c
GSM2941482_9534104010_R04C01_Grn.idat.gz	018de885e8028d0985431eb1bc61b52c
GSM2941482_9534104010_R04C01_Red.idat.gz	44d14918d66036760e85b2822a6ef0a5
GSM2941483_9534104010_R04C02_Grn.idat.gz	46e341e8254a3ab0bd19bcf4c657536a
GSM2941483_9534104010_R04C02_Red.idat.gz	4768026b0ac1fb15ebfe015db4c3e2b3
GSM2941484_9534104010_R05C01_Grn.idat.gz	559085eba6ce4883ffa0288410152a2e
GSM2941484_9534104010_R05C01_Red.idat.gz	eaad31b22efdc21fe614abb6408fe53b
GSM2941485_9534104010_R05C02_Grn.idat.gz	acc6dc226fc4e60ee1ee9500e071c1e9
GSM2941485_9534104010_R05C02_Red.idat.gz	a2a6cf3478e1de111060d95b6543f254
GSM2941486_9553932002_R02C02_Grn.idat.gz	769aa674029ed3a1b2103381cb5a596c
GSM2941486_9553932002_R02C02_Red.idat.gz	e5f1a7cc253261622a8934ae39f4fbc2
GSM2941487_9553932002_R06C02_Grn.idat.gz	90fae55a0547c5dfc3df2315cdfc4844
GSM2941487_9553932002_R06C02_Red.idat.gz	7424a18b32386a06250ccff567034875
GSM2941488_9553932008_R01C01_Grn.idat.gz	a7d079dccbd206025c6fde436314f710
GSM2941488_9553932008_R01C01_Red.idat.gz	ae88cc5e2f7432bb0000f3beeb3b3cd3
GSM2941489_9553932008_R02C01_Grn.idat.gz	24dd27af2391ae987bb1b4b20aaf31bd
GSM2941489_9553932008_R02C01_Red.idat.gz	755cd6c3622044a13534fb00f3e84930
GSM2941490_9553932008_R03C02_Grn.idat.gz	3ad2cf20812787c1ecc2120d6211b977
GSM2941490_9553932008_R03C02_Red.idat.gz	0e0096c8b1d7dc1de1905f3968c0106c
GSM2941491_9553932008_R04C01_Grn.idat.gz	51ed05a5072356fe1b565b5e1e8ba5fb
GSM2941491_9553932008_R04C01_Red.idat.gz	6976d51d9da0ba61dd0ccbdaf3408ec1
GSM2941492_9553932010_R06C02_Grn.idat.gz	16035fe4fdcca5ffec95db294f47f39f
GSM2941492_9553932010_R06C02_Red.idat.gz	82c9881572a2c4cabc6652a977b0c5f2
GSM2941493_9553932029_R02C01_Grn.idat.gz	400b2f706ffe7f507fa29aedca02b0f3
GSM2941493_9553932029_R02C01_Red.idat.gz	b4e10b2c523aebe9fc33607113ff638f
GSM2941494_9553932030_R01C02_Grn.idat.gz	9b60aafebd188bdc64505712d8df3437
GSM2941494_9553932030_R01C02_Red.idat.gz	62034e70a8c99edc014b17b2257bc9bb
GSM2941495_9553932030_R03C02_Grn.idat.gz	a5156c9155f681c3ab0f48ac00eb2ef7
GSM2941495_9553932030_R03C02_Red.idat.gz	bc1cc18af9afc1e15a5455c6c295105d
GSM2941496_9553932030_R06C01_Grn.idat.gz	bbc144fb7470de5aeb4a0b186654cd56
GSM2941496_9553932030_R06C01_Red.idat.gz	1bc2348efe5a67e778e54f3be0979862
GSM2941497_9553932054_R01C02_Grn.idat.gz	56591acaefe5429c35b4648dccb9e072
GSM2941497_9553932054_R01C02_Red.idat.gz	159c31ac41e05a34b759e808de258903
GSM2941498_9553932054_R02C02_Grn.idat.gz	465c6d81305eaefcf669290fe3062ea1
GSM2941498_9553932054_R02C02_Red.idat.gz	13e313aa7e36bb6603418b7d3eecd76b
GSM2941499_9553932054_R03C02_Grn.idat.gz	5b2408675fa5af84f173c5d793b5d1ea
GSM2941499_9553932054_R03C02_Red.idat.gz	468a67621292044c7d86f83596e5d18e
GSM2941500_9553932054_R04C01_Grn.idat.gz	0b3ed7a879c7170c70b937355633c474
GSM2941500_9553932054_R04C01_Red.idat.gz	fb5d03ec8f5b6b4890f9246bad6640c4
GSM2941501_9553932054_R04C02_Grn.idat.gz	4cfd239c3ac9aac51fbf8c38b2df49fb
GSM2941501_9553932054_R04C02_Red.idat.gz	4e40c889eeb2bea793149b1e02ed9b4f
GSM2941502_9553932054_R05C01_Grn.idat.gz	486e46294e0c1ca09df1fc35eb7d7eeb
GSM2941502_9553932054_R05C01_Red.idat.gz	995ce71e99c8b9d13b9fde7e83d8212a
GSM2941503_9553932054_R05C02_Grn.idat.gz	dcadf24ff34168c530eac05818112b76
GSM2941503_9553932054_R05C02_Red.idat.gz	a0f6394e4cb9812cad531ebad93cef0d
GSM2941504_9553932054_R06C01_Grn.idat.gz	7e7743c7a00ab9f0b083be646bcdaf07
GSM2941504_9553932054_R06C01_Red.idat.gz	7c78aa085593506c2b9c546e14a98892
GSM2941505_9611519030_R05C01_Grn.idat.gz	8867a891fd1b38ddd71358667690bdec
GSM2941505_9611519030_R05C01_Red.idat.gz	b9238d22830554f9c696b12fe9d83d74
GSM2941506_9611519051_R01C01_Grn.idat.gz	6b974a1c40e6523d84fff25dc1af4629
GSM2941506_9611519051_R01C01_Red.idat.gz	d4a16359634f797429c4ec4ea1a0e4bf
GSM2941507_9611519051_R02C01_Grn.idat.gz	a406527469e6e681194027a2f5fa2463
GSM2941507_9611519051_R02C01_Red.idat.gz	992b01c9b13a575f91a371ec100f21ae
GSM2941508_9611519051_R05C01_Grn.idat.gz	4936325dc8a67e9ffdc2d3ecfefd32fe
GSM2941508_9611519051_R05C01_Red.idat.gz	2cd2a606e336aa6a815b3cbf8a92398b
GSM2941509_9611519051_R06C01_Grn.idat.gz	0086ed39482f36a8a2c32db8cf655a7e
GSM2941509_9611519051_R06C01_Red.idat.gz	8945b9c08be4c352bf1de2880fce28e9
GSM2941510_9647455131_R05C02_Grn.idat.gz	638eaeadf8dc7f5ae5681a129cddac4e
GSM2941510_9647455131_R05C02_Red.idat.gz	8de1731b7f7d33fc52f213ecc6cc1e63
GSM2941511_9647455131_R06C02_Grn.idat.gz	ed74449fce9c15a9e52d6cd873a9157f
GSM2941511_9647455131_R06C02_Red.idat.gz	b525045b2585333057a77620028fe42b
GSM2941512_9647455233_R01C01_Grn.idat.gz	638192825231ea3f7ba8a99105c26ac7
GSM2941512_9647455233_R01C01_Red.idat.gz	ef76f80f7cfcae37b4b51954f82a3bb6
GSM2941513_9647455233_R01C02_Grn.idat.gz	d8798b1dc6c58dca924c47271f736ce2
GSM2941513_9647455233_R01C02_Red.idat.gz	d793d3cf91825b1c908c4963b9d6c911
GSM2941514_9647455233_R03C01_Grn.idat.gz	68bb6232f8a3ff6081c64d452a24302c
GSM2941514_9647455233_R03C01_Red.idat.gz	1357c2cbfb87d85573eb146f47760a5d
GSM2941515_9647455233_R04C01_Grn.idat.gz	15f94d55cad13be22a71c8dc300e235d
GSM2941515_9647455233_R04C01_Red.idat.gz	b2911d2ada0fceba0263056a11029f51
GSM2941516_9647455233_R04C02_Grn.idat.gz	359941dc5c31120e88a698b542564698
GSM2941516_9647455233_R04C02_Red.idat.gz	fd257f6159ea054d90f305fd94fcc74a
GSM2941517_9647455233_R05C02_Grn.idat.gz	b688c446e437c3aac7e16c620695963e
GSM2941517_9647455233_R05C02_Red.idat.gz	67879c30fa0b9e7c0a035d5fa56c9727
GSM2941518_9647455233_R06C02_Grn.idat.gz	0ef7967117abc4d6c8ebb3f848b5f8cb
GSM2941518_9647455233_R06C02_Red.idat.gz	c024ed911601f527f7724af7b0ed6b5a
GSM2941519_9721366135_R01C01_Grn.idat.gz	665e0a4aec7d6eb77d4480ea935b21ea
GSM2941519_9721366135_R01C01_Red.idat.gz	c0047904028da0ae1940fec01c1eb445
GSM2941520_9721366135_R02C01_Grn.idat.gz	207835a2e2ff9c2cac51018df5cdc8df
GSM2941520_9721366135_R02C01_Red.idat.gz	1e0eda8fba91c619da45d2f577827d2f
GSM2941521_9721366138_R03C02_Grn.idat.gz	e7931becbe256b1646d7b3550d70b937
GSM2941521_9721366138_R03C02_Red.idat.gz	fc37d4f00f31d4979277ecf55aa7215a
GSM2941522_9721366138_R05C02_Grn.idat.gz	fc476e0c98e42e7e6d19af72b5fb7992
GSM2941522_9721366138_R05C02_Red.idat.gz	dc0c6d1bc51b1df8c7fac6b2585da26d
GSM2941523_9721366138_R06C02_Grn.idat.gz	3884a2f507d546ac36d54768d4cfc828
GSM2941523_9721366138_R06C02_Red.idat.gz	cf04e2bfd4a25320b80471d5252cdd91
GSM2941524_9721366149_R01C01_Grn.idat.gz	489cfbde33b36ee3ef25b501a8a97099
GSM2941524_9721366149_R01C01_Red.idat.gz	bb95dd83acf60d1b6793b1c1e734308b
GSM2941525_9721366149_R01C02_Grn.idat.gz	5911f24bb7900332dbf0567c17daf730
GSM2941525_9721366149_R01C02_Red.idat.gz	e5579fe2fc7164fd3078ad2b2b1bc488
GSM2941526_9721366149_R02C01_Grn.idat.gz	648ef93380eb024ebc55fa99d83e4fdd
GSM2941526_9721366149_R02C01_Red.idat.gz	bd0fb8cde16d5743d05933f0e0cc9bbf
GSM2941527_9721366149_R03C02_Grn.idat.gz	15cb0eda43fd64e533cea1319be79d8a
GSM2941527_9721366149_R03C02_Red.idat.gz	c79d3403298104a946e58828a2888b51
GSM2941528_9721366149_R04C01_Grn.idat.gz	b3eb5fee998d33172ae23cb69ebec253
GSM2941528_9721366149_R04C01_Red.idat.gz	0679107b7b68f6b3a982cfa5fdd922d3
GSM2941529_9721366149_R04C02_Grn.idat.gz	539134855c40882e8715f45c08e1abf4
GSM2941529_9721366149_R04C02_Red.idat.gz	84db14ffc2c281135eddb3288f101437
GSM2941530_9721366149_R05C02_Grn.idat.gz	0da5b2e847147fc86eced0e36c55387a
GSM2941530_9721366149_R05C02_Red.idat.gz	bdac54627d75714c86d13aab694a9236
GSM2941531_9721366149_R06C01_Grn.idat.gz	97ada388139f025407076dd97b69ff03
GSM2941531_9721366149_R06C01_Red.idat.gz	084e8d8b64eba486fee77568c65b0693
GSM2941532_9721366150_R02C01_Grn.idat.gz	7b3548742f532f8c89b0bc05b7d12a06
GSM2941532_9721366150_R02C01_Red.idat.gz	ace6ebf07186d40d3f2561c42016a562
GSM2941533_9721366150_R02C02_Grn.idat.gz	dc9cff87e60d5d19008b03db51ecc31c
GSM2941533_9721366150_R02C02_Red.idat.gz	30a907768c1fd5ec408e12d2ab724826
GSM2941534_9721366150_R03C01_Grn.idat.gz	51b4def5cac88037ca72dd3a245fef71
GSM2941534_9721366150_R03C01_Red.idat.gz	f2a7681212e25d0d0a7cc6e2428a9aab
GSM2941535_9721366150_R05C01_Grn.idat.gz	06cee1b4696fc5279e13b8559d6eb546
GSM2941535_9721366150_R05C01_Red.idat.gz	35ca7e983596a122612dcd50326a200c
GSM2941536_9721366150_R06C01_Grn.idat.gz	bdf15e93e5921c50726d3a27582c1a44
GSM2941536_9721366150_R06C01_Red.idat.gz	29c2f07b4ecba2c992331988279d05b1
GSM2941537_9741779119_R02C01_Grn.idat.gz	a99fb39202b0e4798f050036949a4b3f
GSM2941537_9741779119_R02C01_Red.idat.gz	1490993023930f210f7ff1563d50252f
GSM2941538_9741779119_R02C02_Grn.idat.gz	a51d15e85fae0f1b7d8e7a1128f999ad
GSM2941538_9741779119_R02C02_Red.idat.gz	caec0e6cf1ea346f2fbe181e77a82591
GSM2941539_9741779119_R03C01_Grn.idat.gz	d26ff588ab68d87c2db0186b8ce2892b
GSM2941539_9741779119_R03C01_Red.idat.gz	72504d4ef8faac1469417b90ecb8d8e6
GSM2941540_9741779119_R03C02_Grn.idat.gz	5bb198032a465136b12ff709cb8a0c1c
GSM2941540_9741779119_R03C02_Red.idat.gz	8446faacc3dbc203d020c64d4d153555
GSM2941541_9741779119_R04C01_Grn.idat.gz	6ab5d3c6eec8848660abad45f4f6f119
GSM2941541_9741779119_R04C01_Red.idat.gz	191d18556ac7e76b16648f0d71d071bb
GSM2941542_9741779119_R04C02_Grn.idat.gz	c2715a48473b53d4784500380e92b9b0
GSM2941542_9741779119_R04C02_Red.idat.gz	06176f1c4e6836a741b254427c0f14e2
GSM2941543_9741779119_R05C01_Grn.idat.gz	fb1cab731e8af480b752b0de30d3e08d
GSM2941543_9741779119_R05C01_Red.idat.gz	8686ced98d76d09d927927dbd8be4010
GSM2941544_9741950008_R01C01_Grn.idat.gz	a7d1d1dd0d04bfd37f72664e1dd3c672
GSM2941544_9741950008_R01C01_Red.idat.gz	a19fe203f054e0f06048fd54a0dd0b1f
GSM2941545_9741950008_R01C02_Grn.idat.gz	8bf0cc54c28f7073b08f7b0a57ea6927
GSM2941545_9741950008_R01C02_Red.idat.gz	026b81381cfaf0318c4b619a3b5510af
GSM2941546_9741950008_R02C01_Grn.idat.gz	e53c25b0e2b8b18337592c09245f7464
GSM2941546_9741950008_R02C01_Red.idat.gz	19853020f5769c3135d0da93da21732b
GSM2941547_9741950008_R04C01_Grn.idat.gz	01cc32b1cd0a4a4c959f79f311466559
GSM2941547_9741950008_R04C01_Red.idat.gz	b796129311ed6c3bfc4b35a95643fb8a
GSM2941548_9741950008_R05C01_Grn.idat.gz	7efe50e4a76c4c918cda36d9976c81a5
GSM2941548_9741950008_R05C01_Red.idat.gz	752a27870a95a3a3de535bc59fcca881
GSM2941549_9741950025_R01C02_Grn.idat.gz	11c7a233540019c4c9482645ea4eca58
GSM2941549_9741950025_R01C02_Red.idat.gz	328136bf058e1afd741839e84ce908e4
GSM2941550_9741950025_R02C02_Grn.idat.gz	25ee1a522a8a706ff16c26ce5f061848
GSM2941550_9741950025_R02C02_Red.idat.gz	43199946c01232faaa721b0535939691
GSM2941551_9741950025_R03C02_Grn.idat.gz	6181f919eab8729fe00b6e69af348fe7
GSM2941551_9741950025_R03C02_Red.idat.gz	a7143cb6c4d587937b97e9c30d0dc465
GSM2941552_9741950025_R04C01_Grn.idat.gz	75dede1379fc645fade392af8d8b2894
GSM2941552_9741950025_R04C01_Red.idat.gz	88a6e4292b8eec0d60ffcd0db1b50174
GSM2941553_9741950025_R04C02_Grn.idat.gz	782c97aface22a6327d4f3ade753e917
GSM2941553_9741950025_R04C02_Red.idat.gz	850fcbd455810f37f8f5099e5d6ed6dc
GSM2941554_9741950025_R05C02_Grn.idat.gz	79ede9def446a9fb9da1a418c609a6b0
GSM2941554_9741950025_R05C02_Red.idat.gz	c0cc0d6ee1f2eff6f5a855bc89077881
GSM2941555_9741950025_R06C01_Grn.idat.gz	6a6521607aa3b42abf00b93e577abc98
GSM2941555_9741950025_R06C01_Red.idat.gz	a02579455c0de0bd78a653a4e16c9c6b
GSM2941556_9741950027_R01C01_Grn.idat.gz	42b536bd8eef00b4eecadb6554d0e56a
GSM2941556_9741950027_R01C01_Red.idat.gz	9814e3c14317da72b8c22531e007de22
GSM2941557_9741950085_R01C02_Grn.idat.gz	cfd45289f361e52c18b8fa3faad65af6
GSM2941557_9741950085_R01C02_Red.idat.gz	8700b9eb1cb0493ff7c0f570367dc3ab
GSM2941558_9741950085_R02C01_Grn.idat.gz	75a312b75a888f1559254da852d675fd
GSM2941558_9741950085_R02C01_Red.idat.gz	c7fe71ab3849057dd297310988f70592
GSM2941559_9741950085_R02C02_Grn.idat.gz	a612ecc462dd52fe52fa39f75870afa7
GSM2941559_9741950085_R02C02_Red.idat.gz	3e4b8541101d7aceb203239b537520cb
GSM2941560_9741950085_R03C01_Grn.idat.gz	6d0485394a3153a7ab77b3b54efe4a58
GSM2941560_9741950085_R03C01_Red.idat.gz	92c50337b4524d2e8cc4e80cfba4e430
GSM2941561_9741950085_R03C02_Grn.idat.gz	4c368599fc4e481fee818e67aaa49015
GSM2941561_9741950085_R03C02_Red.idat.gz	46aa3123892f300347304fd7fda0f6af
GSM2941562_9741950085_R04C01_Grn.idat.gz	0c1c55d66589ca3c5ff011496cc37ae8
GSM2941562_9741950085_R04C01_Red.idat.gz	0d748799e8f9e0719aff43fab6bc2bec
GSM2941563_9741950085_R05C02_Grn.idat.gz	c5902f8c3e65d3cc5c8220d43a9add09
GSM2941563_9741950085_R05C02_Red.idat.gz	7dfe8881f8bd36ebf9e3e718a8136adf
GSM2941564_9741950085_R06C02_Grn.idat.gz	c64c9e44b5382b05f85594a8d2880b04
GSM2941564_9741950085_R06C02_Red.idat.gz	02d950579e96fb0bc926aac00173bca3
GSM2941565_9741950095_R01C02_Grn.idat.gz	c621d00426b8c23012fdc2921f203109
GSM2941565_9741950095_R01C02_Red.idat.gz	21c847b2ad8479d105212a24e5acdd77
GSM2941566_9741950095_R02C01_Grn.idat.gz	21bb78ffb786061d5c37768dfdeb22ea
GSM2941566_9741950095_R02C01_Red.idat.gz	9676f43e27d24b69fa71d52425a79851
GSM2941567_9741950095_R02C02_Grn.idat.gz	5b75b1679079c8326b415707b76c2a6e
GSM2941567_9741950095_R02C02_Red.idat.gz	576519e9ed80404e76ba1d4b58f1e7d9
GSM2941568_9741950095_R03C01_Grn.idat.gz	24e11626f9771f1f2d3e78da56cdff68
GSM2941568_9741950095_R03C01_Red.idat.gz	527c8e9554790a2629adad253ba927a6
GSM2941569_9741950095_R03C02_Grn.idat.gz	f294fb372c4b45fda609c26ca83f99a2
GSM2941569_9741950095_R03C02_Red.idat.gz	9b628d744e845476e27498890158cef1
GSM2941570_9741950095_R04C02_Grn.idat.gz	a075fd0cce990b10e551142e9648bef0
GSM2941570_9741950095_R04C02_Red.idat.gz	e2d7803a7284507c51f06e10aa822ca7
GSM2941571_9741950095_R05C01_Grn.idat.gz	136f72120f62786d67ce35cb2a5b667e
GSM2941571_9741950095_R05C01_Red.idat.gz	fc1b1128bd7dc078a1789b0a76093588
GSM2941572_9741950095_R05C02_Grn.idat.gz	d377f2be32a3ca4f01d9762786625256
GSM2941572_9741950095_R05C02_Red.idat.gz	45e066dad24968cdc2f3d12b66ed4351
GSM2941573_9741950149_R01C02_Grn.idat.gz	af19f7b43c97d0b4af6b54a69a2ab1bd
GSM2941573_9741950149_R01C02_Red.idat.gz	5e9cd6efc6f12a1d34448db46b06d2f6
GSM2941574_9741950149_R03C02_Grn.idat.gz	3c242318906b9bf61489a59339e5d530
GSM2941574_9741950149_R03C02_Red.idat.gz	cc498633d938a1e6d5b3e197624fba6a
GSM2941575_9741950149_R04C01_Grn.idat.gz	09e400bb38c5718b98df9c9ef602a300
GSM2941575_9741950149_R04C01_Red.idat.gz	8ba8839e183b56ce6236bc473239d773
GSM2941576_9741950149_R05C01_Grn.idat.gz	99779e2a92f32664f2d0419231cb48fe
GSM2941576_9741950149_R05C01_Red.idat.gz	7219a34fea9dc9fb681833d8c8dc4d10
GSM2941577_9741950149_R06C01_Grn.idat.gz	58980de4e4283e202c0abda7185417c1
GSM2941577_9741950149_R06C01_Red.idat.gz	c298e229878b592d815804578f33738c
GSM2941578_9741950149_R06C02_Grn.idat.gz	dcebf5ff120c89dd0e24c8c255551a7f
GSM2941578_9741950149_R06C02_Red.idat.gz	36b4f825ce3ee94d5a587cc62fa1cf81
GSM2941579_9829119119_R02C02_Grn.idat.gz	60e3da4289126565d2d5a3681e81e190
GSM2941579_9829119119_R02C02_Red.idat.gz	3aa4234f88da8ce9d4b940d83ff1864f
GSM2941580_9829119119_R03C01_Grn.idat.gz	f8d5d007be43ab84e828a377078d4505
GSM2941580_9829119119_R03C01_Red.idat.gz	6aa310c58c96daeab97772f7156e017a
GSM2941581_9829119119_R04C01_Grn.idat.gz	d3cc82ba4106fa1ab9cc1c3c540c59cc
GSM2941581_9829119119_R04C01_Red.idat.gz	333ea706ed431b93256a0ad02de35dce
GSM2941582_9829119119_R05C01_Grn.idat.gz	9bc853fb3ea5e28cada7ffb58808e88f
GSM2941582_9829119119_R05C01_Red.idat.gz	1672335025578190301efb0dde7968d2
GSM2941583_9829119119_R05C02_Grn.idat.gz	3fd9756715de51eb0c6a6be5a58ea317
GSM2941583_9829119119_R05C02_Red.idat.gz	7685914d393d7ab6507e58ff2b8c98c9
GSM2941584_9829119119_R06C01_Grn.idat.gz	f1ef4a2a79cae754163afbb1eafafe5b
GSM2941584_9829119119_R06C01_Red.idat.gz	09bf44fd3aecf4f402e7e2b06d7f9355
GSM2941585_9855358001_R02C02_Grn.idat.gz	81c51d84292c6ef468be5d26e2b0c5ef
GSM2941585_9855358001_R02C02_Red.idat.gz	0ab7ab54dede5bdf8b0c6ac3a7ae0bcf
GSM2941586_9855358001_R03C02_Grn.idat.gz	afc535cf483053f2f53b22a6dea43550
GSM2941586_9855358001_R03C02_Red.idat.gz	c3289fbadd020d0d1207c0e8a485d459
GSM2941587_9855358001_R04C01_Grn.idat.gz	3e8a7f3710f316c66fcddad2579d844e
GSM2941587_9855358001_R04C01_Red.idat.gz	c6e73953ae946cd93e8093c49f7126e6
GSM2941588_9855358003_R01C01_Grn.idat.gz	b4bfdc8e61e90be1017be92ae8cbdc97
GSM2941588_9855358003_R01C01_Red.idat.gz	9b5687d4b37c8ca591f6eb0ece67f13a
GSM2941589_9855358003_R01C02_Grn.idat.gz	2bf00f1c81af5b4d21acd9236cf47212
GSM2941589_9855358003_R01C02_Red.idat.gz	67784b0179143023d98f91d897b15af1
GSM2941590_9855358003_R02C01_Grn.idat.gz	9fea5c97f46d6825169774320bc6eef8
GSM2941590_9855358003_R02C01_Red.idat.gz	2b7c1c47e953cd01236301d005b8e06e
GSM2941591_9855358003_R03C01_Grn.idat.gz	f4a91a72bd0ba5c29f73363cc39ee8e0
GSM2941591_9855358003_R03C01_Red.idat.gz	9c9e09dd636658edcbfebaf43db8c15f
GSM2941592_9855358003_R04C01_Grn.idat.gz	b703f8523528bde0963f8845865a8715
GSM2941592_9855358003_R04C01_Red.idat.gz	49086a8b3fa3dd925043ba183f59d00a
GSM2941593_9855358026_R02C01_Grn.idat.gz	95abd8f2c95d24cbe5354f7ad614cebd
GSM2941593_9855358026_R02C01_Red.idat.gz	624386357360ae449f46626db6b21a4c
GSM2941594_9855358026_R02C02_Grn.idat.gz	e08e53e291bcf8b30d7b13fc331c0c9a
GSM2941594_9855358026_R02C02_Red.idat.gz	b262a0d507f55e384dd32a6e18a2e88b
GSM2941595_9855358026_R04C02_Grn.idat.gz	4d8ee3979c59754434b196983834b581
GSM2941595_9855358026_R04C02_Red.idat.gz	f56d8008e9da1fe19d59f2afb058c98f
GSM2941596_9855358026_R05C02_Grn.idat.gz	8581748497df71db7aa22d45ff1afb01
GSM2941596_9855358026_R05C02_Red.idat.gz	c3cdb180cb32c540e0d018ce2fcc3026
GSM2941597_9855358026_R06C02_Grn.idat.gz	54d91093aae14acbecdf705a9478ceba
GSM2941597_9855358026_R06C02_Red.idat.gz	129328750c17a80223b2bdbd83cf2076
GSM2941598_9855358027_R03C02_Grn.idat.gz	a0ccbe5ec2367c64501af9e7a9d42470
GSM2941598_9855358027_R03C02_Red.idat.gz	3705ffafac07094d9416f00f34d75281
GSM2941599_9855358027_R05C02_Grn.idat.gz	9d615b7b1fe97f3debb4bc69ab3fd31d
GSM2941599_9855358027_R05C02_Red.idat.gz	50366cdad4b8dd555dda0cb634adaaa8
GSM2941600_9855358031_R01C01_Grn.idat.gz	b557c1baa5df599b3d94085396119bcb
GSM2941600_9855358031_R01C01_Red.idat.gz	5b270a5043803ff23df93e38d2340b3e
GSM2941601_9855358031_R02C01_Grn.idat.gz	0fa8e8e786d9433068e6557fb3236047
GSM2941601_9855358031_R02C01_Red.idat.gz	1d35994759d9c922a45e70f4dcf2295e
GSM2941602_9855358031_R03C01_Grn.idat.gz	a17a3948518030ea6e84f3a4c51f27e1
GSM2941602_9855358031_R03C01_Red.idat.gz	3cc6432a92305d039b1352052cedfad8
GSM2941603_9855358035_R06C02_Grn.idat.gz	b56a3137c4d117a6b0efd6cf64d4e3ff
GSM2941603_9855358035_R06C02_Red.idat.gz	569aacb7ac1b652c87bee541583e40ea
GSM2941604_9855358056_R03C01_Grn.idat.gz	c0ec5f9c9c1b2799fb44417d092341d6
GSM2941604_9855358056_R03C01_Red.idat.gz	20e21313c913863cbf5ac5af3122c7fb
GSM2941605_9855358056_R03C02_Grn.idat.gz	c12d9ede010e8e8986773cd9972a3793
GSM2941605_9855358056_R03C02_Red.idat.gz	01dd17bc36f802dd3f92a49523b54dc0
GSM2941606_9855358056_R06C01_Grn.idat.gz	bab97a0658218000cf9f9736574e34a0
GSM2941606_9855358056_R06C01_Red.idat.gz	52da6b641310b188452b40790c78ed1f
GSM2941607_9855358058_R01C02_Grn.idat.gz	5d65929350e99846a7964a9f6fbd0cee
GSM2941607_9855358058_R01C02_Red.idat.gz	2d34de6152fccc924985a744a27cd2ef
GSM2941608_9855358058_R02C02_Grn.idat.gz	cfa7fa8391d8069e6d4d3f64f7b09859
GSM2941608_9855358058_R02C02_Red.idat.gz	c45dabfbc5323dc5cdc3d71db2df2c66
GSM2941609_9855358058_R03C02_Grn.idat.gz	c3285a4c57f6ee1000d3e2ecaf432461
GSM2941609_9855358058_R03C02_Red.idat.gz	b8cc2e92d226c5b2fd542cf4c2e2348b
GSM2941610_9855358058_R04C02_Grn.idat.gz	d3b8aab7a12dd824ba75efeec69546cf
GSM2941610_9855358058_R04C02_Red.idat.gz	0ede20da9882b1d5aa1d7e71c8151a28
GSM2941611_9855358058_R05C01_Grn.idat.gz	bcf80a74743d9ce6cf6216274ad26cbb
GSM2941611_9855358058_R05C01_Red.idat.gz	48b4d8d0cba4fc5ae93cf61bce06b0f4
GSM2941612_9878820008_R01C02_Grn.idat.gz	810f9bb034ba075fdd8d824b20a5eddf
GSM2941612_9878820008_R01C02_Red.idat.gz	2590e7f7098d894dc25dba3eb6969b69
GSM2941613_9878820008_R02C02_Grn.idat.gz	564ede8a4516da327784e7e216fe8184
GSM2941613_9878820008_R02C02_Red.idat.gz	8a90af5ce5dd787b0271237497760125
GSM2941614_9878820008_R03C01_Grn.idat.gz	a8f636ecbb6d98c5f9d49432b1914ede
GSM2941614_9878820008_R03C01_Red.idat.gz	05b9e2266cfdf9963ef972a044e117b8
GSM2941615_9878820008_R04C01_Grn.idat.gz	9d8a795cb574a200f0659ea4db5cbdf4
GSM2941615_9878820008_R04C01_Red.idat.gz	4f66c70c50af300c41a989c56fb21030
GSM2941616_9878820008_R05C01_Grn.idat.gz	c14721ce5c6ecb68aef8136eaf1c5556
GSM2941616_9878820008_R05C01_Red.idat.gz	40d44fd879242c1f213a683edede15b3
GSM2941617_9878820017_R01C01_Grn.idat.gz	065ba86ff265810ebdbf27570859b49f
GSM2941617_9878820017_R01C01_Red.idat.gz	b41fd19e3f5d8521c40192bc3bb39362
GSM2941618_9878820017_R02C01_Grn.idat.gz	de277458c5c04ca0acff93ac1ea83340
GSM2941618_9878820017_R02C01_Red.idat.gz	1f70e501c3d53a15b9b15b61f49665b9
GSM2941619_9878820017_R03C01_Grn.idat.gz	b04086ad2001e45e95043477caffa47d
GSM2941619_9878820017_R03C01_Red.idat.gz	5702a0e111490b101316a57103c22a13
GSM2941620_9878820017_R06C02_Grn.idat.gz	3f2ca4c2dd8458d3dc23809d792845b7
GSM2941620_9878820017_R06C02_Red.idat.gz	a48afd6ab3c888083ecd5e7697780ba4
GSM2941621_9878820018_R01C02_Grn.idat.gz	a9a1f3c39c4a62bf78c8e96658645318
GSM2941621_9878820018_R01C02_Red.idat.gz	90bd3327d0b0137c03dad4ca8967f234
GSM2941622_9878820018_R02C01_Grn.idat.gz	9805724f94142122cd77badc6d63d048
GSM2941622_9878820018_R02C01_Red.idat.gz	cabfbe68fcb769f1538ee4a4a50e0780
GSM2941623_9878820018_R02C02_Grn.idat.gz	687b97dc8f5ad0c837bacc8785cac5c3
GSM2941623_9878820018_R02C02_Red.idat.gz	a76f69567e3e3516cba57ca84cabb1e7
GSM2941624_9878820018_R04C01_Grn.idat.gz	f659e6c70a7f4a7ee1e7a25d0bd5f11b
GSM2941624_9878820018_R04C01_Red.idat.gz	0ea0135d1a792c1d0953195629edfb7c
GSM2941625_9878820018_R04C02_Grn.idat.gz	6044f8ac7791199695464d89eba9bd79
GSM2941625_9878820018_R04C02_Red.idat.gz	424e3a48e0387d4668704ef732faec37
GSM2941626_9878820018_R05C01_Grn.idat.gz	ee94778497e2db248a6aca48bbd2e4d3
GSM2941626_9878820018_R05C01_Red.idat.gz	206157ce7e8bb3cb0959bca5f92368c4
GSM2941627_9878820018_R05C02_Grn.idat.gz	4ce85be2f5d252bcf5170615ca365799
GSM2941627_9878820018_R05C02_Red.idat.gz	45f25cb26454e3e07ff6381033edfaf7
GSM2941628_9878820021_R01C01_Grn.idat.gz	e5eee02a81ec94e0f3c4daa8f150c185
GSM2941628_9878820021_R01C01_Red.idat.gz	143261ba620e614aa4c6050255614660
GSM2941629_9878820021_R01C02_Grn.idat.gz	7e5f6e95c6c2c31b391e05f5917f160d
GSM2941629_9878820021_R01C02_Red.idat.gz	5481bbfb21baffc22c0a0f26056eeea4
GSM2941630_9878820021_R02C02_Grn.idat.gz	76d803bec5d2991134f3a62dbfe8eee7
GSM2941630_9878820021_R02C02_Red.idat.gz	ed73b4a560b54327579070f66023ded2
GSM2941631_9878820021_R03C01_Grn.idat.gz	fd20b66a130e36b38962eeaf509a0eac
GSM2941631_9878820021_R03C01_Red.idat.gz	89a7c66e369dcf7b30d711fabd662ba0
GSM2941632_9878820066_R01C01_Grn.idat.gz	c3ca3016dee2caf1a22d51008b65f55d
GSM2941632_9878820066_R01C01_Red.idat.gz	9289191c494282f4e8c2a2491d0e9c85
GSM2941633_9878820121_R01C01_Grn.idat.gz	d3fb226a88c36508a259e1940ad95429
GSM2941633_9878820121_R01C01_Red.idat.gz	f725ad3b61a61e872f8eee2b3a6da619
GSM2941634_9878820121_R03C01_Grn.idat.gz	399e73bd4960b67c32fadb4669814af5
GSM2941634_9878820121_R03C01_Red.idat.gz	ded00a8067322df94d04b54d10725f7a
GSM2941635_9878820122_R05C02_Grn.idat.gz	7c098ee8c95ecc6fa6f975b7db748bc4
GSM2941635_9878820122_R05C02_Red.idat.gz	6ce6637e4050b3aef039e729b5d8e533
GSM2941636_9878820122_R06C02_Grn.idat.gz	1bea67e0a41d56715905b376e6781ed5
GSM2941636_9878820122_R06C02_Red.idat.gz	312d47e7ec11fdb530c7e14e7c1366aa
GSM2941637_9878820123_R03C01_Grn.idat.gz	7f957b72b495c138d60209563ddc2dc8
GSM2941637_9878820123_R03C01_Red.idat.gz	062033a28592ddb2ec9518bfba7718ab
GSM2941638_9878820123_R03C02_Grn.idat.gz	704e90df9d395aca91161336dd1b73ce
GSM2941638_9878820123_R03C02_Red.idat.gz	d94af18379110979ece8186ca0ea1ce0
GSM2941639_9878820123_R05C01_Grn.idat.gz	6e03145cbf75cad819dfe8be66e7614f
GSM2941639_9878820123_R05C01_Red.idat.gz	2d95fddf569392681092bbaed94d76df
GSM2941640_9878820127_R01C02_Grn.idat.gz	78ddd2c5fc1ae97e2b8b2bb89d9c7394
GSM2941640_9878820127_R01C02_Red.idat.gz	a40d1d208d68cf99652129f53110dee2
GSM2941641_9878820140_R01C01_Grn.idat.gz	745b94994290956481ac42b5d6272d1e
GSM2941641_9878820140_R01C01_Red.idat.gz	7665c7b82a83fce9a712065ed778b75b
GSM2941642_9878820140_R01C02_Grn.idat.gz	185b1861d0b04dec21d97bb9d0fe6d5e
GSM2941642_9878820140_R01C02_Red.idat.gz	38ba293abbeb6e97620d4c6bfe2866c4
GSM2941643_9878820140_R02C01_Grn.idat.gz	a083bb6d1f34e42208bea8c03a8c2bd9
GSM2941643_9878820140_R02C01_Red.idat.gz	852312b5edabac406fa547511f277935
GSM2941644_9878820140_R02C02_Grn.idat.gz	8b71824fb9be76d79c44339bee825e7e
GSM2941644_9878820140_R02C02_Red.idat.gz	30e1c54a59e9ce8fe7f4847a6f0ed58b
GSM2941645_9878820140_R04C01_Grn.idat.gz	1953a68e4130ccacaaf372111efd114d
GSM2941645_9878820140_R04C01_Red.idat.gz	19659520dad4451e74af1df7421f15c4
GSM2941646_9878820140_R05C01_Grn.idat.gz	f8e23b6827b67b70e6e54cab85012bde
GSM2941646_9878820140_R05C01_Red.idat.gz	56740f67963272df5b1bb03c70f95d87
GSM2941647_9878820140_R06C02_Grn.idat.gz	f61c2fe87de76f7c2995b44a918c7fe6
GSM2941647_9878820140_R06C02_Red.idat.gz	af6d69ea89cbee67ffb05c93aa69f128
GSM2941648_9878820156_R01C01_Grn.idat.gz	f36b4e3c3fd0628e41e2104c37c17907
GSM2941648_9878820156_R01C01_Red.idat.gz	4cc68a2943a316341d47c305acbeee25
GSM2941649_9878820156_R01C02_Grn.idat.gz	be8bb0844a4e9fe176275ec6efa76445
GSM2941649_9878820156_R01C02_Red.idat.gz	74fc255e63692bdea0d1fd0a363d70ac
GSM2941650_9878820156_R02C01_Grn.idat.gz	56cf6a8f6d9ed935bce5269b57d597a7
GSM2941650_9878820156_R02C01_Red.idat.gz	e672a8d60700562dc6adb772ef3f9762
GSM2941651_9878820156_R02C02_Grn.idat.gz	b3e3ed714c8d46aa4472379190d0d7ef
GSM2941651_9878820156_R02C02_Red.idat.gz	cb6c18ba04bebc8e08fa1997ef9a9d83
GSM2941652_9878820156_R03C01_Grn.idat.gz	bea5ae47e0e8cb7d22660a3bde1d1eb9
GSM2941652_9878820156_R03C01_Red.idat.gz	b6c4894a8e8e9b00abae1eb91f14ae84
GSM2941653_9878820156_R03C02_Grn.idat.gz	ce6bfc5331e2c7828c2075e27bcdf131
GSM2941653_9878820156_R03C02_Red.idat.gz	7a23272a6a49c677befc56b5049bbda4
GSM2941654_9878820156_R05C01_Grn.idat.gz	f49346ec12a98719c0d2f84eef5d254c
GSM2941654_9878820156_R05C01_Red.idat.gz	f98588147a09e1fe53659826a93a4efe
GSM2941655_9878820156_R05C02_Grn.idat.gz	41f504e9b3176c2492ed0166cd5abd5e
GSM2941655_9878820156_R05C02_Red.idat.gz	664b0bdb56f8282521cf3ab455d64f71
GSM2941656_9878827209_R01C02_Grn.idat.gz	0daacff074b9717a9a72999b732d63a4
GSM2941656_9878827209_R01C02_Red.idat.gz	cfdca64eac28cbb562c29578a893d402
GSM2941657_9878827209_R04C02_Grn.idat.gz	861ed8c4c4306ce60c1f4d8b4cce629c
GSM2941657_9878827209_R04C02_Red.idat.gz	964e09d7f751d34e84a8d9c2fb9f31dc
GSM2941658_9878827209_R06C02_Grn.idat.gz	fc4d05e13567b538bea334cf5f54427b
GSM2941658_9878827209_R06C02_Red.idat.gz	669e177b91614ba19d4d14e4e05742c0
GSM2941659_9878827210_R01C01_Grn.idat.gz	64834a2b186e56c18a862534adc1ecf0
GSM2941659_9878827210_R01C01_Red.idat.gz	9b0493626a5170ceabc0a4d85a845895
GSM2941660_9878827210_R01C02_Grn.idat.gz	2f5f6a1a213f7e62c54fdb39cd9cbcd7
GSM2941660_9878827210_R01C02_Red.idat.gz	ef9d552f1d5bac877539ade6c9c22d6b
GSM2941661_9878827210_R02C01_Grn.idat.gz	4ee2832d9bda52981be105baf64b8707
GSM2941661_9878827210_R02C01_Red.idat.gz	52746093d3b0a76142e6701cb6b4fa78
GSM2941662_9878827210_R02C02_Grn.idat.gz	bc723fed5a3b3f450c519e8d908243f9
GSM2941662_9878827210_R02C02_Red.idat.gz	0e0b336ce50c190a49d10cab49667e85
GSM2941663_9878827210_R03C01_Grn.idat.gz	807454c2946ecadb975425f183dfd523
GSM2941663_9878827210_R03C01_Red.idat.gz	815d3c754d5afa45c99670d3da68ce02
GSM2941664_9878827210_R03C02_Grn.idat.gz	abda975c380c29b62730f310cafe44d3
GSM2941664_9878827210_R03C02_Red.idat.gz	70f57fe209731468d69041d548d050a8
GSM2941665_9878827210_R04C01_Grn.idat.gz	9a032a3d6d5fbfbe021329ce7732fb37
GSM2941665_9878827210_R04C01_Red.idat.gz	fcd7512d74b789ce002811918f4b05fc
GSM2941666_9878827210_R04C02_Grn.idat.gz	f7525463e535b53a0bfa29c4bb17bd1f
GSM2941666_9878827210_R04C02_Red.idat.gz	239fe049d4fe4c6125a23157660aecbf
GSM2941667_9878827210_R05C02_Grn.idat.gz	aa3234139f90dfad6164157d4e6aec64
GSM2941667_9878827210_R05C02_Red.idat.gz	1b37ac30220a80f5169cd20190f43979
GSM2941668_9878827210_R06C01_Grn.idat.gz	3047106b4f2d6abe582a12df0e298860
GSM2941668_9878827210_R06C01_Red.idat.gz	154c7c614bbcdbc644da98633f790491
GSM2941669_9878827225_R01C01_Grn.idat.gz	9829f4ca9ccb5635b6e5ef5304f2e1cd
GSM2941669_9878827225_R01C01_Red.idat.gz	330864c874f9198e0f452b9ea2b788e1
GSM2941670_9878827225_R01C02_Grn.idat.gz	fd61b40b6ef40f0591e2bceae3279f14
GSM2941670_9878827225_R01C02_Red.idat.gz	96d3715f51d2b7dc4588a846873f9f94
GSM2941671_9878827225_R03C02_Grn.idat.gz	49cea64f83156ba1659867c8c3239c50
GSM2941671_9878827225_R03C02_Red.idat.gz	e2f024188799969006b857acb2032206
GSM2941672_9878827225_R04C01_Grn.idat.gz	5fcd4c8e442572eb4f79eb616d8898b4
GSM2941672_9878827225_R04C01_Red.idat.gz	f899ffba72f74eb875e8835187797b4b
GSM2941673_9878827225_R06C02_Grn.idat.gz	d3f2bd7894ce556c938944b377795ee1
GSM2941673_9878827225_R06C02_Red.idat.gz	95bfb2e73c05097f623efefc42478db8
GSM2941674_9878827227_R01C01_Grn.idat.gz	482e7b39dfbb2e4d3e78d8fcb6ef9a48
GSM2941674_9878827227_R01C01_Red.idat.gz	0fd236a6d9fe0726da4b7c91c7c1cc1f
GSM2941675_9878827227_R02C01_Grn.idat.gz	fc2730090e1a1a730f1bda5e830c7e69
GSM2941675_9878827227_R02C01_Red.idat.gz	d04438415863c86c1d0aafa54e32b24f
GSM2941676_9878827227_R02C02_Grn.idat.gz	c3073e85671213542f055aaeba8f59cf
GSM2941676_9878827227_R02C02_Red.idat.gz	bebcdb353a3d4e93f605a1b1a0297414
GSM2941677_9878827227_R03C02_Grn.idat.gz	528e03ded758ecaef0b7728d9872295b
GSM2941677_9878827227_R03C02_Red.idat.gz	af3d5a9556f048397b45414661949558
GSM2941678_9878827227_R04C02_Grn.idat.gz	a1f706ecf8a7690abd1aeee9a1b7a441
GSM2941678_9878827227_R04C02_Red.idat.gz	661fea03e26138051163d8404a40a633
GSM2941679_9878827227_R05C01_Grn.idat.gz	72ce25bd54717df5a4afb9a1ee2a89ba
GSM2941679_9878827227_R05C01_Red.idat.gz	382e1cccbcb06240b72f2e25600ca2cd
GSM2941680_9878827227_R06C01_Grn.idat.gz	65441edcdb33456e6e8791ed93e9d844
GSM2941680_9878827227_R06C01_Red.idat.gz	eb9c5c02f96ee8461b4f2cf90a4e92b3
GSM2941681_9878827235_R06C02_Grn.idat.gz	134756da24cc498b1e30770225ce898b
GSM2941681_9878827235_R06C02_Red.idat.gz	7f4c5e92972392679ba25b29e91efd84
GSM2941682_9878827239_R01C01_Grn.idat.gz	4b01aa79c5ce2122aeb816c8ef22c214
GSM2941682_9878827239_R01C01_Red.idat.gz	3a601c4b8a68684943df8a4ca3ab1790
GSM2941683_9878827239_R02C02_Grn.idat.gz	0bd6e116022152f02aeb85628ccfd9b8
GSM2941683_9878827239_R02C02_Red.idat.gz	aeaac0226eb2fba4892c013f13537a3a
GSM2941684_9878827239_R03C01_Grn.idat.gz	e0c35cf14cbdb586be7a805a73fc58fd
GSM2941684_9878827239_R03C01_Red.idat.gz	15a1e1836dd794b23dffd58cd3d61971
GSM2941685_9878827239_R03C02_Grn.idat.gz	03b1218ca61d1bdd84ab1039b8ceb31d
GSM2941685_9878827239_R03C02_Red.idat.gz	2bc2466f5d3cf4541385ea9cb42f8415
GSM2941686_9878827239_R05C02_Grn.idat.gz	a0514eb1226eb4f3b22e4233de913b88
GSM2941686_9878827239_R05C02_Red.idat.gz	3b3a691053f633987c5462027da47a74
GSM2941687_9878827239_R06C02_Grn.idat.gz	9e1e0962a4eeb99ee7c6043b4ce26a92
GSM2941687_9878827239_R06C02_Red.idat.gz	a81706aab7f73316b48ab3e4869c99a6
GSM2941688_9878827240_R01C01_Grn.idat.gz	5662aba10cf85b114b27ebcc2aa435d7
GSM2941688_9878827240_R01C01_Red.idat.gz	cf60a4987c21d7b16aa5ea9ede2dd133
GSM2941689_9878827240_R01C02_Grn.idat.gz	7b371ee25a2b100a0d72d7003c6cbaab
GSM2941689_9878827240_R01C02_Red.idat.gz	b293f743f86638878f91e373f0c1ad20
GSM2941690_9878827240_R05C01_Grn.idat.gz	fe50b010e0bd2ee7bf0c69c27e5cc37d
GSM2941690_9878827240_R05C01_Red.idat.gz	410dcb7ab87888f27e8142caaa4e719e
GSM2941691_9878827240_R06C01_Grn.idat.gz	39be48acca4281f4540d195c358903ca
GSM2941691_9878827240_R06C01_Red.idat.gz	06c9573c9c0c15aa30b87632ed035f7b
GSM2941692_9968646117_R05C02_Grn.idat.gz	11e6766fba23e66cbaf8a1ac81f3b866
GSM2941692_9968646117_R05C02_Red.idat.gz	ccbecb5b801efc0e0ec0d577fdf3309e
GSM2941693_9968646118_R01C02_Grn.idat.gz	c2c168f4d9d85d4e861d563e934aca6a
GSM2941693_9968646118_R01C02_Red.idat.gz	e96c015a65271cfd0567737f361002a0
GSM2941694_9968646118_R02C02_Grn.idat.gz	e3244e1d9e8903ef14cc4154c198ada9
GSM2941694_9968646118_R02C02_Red.idat.gz	96ecbb9b733f1c020d62833cb6695bc2
GSM2941695_9968646118_R03C01_Grn.idat.gz	f5ed3f08986f84ec3becb6c23dce047a
GSM2941695_9968646118_R03C01_Red.idat.gz	cd7aa6286b45e7d3fc814c9741dc5dc3
GSM2941696_9968646118_R04C01_Grn.idat.gz	42aba8bae0dd3f903e75fd6e032e6940
GSM2941696_9968646118_R04C01_Red.idat.gz	d4b3f1665d35d254129da6d46aa4c51f
GSM2941697_9968646118_R04C02_Grn.idat.gz	0a4d2566d1ac87faba7a22ebe840522c
GSM2941697_9968646118_R04C02_Red.idat.gz	a8a2fdda14d9c570b6299b23736d5b0a
GSM2941698_9968646118_R05C01_Grn.idat.gz	0932f576ea12073ce32a4c13141c6e5d
GSM2941698_9968646118_R05C01_Red.idat.gz	59b1ba1d694f67d86e08375723236943
GSM2941699_9968646118_R06C01_Grn.idat.gz	8b11a2b403d78c15131f0bfedef2c4f8
GSM2941699_9968646118_R06C01_Red.idat.gz	4b111f1c5db423e87a4c640458c63602
GSM2941700_9968646118_R06C02_Grn.idat.gz	82424db03dcb5422bed848f40e525751
GSM2941700_9968646118_R06C02_Red.idat.gz	f0f3b226822dc0d84dcd0900c17f5466
GSM2941701_9968646164_R01C01_Grn.idat.gz	5fbc30e217c788e2ace4a896ba830d22
GSM2941701_9968646164_R01C01_Red.idat.gz	0b4c38d9a8bced79cddc480e51e05c1e
GSM2941702_9968646164_R01C02_Grn.idat.gz	c00c859a737145ce373448f3710062cb
GSM2941702_9968646164_R01C02_Red.idat.gz	cd9d5b4586b0047a2b1564a218d32d35
GSM2941703_9968646164_R02C02_Grn.idat.gz	13cd724c7af87589d993cb49e0b14181
GSM2941703_9968646164_R02C02_Red.idat.gz	b2958bab958f46c8b4b992414d71fb72
GSM2941704_9968646164_R03C02_Grn.idat.gz	f1e544f2edbc633ae5d8f24aa004e676
GSM2941704_9968646164_R03C02_Red.idat.gz	009c61b9e96e249fa3570505ccb1959e
GSM2941705_9968646164_R05C02_Grn.idat.gz	1d57f5791d2f40271a2a4c1b4e1d2d7f
GSM2941705_9968646164_R05C02_Red.idat.gz	d7d0471abf492448e30591ff27e9cccd
GSM2941706_9968646165_R01C01_Grn.idat.gz	9a33eea9563212c66bfb3cd6e837ab46
GSM2941706_9968646165_R01C01_Red.idat.gz	af2ff5ff83ef8b544f547ef312ffc921
GSM2941707_9968646165_R02C02_Grn.idat.gz	c543b1002a4c558029cc4a24caa5422b
GSM2941707_9968646165_R02C02_Red.idat.gz	410f0f5da1c50911f312452420be3d9e
GSM2941708_9968646165_R03C01_Grn.idat.gz	39afdc8999552c3f3580186ef3cb9956
GSM2941708_9968646165_R03C01_Red.idat.gz	8caef182a7759cda8acb9f59b0328e89
GSM2941709_9968646165_R04C01_Grn.idat.gz	e972eb1a7e4408008be24228650e1976
GSM2941709_9968646165_R04C01_Red.idat.gz	f78a339f2845f66eaa41127fc14749e8
GSM2941710_9968646165_R05C01_Grn.idat.gz	1491477985be4025626282947b8d1caa
GSM2941710_9968646165_R05C01_Red.idat.gz	229451366043cc43603c27d55c4e10f3
GSM2941711_9968646165_R06C01_Grn.idat.gz	0c6884875ab968f383161de39d9191a1
GSM2941711_9968646165_R06C01_Red.idat.gz	850e27dc97c4350050fa839d73cf1001
GSM2941712_9968646165_R06C02_Grn.idat.gz	3a3d2281eb921c845c815a1217c363da
GSM2941712_9968646165_R06C02_Red.idat.gz	631cf11f1aa0991d04e8a7ff8e063788
GSM2941713_9968646167_R01C01_Grn.idat.gz	273cf94e9c56e2b293433c802730f2b5
GSM2941713_9968646167_R01C01_Red.idat.gz	f94d5cabc4027b2d8c190ca626039612
GSM2941714_9968646167_R02C02_Grn.idat.gz	70c65fb4f4aefd1a6ecb1081e4b029db
GSM2941714_9968646167_R02C02_Red.idat.gz	5f2d089ff47d9f3046119c01191f43d2
GSM2941715_9968646167_R06C01_Grn.idat.gz	09e4665d302d7bf6d9421487a67114f0
GSM2941715_9968646167_R06C01_Red.idat.gz	a571ddff08bf242c296f6b5575ae78f2
GSM2941716_9969477013_R01C02_Grn.idat.gz	14c9337dc12e28a7df0c58e99995e49c
GSM2941716_9969477013_R01C02_Red.idat.gz	8a9adbeeba753d01ffc9ceff1fefaae0
GSM2941717_9969477013_R02C02_Grn.idat.gz	b6dd92d615f58a0ec7c161f171f5ff89
GSM2941717_9969477013_R02C02_Red.idat.gz	9fc3eab75bda55cf09e45c16adf62ac7
GSM2941718_9969477013_R03C01_Grn.idat.gz	a638069b15ff00688d217e23ba19852a
GSM2941718_9969477013_R03C01_Red.idat.gz	7776234cf0f46e166bde6f51a71cb5c9
GSM2941719_9969477013_R04C01_Grn.idat.gz	7d65c5b449bfb13ffc93bb99d997b2ab
GSM2941719_9969477013_R04C01_Red.idat.gz	5bc47c842425e0a7213157ab48a0da89
GSM2941720_9969477013_R05C01_Grn.idat.gz	351e84274b9cdf19cf27f3d602bdb59e
GSM2941720_9969477013_R05C01_Red.idat.gz	bd8c2f10ce24ddccb2be58235c7add87
GSM2941721_9969477013_R05C02_Grn.idat.gz	2f5142fcec6f66d5a3a258a7ad68ede5
GSM2941721_9969477013_R05C02_Red.idat.gz	c4dac03d8db9818343c79ae2e32447eb
GSM2941722_9969477013_R06C01_Grn.idat.gz	ab50897e525eea1a19ca16f99ac553b5
GSM2941722_9969477013_R06C01_Red.idat.gz	5d121713b577220b6d45e93d95296897
GSM2941723_9969477014_R03C01_Grn.idat.gz	e5076862a24e5afb1879522058d1a2df
GSM2941723_9969477014_R03C01_Red.idat.gz	5de1b42489c0869a06189309dc048485
GSM2941724_9969477014_R03C02_Grn.idat.gz	f4d159c93753701263ab5a482fdc7dbe
GSM2941724_9969477014_R03C02_Red.idat.gz	6e7514ba7b07003fb23790263a39bd6c
GSM2941725_9969477014_R04C01_Grn.idat.gz	30e9443be4ad010fd4caeb238122287f
GSM2941725_9969477014_R04C01_Red.idat.gz	42bcdc5d44ba163e9d2750d42b4ca863
GSM2941726_9969477014_R04C02_Grn.idat.gz	013f1399ac6966a74e1d701d0488553c
GSM2941726_9969477014_R04C02_Red.idat.gz	85cf2c42e9a402c8b7e28434f1c543c6
GSM2941727_9969477014_R05C01_Grn.idat.gz	96441173aa6dd9ef3253d0664cee8a76
GSM2941727_9969477014_R05C01_Red.idat.gz	27623fbafa230e2b9f34b3949a7d6036
GSM2941728_9969477014_R06C01_Grn.idat.gz	520c26d23cf917c7619f510eb547d3b2
GSM2941728_9969477014_R06C01_Red.idat.gz	3a1b1edebe6f716da0e78aeeed32bc10
GSM2941729_9969477014_R06C02_Grn.idat.gz	8927295d3515d7eee0903b48cf53833c
GSM2941729_9969477014_R06C02_Red.idat.gz	0fd8b4f508712e173d4d3c29ead5dbcb
GSM2941730_9969477017_R01C01_Grn.idat.gz	a0ce76c6da46473f49f00cb565b0ec64
GSM2941730_9969477017_R01C01_Red.idat.gz	6ca55ca3b5dc9d619195e5fe93f4392e
GSM2941731_9969477017_R02C02_Grn.idat.gz	4c826f103ba1253e41a07a623e8b22a7
GSM2941731_9969477017_R02C02_Red.idat.gz	cadd4d8370170c5e7492d32b930b48b4
GSM2941732_9969477017_R03C01_Grn.idat.gz	c73e9ef8322c4e3930b031403d2296fc
GSM2941732_9969477017_R03C01_Red.idat.gz	0b2f1b20037433cf3b31d30ede74e8d5
GSM2941733_9969477017_R04C01_Grn.idat.gz	8cac191bebe571b61a164983bec84e66
GSM2941733_9969477017_R04C01_Red.idat.gz	6ed9211bc2e100370d6efd48f1b8670f
GSM2941734_9969477017_R05C02_Grn.idat.gz	0e3b3085116f9dd0567d67cdcf003222
GSM2941734_9969477017_R05C02_Red.idat.gz	4579c06a7516d2452e64db7c59a3d4cb
GSM2941735_9969477017_R06C02_Grn.idat.gz	0643141756356a0d719d682c00a3c97c
GSM2941735_9969477017_R06C02_Red.idat.gz	a79435879545b9f1a3ccb1a2cd041e7d
GSM2941736_9969477018_R06C01_Grn.idat.gz	96bf7c8deb29b88829f4fc7cafc53a1e
GSM2941736_9969477018_R06C01_Red.idat.gz	f373f9739ddf190f36e2d4f4c4e9098e
GSM2941737_9969477022_R01C02_Grn.idat.gz	540f22f91cb4ebd8c0f1df04ec864644
GSM2941737_9969477022_R01C02_Red.idat.gz	184f804f04e45f5eafbb20b803b5b5ec
GSM2941738_9969477022_R02C01_Grn.idat.gz	94161c1b340144ea0e10ca00b895b614
GSM2941738_9969477022_R02C01_Red.idat.gz	b1af3cf94198f1c6650d0c4f5fb7dc92
GSM2941739_9969477022_R05C01_Grn.idat.gz	2e3705e6d7d2e0cd072dcb6a70249eef
GSM2941739_9969477022_R05C01_Red.idat.gz	b4b860040a42e0454ee79657f6a2d2bd
GSM2941740_9969477022_R05C02_Grn.idat.gz	cac4da59a880d934dcde67997265d4ab
GSM2941740_9969477022_R05C02_Red.idat.gz	01677b88bf9805416f1646d4bd47ca49
GSM2941741_9969477022_R06C01_Grn.idat.gz	49a3363f316eb088a2dcadacea719d11
GSM2941741_9969477022_R06C01_Red.idat.gz	4edf775e9a80af4f2136120c7d2fe870
GSM2941742_9969477041_R02C02_Grn.idat.gz	5508821631a9cef009754a0b1c2e4348
GSM2941742_9969477041_R02C02_Red.idat.gz	8307c1ca6f5a2bb5388b7c64d8e8d9bd
GSM2941743_9969477041_R03C02_Grn.idat.gz	ef1bd99303526fd8df397a50e5766dde
GSM2941743_9969477041_R03C02_Red.idat.gz	40d59b78bda7cc0a0588d6a9f960b4ad
GSM2941744_9969477055_R02C01_Grn.idat.gz	43225ec459ab126ab9061927063421ad
GSM2941744_9969477055_R02C01_Red.idat.gz	a8e6bf83bbbe429b68bd7ffb24a055c4
GSM2941745_9969477055_R03C01_Grn.idat.gz	60fc834d7dfb31691ff219c8c1d5587d
GSM2941745_9969477055_R03C01_Red.idat.gz	9c8af50cb5db262724755b8f732df3ea
GSM2941746_9969477055_R04C01_Grn.idat.gz	5da95872e6d7fcb5b7a510c6385a5d97
GSM2941746_9969477055_R04C01_Red.idat.gz	ea721a616743c08bbe97a47803432238
GSM2941747_9969477055_R05C01_Grn.idat.gz	62026988337600679894f0b2ead45359
GSM2941747_9969477055_R05C01_Red.idat.gz	d5e45bf2ce9317c930bb7d744f8b1c95
GSM2941748_9969477055_R06C01_Grn.idat.gz	2d74f39b0290e35ae4c2e896a1098b31
GSM2941748_9969477055_R06C01_Red.idat.gz	9db9914ba5398f6d5547e8a4365784a7
GSM2941749_9969477057_R01C01_Grn.idat.gz	f74f097a0b73a5e603e2eead2b9fca0a
GSM2941749_9969477057_R01C01_Red.idat.gz	5b14eb66066282a20fc7e8c34ec8df05
GSM2941750_9969477057_R03C01_Grn.idat.gz	9bed7356c8b12ba4a4396f5f662eb868
GSM2941750_9969477057_R03C01_Red.idat.gz	a1bb10d76baea3980284c2f2b6a3aa82
GSM2941751_9969477057_R06C01_Grn.idat.gz	612efb13b04afe1c9270ea44ff603d46
GSM2941751_9969477057_R06C01_Red.idat.gz	07c6c7822f2dfa95bfbee5e376779a25
GSM2941752_9969477058_R01C01_Grn.idat.gz	7c3d28cb784efe365710430027623ff7
GSM2941752_9969477058_R01C01_Red.idat.gz	a4b66dd36de39859b092d0933bddf00e
GSM2941753_9969477058_R02C01_Grn.idat.gz	958c0c109814d02b4ab0668ce857972e
GSM2941753_9969477058_R02C01_Red.idat.gz	1956173e27607b14c987d2137139a0da
GSM2941754_9969477058_R04C01_Grn.idat.gz	f58339c07863398b43830ab873e38804
GSM2941754_9969477058_R04C01_Red.idat.gz	a86aeaa92923d65a18ebcf8be5e6838a
GSM2941755_9969477064_R04C02_Grn.idat.gz	54810a68ac6f72721dce250a31b4f255
GSM2941755_9969477064_R04C02_Red.idat.gz	f1daf7cd8f4a2a74cb05989dbc150da2
GSM2941756_9969477064_R05C02_Grn.idat.gz	5b7659b7baa81174d072c25928f90fd1
GSM2941756_9969477064_R05C02_Red.idat.gz	ab3175d3bd9c45752ce8bdebf69ed4c9
GSM2941757_9969477064_R06C01_Grn.idat.gz	c446efaa59895ab216518fb4f8551678
GSM2941757_9969477064_R06C01_Red.idat.gz	e05f8b47dcbe3fd2c78b524575712eb2
GSM2941758_9969477065_R01C02_Grn.idat.gz	a2114a399df865300a74670b517a8831
GSM2941758_9969477065_R01C02_Red.idat.gz	72007488eb92440e8f9ccd907c524508
GSM2941759_9969477065_R02C02_Grn.idat.gz	ea0c04e68734e5cf2687191722605961
GSM2941759_9969477065_R02C02_Red.idat.gz	159507b84bc2de6b1188756f6a3770e6
GSM2941760_9969477065_R04C01_Grn.idat.gz	421f694698d4a800a23d94128d74ab5c
GSM2941760_9969477065_R04C01_Red.idat.gz	e1af95a45c6fd52d8f0b1ba4a2ad5fb8
GSM2941761_9969477065_R06C01_Grn.idat.gz	4f3f43d33bc4039d5ea9ebcb4873937a
GSM2941761_9969477065_R06C01_Red.idat.gz	5b9c2ddf4beb41c2188f46e6ea2b5147
GSM2941762_9969477074_R01C01_Grn.idat.gz	8c7f32286cb02ad722237b90a0e56939
GSM2941762_9969477074_R01C01_Red.idat.gz	90416bdfc3e16c8cd70035b8006c565b
GSM2941763_9969477074_R02C01_Grn.idat.gz	917675ab0cc6b4bb941ed2506ecb4918
GSM2941763_9969477074_R02C01_Red.idat.gz	b2a1893362a3fb7efe8b42351db65a41
GSM2941764_9969477074_R02C02_Grn.idat.gz	2dd5d7f4bdf3d93eb44a8c1579187757
GSM2941764_9969477074_R02C02_Red.idat.gz	5b33623b4a1b24495ab99ec665f39584
GSM2941765_9969477074_R04C01_Grn.idat.gz	d378bff12c8db228d845ad2fcf2f9831
GSM2941765_9969477074_R04C01_Red.idat.gz	e3a199c44d5a4eaa92cdf25be9af30a8
GSM2941766_9969477074_R04C02_Grn.idat.gz	0c8179084667797387335a4326e3a3dc
GSM2941766_9969477074_R04C02_Red.idat.gz	dd772aecfe016adb5250a3c21629c2c7
GSM2941767_9969477074_R05C01_Grn.idat.gz	0f1dcff200d9c756698707e19948a3dc
GSM2941767_9969477074_R05C01_Red.idat.gz	92704532e489c6bc0bfbc7847ad4ac24
GSM2941768_9969477074_R06C02_Grn.idat.gz	a19e587d1f1dd3259e840f5a7d152f16
GSM2941768_9969477074_R06C02_Red.idat.gz	2fda6653a23af2e605e319117263eb2e
GSM2941769_9969477079_R02C01_Grn.idat.gz	ddd2899515b86f99401ba6fbdd3cd81d
GSM2941769_9969477079_R02C01_Red.idat.gz	ffc8d93a0d9ac0bc9576ba33f617c920
GSM2941770_9969477079_R04C01_Grn.idat.gz	13c1474952ceb40ed0684999ece87b5d
GSM2941770_9969477079_R04C01_Red.idat.gz	5abd0710f3af422e35060472498b7c9e
GSM2941771_9969477079_R06C01_Grn.idat.gz	5410c6fe9c919ee46ddc0a384b7ae122
GSM2941771_9969477079_R06C01_Red.idat.gz	731c15645666e2a19e5bfbb87fce9ae8
GSM2941772_9969477086_R01C02_Grn.idat.gz	ad52da01f4fe622ae4c5de4b5da23e83
GSM2941772_9969477086_R01C02_Red.idat.gz	6717828be338d92c3bfe2fbb4444742d
GSM2941773_9969477086_R02C01_Grn.idat.gz	8193d723382b92157c471967ba524367
GSM2941773_9969477086_R02C01_Red.idat.gz	a33b9d727c91fc7c27e5a27051bfeffc
GSM2941774_9969477086_R03C01_Grn.idat.gz	d4c9a4fb6de5cc026aac517a6a8438be
GSM2941774_9969477086_R03C01_Red.idat.gz	73318ea623604b8b50ae1f6d23902df2
GSM2941775_9969477086_R04C01_Grn.idat.gz	60895bfbca65c63e5364e077f1e04108
GSM2941775_9969477086_R04C01_Red.idat.gz	55b14add3cf682a02f6e71646a86d027
GSM2941776_9969477086_R04C02_Grn.idat.gz	a9299d9d3c9cb3f6b5fd5fb7b4c5a2c9
GSM2941776_9969477086_R04C02_Red.idat.gz	934b4d4d9d0cc77de7f8b75d427c78b2
GSM2941777_9969477086_R05C01_Grn.idat.gz	66ea06bfd7c9d102c6b1793548e5a263
GSM2941777_9969477086_R05C01_Red.idat.gz	7c65305bb01e0f71dced92441da5e135
GSM2941778_9969477086_R06C01_Grn.idat.gz	841a1b58379e5e98a044290d01ffe10e
GSM2941778_9969477086_R06C01_Red.idat.gz	cdaf0d84a7706e437e2d4a2646d86810
GSM2941779_9969477088_R01C02_Grn.idat.gz	6457b23ebcfb7c7a15ab15d2e5fa13aa
GSM2941779_9969477088_R01C02_Red.idat.gz	8fd876625e7a2118782d6bc7c502763b
GSM2941780_9969477088_R02C01_Grn.idat.gz	7a77348b44e6e6a9d1b05c1161e53e33
GSM2941780_9969477088_R02C01_Red.idat.gz	b1bafe460b4acadcd81f50e1075fea2e
GSM2941781_9969477088_R03C01_Grn.idat.gz	634303a9759f39a8df81d4dc569692bd
GSM2941781_9969477088_R03C01_Red.idat.gz	f097d9506146555a0d2e91ec48622613
GSM2941782_9969477088_R03C02_Grn.idat.gz	ce300adee804d266f407bf5678940485
GSM2941782_9969477088_R03C02_Red.idat.gz	747dbeb38ef8cafb17fb351e8e8588b9
GSM2941783_9969477088_R05C02_Grn.idat.gz	0afb18245b920abc7e69c399eeb812dd
GSM2941783_9969477088_R05C02_Red.idat.gz	b1e0d20630ba4819e0b78011b87fe2ad
GSM2941784_9969477088_R06C01_Grn.idat.gz	f99be5dd1819ce1058250619f45b79e0
GSM2941784_9969477088_R06C01_Red.idat.gz	fd50808eb35ce7cab2dbb23c6b5b152a
GSM2941785_9969477100_R03C01_Grn.idat.gz	da556fa61841a82e0d962eed405884ce
GSM2941785_9969477100_R03C01_Red.idat.gz	d195b7d43f83dc1f808c781e59c6cfcc
GSM2941786_9969477100_R04C01_Grn.idat.gz	40e85556c9b7ed8fc83ab1a8021fa10c
GSM2941786_9969477100_R04C01_Red.idat.gz	f0559100fe936489147aabffb8052bec
GSM2941787_9969477100_R04C02_Grn.idat.gz	73b400b6165e32dc2a0a5a7cad4ab35c
GSM2941787_9969477100_R04C02_Red.idat.gz	83e9cc6a9b7b2ffc10aa588adfc75d64
GSM2941788_9969477101_R06C01_Grn.idat.gz	634fc7cdc75f50308cf745ef72f25be7
GSM2941788_9969477101_R06C01_Red.idat.gz	2fb2d7153374381978f18636bb1e3fbe
GSM2941789_9969477101_R06C02_Grn.idat.gz	d4ed3aa3e66f4c8dae3f1f11b932b4fd
GSM2941789_9969477101_R06C02_Red.idat.gz	6a48364cb8fe69933de7529f6d63e251
GSM2941790_9969477102_R02C01_Grn.idat.gz	d5f301fdfc43b9924492ce4de0b4bb46
GSM2941790_9969477102_R02C01_Red.idat.gz	684484d9465824b68513a66924ab46e5
GSM2941791_9969477102_R02C02_Grn.idat.gz	66e93224ce99a4a21413d4e42845e226
GSM2941791_9969477102_R02C02_Red.idat.gz	1ba02f6004429a69fc052e6a06224829
GSM2941792_9969477102_R03C01_Grn.idat.gz	ce8e17ee127c73aba66586db7d7175de
GSM2941792_9969477102_R03C01_Red.idat.gz	e0a8b3229d3ffbcf4bc3823bba1e7d5c
GSM2941793_9969477102_R04C01_Grn.idat.gz	b00e900b3f538cf4cabd155bbf6472da
GSM2941793_9969477102_R04C01_Red.idat.gz	ae081d32a951defe12bedea5e1e3239b
GSM2941794_9969477102_R05C01_Grn.idat.gz	d50a749aac3e96776217b38fd54ceee1
GSM2941794_9969477102_R05C01_Red.idat.gz	b26524e11ac4eed552b860251a51b61a
GSM2941795_9969477102_R05C02_Grn.idat.gz	e0e874ec9cc34b6422e9be58cc0a1207
GSM2941795_9969477102_R05C02_Red.idat.gz	ce5ca81d74b435baeb1f27e829232c67
GSM2941796_9969477104_R01C01_Grn.idat.gz	c5113065ce5cb1ce59100cb2cc9ef815
GSM2941796_9969477104_R01C01_Red.idat.gz	8291c270a463418670de8034947ff5ef
GSM2941797_9969477104_R02C01_Grn.idat.gz	955f404e2c6cc06a4dd4578e69995cca
GSM2941797_9969477104_R02C01_Red.idat.gz	f397caf28938e2e984eb09a1e13fd7cb
GSM2941798_9969477107_R03C01_Grn.idat.gz	6b6f3c8c54786931b07661b89257fde0
GSM2941798_9969477107_R03C01_Red.idat.gz	52e6d200be10cf32d058dd06e8cc987d
GSM2941799_9969477107_R03C02_Grn.idat.gz	143f18db9acce4cacaf5579b5b65dcf0
GSM2941799_9969477107_R03C02_Red.idat.gz	5607298cabd696a2ce172f05fc25cea4
GSM2941800_9969477107_R04C02_Grn.idat.gz	f12d31380f425144cad78965062ef1d5
GSM2941800_9969477107_R04C02_Red.idat.gz	778a940af75e46d2ca917046f86dfad8
GSM2941801_9969477107_R06C02_Grn.idat.gz	7d75785ef0c085b593cbd3e6efb2f0b7
GSM2941801_9969477107_R06C02_Red.idat.gz	8518d3dac4d87bb2501c83a7f183b15d
GSM2941802_9969477108_R01C01_Grn.idat.gz	f5cfee462dadea830b5fe2a0673e8459
GSM2941802_9969477108_R01C01_Red.idat.gz	2f1add1b2a7340ae9984444e47bdd63b
GSM2941803_9969477108_R03C02_Grn.idat.gz	7f2a2a70e3eac12a25d1d8976ef6d0f5
GSM2941803_9969477108_R03C02_Red.idat.gz	8d3f17ffd52e07bb882593d45efd89b3
GSM2941804_9969477108_R05C02_Grn.idat.gz	06c7ff626884ec85b034a3d49135f49c
GSM2941804_9969477108_R05C02_Red.idat.gz	d6c69070b34982bd7156f8f6cf9b4fd6
GSM2941805_9969477122_R02C02_Grn.idat.gz	c6070d8815684cce64172a35103ba160
GSM2941805_9969477122_R02C02_Red.idat.gz	5909fe86d4849bfb2f7b87055299d896
GSM2941806_9969477122_R03C01_Grn.idat.gz	e542a0d04a80c12c6dbf67e14d26cc01
GSM2941806_9969477122_R03C01_Red.idat.gz	6996342f8e72ddac65aacf1bbd08c881
GSM2941807_9969477122_R04C01_Grn.idat.gz	fc55ce1215abd36d6ffa930af7335669
GSM2941807_9969477122_R04C01_Red.idat.gz	11cee6f142e8409a9517dba33e032274
GSM2941808_9969477122_R05C01_Grn.idat.gz	a67e84ffdb94d4f31ef1fb88e243023a
GSM2941808_9969477122_R05C01_Red.idat.gz	ab7cdcfb12ac668c13149e216d74d188
GSM2941809_9969477122_R06C01_Grn.idat.gz	c24c180bb80a6b65c456688abdc71d37
GSM2941809_9969477122_R06C01_Red.idat.gz	89df399465e6ed9ace9fc0f4be7ceac1
GSM2941810_9969477123_R02C01_Grn.idat.gz	b121711ff644c11f43cb5461cd00422c
GSM2941810_9969477123_R02C01_Red.idat.gz	d74fa9e6bc69f26f78b951b14cacbb1e
GSM2941811_9969477123_R04C01_Grn.idat.gz	16579c03ef4036e5b5772352206d5c5e
GSM2941811_9969477123_R04C01_Red.idat.gz	3c132dccc9c5912dcf8a5ec5fd2d1671
GSM2941812_9969477123_R05C01_Grn.idat.gz	a72da8911f3c2dd95290f8a4c85da238
GSM2941812_9969477123_R05C01_Red.idat.gz	ad27555782e7ded3d96869aa3b013b8a
GSM2941813_9969477123_R05C02_Grn.idat.gz	c8c5aee2b55e1edebbb3065ea29aaca8
GSM2941813_9969477123_R05C02_Red.idat.gz	8972d03cfaba9dbbcafe84dfefd9a357
GSM2941814_9969477123_R06C02_Grn.idat.gz	5b39f5b539b3b7d8d33b2b3603e11483
GSM2941814_9969477123_R06C02_Red.idat.gz	effc46c7ac5ee9fe6253fab7534be086
GSM2941815_9969477124_R01C01_Grn.idat.gz	3aa3861552177b79b678fd8a83bb52a9
GSM2941815_9969477124_R01C01_Red.idat.gz	a2e8a7d6d126102dfcc248d5fa8e4460
GSM2941816_9980102013_R01C02_Grn.idat.gz	b1a1026e1f3c88c6d951e1af04e2fd1c
GSM2941816_9980102013_R01C02_Red.idat.gz	764174ecf3b638692a0cc26b12321074
GSM2941817_9980102013_R02C01_Grn.idat.gz	ed9d22d2d8ca8d059d8e0446ac3dbb06
GSM2941817_9980102013_R02C01_Red.idat.gz	2e6d9f8510b761686e02d37309847d11
GSM2941818_9980102013_R02C02_Grn.idat.gz	05f68955363ab1cba4e7736041d6fe78
GSM2941818_9980102013_R02C02_Red.idat.gz	65e85a731cc48e0be6f49204cad2ab4b
GSM2941819_9980102013_R03C01_Grn.idat.gz	94b86db5c758d06a1ed1ab7db14386de
GSM2941819_9980102013_R03C01_Red.idat.gz	e9a8a2c2575cb831a76cc265d63b031b
GSM2941820_9980102013_R03C02_Grn.idat.gz	4c2b4ff704872cfff4f26b167d72277f
GSM2941820_9980102013_R03C02_Red.idat.gz	42ee0539828c718c0f76bde9961ba612
GSM2941821_9980102013_R04C01_Grn.idat.gz	70f18653a3d8b7eaf3733328438b8899
GSM2941821_9980102013_R04C01_Red.idat.gz	767809fabad43412d85e3ecd5a6f6ea6
GSM2941822_9980102013_R05C01_Grn.idat.gz	8f129d0f377423e5926f2f7f0545ecb3
GSM2941822_9980102013_R05C01_Red.idat.gz	a933232e158d06ebf4eb6633cea01c71
GSM2941823_9980102013_R05C02_Grn.idat.gz	6508458d0df11dd6acebea6af6e8f35c
GSM2941823_9980102013_R05C02_Red.idat.gz	86ec3d711e196a7c2de1e531e370c41e
GSM2941824_9980102013_R06C02_Grn.idat.gz	06bdd1ecaef5bc9ab8ba33ed3d65042f
GSM2941824_9980102013_R06C02_Red.idat.gz	faffa17cf5a6945a21bbb4d5659cf700
GSM2941825_9980102032_R01C01_Grn.idat.gz	d2fd2865b47f5ce820916e0cf93a75d2
GSM2941825_9980102032_R01C01_Red.idat.gz	94f21bb02a394fbbb02f88ceb6720df4
GSM2941826_9980102032_R02C01_Grn.idat.gz	6f05cc4012b1829c1552cdaea4afed2e
GSM2941826_9980102032_R02C01_Red.idat.gz	2a66ce0b5a87396eee1a7da75f870870
GSM2941827_9980102032_R03C01_Grn.idat.gz	758e569fa107167aac82c55d2ecf8559
GSM2941827_9980102032_R03C01_Red.idat.gz	0efad1417ea820531fe7e45a9470e0ed
GSM2941828_9980102032_R03C02_Grn.idat.gz	d0fd57b8ee638a5ace070d4e9d9ee6e6
GSM2941828_9980102032_R03C02_Red.idat.gz	66dae9644d0a924a4d70bd7f65232262
