file	md5
GSM2402854_5684819014_R03C02_Grn.idat.gz	ff4cd23faa41284e2ebeedf49b866a1f
GSM2402854_5684819014_R03C02_Red.idat.gz	385e570dc8a0d2858ccd7bd462bf4ceb
GSM2402855_5684819014_R05C02_Grn.idat.gz	9715700608f9243c3782fef76cdb6740
GSM2402855_5684819014_R05C02_Red.idat.gz	ef44cac2c935e7df9d477b78f88f1ae0
GSM2402856_5684819014_R06C02_Grn.idat.gz	a65b044a0535223ea1c5792d405e05ed
GSM2402856_5684819014_R06C02_Red.idat.gz	86cad31f94e721e8d799dd2cdbe80ff0
GSM2402857_5684819013_R05C02_Grn.idat.gz	63e3914992063529ca2fe4236a441c34
GSM2402857_5684819013_R05C02_Red.idat.gz	2f1cc9e8d83afefbf771e7e44f1dec0b
GSM2402858_5684819014_R03C01_Grn.idat.gz	8e131c944713a37a9a2544f6f5964d05
GSM2402858_5684819014_R03C01_Red.idat.gz	31837b843586db56dadc30ec9f518db0
GSM2402859_5684819014_R01C02_Grn.idat.gz	c157e293076e91e14c7d9460b5084b07
GSM2402859_5684819014_R01C02_Red.idat.gz	1a8c9c0a770da393b38fdc17290fa9eb
GSM2402860_5911815001_R04C01_Grn.idat.gz	b81c5feeb9f48c327c5362e62972f234
GSM2402860_5911815001_R04C01_Red.idat.gz	884197bb9f351f2351fa63a3c2ea30e1
GSM2402861_5911815001_R03C01_Grn.idat.gz	971b74bce8d6e7aa9332213b37d379e4
GSM2402861_5911815001_R03C01_Red.idat.gz	3dab7e5d40b1b0b73fb4e3aff6773ad4
GSM2402862_5911815001_R02C01_Grn.idat.gz	0baa4131d937a6e1960450eae5d75f68
GSM2402862_5911815001_R02C01_Red.idat.gz	8a07274d267c25dd19b5d549b3b097a3
GSM2402863_5684819013_R04C01_Grn.idat.gz	49833f719924cd46e67290e9f9181f73
GSM2402863_5684819013_R04C01_Red.idat.gz	619549344dcd625155f1a80426206986
GSM2402864_5684819013_R03C02_Grn.idat.gz	a0f97074cd2a78bbf217441024179612
GSM2402864_5684819013_R03C02_Red.idat.gz	76d61397c9a2c909bbbd13f630694978
GSM2402865_5684819014_R02C02_Grn.idat.gz	87cb9ec649028c3381cd7b79a8155d7e
GSM2402865_5684819014_R02C02_Red.idat.gz	6340b4182910b86c61389aa3c0108b7e
GSM2402866_5684819013_R02C01_Grn.idat.gz	0c6c00497c91c07a1ff4125f6cf729b3
GSM2402866_5684819013_R02C01_Red.idat.gz	28094b0b49c827797978505790645d22
GSM2402867_5684819013_R05C01_Grn.idat.gz	7645856f79385ea53528f429d4c023bd
GSM2402867_5684819013_R05C01_Red.idat.gz	13d8f46d7fe139df3d0e6442e255a8d7
GSM2402868_5911815023_R01C01_Grn.idat.gz	d699f388ff908ca54756efcd5d25e526
GSM2402868_5911815023_R01C01_Red.idat.gz	ffd84a5c57ca2c1b903dbeb3b3002ab1
GSM2402869_5911815023_R02C01_Grn.idat.gz	ccef83406fc329fabe1bbe9995440aaa
GSM2402869_5911815023_R02C01_Red.idat.gz	8883706d6d8f783d5a3cc2f5ad75dc21
GSM2402870_5684819026_R01C02_Grn.idat.gz	5a949d64aaac250351b4a2bf45f09cb4
GSM2402870_5684819026_R01C02_Red.idat.gz	7f661d33cf5bb2c62b8f99bf8ca16d69
GSM2402871_5911815001_R03C02_Grn.idat.gz	23e2e8800565d791d1fecf7bf5f59139
GSM2402871_5911815001_R03C02_Red.idat.gz	d4c808957d938cdc1a51e3912fc9f8ab
GSM2402872_5911815023_R04C01_Grn.idat.gz	226313c61556e6f776bc6ef5033176aa
GSM2402872_5911815023_R04C01_Red.idat.gz	a20dead866e012400ed8d685e89f66a9
GSM2402873_5911815023_R05C01_Grn.idat.gz	c004d56d1f3f0c53aec169c23240f703
GSM2402873_5911815023_R05C01_Red.idat.gz	fa88d5009306c7aed5f1169a8b1c1851
GSM2402874_5911815023_R06C01_Grn.idat.gz	e0d30ba04ccf8b2eb6edb85a766814fb
GSM2402874_5911815023_R06C01_Red.idat.gz	45896968acf7844d69df783e9b77d68d
GSM2402875_5684819026_R02C01_Grn.idat.gz	8e01e350005013a1f6c8422ab81f7a85
GSM2402875_5684819026_R02C01_Red.idat.gz	88c6dcc8f687563437bd0a8884c6cf51
GSM2402876_6164621155_R05C02_Grn.idat.gz	933a019387ffaf4666f1bbbd6034cd9f
GSM2402876_6164621155_R05C02_Red.idat.gz	5aba292366b6b8b683beab5ff4b2028a
GSM2402877_6164621081_R06C02_Grn.idat.gz	13554df6c56d88c9b867a40c4ae97d74
GSM2402877_6164621081_R06C02_Red.idat.gz	de90b9d288af1b2daa46590c19c76c3c
GSM2402878_6164621131_R02C02_Grn.idat.gz	410c68e821bec85a71925280bed4418c
GSM2402878_6164621131_R02C02_Red.idat.gz	4fb5d2054528138e6bbee4589e822ddf
GSM2402879_6164621081_R06C01_Grn.idat.gz	75c2bdce2a4dfae52925a6c011256523
GSM2402879_6164621081_R06C01_Red.idat.gz	df99c547ce48f08497f261d6acaa92a8
GSM2402880_6164621081_R04C02_Grn.idat.gz	6f1a66a7a92e0b1ef0c4f2722c75261c
GSM2402880_6164621081_R04C02_Red.idat.gz	8658e045bccc1929bbc31b5252d3cbd9
GSM2402881_6164621155_R03C01_Grn.idat.gz	5c86b0cc2cb65c8139b80b49dcd91535
GSM2402881_6164621155_R03C01_Red.idat.gz	4c9a238fa0488e36bc08b53f9ad2eecd
GSM2402882_6164621131_R02C01_Grn.idat.gz	b000de731c53fc4ac96e00b0a9f74934
GSM2402882_6164621131_R02C01_Red.idat.gz	de9b51c19e3e53a2706f25a6e9b1d775
GSM2402883_6164621131_R05C02_Grn.idat.gz	3849c8389982b97f9c2eb4aa75f0a43d
GSM2402883_6164621131_R05C02_Red.idat.gz	325d7d00982cab9110e652320115ffb9
GSM2402884_6969568005_R02C01_Grn.idat.gz	c99706bbc72c44ade86023add1a837ec
GSM2402884_6969568005_R02C01_Red.idat.gz	7fdc82ed3ecb604152c1b365839748b6
GSM2402885_6929689168_R02C02_Grn.idat.gz	80b23308ebb77fb176e42578a0b3adba
GSM2402885_6929689168_R02C02_Red.idat.gz	15bf3963ce942ace5440c1bd5f3e43eb
GSM2402886_6969568005_R03C01_Grn.idat.gz	baa90e30081c1fc503d2fc767849ea42
GSM2402886_6969568005_R03C01_Red.idat.gz	a931bf1ea9a18d3e986d59bb4ebced9d
GSM2402887_6969568005_R04C01_Grn.idat.gz	9ef51c3d09cc522c86b4df2f1912ea3c
GSM2402887_6969568005_R04C01_Red.idat.gz	bc49fc7be68af87eddfbff141af63e63
GSM2402888_6969568005_R05C01_Grn.idat.gz	8f44db9900e8ae6cd310b7bc29dfaeca
GSM2402888_6969568005_R05C01_Red.idat.gz	9e2d7a4441a86bbb0a1f1cb4eb294b38
GSM2402889_6969568005_R06C01_Grn.idat.gz	217e06ca74a2507c34787a6b516488fd
GSM2402889_6969568005_R06C01_Red.idat.gz	dd04dda6652aa7723784316e937d54d7
GSM2402890_6929689168_R03C02_Grn.idat.gz	67b144b2a172d6e90b92859237d5bf81
GSM2402890_6929689168_R03C02_Red.idat.gz	656a4c7fa163a03af10d64a1217bc4eb
GSM2402891_6969568005_R01C02_Grn.idat.gz	6d82205dac47958f4fa335c738b9a820
GSM2402891_6969568005_R01C02_Red.idat.gz	d28f89fa29cfe41d5331ce1304eaf4a0
GSM2402892_6164621144_R06C02_Grn.idat.gz	0770c9a51a17e52fd0af645be6072aa2
GSM2402892_6164621144_R06C02_Red.idat.gz	22b3b024ef65a7762aca30e6f092654b
GSM2402893_6969568005_R03C02_Grn.idat.gz	d4a9f6426bb5c310fe5335c03c597f94
GSM2402893_6969568005_R03C02_Red.idat.gz	a1b01f3fa9fced66e2819513a90fa133
GSM2402894_6969568005_R04C02_Grn.idat.gz	7953ae86c3fb4e71f348633534345398
GSM2402894_6969568005_R04C02_Red.idat.gz	8bb59c5d2034e891c2dc4df31bce29e4
GSM2402895_6969568005_R05C02_Grn.idat.gz	a706ccf77b42f7f793c327371eee78ad
GSM2402895_6969568005_R05C02_Red.idat.gz	ae8e9e25b2a8d772b6ce8ee6cfcda7fa
GSM2402896_6969568005_R06C02_Grn.idat.gz	b8d7fb8f9c98caab337dfd6e53c406a2
GSM2402896_6969568005_R06C02_Red.idat.gz	3dfdec63a2892145f9a313f2cfe6efa5
GSM2402897_6929689153_R02C01_Grn.idat.gz	c46843763cdc88710d03f0aa4ad231c2
GSM2402897_6929689153_R02C01_Red.idat.gz	c49ab2d8b95faecda1cfdaf04fa66e30
GSM2402898_6929689153_R06C01_Grn.idat.gz	9331d09e6d3b06bd93a9ec9f2df4a136
GSM2402898_6929689153_R06C01_Red.idat.gz	a19cc6d94d5f580315825ea355658ee0
GSM2402899_6929689153_R01C02_Grn.idat.gz	eca02573a964482d72db252d2bb9a567
GSM2402899_6929689153_R01C02_Red.idat.gz	fc7de883080481c597c1fb0ec3b214fa
GSM2402900_6929689153_R02C02_Grn.idat.gz	4fea3e86a42a2116e1327e6a9e6823db
GSM2402900_6929689153_R02C02_Red.idat.gz	12f8cf843919c7238dbab559a1f0a4bc
GSM2402901_6929689153_R04C02_Grn.idat.gz	e7dfba96c36301c3c18ed6d34a58a02f
GSM2402901_6929689153_R04C02_Red.idat.gz	f6c53736cb13d5a3adcdd0988fd3f46b
GSM2402902_6929689153_R05C02_Grn.idat.gz	7fb3f4cde43c30dbaa5ce0a36b44b2d9
GSM2402902_6929689153_R05C02_Red.idat.gz	5bfa21b6a1383109c9b0fad54e40ee80
GSM2402903_6929689153_R06C02_Grn.idat.gz	6b529982b65b7ed152aefe31a6764bf7
GSM2402903_6929689153_R06C02_Red.idat.gz	6df2130542985c3f6f136b1a1e7213ad
GSM2402904_6929689161_R01C01_Grn.idat.gz	bc36a710f9cfbd1927950d495cb6598a
GSM2402904_6929689161_R01C01_Red.idat.gz	daa21c9594096dc4fab90bb3b826ce90
GSM2402905_6929689161_R04C01_Grn.idat.gz	30b0fdab9db9138ef120ea1b2d497246
GSM2402905_6929689161_R04C01_Red.idat.gz	4e6e7bf83bc4983b7f7d3970a88554c3
GSM2402906_6929689161_R05C01_Grn.idat.gz	6c136deda5b2f0bcd5ba54f462ef630c
GSM2402906_6929689161_R05C01_Red.idat.gz	1c811ac35b38f7af9411bc0cbc2ad8f3
GSM2402907_6929689161_R06C01_Grn.idat.gz	33e508a35ebfbf2865ffa08f4cbf0b48
GSM2402907_6929689161_R06C01_Red.idat.gz	8be4009807db28fc75fa4f54b1a2ca3e
GSM2402908_6929689161_R01C02_Grn.idat.gz	4533af42467548755ee945f0bbc902b9
GSM2402908_6929689161_R01C02_Red.idat.gz	803dad22f99e8fbf1b38ece3230e658b
GSM2402909_6929689168_R05C02_Grn.idat.gz	81b6286705c1d60f3de24455395f9308
GSM2402909_6929689168_R05C02_Red.idat.gz	d6b22bb3f29e788124e204a264881f78
GSM2402910_6929689168_R01C01_Grn.idat.gz	ec425265bc1a432d2a5d4718b5bc18b4
GSM2402910_6929689168_R01C01_Red.idat.gz	2ba524760c6371d8d07b37ff960d9c2f
GSM2402911_6929689152_R06C02_Grn.idat.gz	9e0714d529d93b86c24e53f687b547e0
GSM2402911_6929689152_R06C02_Red.idat.gz	b575f5b19765d40f807f8c8d6edcb37c
GSM2402912_6929689168_R05C01_Grn.idat.gz	81408ef67b11a3f0401b0c0460d5529d
GSM2402912_6929689168_R05C01_Red.idat.gz	21b80b2c15fe5c6db21d462cec05b85e
GSM2402913_6929689168_R02C01_Grn.idat.gz	b5b9c20a5ba717d572c7c5d90c02d1e4
GSM2402913_6929689168_R02C01_Red.idat.gz	a206356aab102110c6bde79e6e8bdf58
GSM2402914_6929689168_R03C01_Grn.idat.gz	9291c07b9295ea87dee3b219a64b15ba
GSM2402914_6929689168_R03C01_Red.idat.gz	07212e4a53e7320fc67e0a059a26ba1b
GSM2402915_6929689168_R06C01_Grn.idat.gz	d5d664a3b37028460674db0503a5c9c4
GSM2402915_6929689168_R06C01_Red.idat.gz	9a7da627eda62124a41d9b8ab9e58d57
GSM2402916_6929689168_R01C02_Grn.idat.gz	5f4f169f6b07bcfd6fc0cc56f7169a98
GSM2402916_6929689168_R01C02_Red.idat.gz	4ae1bfa2ad3f25aaf67a4436972caf2e
GSM2402917_6164621144_R04C02_Grn.idat.gz	c9515e8f4fa96a4a217c8d1eb643a8dc
GSM2402917_6164621144_R04C02_Red.idat.gz	b1ada091edc1482e8cab2d666fcd2e81
GSM2402918_6969568004_R01C01_Grn.idat.gz	3b165f1d3e0cbc823c583cf262e154b7
GSM2402918_6969568004_R01C01_Red.idat.gz	e49a1d350e2553ee9811f930b768621c
GSM2402919_6164621144_R04C01_Grn.idat.gz	cebfb3ebdb70009235f0446ba8ac4cd0
GSM2402919_6164621144_R04C01_Red.idat.gz	0c3a1f5464e39cd06160caa61af11845
GSM2402920_6164621144_R05C01_Grn.idat.gz	2614a86204e2adcd4c4ea3309e7c8c8c
GSM2402920_6164621144_R05C01_Red.idat.gz	a7816ba098a7cc32d14e93c76b598db3
GSM2402921_6164621144_R02C01_Grn.idat.gz	27581960b4984c57b47d3538fed25124
GSM2402921_6164621144_R02C01_Red.idat.gz	786c4260cd0e6a95823dbe08dff3dccd
GSM2402922_6929689152_R05C02_Grn.idat.gz	678f0726a2a6108d4453ee632299852d
GSM2402922_6929689152_R05C02_Red.idat.gz	04ffb89b19e3628e641814d5142b7d86
GSM2402923_6929689136_R03C02_Grn.idat.gz	8b77d8364ad3b9527925dcdbdb2b3221
GSM2402923_6929689136_R03C02_Red.idat.gz	94b9a5778af31562ba2b166a0b1b5ff5
GSM2402924_6929689136_R04C02_Grn.idat.gz	9c0c7b4a829c296520b340cba1b04e9e
GSM2402924_6929689136_R04C02_Red.idat.gz	f812ac5417f0f6add402c5cb93139c96
GSM2402925_6929689136_R05C02_Grn.idat.gz	eaab9d4114d917b021056fb4551c475e
GSM2402925_6929689136_R05C02_Red.idat.gz	7af01226fab459cf168802620a8eb5c3
GSM2402926_6929689136_R06C02_Grn.idat.gz	bfcf7b3422f93da65a2c8438d9515edd
GSM2402926_6929689136_R06C02_Red.idat.gz	318dc65cf5073a8bdce69c0ac35e59ce
GSM2402927_6929689152_R01C01_Grn.idat.gz	6fcde2783b56a27f47251f290d5e8bbc
GSM2402927_6929689152_R01C01_Red.idat.gz	ad60b381ee2e0821ac112bfd5b15d127
GSM2402928_6929689152_R02C01_Grn.idat.gz	b5a46cb1872d8a26b3bb84fdfcfe391d
GSM2402928_6929689152_R02C01_Red.idat.gz	7c91059c914984282ef2d8277c1a73f3
GSM2402929_6929689152_R03C01_Grn.idat.gz	7044e4b6a07dbb3ecfb26a1649f81d4c
GSM2402929_6929689152_R03C01_Red.idat.gz	cde17276688069127cc681bcec402b01
GSM2402930_6929689152_R04C01_Grn.idat.gz	f7ba45cb00f39c12a93f841927b14393
GSM2402930_6929689152_R04C01_Red.idat.gz	5ed5d732ec1f5d77d1e70470370f59bf
GSM2402931_6929689152_R06C01_Grn.idat.gz	8a41fbe04623a4c34cae86b26514cde7
GSM2402931_6929689152_R06C01_Red.idat.gz	258a4441c14aa6f3562061b10d605a6d
GSM2402932_6929689152_R01C02_Grn.idat.gz	92b5f9bd1c40e42af1db14df324d1c2f
GSM2402932_6929689152_R01C02_Red.idat.gz	bbc729fea443cde211e3b007a9279018
GSM2402933_6929689161_R03C02_Grn.idat.gz	6deaee53cb8db00f9fd43897c49d7601
GSM2402933_6929689161_R03C02_Red.idat.gz	590eb352e7b61d601bc71a8242425073
GSM2402934_6929689161_R04C02_Grn.idat.gz	9c5bfbd5d6c14f3cb1762ff7962273c8
GSM2402934_6929689161_R04C02_Red.idat.gz	5a92e149f59e52ae8df038138fa45ec0
GSM2402935_6929689161_R05C02_Grn.idat.gz	0c0925c35934e55d483c58b0e9372878
GSM2402935_6929689161_R05C02_Red.idat.gz	849f2d44feac39ee05c76ea2f707d97d
GSM2402936_6929689161_R06C02_Grn.idat.gz	7c08c9f66926c4ed24f2eff12b9b03fa
GSM2402936_6929689161_R06C02_Red.idat.gz	a958e963068a097df62959a49cfc54c8
GSM2402937_6929689161_R02C02_Grn.idat.gz	06c0a4a3e7c84ab42578321d8473e5c5
GSM2402937_6929689161_R02C02_Red.idat.gz	e0675e78b0b60f6a4c993b40772b7fab
GSM2402938_6969568004_R06C01_Grn.idat.gz	0b88ed1e839e6f99b3c1dd305383b7fb
GSM2402938_6969568004_R06C01_Red.idat.gz	68a0f2376077332e0adaff259f083069
GSM2402939_6969568004_R01C02_Grn.idat.gz	b1a4889fa90d5293d28ea2a66de18f24
GSM2402939_6969568004_R01C02_Red.idat.gz	ffcfc6d40f1cc592dca1feb5a9cdd5dc
GSM2402940_6969568004_R02C02_Grn.idat.gz	522d9597f4526afa126b38bd9327eab5
GSM2402940_6969568004_R02C02_Red.idat.gz	3bd67217142b4297b0a5d4fdf9cafaba
GSM2402941_6969568004_R04C02_Grn.idat.gz	27699c98c6fdd3a43fb1a08929006538
GSM2402941_6969568004_R04C02_Red.idat.gz	99b92ad86e0c7306e20d640973455fa3
GSM2402942_6969568004_R05C02_Grn.idat.gz	d76aac04120871d0d95a8b6d4a364175
GSM2402942_6969568004_R05C02_Red.idat.gz	911731e4d9c4ea8e68548dda902b729b
GSM2402943_6969568004_R06C02_Grn.idat.gz	7058108821c77ed2db39e7ff3589794d
GSM2402943_6969568004_R06C02_Red.idat.gz	b86d11bdf8a16f17f38b0055ae4a5718
GSM2402944_6929689136_R01C01_Grn.idat.gz	0e75de114dfb6c60c068a2ebb8c5bc76
GSM2402944_6929689136_R01C01_Red.idat.gz	2a4b90fba1e10549bcc567a122083949
GSM2402945_6929689136_R02C01_Grn.idat.gz	127232f0dca982f2821a428531fb5880
GSM2402945_6929689136_R02C01_Red.idat.gz	7ec2d775318400537a4b447f20242845
GSM2402946_6929689136_R03C01_Grn.idat.gz	85a92fae9fa303c82f63d7757c23d0ea
GSM2402946_6929689136_R03C01_Red.idat.gz	42d3282712d1aac97ce2c127ccc3cbe7
GSM2402947_6929689136_R04C01_Grn.idat.gz	c49fe846de2f348bbe2d9a272cff6227
GSM2402947_6929689136_R04C01_Red.idat.gz	9c5bbce144ba908303862b37b738c1be
GSM2402948_6929689136_R05C01_Grn.idat.gz	0bdc6f3179389fe2f968ce3248f6c3a0
GSM2402948_6929689136_R05C01_Red.idat.gz	ea1786df001bd9ffcb17a1b20d0524d4
GSM2402949_6929689136_R06C01_Grn.idat.gz	8093d660619eebb46e4e703a9d9d48a3
GSM2402949_6929689136_R06C01_Red.idat.gz	910bb59c4b87f77f24fae9eef59a40dc
GSM2402950_6929689136_R01C02_Grn.idat.gz	b10f81a3941f57b95d4eebef710a5f40
GSM2402950_6929689136_R01C02_Red.idat.gz	ad32afe4675928da4f6879be6b454f96
GSM2402951_6969568004_R03C01_Grn.idat.gz	289be37ae6a8939cd89bf493d85a4643
GSM2402951_6969568004_R03C01_Red.idat.gz	540dba9abcf66c6ce1e0b13a25b952a7
GSM2402952_6969568004_R04C01_Grn.idat.gz	6342cca0c9915951817ccec5af6e8458
GSM2402952_6969568004_R04C01_Red.idat.gz	53026a7498ce1daefdf18efc485b8174
GSM2402953_6164621144_R03C02_Grn.idat.gz	abe26c69e8a573a53c6c10354550b01f
GSM2402953_6164621144_R03C02_Red.idat.gz	b41de753de75a180ff6108156a75aa12
GSM2402954_6164621144_R02C02_Grn.idat.gz	8b4b4a2030cb3ad2b697a3da8136663c
GSM2402954_6164621144_R02C02_Red.idat.gz	3432aee400a85483c9ce043e47cf75cf
GSM2402955_6164621144_R06C01_Grn.idat.gz	8142f127a443c41d78e0bcb962b358f5
GSM2402955_6164621144_R06C01_Red.idat.gz	651419b1cdde28084997e3b229a5175d
GSM2402956_6164621144_R01C02_Grn.idat.gz	06e2beb8a2125022abc4ae8faf28b46e
GSM2402956_6164621144_R01C02_Red.idat.gz	a7a6731edf666bcd3d5fa51df985765d
GSM2402957_6969568004_R02C01_Grn.idat.gz	581b77029a47bcf48dda8848a7720849
GSM2402957_6969568004_R02C01_Red.idat.gz	f1975a503f1f658f355f79cb16b2b1e5
GSM2402958_6929718017_R01C01_Grn.idat.gz	8d44496058e3b14d66cf063ca4709e98
GSM2402958_6929718017_R01C01_Red.idat.gz	b18db4f8e4de001023d503b6ce903e7a
GSM2402959_6929718027_R01C01_Grn.idat.gz	98e2ee6d1b86c894c74df1968ac92cc1
GSM2402959_6929718027_R01C01_Red.idat.gz	9c14644d1215e60441904e26d7c130d7
GSM2402960_6929718027_R02C01_Grn.idat.gz	40a1239ca7158b33ba627f1da685442c
GSM2402960_6929718027_R02C01_Red.idat.gz	1afd419848331fb08ac9d23a5c0b9ea4
GSM2402961_6929718026_R05C02_Grn.idat.gz	f490d55f8cfe85d296aadf740d967daf
GSM2402961_6929718026_R05C02_Red.idat.gz	98d9fc74a06ec581067e28e7bf24539e
GSM2402962_6929718027_R06C01_Grn.idat.gz	48a94e79c9450d0e499466d774c11217
GSM2402962_6929718027_R06C01_Red.idat.gz	921e07815b4052e3195bbc16ef345ad6
GSM2402963_6929718027_R04C01_Grn.idat.gz	2245dce01175797f015d9597a286b4aa
GSM2402963_6929718027_R04C01_Red.idat.gz	5356f1e00201639cb1b94bfd3d276f85
GSM2402964_6929718017_R06C01_Grn.idat.gz	861723c9ba921d4535fc1572876c739a
GSM2402964_6929718017_R06C01_Red.idat.gz	90031b9049e83066b9385d9b216d743c
GSM2402965_6929718017_R01C02_Grn.idat.gz	3017a720b7d59c769bfd4499aa9ffe52
GSM2402965_6929718017_R01C02_Red.idat.gz	0270c3380aba9a141d33b64d6049d210
GSM2402966_6929718017_R02C02_Grn.idat.gz	d6aa9ed5adc9ede8c8c45dab2a547981
GSM2402966_6929718017_R02C02_Red.idat.gz	b156e348e29261a21160db36e3d1757b
GSM2402967_6929718017_R06C02_Grn.idat.gz	dbc47ae51b173b89c7723fb29927c265
GSM2402967_6929718017_R06C02_Red.idat.gz	0112a792033ffb71b6e897c406eda855
GSM2402968_6929718017_R02C01_Grn.idat.gz	ce981ece90b46b10f756aded2c63505b
GSM2402968_6929718017_R02C01_Red.idat.gz	cb287d6821e4f0e5bd8730d61c3ece7e
GSM2402969_6929718026_R01C01_Grn.idat.gz	bfd792ff626554226eb2463925875c69
GSM2402969_6929718026_R01C01_Red.idat.gz	a2c99f1e06a89d655cc35e35a049fe5c
GSM2402970_6929718026_R02C01_Grn.idat.gz	30e688c8ce6408b20830a5d9bc2eb6ce
GSM2402970_6929718026_R02C01_Red.idat.gz	d347b9f83715ee75bd63f193d81b8373
GSM2402971_6929718017_R03C01_Grn.idat.gz	2b910ddecd4fe01cebde28279f9c1423
GSM2402971_6929718017_R03C01_Red.idat.gz	5c2dd1c84ce9061dea2207fcf4c0e2c8
GSM2402972_6929718017_R04C01_Grn.idat.gz	6db1eba374cc03fed1688e32d7e82e49
GSM2402972_6929718017_R04C01_Red.idat.gz	e1b044772939bb299e5120b9a62fb776
GSM2402973_6929718017_R05C01_Grn.idat.gz	28ab1fb984568f0a1d218fa8232943d1
GSM2402973_6929718017_R05C01_Red.idat.gz	6b519bb42135cd3779c00e962be05ac2
GSM2402974_6929718026_R06C01_Grn.idat.gz	a2f3e219f148457ed3d6f14e1ed88395
GSM2402974_6929718026_R06C01_Red.idat.gz	2decef0749f5e3ea48ed6b9f483efcf8
GSM2402975_6929718026_R01C02_Grn.idat.gz	20b86668238ae3c7010d1c9f2ea33a0f
GSM2402975_6929718026_R01C02_Red.idat.gz	51072ee0939a7bd2aa94f21a966fcdcd
GSM2402976_6929718027_R03C02_Grn.idat.gz	93a61d60690ebca09d309e7c8184fb0a
GSM2402976_6929718027_R03C02_Red.idat.gz	c1ce79ba67d7d55bba155d59b3cad3a5
GSM2402977_6929718027_R04C02_Grn.idat.gz	f5511dcc6ae81ed4b0fabdef1ea3a66b
GSM2402977_6929718027_R04C02_Red.idat.gz	f7b8bcaabbda6428e8552c2ed85bdbd3
GSM2402978_6929718027_R05C02_Grn.idat.gz	7ae7816adf36771d02de9940e8b43f5a
GSM2402978_6929718027_R05C02_Red.idat.gz	0a101f0610f41057b183bb3e46a6caf1
GSM2402979_6929689149_R01C01_Grn.idat.gz	c93b9212493b92c44b7eff1a12bf8cfd
GSM2402979_6929689149_R01C01_Red.idat.gz	2023e03bfa53c0e7ffaa9aadd41ab1bf
GSM2402980_6929689149_R03C01_Grn.idat.gz	9dadb585dca6ff100b007bce20c9de0c
GSM2402980_6929689149_R03C01_Red.idat.gz	d10b62f34a33f223ba9e454f00686cc6
GSM2402981_6929718050_R02C01_Grn.idat.gz	91be8a2834f352e95550f3370c3aed39
GSM2402981_6929718050_R02C01_Red.idat.gz	ff8a675fbcad3d6e6f1ac854cb24e81a
GSM2402982_6929718049_R01C02_Grn.idat.gz	fd7da62e48d873c252d0693336b9b706
GSM2402982_6929718049_R01C02_Red.idat.gz	e380cb40ae72664f908466c095bd2ab3
GSM2402983_6929718050_R01C01_Grn.idat.gz	f7b7dbaaf2256cfcfa7697862a6411a2
GSM2402983_6929718050_R01C01_Red.idat.gz	35823c0411912781ebdb96be4d19eef1
GSM2402984_6929718049_R02C02_Grn.idat.gz	4180d588f16b7ea0707203ff06927ae3
GSM2402984_6929718049_R02C02_Red.idat.gz	8edb68ff504950462dc66180376fdbda
GSM2402985_6929718049_R03C02_Grn.idat.gz	781d63e1ca489db6830869c2a319c742
GSM2402985_6929718049_R03C02_Red.idat.gz	2a46e478e21f516e972dc0c9f21c99bb
GSM2402986_6929718049_R04C02_Grn.idat.gz	53122d8186f9bf4b752fa2128d3c7165
GSM2402986_6929718049_R04C02_Red.idat.gz	116027a622fb4f27b5fe64c5b87373be
GSM2402987_6929718049_R05C02_Grn.idat.gz	a4d2e2950749eb6a812e78422b91133f
GSM2402987_6929718049_R05C02_Red.idat.gz	de5a95c2f62e709b36cec10d37777d8f
GSM2402988_6929718050_R03C01_Grn.idat.gz	440b8b82a25e148ea51da520b814a5f1
GSM2402988_6929718050_R03C01_Red.idat.gz	fd78fb7efe2beb352b8362b8cd64cef3
GSM2402989_6929689149_R06C01_Grn.idat.gz	b6207cba88bc217cabab6ad74b88ee9e
GSM2402989_6929689149_R06C01_Red.idat.gz	549f44984c479c87df0222f987a060bb
GSM2402990_6929689149_R01C02_Grn.idat.gz	bd404b804265a3d802a72309c961a053
GSM2402990_6929689149_R01C02_Red.idat.gz	e1cdca778af8228a4e81dd1170b313f5
GSM2402991_6929689149_R02C02_Grn.idat.gz	e81e37a299eafca0c35a5ac45dfa816c
GSM2402991_6929689149_R02C02_Red.idat.gz	13de5ebd88590b2f236cb8ae9b582fd3
GSM2402992_6929689149_R03C02_Grn.idat.gz	447fb4fa3da60fe0b66b362b196775ae
GSM2402992_6929689149_R03C02_Red.idat.gz	5d8986e7956fa0e42436938c15b8dc79
GSM2402993_6929689149_R05C01_Grn.idat.gz	dc561e7668446d847b641543924bbfff
GSM2402993_6929689149_R05C01_Red.idat.gz	a572822557ff95cbd174b8a73c39470a
GSM2402994_6929718050_R04C01_Grn.idat.gz	a6bd18fe276a95546b842789d36aca2d
GSM2402994_6929718050_R04C01_Red.idat.gz	549e2f64271aee1cdda8da12cd2ccc30
GSM2402995_6929689149_R04C01_Grn.idat.gz	90268585f547bf7eb261041a2748145f
GSM2402995_6929689149_R04C01_Red.idat.gz	426f69b61c48889d96024684a5592d26
GSM2402996_6929689149_R04C02_Grn.idat.gz	1694ad4b4cee466e7506fbc9502e9213
GSM2402996_6929689149_R04C02_Red.idat.gz	76301d23a5e7145139fdc0ce946b0622
GSM2402997_6929718001_R01C02_Grn.idat.gz	6a4b2b8833e657a3726157d254d6b843
GSM2402997_6929718001_R01C02_Red.idat.gz	7c13fdb725f35d0aa0ae6b940230a32c
GSM2402998_6929718001_R03C02_Grn.idat.gz	d2ab5f0f439f5cabfb40b7cad19e6486
GSM2402998_6929718001_R03C02_Red.idat.gz	a2241b96311678d56e4e6868dff9c365
GSM2402999_6929718020_R03C02_Grn.idat.gz	ef9d55fee015e4b18d101df7480a0a29
GSM2402999_6929718020_R03C02_Red.idat.gz	219cc82f1b981ff730f7f41e5e5cd702
GSM2403000_6929718020_R05C02_Grn.idat.gz	88692342ca8ffdd53db8c4c51ec2de6a
GSM2403000_6929718020_R05C02_Red.idat.gz	737e15012d42d76776905849957f549f
GSM2403001_6929718057_R03C02_Grn.idat.gz	ef620019da1aa4b227e4ac20e95e45d4
GSM2403001_6929718057_R03C02_Red.idat.gz	46c8c08c6fbb43b7eddc927d190a2c35
GSM2403002_6929718057_R04C02_Grn.idat.gz	fc15eeec6b987992925ece48cb2bd0c4
GSM2403002_6929718057_R04C02_Red.idat.gz	40e801dae0085a70712edfb24fe9760a
GSM2403003_6929689149_R06C02_Grn.idat.gz	e669d40b279a12ab5a775392dcb84336
GSM2403003_6929689149_R06C02_Red.idat.gz	2dad9952c5bf5e973c04353765643ca7
GSM2403004_6929718001_R04C02_Grn.idat.gz	daa700811853295b515e15c5bc4857b4
GSM2403004_6929718001_R04C02_Red.idat.gz	6f337ee3f01d35971d6b5087ec9d43ed
GSM2403005_6929718001_R05C02_Grn.idat.gz	176e12520aed11ef74ddebf6898254e5
GSM2403005_6929718001_R05C02_Red.idat.gz	0c13efe3fcc312e317568a0dc9c49774
GSM2403006_6929718009_R01C01_Grn.idat.gz	1f4ed331ba7f71adc36881ff668a8ac7
GSM2403006_6929718009_R01C01_Red.idat.gz	30871070495ba34f9320c73df707e990
GSM2403007_6929718009_R02C01_Grn.idat.gz	3d19485dc1bd2de0aa46aa9305ddc840
GSM2403007_6929718009_R02C01_Red.idat.gz	4c291fbc7b414404319bca563d25276c
GSM2403008_6929718009_R03C01_Grn.idat.gz	c8a91482e98e4cabe936fedb5e55dfdd
GSM2403008_6929718009_R03C01_Red.idat.gz	a76202e2ebbf4c16aee33d716e314d0d
GSM2403009_6929718009_R04C01_Grn.idat.gz	c92ba6ba4e85ff1768c05a2d1ce784f6
GSM2403009_6929718009_R04C01_Red.idat.gz	a6afb8160b8912c001bf9d6f96c9bfe0
GSM2403010_6929718009_R05C01_Grn.idat.gz	08dc997c8d5d3d01a585d9f050ccc88d
GSM2403010_6929718009_R05C01_Red.idat.gz	94af8581456a8ae0a76326122d7fa8c1
GSM2403011_6929718009_R06C01_Grn.idat.gz	296b5d972229167a1a7dc9060fccd6f2
GSM2403011_6929718009_R06C01_Red.idat.gz	06e93d02b73a5305d9f1f8156faa43f6
GSM2403012_6929718009_R01C02_Grn.idat.gz	2dd04414827ce26f2a2010b9a6e48738
GSM2403012_6929718009_R01C02_Red.idat.gz	ce4076630ecd1750991aabe951380a34
GSM2403013_6929718009_R02C02_Grn.idat.gz	f9d21411e697647e8be1a24d2309ea88
GSM2403013_6929718009_R02C02_Red.idat.gz	2f5a1338a16c6e26cf9f914b2b33d7f9
GSM2403014_6929718009_R03C02_Grn.idat.gz	b8c898503a839a3373c370eb84fa7372
GSM2403014_6929718009_R03C02_Red.idat.gz	4210f72b193c59f405b57e2a82abaf2e
GSM2403015_6929718009_R04C02_Grn.idat.gz	ba93f49d2a321af487e499e19e0198b9
GSM2403015_6929718009_R04C02_Red.idat.gz	8da5d6ded715ba1a9f9153f59c5740ca
GSM2403016_6929718009_R05C02_Grn.idat.gz	9b68631cd3a5329b2b99d267d0a0611a
GSM2403016_6929718009_R05C02_Red.idat.gz	b969012f285b3a3bfb2ef4a2bfafede7
GSM2403017_6929718009_R06C02_Grn.idat.gz	a9ff43e2cc8e0ff05597286b1a5f0bff
GSM2403017_6929718009_R06C02_Red.idat.gz	2322699b85806cdfd9bccad3c5c6fc75
GSM2403018_6929718020_R01C01_Grn.idat.gz	b191d3998795ecb78da961527c3018c4
GSM2403018_6929718020_R01C01_Red.idat.gz	1a11a18a7a7e3bc1b47c70fd5a85889a
GSM2403019_6929718020_R02C01_Grn.idat.gz	ed61b2f98f549238032842a0f5deedeb
GSM2403019_6929718020_R02C01_Red.idat.gz	13925e0556fe9f91bf1091e18d6ccd83
GSM2403020_6929718020_R03C01_Grn.idat.gz	a1f889483c6c17462999aa1c4169012e
GSM2403020_6929718020_R03C01_Red.idat.gz	3af6bd3acf59e6a591494f29b630a42d
GSM2403021_6929718020_R04C01_Grn.idat.gz	1d1a632360cb1f766196118d844d56ff
GSM2403021_6929718020_R04C01_Red.idat.gz	50804b21102f7d363aa50d0258ca9cf5
GSM2403022_6929718020_R05C01_Grn.idat.gz	40cc5f55b957119b7101a5d2e5279de2
GSM2403022_6929718020_R05C01_Red.idat.gz	4e92fff810f640065cbdd47fdca668d2
GSM2403023_6929718020_R01C02_Grn.idat.gz	d0d3af87be69657f44690113da29c384
GSM2403023_6929718020_R01C02_Red.idat.gz	ef7a5ade7f070e137b7c807b3ba8d724
GSM2403024_6929718020_R02C02_Grn.idat.gz	e74282ff0f93c249c6b208c7fa007338
GSM2403024_6929718020_R02C02_Red.idat.gz	4f23831ae451d8f1a147d7a269f3a3a1
GSM2403025_6929718001_R06C02_Grn.idat.gz	585cce820d635bbade75d989b990ac6c
GSM2403025_6929718001_R06C02_Red.idat.gz	0f207e207f858ddcdfed4be200ec1d75
GSM2403026_6929718049_R06C01_Grn.idat.gz	7c485d81d6c5c4dcee8fb1ef57dd56e5
GSM2403026_6929718049_R06C01_Red.idat.gz	faeeb76b534ac8f6461bec647f0340e3
GSM2403027_6929718049_R03C01_Grn.idat.gz	0579ba716a6f54dbada7937567db9c32
GSM2403027_6929718049_R03C01_Red.idat.gz	e703ebb0cc83ae7bad8b586a3381d29f
GSM2403028_6929718049_R01C01_Grn.idat.gz	742908ef3f8b963043e665091db0945a
GSM2403028_6929718049_R01C01_Red.idat.gz	9031809bc053f5dc748ff7bab42afb99
GSM2403029_6929793058_R06C02_Grn.idat.gz	76f2db62b99b7c123af8347331777985
GSM2403029_6929793058_R06C02_Red.idat.gz	eab757c8e5b27eb6a3e6e24dc47d28a9
GSM2403030_6929793058_R03C02_Grn.idat.gz	4f5c8b315b74dfcf4ab6f21ad397f208
GSM2403030_6929793058_R03C02_Red.idat.gz	c8ee21db28cbe1cd2d820015fb3444cf
GSM2403031_6929793058_R05C02_Grn.idat.gz	9b31303bda989e9c110c8f0b88d1ccfb
GSM2403031_6929793058_R05C02_Red.idat.gz	65b5084fa77e4f90021a1cafb90c04be
GSM2403032_6929793089_R03C02_Grn.idat.gz	d5cc21bf975fd81d1900032c38de93dc
GSM2403032_6929793089_R03C02_Red.idat.gz	50037651d67637e4e8b201ac82ceb8ac
GSM2403033_6929793089_R04C02_Grn.idat.gz	cebfcb63d4da34f91cc88d3e773a1b5f
GSM2403033_6929793089_R04C02_Red.idat.gz	6d35ecf68e35c0638d7b35902f45e68c
GSM2403034_6929793061_R01C02_Grn.idat.gz	bdd919466623398cf872d1e9e7475c74
GSM2403034_6929793061_R01C02_Red.idat.gz	d6332e7b6ef9df922c87c08c985d2abb
GSM2403035_6929793061_R02C02_Grn.idat.gz	b1f050ed1a3584db0580af9691077def
GSM2403035_6929793061_R02C02_Red.idat.gz	544389e56e66da658315b0e8bc94a990
GSM2403036_6929793061_R06C01_Grn.idat.gz	8f1ba60c141291e67e67d7855784c1dc
GSM2403036_6929793061_R06C01_Red.idat.gz	9b42df4f8586326a006ab47ae6c17bb0
GSM2403037_6929793061_R03C02_Grn.idat.gz	8dc53bec168c037f9348579cd21daf1e
GSM2403037_6929793061_R03C02_Red.idat.gz	e51b7d58e5fa63f30b635f6845c64b23
GSM2403038_6929793052_R06C02_Grn.idat.gz	d3f0f941628c01b836890abb17caee5c
GSM2403038_6929793052_R06C02_Red.idat.gz	fed832ce6ac52dcef8462dd3c0691e48
GSM2403039_6929793061_R01C01_Grn.idat.gz	6eb9eae993d61a334e3c60452728e543
GSM2403039_6929793061_R01C01_Red.idat.gz	79dc10ea9458d27eba02c94c72bf6c9d
GSM2403040_6929793061_R02C01_Grn.idat.gz	40d82f62409eec0be3f742c5d43f71a4
GSM2403040_6929793061_R02C01_Red.idat.gz	637befb58a10e53f6cb753442b6f3ed8
GSM2403041_6929793061_R03C01_Grn.idat.gz	00ab803a05a821df5b7220f47c98c83e
GSM2403041_6929793061_R03C01_Red.idat.gz	a393cc56cde3320bdc6967b6c3709fb9
GSM2403042_6929793052_R02C02_Grn.idat.gz	578c5c5daabad405ba185dbbe977e741
GSM2403042_6929793052_R02C02_Red.idat.gz	2cc67c3a50bac53bef55963fdcdf16d4
GSM2403043_6929793061_R04C01_Grn.idat.gz	2bf068cedfba0c6049ac16edcb325ace
GSM2403043_6929793061_R04C01_Red.idat.gz	8c93c9f80ecfe00fdea5e82990a49601
GSM2403044_6929793061_R05C01_Grn.idat.gz	3f74bb760b6a7d0b6471f74c8358932c
GSM2403044_6929793061_R05C01_Red.idat.gz	9f5a9d677beb5b242612e52514a171cf
GSM2403045_6929793052_R03C02_Grn.idat.gz	a796078082f951ddfa33c274fe5c6dc9
GSM2403045_6929793052_R03C02_Red.idat.gz	5c07a39e935377bb60e3c763a085d730
GSM2403046_6929793052_R04C02_Grn.idat.gz	f0d20490fea7ccac41cd74d84e1a3006
GSM2403046_6929793052_R04C02_Red.idat.gz	44465941193f36e8311630ec1f19f938
GSM2403047_6229009095_R06C02_Grn.idat.gz	a44f4e9ce5d203f9d53620f69fe7fcc8
GSM2403047_6229009095_R06C02_Red.idat.gz	0e133ffe8717bfdff2178c8d37b5e807
GSM2403048_6229009095_R02C02_Grn.idat.gz	3ac2cce3e84e942c03a0b102b5dc4a4f
GSM2403048_6229009095_R02C02_Red.idat.gz	8f0a31267737f657f79c4169ed5f607f
GSM2403049_6229017094_R01C01_Grn.idat.gz	9435053e9de09f4539dba4735ff93942
GSM2403049_6229017094_R01C01_Red.idat.gz	b52c7497e7112ceecc4a9e0ae129deb0
GSM2403050_6229017094_R02C01_Grn.idat.gz	9bff42a2cb0d2a0964905745382c6315
GSM2403050_6229017094_R02C01_Red.idat.gz	f39c13fd006792cb4e8496d20b3a9268
GSM2403051_6229017094_R03C01_Grn.idat.gz	f578209b38fd4d082f4c1befcacdc44a
GSM2403051_6229017094_R03C01_Red.idat.gz	ea0c7db297270194a018ac05d29216bb
GSM2403052_6229017094_R04C01_Grn.idat.gz	b21eaddcad4df318ee8046a8935a32ae
GSM2403052_6229017094_R04C01_Red.idat.gz	3524761bf8cafb486749b4bc3fc45c2e
GSM2403053_6229017094_R05C01_Grn.idat.gz	6633c9aa31abe911be4cb911d558098d
GSM2403053_6229017094_R05C01_Red.idat.gz	27e63aa2ad0cd3f7d2ac60cd7d22eb30
GSM2403054_6229017094_R06C01_Grn.idat.gz	4af155cc51068ad5b5f363d8bf95184c
GSM2403054_6229017094_R06C01_Red.idat.gz	4890949734f3a89b513e52c4fcf93c20
GSM2403055_6229017094_R01C02_Grn.idat.gz	8bb686f736e3559096d14e38740916b7
GSM2403055_6229017094_R01C02_Red.idat.gz	06a58c00af16fd2055f190e65cb49891
GSM2403056_6229017094_R02C02_Grn.idat.gz	e75760174a265dbe4108ba2ce081094e
GSM2403056_6229017094_R02C02_Red.idat.gz	7e674d54fb6b6d6950f2b5939d216445
GSM2403057_6229017094_R03C02_Grn.idat.gz	2dfc4b635775780149e598d59683dd73
GSM2403057_6229017094_R03C02_Red.idat.gz	2b783cae9e51fb0f5cab5fd30ddd5517
GSM2403058_6229017094_R04C02_Grn.idat.gz	bbec6260d8a555b98e48e1e27a29d913
GSM2403058_6229017094_R04C02_Red.idat.gz	3398a3c4c64c76ec3c2e9ed4246889d6
GSM2403059_6229017094_R05C02_Grn.idat.gz	0bd86ffc3eca3e3895f7c4606e96c7b3
GSM2403059_6229017094_R05C02_Red.idat.gz	c18f166a3c0af516f1a1837a8b6878a5
GSM2403060_6229017094_R06C02_Grn.idat.gz	4743dcb71706c2a2aff49dda1abb4519
GSM2403060_6229017094_R06C02_Red.idat.gz	f984c300918dfd1c271e42a967bc2e66
GSM2403061_6229017023_R04C02_Grn.idat.gz	62f659b27a90b9e890ebad9403f51190
GSM2403061_6229017023_R04C02_Red.idat.gz	77dfaf63f9c4dda0b2c8e06410bcbc6f
GSM2403062_6229017057_R05C02_Grn.idat.gz	eeb7fa91e7f157ffe60f97ec61c49c4e
GSM2403062_6229017057_R05C02_Red.idat.gz	6b16c88819be8b0485c2ac035b23ac47
GSM2403063_6229017023_R05C01_Grn.idat.gz	265c27ef11e0170fec1187c6eaa1b3df
GSM2403063_6229017023_R05C01_Red.idat.gz	bf096adeba13ae6ddd782a0e8c5e39aa
GSM2403064_6229017057_R01C01_Grn.idat.gz	60423c8f753847f68cade3f9c1653469
GSM2403064_6229017057_R01C01_Red.idat.gz	0cb4590c32f04eda7741fe5e82b027dc
GSM2403065_6229017023_R02C01_Grn.idat.gz	4ef38235080f3735f938ae1329853a51
GSM2403065_6229017023_R02C01_Red.idat.gz	b022271dc82c3cc50c846846efab16cd
GSM2403066_6229017057_R04C01_Grn.idat.gz	12d9ee89e223010c84c28c2915b9761f
GSM2403066_6229017057_R04C01_Red.idat.gz	7bea6273582765c5f1db033394f684cd
GSM2403067_6229017022_R04C02_Grn.idat.gz	7904280bbd8bed5beae38767e7cba7ce
GSM2403067_6229017022_R04C02_Red.idat.gz	f2ce4ec1fa74155675fe96deb8f8644d
GSM2403068_6229017022_R02C02_Grn.idat.gz	dee5d5c1cafe593bbe49e9cc8b66d83d
GSM2403068_6229017022_R02C02_Red.idat.gz	35493fc96679dee388cc230055fa533e
GSM2403069_6229017057_R05C01_Grn.idat.gz	c9f4426beb5c0e2fa9ace84a324acdff
GSM2403069_6229017057_R05C01_Red.idat.gz	0129619f97dcd2180defe6bf79503703
GSM2403070_6229017022_R06C02_Grn.idat.gz	45d0beea9fce10c91bbd97270af07d6b
GSM2403070_6229017022_R06C02_Red.idat.gz	e493c5561bb24e8c888cdc7b99d0cbb1
GSM2403071_6247004023_R01C01_Grn.idat.gz	9ce0717f6401fb9c24e8b08d5cc5ce5a
GSM2403071_6247004023_R01C01_Red.idat.gz	5068e0678c3718b0e257dd7952e22dde
GSM2403072_6247004023_R03C02_Grn.idat.gz	aa7ed1c3ef325353166206dedc8ead40
GSM2403072_6247004023_R03C02_Red.idat.gz	2f8d82ca37d0ff089ec5647bcc3b1125
GSM2403073_6247004023_R04C02_Grn.idat.gz	0d750de50f1637141a3553b35a8a0c8c
GSM2403073_6247004023_R04C02_Red.idat.gz	dd5ff5b1ee8fac60df4fba960f82336b
GSM2403074_6247004023_R02C01_Grn.idat.gz	b86e7b7a4374b241b4a24dd70b42b947
GSM2403074_6247004023_R02C01_Red.idat.gz	fa6fa307ea2e124c68ae518a43e5efec
GSM2403075_6247004023_R03C01_Grn.idat.gz	630ee05d1a8ab419afb7b60714512591
GSM2403075_6247004023_R03C01_Red.idat.gz	bd6d2f91478ac0ad6c021d7822433d3f
GSM2403076_6247004024_R03C01_Grn.idat.gz	ccd8feb849cfd2e58fb6896e5a994f43
GSM2403076_6247004024_R03C01_Red.idat.gz	c9297ff27a0ca4f742f9ea853d5f1294
GSM2403077_6247004027_R01C01_Grn.idat.gz	47ee58ee8d0780fd08543d9647dae781
GSM2403077_6247004027_R01C01_Red.idat.gz	666abecafd38181a7e3108007de21987
GSM2403078_6247004027_R02C01_Grn.idat.gz	e382ce288d50d2813233f46a80919acf
GSM2403078_6247004027_R02C01_Red.idat.gz	5b706410b863ee6d6dc217c5a153c779
GSM2403079_6247004027_R03C01_Grn.idat.gz	c0b0219669d8fc5d9cde8c26fa3aeb11
GSM2403079_6247004027_R03C01_Red.idat.gz	951034d6bf523cf0f491ad9d8f4b3589
GSM2403080_6247004027_R05C01_Grn.idat.gz	b870335aaf08a2bdde2dad5dcc2a3712
GSM2403080_6247004027_R05C01_Red.idat.gz	9dea54c27223e47da83af98a24f979d1
GSM2403081_6247004027_R06C01_Grn.idat.gz	2bb7b5de03d8f8eaa3317fcab4e9ed6d
GSM2403081_6247004027_R06C01_Red.idat.gz	46883a35048f92a5931b53032d349849
GSM2403082_6247004027_R04C02_Grn.idat.gz	dbe372f2ef03d87f4408d117fea9eefb
GSM2403082_6247004027_R04C02_Red.idat.gz	0a9ce873dd32b2cdbd8a72c79ab419ce
GSM2403083_6247004027_R05C02_Grn.idat.gz	486084c781a3525f9cdc4fc5c72d8f23
GSM2403083_6247004027_R05C02_Red.idat.gz	8b2955d2d5637bf0060061839d8ac79e
GSM2403084_6247004024_R03C02_Grn.idat.gz	6d27b158717834f24b4e0ce925c14447
GSM2403084_6247004024_R03C02_Red.idat.gz	7bff590dabcba7240d0ae0f070479d6b
GSM2403085_6247004024_R05C02_Grn.idat.gz	59086bc524d91542d00a202c94e7ad20
GSM2403085_6247004024_R05C02_Red.idat.gz	0aff00aedbf553a38dbc84bfc4834ee3
GSM2403086_6247004027_R01C02_Grn.idat.gz	fa513e0bf407f33cee3a1efaf13ea3b8
GSM2403086_6247004027_R01C02_Red.idat.gz	735da6789fb162557d97660865d32dd5
GSM2403087_6229017111_R06C01_Grn.idat.gz	d890836749ce11b65f58948c963f7609
GSM2403087_6229017111_R06C01_Red.idat.gz	50e47a565c71e3d58d9f01f33f9f10b8
GSM2403088_6229017103_R06C01_Grn.idat.gz	c250d7042e00005ce93c737082b10ec1
GSM2403088_6229017103_R06C01_Red.idat.gz	23a7fedb202a74dc31709e40e219c293
GSM2403089_6229017111_R01C02_Grn.idat.gz	59d9ea405e54f7ff8009d324919b20d7
GSM2403089_6229017111_R01C02_Red.idat.gz	228614f720d7d1933d718492018482f2
GSM2403090_6229017111_R02C02_Grn.idat.gz	018425270ac6dbea1a221e8f1db6ea91
GSM2403090_6229017111_R02C02_Red.idat.gz	957d3a1fe1e0233e9f5af891cdb62931
GSM2403091_6229017111_R04C02_Grn.idat.gz	e17b9b602cbe2d5cb5d6cc80e134a90e
GSM2403091_6229017111_R04C02_Red.idat.gz	83e52df6eea6d12e12ff72b0834e073d
GSM2403092_6229017120_R01C01_Grn.idat.gz	7ce0741cf6cb95f3139b07a1c63258ce
GSM2403092_6229017120_R01C01_Red.idat.gz	889c701bf0ee6030c59717f3f5ca1827
GSM2403093_6229017120_R02C01_Grn.idat.gz	68f226c5adddb93ae0d01ce22bdf3f38
GSM2403093_6229017120_R02C01_Red.idat.gz	fadd1d31108626ab2536340733b57d27
GSM2403094_6229017120_R04C01_Grn.idat.gz	83fc69c881e4878095dc347611cb3db9
GSM2403094_6229017120_R04C01_Red.idat.gz	0e1a882eb7bf5dbabe867093a22bfc64
GSM2403095_6229017120_R05C01_Grn.idat.gz	75c1b76251b8c507dea4ac0a19103b55
GSM2403095_6229017120_R05C01_Red.idat.gz	485387d37b466236ab76b910f7eebec0
GSM2403096_6229017120_R02C02_Grn.idat.gz	644339a45f5ec3ad7b4d4dd06cb75b58
GSM2403096_6229017120_R02C02_Red.idat.gz	84257b7927fabb4f0f92aa49c8dc05f0
GSM2403097_6229017103_R03C02_Grn.idat.gz	82a1ce0f0374d505c5713b4a3258887c
GSM2403097_6229017103_R03C02_Red.idat.gz	54f13b8af87d7d05cdf33c297122d144
GSM2403098_6229017103_R04C01_Grn.idat.gz	0fc4008a34df45ca0384605d49a8ecc1
GSM2403098_6229017103_R04C01_Red.idat.gz	bf1e3bd7b38527c2e16aa801560052e6
GSM2403099_6229017111_R01C01_Grn.idat.gz	d039024614f8870e14e23da583fcbe45
GSM2403099_6229017111_R01C01_Red.idat.gz	60cb94fb1b1cd2e77a7a38266e07207b
GSM2403100_6229017103_R05C01_Grn.idat.gz	540aa0ee9e2c7213a6681e97f33843a3
GSM2403100_6229017103_R05C01_Red.idat.gz	240e19b0093e2773cb3ea08f1b95fcd2
GSM2403101_6229017111_R04C01_Grn.idat.gz	7bf8d25768a4c266ac3dad61d4626489
GSM2403101_6229017111_R04C01_Red.idat.gz	cede1b9dbf30e2018947f1d5739b660b
GSM2403102_6229017111_R05C01_Grn.idat.gz	d1b81595effeb25182f72b6f3ff7788b
GSM2403102_6229017111_R05C01_Red.idat.gz	7cc8817bc62fad328a71eea1fa853de7
GSM2403103_6929793058_R01C01_Grn.idat.gz	e2a0f960a7cb0799bc9ab9d96249ddde
GSM2403103_6929793058_R01C01_Red.idat.gz	48bd9b9bd11a8b03867357b252d3abdf
GSM2403104_6929793058_R02C01_Grn.idat.gz	072e3213cd82ca2cbf8bdef75925aa8f
GSM2403104_6929793058_R02C01_Red.idat.gz	ef4d45b7d1b75b7fb5629e16e5282f73
GSM2403105_6969568010_R04C01_Grn.idat.gz	90785348daad2404f74675fc5584353c
GSM2403105_6969568010_R04C01_Red.idat.gz	b9cafe946c2d8bc973d36e2c42e1c625
GSM2403106_6969568010_R01C01_Grn.idat.gz	731e391d1834350a2decadc106989002
GSM2403106_6969568010_R01C01_Red.idat.gz	e9c2e32377914a07b964887256f094e1
GSM2403107_6969568010_R02C01_Grn.idat.gz	87983167e79a56787d080226955052c5
GSM2403107_6969568010_R02C01_Red.idat.gz	28a8754db50a44c5991dd30e3a9241c7
GSM2403108_6969568010_R03C01_Grn.idat.gz	9f167aa71fba27e6e721d442b68f6e10
GSM2403108_6969568010_R03C01_Red.idat.gz	cca56d69b4bba8971ae92f9c0e3b5324
GSM2403109_6969568010_R05C02_Grn.idat.gz	e9d6ce2588b8a662156a924af1dd5293
GSM2403109_6969568010_R05C02_Red.idat.gz	3dd5dadb5b4dd85dbb6de5c0d6cb475f
GSM2403110_6969568010_R02C02_Grn.idat.gz	d9820c98cb4de2a362fdd94d89eed0ee
GSM2403110_6969568010_R02C02_Red.idat.gz	6689ef83f8700a690dde5e454bef261e
GSM2403111_6969568010_R04C02_Grn.idat.gz	71b8cc746609d80bba6d32b0beed12b6
GSM2403111_6969568010_R04C02_Red.idat.gz	8ac1ec3b1e6f2f7a79a0b431d4d7f072
GSM2403112_6969568103_R03C01_Grn.idat.gz	07056a5fb7c38df7e8674b815b6ab5a5
GSM2403112_6969568103_R03C01_Red.idat.gz	1c90973fd5e61d9a7b5427b7b0a6d375
GSM2403113_6969568103_R03C02_Grn.idat.gz	a0689660c74e5b11d17404ef08368de3
GSM2403113_6969568103_R03C02_Red.idat.gz	7bd1ccda2f84a28e324a9f72cf871a84
GSM2403114_6969568103_R06C01_Grn.idat.gz	09217761b5395a33302532a3551057bd
GSM2403114_6969568103_R06C01_Red.idat.gz	8fb0573325cc5d07e1aa9c1b5653180c
GSM2403115_6969568103_R01C01_Grn.idat.gz	3dada840509c3f488e9cb33743f48cbf
GSM2403115_6969568103_R01C01_Red.idat.gz	c58f2352d882650e235c000ada27527a
GSM2403116_6969568103_R02C02_Grn.idat.gz	d50037dec980f64dc548c250a48590d7
GSM2403116_6969568103_R02C02_Red.idat.gz	bb10e489862963c6e4a108f3e8e3063d
GSM2403117_6969568103_R02C01_Grn.idat.gz	6d7fc77473bfe7ee1886c33e0649a508
GSM2403117_6969568103_R02C01_Red.idat.gz	33fb2d4ab95e8c4c1eb0eb42a6ecc566
GSM2403118_6969568103_R05C01_Grn.idat.gz	8dacc252d651f0401bae2f6b1f82218d
GSM2403118_6969568103_R05C01_Red.idat.gz	3fbcc22f253ed395e4a2af6aa9b9f4cf
GSM2403119_6969568103_R04C01_Grn.idat.gz	ba47c37b312a1513d7a05174868f79ee
GSM2403119_6969568103_R04C01_Red.idat.gz	b25a2aa019b274ea867c50916dad8102
GSM2403120_6285641004_R02C02_Grn.idat.gz	ecb740995223036a791b1541625bcc1f
GSM2403120_6285641004_R02C02_Red.idat.gz	8871833fb6b40e5062c3b957b44b0a31
GSM2403121_6285641004_R05C01_Grn.idat.gz	c4b7e498eab27580e9739ce7f090db8f
GSM2403121_6285641004_R05C01_Red.idat.gz	43960e002da05a4f0ca70cde64a152c8
GSM2403122_6285641005_R05C01_Grn.idat.gz	5398a6aa8353c592b487e5f7dda2d8a5
GSM2403122_6285641005_R05C01_Red.idat.gz	c96a849d669c74a650b775c7f3479c84
GSM2403123_6285641005_R01C01_Grn.idat.gz	242e60904c0708c74d920897bb3aca59
GSM2403123_6285641005_R01C01_Red.idat.gz	f0ab0833f693c7ce41216af4272fbb35
GSM2403124_6285641005_R06C01_Grn.idat.gz	4fc0a4ddf243c10ce8fd3ee1e25a48dd
GSM2403124_6285641005_R06C01_Red.idat.gz	2890109d0dd1cb6ae1d3e1263d698744
GSM2403125_6285641004_R06C01_Grn.idat.gz	026f7b4e3e3d1290a2fc10b4ed53218d
GSM2403125_6285641004_R06C01_Red.idat.gz	b51eee85de61d9563494949c030ad318
GSM2403126_6285641012_R03C02_Grn.idat.gz	67bd3de5629cf61ecc914dc119788a85
GSM2403126_6285641012_R03C02_Red.idat.gz	1c2794b565f7752d0c2bd46bda58141f
GSM2403127_6285641010_R03C01_Grn.idat.gz	9ccd933962d18e758c2db005db38928a
GSM2403127_6285641010_R03C01_Red.idat.gz	c43a217df6851fecae2011c66622f552
GSM2403128_6285641010_R02C01_Grn.idat.gz	4647e5f53612e1234392544c2338fdee
GSM2403128_6285641010_R02C01_Red.idat.gz	bbbcce50159552c23fd73a0974d4ddeb
GSM2403129_6752625054_R01C01_Grn.idat.gz	b419d840259272d77b496a2981699998
GSM2403129_6752625054_R01C01_Red.idat.gz	4ea35f4a3ba136c7fb6832cddec7fdf7
GSM2403130_6752625054_R04C01_Grn.idat.gz	e7e776a16c7f364f9e75bcdef5923844
GSM2403130_6752625054_R04C01_Red.idat.gz	9c3b2ac9e1d587277c4232be7043f94a
GSM2403131_6752625054_R05C01_Grn.idat.gz	5fac527523b2c493f4adde44a71a13a5
GSM2403131_6752625054_R05C01_Red.idat.gz	27d8379c7739822d1334727c77f436fc
GSM2403132_6752625054_R06C01_Grn.idat.gz	e482119b83abc587adcffd329e3bbf7a
GSM2403132_6752625054_R06C01_Red.idat.gz	d0ab44869427007a84fda3cf288f7a58
GSM2403133_6752625054_R01C02_Grn.idat.gz	3e94da36088a8c217d936c9fcca39f1c
GSM2403133_6752625054_R01C02_Red.idat.gz	2e1239a234cbb242e39849488430ceb1
GSM2403134_6752625054_R02C02_Grn.idat.gz	3924ab5590d2b41824216c263d9d4221
GSM2403134_6752625054_R02C02_Red.idat.gz	951e3ed7f5407c709dd8229521e194d5
GSM2403135_6752625054_R03C02_Grn.idat.gz	aae2c2d6922d9df8dcf9dc3d334a1854
GSM2403135_6752625054_R03C02_Red.idat.gz	d2f40ca40738a941c60eefdc4d8dc028
GSM2403136_6752625054_R04C02_Grn.idat.gz	90961243602ed82d944fefdbd3a8adef
GSM2403136_6752625054_R04C02_Red.idat.gz	f561cf1ad7ea40d171dc8b0974831217
GSM2403137_6752625054_R05C02_Grn.idat.gz	6001833ce5f5c9010733c4760cb5a12b
GSM2403137_6752625054_R05C02_Red.idat.gz	b23a3c6fbd34840e9c9e9cbf97e041ff
GSM2403138_6752625054_R06C02_Grn.idat.gz	6693a2f73d8b17c3506a87b4992dc6f5
GSM2403138_6752625054_R06C02_Red.idat.gz	3f3d7fa011c53965485b6416cfe0ef51
GSM2403139_6752625051_R02C02_Grn.idat.gz	1db0946f297ee4ce1b42d15b9ab3b10f
GSM2403139_6752625051_R02C02_Red.idat.gz	19d0f041f563aac029a9330f6f4a25aa
GSM2403140_6752625051_R03C02_Grn.idat.gz	d2c11c7de4e46f0e62dacefb4c1ae456
GSM2403140_6752625051_R03C02_Red.idat.gz	73f0ebac8a8c43b873f320f6f7e32135
GSM2403141_6752625051_R05C02_Grn.idat.gz	4ce2898b48da7ac3949a9c33adc5ebc2
GSM2403141_6752625051_R05C02_Red.idat.gz	b7a235c5eedcc48cb12936bc65191f63
GSM2403142_6752625051_R06C02_Grn.idat.gz	53a447e84b88ef76b629d772f9f6530a
GSM2403142_6752625051_R06C02_Red.idat.gz	ba7848ef2300db4cbbe5c10a803146ae
GSM2403143_6752625079_R05C01_Grn.idat.gz	45d5aa18a7c2027046eedb1d36f7be9b
GSM2403143_6752625079_R05C01_Red.idat.gz	4d933822c76674b3a9ba271cf0c0dc3c
GSM2403144_6752625079_R06C01_Grn.idat.gz	d071c8dcda9d1ad71920ac98ad40c519
GSM2403144_6752625079_R06C01_Red.idat.gz	077ae87c85d57a1ca0edbaca2d493d37
GSM2403145_6752625079_R01C02_Grn.idat.gz	caed0c346264d82156b163e5742511f7
GSM2403145_6752625079_R01C02_Red.idat.gz	25619659fa1128025dc8ccae0be5a4cc
GSM2403146_6752625079_R02C02_Grn.idat.gz	fbd4460411e1318038c59b28367addc8
GSM2403146_6752625079_R02C02_Red.idat.gz	e6d1802ec226d05e5e5699909378f695
GSM2403147_6752625079_R03C02_Grn.idat.gz	4590b8ee73fb63b269a734aefdbc5dd4
GSM2403147_6752625079_R03C02_Red.idat.gz	e01f13b303235f4a03e9861c8c82839f
GSM2403148_6752625079_R04C02_Grn.idat.gz	79ea96fae0274a9b5aa1a565b68d1653
GSM2403148_6752625079_R04C02_Red.idat.gz	ddb0c26993fb3828932b70f49b4a46da
GSM2403149_6752625095_R05C01_Grn.idat.gz	fc695feefc418c0ced78b0dac732030a
GSM2403149_6752625095_R05C01_Red.idat.gz	83a9bf880ebedb16e11469b28b6980e7
GSM2403150_6752625095_R01C02_Grn.idat.gz	9d4a80bb816447fbd1727a288db62ddd
GSM2403150_6752625095_R01C02_Red.idat.gz	76f2d5405e407150d6aef89c253dbea7
GSM2403151_6752625095_R02C02_Grn.idat.gz	809c0b56a74a9b838d2ede3d259c7b92
GSM2403151_6752625095_R02C02_Red.idat.gz	119ab89137390cefc8e7fce726caa00c
GSM2403152_6752625095_R03C02_Grn.idat.gz	3046bd4408723d0786c97369e023a94c
GSM2403152_6752625095_R03C02_Red.idat.gz	ff88749088c0a7ad713d144d14c8ae63
GSM2403153_6752625095_R04C02_Grn.idat.gz	4ae156b6f8fecd80895c3b3e14d45396
GSM2403153_6752625095_R04C02_Red.idat.gz	c7284534fc13a661dfe9cd526f80e507
GSM2403154_6752625095_R05C02_Grn.idat.gz	a5c2e06f81cf350e071b96fd81916b35
GSM2403154_6752625095_R05C02_Red.idat.gz	7cf0d3be7214dbc2d08ec969623efc2b
GSM2403155_6752625088_R03C01_Grn.idat.gz	8336d9837a5bc025bd193c76eb34e519
GSM2403155_6752625088_R03C01_Red.idat.gz	3fa226c04f51350517b9ff4f4a11a4e7
GSM2403156_6752625088_R04C01_Grn.idat.gz	a66f2e681728d86bcb54319abd93a6cd
GSM2403156_6752625088_R04C01_Red.idat.gz	fcc609511134d501eb43bd66d4eea2b0
GSM2403157_6752625088_R05C01_Grn.idat.gz	e74749e51e18be897c7ba97e5fe88cdd
GSM2403157_6752625088_R05C01_Red.idat.gz	78b893e50093bfa597e810b857bae20f
GSM2403158_6752625088_R06C01_Grn.idat.gz	8e6ba9eacd0a407b484908849d60cdb4
GSM2403158_6752625088_R06C01_Red.idat.gz	e7301d00069f5bb4fcc60426e26ba5c2
GSM2403159_6752625088_R03C02_Grn.idat.gz	67845fb4c9d0448e85269ac3fc8616dd
GSM2403159_6752625088_R03C02_Red.idat.gz	db90e65687f17e7b243308411c6ce082
GSM2403160_6752625088_R04C02_Grn.idat.gz	6a1d510d5bfaecc04de602ed9cc63405
GSM2403160_6752625088_R04C02_Red.idat.gz	e6f2c93017ddbad35f94eb520c9bab7d
GSM2403161_6752625088_R06C02_Grn.idat.gz	873a0e957a26699979767a6e3e1c2b1f
GSM2403161_6752625088_R06C02_Red.idat.gz	66e5d1914a8339790df1889b2da955c1
GSM2403162_6752625089_R01C01_Grn.idat.gz	f42abda0f75d1771d366cdd8f1f0d908
GSM2403162_6752625089_R01C01_Red.idat.gz	fc271f67f22107ee401d75f84fda346c
GSM2403163_6752625089_R03C01_Grn.idat.gz	2f0bd7a2a943ca96484ad10e12432a16
GSM2403163_6752625089_R03C01_Red.idat.gz	7d1c17b8f412c43c0368de235b8222ec
GSM2403164_6752625089_R06C01_Grn.idat.gz	12028d4a48e55cea84647b4485fa5928
GSM2403164_6752625089_R06C01_Red.idat.gz	675973d596878259224c2f3793136604
GSM2403165_6752625089_R01C02_Grn.idat.gz	26becd27d32078ada3c0246c8947be58
GSM2403165_6752625089_R01C02_Red.idat.gz	8f7682c8ea957e79afbd1d9d46830814
GSM2403166_6752625089_R02C02_Grn.idat.gz	e0d7223aa7a1b70367b288ae1697062d
GSM2403166_6752625089_R02C02_Red.idat.gz	5f3ee29fe1060beeb0c88a52f871c5f9
GSM2403167_6752625089_R04C02_Grn.idat.gz	944b282038d3a5b309d8648137ee18d1
GSM2403167_6752625089_R04C02_Red.idat.gz	6678b6a3db7daf8ab905574ea4dfc3c7
GSM2403168_6752625089_R05C02_Grn.idat.gz	c0bb2bf71d8ffa66fbe9e6f0586f6178
GSM2403168_6752625089_R05C02_Red.idat.gz	97d9c33985251eba3b6cd0bb0d793874
GSM2403169_6752625091_R01C01_Grn.idat.gz	bdb5b505727930867036d238c89e7656
GSM2403169_6752625091_R01C01_Red.idat.gz	0140068d4f4123ef73a4e95fda63de5a
GSM2403170_6752625091_R02C01_Grn.idat.gz	cc4a871b8e38292a32daf5f2c86fcb6f
GSM2403170_6752625091_R02C01_Red.idat.gz	2cd3574d9fc380d744e04d0d35100170
GSM2403171_6752625091_R03C01_Grn.idat.gz	33ac6bdcecdf04c5bb0abe93269c20b2
GSM2403171_6752625091_R03C01_Red.idat.gz	f1ea50cd23d34d92580cd7f8f2978137
GSM2403172_6752625091_R04C01_Grn.idat.gz	42b173a09ce73fa97ceb790ceb5828be
GSM2403172_6752625091_R04C01_Red.idat.gz	6f9db0d39e472f9103d22134facbf0ca
GSM2403173_6752625091_R05C01_Grn.idat.gz	574a4e43f376b16947adcc8abbbba699
GSM2403173_6752625091_R05C01_Red.idat.gz	f9c1ce0bc6739508b8153ba9d8701682
GSM2403174_6752625091_R06C01_Grn.idat.gz	e692415ee35f59db1b788a268c011fad
GSM2403174_6752625091_R06C01_Red.idat.gz	c5f56209435479ff33c192c5d17c438a
GSM2403175_6752625091_R01C02_Grn.idat.gz	3b9da1d65291294212ee0156f6926154
GSM2403175_6752625091_R01C02_Red.idat.gz	cff2fe7715bea1645d8570ef8e3658c7
GSM2403176_6752625091_R03C02_Grn.idat.gz	ddbe9410b56a947530e382d6fceb74d2
GSM2403176_6752625091_R03C02_Red.idat.gz	0632105473461d18c370bbeb65e7586a
GSM2403177_6752625091_R05C02_Grn.idat.gz	8f6c3a7fef865ca2f523fcd421539837
GSM2403177_6752625091_R05C02_Red.idat.gz	76f1a853830adcd12b398e8e7e5b7ce4
GSM2403178_6752625091_R06C02_Grn.idat.gz	6e8ab1c20924ff78e74f046a00bcc85c
GSM2403178_6752625091_R06C02_Red.idat.gz	efaedb8048e73eafd463fc38dd1072f8
GSM2403179_6752625095_R01C01_Grn.idat.gz	378a3a3a18ff2c171635836ba014256f
GSM2403179_6752625095_R01C01_Red.idat.gz	10ebcfb7210d97ffb183bd3721c94e7d
GSM2403180_6752625095_R03C01_Grn.idat.gz	96a1207fb088c46d3151420be964c300
GSM2403180_6752625095_R03C01_Red.idat.gz	7ee6d368c0abeb13364cebab2fbd442f
GSM2403181_6752625095_R04C01_Grn.idat.gz	7b31debf7b9fa5b9aa8633b4aeb1ce16
GSM2403181_6752625095_R04C01_Red.idat.gz	c49602490bd4fa85d1adfab220be5284
GSM2403182_6752625107_R05C02_Grn.idat.gz	b1af9fadb60fb5b1b60b890a8071f946
GSM2403182_6752625107_R05C02_Red.idat.gz	a2127c9d509fc635f0638c5696d0930e
GSM2403183_6752625106_R01C02_Grn.idat.gz	831f78b15057f6e395c13e3fe590d389
GSM2403183_6752625106_R01C02_Red.idat.gz	90e15d51a11e68dfa376e3325714f23b
GSM2403184_6752625107_R01C02_Grn.idat.gz	cb951416037ba81e1bfb34fa0762c207
GSM2403184_6752625107_R01C02_Red.idat.gz	96ca607ee2a2032580e500ae35b81f09
GSM2403185_6752625107_R04C02_Grn.idat.gz	7e4490c9a58e5e9f34ee9533491b0422
GSM2403185_6752625107_R04C02_Red.idat.gz	d627983a6d91edd29a158b0cc214192a
GSM2403186_6752625107_R01C01_Grn.idat.gz	53e718fe580d11ea222337d5d9b7922f
GSM2403186_6752625107_R01C01_Red.idat.gz	8d54fcfe80ea1fb5e4b6b9a1cb67d0ad
GSM2403187_6929806024_R01C01_Grn.idat.gz	8c19f091a55f27bb2bfb5955c7d4269e
GSM2403187_6929806024_R01C01_Red.idat.gz	cfbd1968cbc1407a1d4058108a1c6e76
GSM2403188_6929806024_R03C01_Grn.idat.gz	12569ba4dc60e5745d2dea8e4c07d6c8
GSM2403188_6929806024_R03C01_Red.idat.gz	4b1ea371d7d74b0ef48a38c3c4fa6105
GSM2403189_6929806024_R02C01_Grn.idat.gz	140c5d56776700e74dc8c17a2bc43b31
GSM2403189_6929806024_R02C01_Red.idat.gz	36ecda9e33f88d57c69b9644e4a49ff4
GSM2403190_6929806024_R02C02_Grn.idat.gz	c393f1a80952f682b1b42a31004ebfad
GSM2403190_6929806024_R02C02_Red.idat.gz	fb37d196c98065ac836c0b52047a229d
GSM2403191_6929806024_R04C02_Grn.idat.gz	1629620eff32edadfd6844cc60fd1ce6
GSM2403191_6929806024_R04C02_Red.idat.gz	b0cba6e8d2855dccc2acb57879130af3
GSM2403192_6929806024_R06C02_Grn.idat.gz	35314dcec586f1f770d28a9eb35947a3
GSM2403192_6929806024_R06C02_Red.idat.gz	5bad361ca1986b33186d0a697b075763
GSM2403193_6929806038_R01C01_Grn.idat.gz	4d79602b861d3b65246bb18f7c80bb81
GSM2403193_6929806038_R01C01_Red.idat.gz	db378a29ee97d710cb1fc0bbceb1f6d5
GSM2403194_6929806038_R02C01_Grn.idat.gz	f423f545da3098f2f86df8dc122d6285
GSM2403194_6929806038_R02C01_Red.idat.gz	7c692250e8c1198211b38dad401f0465
GSM2403195_6929806038_R03C01_Grn.idat.gz	30925b62f8125a516d104a0bb70897d6
GSM2403195_6929806038_R03C01_Red.idat.gz	b4d010c619a2b819ddf31d8391e15eeb
GSM2403196_6929806038_R04C01_Grn.idat.gz	d2d22c193bb44ba1afbeb883ae79e4ee
GSM2403196_6929806038_R04C01_Red.idat.gz	b773cd8acb16e233cc5f3ce13a64eba4
GSM2403197_6929806038_R05C01_Grn.idat.gz	99cc9ca2fcc790545e873715661ad74f
GSM2403197_6929806038_R05C01_Red.idat.gz	bcd946759fa2d9af54a14511650bdd8b
GSM2403198_6929806038_R04C02_Grn.idat.gz	da47bc6d55827b7cece9a9edc759da07
GSM2403198_6929806038_R04C02_Red.idat.gz	df531784662d94c8cbb79b83b3d80fff
GSM2403199_6929806038_R05C02_Grn.idat.gz	928935fcec581f9f55cd9d9075ff87af
GSM2403199_6929806038_R05C02_Red.idat.gz	3388db5f9a69bbba0c2c3fde81b22099
GSM2403200_6929806038_R06C02_Grn.idat.gz	ebce145173d5c3c961141f66ffeda689
GSM2403200_6929806038_R06C02_Red.idat.gz	8e057cb963fc33e249af5b780e9d7688
GSM2403201_6929806046_R01C01_Grn.idat.gz	d519920421bb07a0e1f457b36663c8ea
GSM2403201_6929806046_R01C01_Red.idat.gz	ecde7a981945a8c19a7a147a9ef0e79a
GSM2403202_6929806046_R02C01_Grn.idat.gz	65a7e91210f3418375c1bb03ae579c25
GSM2403202_6929806046_R02C01_Red.idat.gz	6490863a8725d900635630a85c01f6e5
GSM2403203_6929806046_R03C01_Grn.idat.gz	56c6f1b7919a37b6fe193c4d3957410e
GSM2403203_6929806046_R03C01_Red.idat.gz	d7fe8376a8a76bac6c96e4264dadf3c4
GSM2403204_6929806046_R04C01_Grn.idat.gz	6e4368ecade52c00666b240db0efbef6
GSM2403204_6929806046_R04C01_Red.idat.gz	e887ee358b3c98e22f0049952ee13c65
GSM2403205_6929806046_R06C01_Grn.idat.gz	1bc0f4fb3cae2beb09540fe03e5c796f
GSM2403205_6929806046_R06C01_Red.idat.gz	20d77a2f411338de24f343d8d1b0d7e7
GSM2403206_6929806046_R03C02_Grn.idat.gz	ad03fa43d4674a3e131840649b357724
GSM2403206_6929806046_R03C02_Red.idat.gz	7259062bc2ef2abf0a82bdaed693cbfd
GSM2403207_6929806046_R04C02_Grn.idat.gz	cb4e986aa431af4d1c43d968b8cce74a
GSM2403207_6929806046_R04C02_Red.idat.gz	f83aab1cdfe027f3a98adc0faea64c57
GSM2403208_6929806046_R05C02_Grn.idat.gz	e900085fdacf30f35c9e226928aba069
GSM2403208_6929806046_R05C02_Red.idat.gz	41621064869275e405e0abcc579f915f
GSM2403209_6929806048_R02C01_Grn.idat.gz	0e1b5e537b7830d209bbc0f0206ff7b4
GSM2403209_6929806048_R02C01_Red.idat.gz	af16228545366b66ec874cf22798d3b5
GSM2403210_6929806048_R05C01_Grn.idat.gz	ecc05b57ed594ee010ebe1c7da25c3ad
GSM2403210_6929806048_R05C01_Red.idat.gz	db7b4db629b5e4d43f0290c16bc650d4
GSM2403211_6929806048_R06C01_Grn.idat.gz	a1e25c166468572f43dc475ca71d6af4
GSM2403211_6929806048_R06C01_Red.idat.gz	fdcaa924e7ad738fa1d896bdb39d844c
GSM2403212_6929806048_R01C02_Grn.idat.gz	0d272a0e047941c9c9db948c77fd1cff
GSM2403212_6929806048_R01C02_Red.idat.gz	6de29ac595486ccc1c44aabe00662bed
GSM2403213_6929806048_R02C02_Grn.idat.gz	4a2ba9b1c43672cb0a5c2d30b455e7c5
GSM2403213_6929806048_R02C02_Red.idat.gz	6c3d837b2717e9d014f3115f45f85d62
GSM2403214_6929806048_R04C02_Grn.idat.gz	6d218f43bb48e988323284c663b7fc6a
GSM2403214_6929806048_R04C02_Red.idat.gz	91206d2770eb66f1e51ae43a92e31a89
GSM2403215_6929806048_R05C02_Grn.idat.gz	091a2abbf35a39e10ff87dfdd030ffbb
GSM2403215_6929806048_R05C02_Red.idat.gz	8edebb05157eb2cf0f1c36eae7dfcb75
GSM2403216_6929806048_R06C02_Grn.idat.gz	da38b7904973d42b7a64da4f5f67625b
GSM2403216_6929806048_R06C02_Red.idat.gz	56c1a9e6b20d829bcd3bade2a08b3960
GSM2403217_7310440067_R01C01_Grn.idat.gz	c06abe038f90c1a141b1aa5c762dcd53
GSM2403217_7310440067_R01C01_Red.idat.gz	67303dc9cf0b44f151d73610fece9abf
GSM2403218_7310440067_R02C01_Grn.idat.gz	8f720c96bdd6cac6031f7daecaa060ee
GSM2403218_7310440067_R02C01_Red.idat.gz	0524d0afda25ede9968a52f4342abb6a
GSM2403219_7310440067_R04C01_Grn.idat.gz	dc1d6495456a6b40ebebd2100b940755
GSM2403219_7310440067_R04C01_Red.idat.gz	e7e46574c6c42fc83e02bfff315a4275
GSM2403220_7310440067_R05C01_Grn.idat.gz	43e0ed9d2abd8dcf85f249d6f313ef33
GSM2403220_7310440067_R05C01_Red.idat.gz	389d25e7ecd3335a1c811014e06e1cef
GSM2403221_7310440067_R06C01_Grn.idat.gz	9bc14b88b0707ac9ed7c077880685c77
GSM2403221_7310440067_R06C01_Red.idat.gz	05cfdfa325501f44380073657182139d
GSM2403222_7310440067_R01C02_Grn.idat.gz	e5d1b6f1d067aeae8644935188d6f8ba
GSM2403222_7310440067_R01C02_Red.idat.gz	fb4e9c55837438f35628bd7cfe31b708
GSM2403223_7310440067_R03C02_Grn.idat.gz	bd022d48229a159e5bbb03c7a8ba31dd
GSM2403223_7310440067_R03C02_Red.idat.gz	aa75ccfe8fefc0ca7ec2ad9f6ffe997a
GSM2403224_7310440067_R04C02_Grn.idat.gz	00a6ec66400c6d5a211f648bc943423d
GSM2403224_7310440067_R04C02_Red.idat.gz	3a40d589ee2854e41940f4cff947b2c3
GSM2403225_7310440067_R06C02_Grn.idat.gz	599eb30ae862e5c305c534b16bde993f
GSM2403225_7310440067_R06C02_Red.idat.gz	44ffbd1d3c9409fdfeb19db7bf306095
GSM2403226_6752625135_R01C01_Grn.idat.gz	2d868599e24be66ff61b8aaea4b7fbd8
GSM2403226_6752625135_R01C01_Red.idat.gz	21632af48575739cefa8cd49828d9a16
GSM2403227_6752625133_R06C02_Grn.idat.gz	a2741ace2d33bd55c23273f939b4656a
GSM2403227_6752625133_R06C02_Red.idat.gz	6e25d4bfc772fb1549ffd8d4c76a451a
GSM2403228_6752625135_R06C02_Grn.idat.gz	764bac711e85116e98c831ef8609adfe
GSM2403228_6752625135_R06C02_Red.idat.gz	c5bc0501aab99f4591dfdd2b65f50972
GSM2403229_6969568124_R02C01_Grn.idat.gz	4ae4e59a2817477f44a79661dd05ef2d
GSM2403229_6969568124_R02C01_Red.idat.gz	4ee3dadce65e1c0e2dfda72bc8f285a8
GSM2403230_7310440009_R04C02_Grn.idat.gz	cb1956996125a199388c60f72ca3574a
GSM2403230_7310440009_R04C02_Red.idat.gz	fc4b088df78d1974a5e7950f5938df98
GSM2403231_7310440009_R06C01_Grn.idat.gz	b3850581dc69f8bd11f313291b60c1c8
GSM2403231_7310440009_R06C01_Red.idat.gz	def60ef21b700dd2ce66530dfa39c21f
GSM2403232_7310440009_R03C01_Grn.idat.gz	9ed690e22d7a8da1c7c31075fcb96cd4
GSM2403232_7310440009_R03C01_Red.idat.gz	bb790d5c31f41a3934343b2791a411e2
GSM2403233_7310440006_R03C01_Grn.idat.gz	6311ca6edff53e50b2fae645e63fd2fa
GSM2403233_7310440006_R03C01_Red.idat.gz	1c3d7e827d2fdfa719e4bf5e5cb7be86
GSM2403234_7310440006_R02C01_Grn.idat.gz	de3f832ea461a3c85872790eff6fc62b
GSM2403234_7310440006_R02C01_Red.idat.gz	90d68bffc29c726ee9c1a930a299dafe
GSM2403235_7310440006_R05C01_Grn.idat.gz	b56ea2724cda6028257a127847b6ea74
GSM2403235_7310440006_R05C01_Red.idat.gz	5375ee08419a029e3ac2468ed7ef3220
GSM2403236_7310440006_R05C02_Grn.idat.gz	dc7c9f1d69efb79b1293d55a62dd47ca
GSM2403236_7310440006_R05C02_Red.idat.gz	02a1e22167a1d5a4dfece27c13754a67
GSM2403237_7310440006_R06C01_Grn.idat.gz	90b14b8694e18254fd2ad092d3abdc13
GSM2403237_7310440006_R06C01_Red.idat.gz	7d1c88404e87df72a28cb8cd51dfde38
GSM2403238_7310440006_R03C02_Grn.idat.gz	83e7e5b65cc06c37eca988626c1522d5
GSM2403238_7310440006_R03C02_Red.idat.gz	83ce985bbaca736631e922e88bb18850
GSM2403239_7310440006_R04C02_Grn.idat.gz	b0b59344d851e7fcd1dc7cdf7d5e5c77
GSM2403239_7310440006_R04C02_Red.idat.gz	9c5d6a081e599e3bca514d5e6a170814
GSM2403240_7310440009_R01C01_Grn.idat.gz	2dd0a34cc1f29c5ccf71a4343a450a0e
GSM2403240_7310440009_R01C01_Red.idat.gz	1debbae385055d657776bc6c85cf82ae
GSM2403241_7970368141_R02C01_Grn.idat.gz	9a575537f020a5d4dd2c608d9ec85e61
GSM2403241_7970368141_R02C01_Red.idat.gz	6bdd0159ccc687d3b01881e3946646a8
GSM2403242_7970368141_R03C01_Grn.idat.gz	cabaaeb5a3f629749ac765f96fafb270
GSM2403242_7970368141_R03C01_Red.idat.gz	93d897b5c90e4ca3cb7dfc23cb350a68
GSM2403243_7970368141_R04C01_Grn.idat.gz	d03d7ceca08f7a7522ff6777537c9536
GSM2403243_7970368141_R04C01_Red.idat.gz	a119747cc1a30d6bfbce630f6fe90181
GSM2403244_7970376005_R06C02_Grn.idat.gz	12846ca8f7499f798654ece6c54671c1
GSM2403244_7970376005_R06C02_Red.idat.gz	d6c4f45e5dbf2bc035e388a4a270fe60
GSM2403245_7970376067_R01C02_Grn.idat.gz	47181113c398b852504c85e460e0e352
GSM2403245_7970376067_R01C02_Red.idat.gz	0d6c42d0de0621ce2e376db171445151
GSM2403246_7970376067_R02C02_Grn.idat.gz	4dfe164493191ed2cbcba1da5b7ab1f8
GSM2403246_7970376067_R02C02_Red.idat.gz	608e94a6de9d5900be8390e1f9d3d29a
GSM2403247_7970376067_R03C01_Grn.idat.gz	03e998be5f3540e314b69d1e3d08b7f4
GSM2403247_7970376067_R03C01_Red.idat.gz	5fc6f86606e7e6101efaf14a3d1cc21b
GSM2403248_7970376055_R05C02_Grn.idat.gz	73cd119139a6ca21cc009c2db83001f2
GSM2403248_7970376055_R05C02_Red.idat.gz	41399859461085fb358734a0eba63a1d
GSM2403249_7970368141_R01C02_Grn.idat.gz	e52f14d9185d10a2cf44deb642de88fd
GSM2403249_7970368141_R01C02_Red.idat.gz	f435e649da88b3f1fcddd52623beff9f
GSM2403250_7970368141_R02C02_Grn.idat.gz	0a082b5f7bf7f6a9671b9f0ccada266a
GSM2403250_7970368141_R02C02_Red.idat.gz	48b380a13ddb9dc9f6bdb7c727f9edb6
GSM2403251_7970368141_R03C02_Grn.idat.gz	15ab8be42bb3d45c88e1d3127b757140
GSM2403251_7970368141_R03C02_Red.idat.gz	5750b2e0771f02ad5ab52f0a04a521c1
GSM2403252_7970368141_R05C02_Grn.idat.gz	06e250a16d66686149542d0c779367dc
GSM2403252_7970368141_R05C02_Red.idat.gz	1628b22ab9f240347b1d69b2051defb9
GSM2403253_7970368141_R06C02_Grn.idat.gz	8145cc24f81772ffe80a15101c47f58f
GSM2403253_7970368141_R06C02_Red.idat.gz	74c30bf851428c62eadedfb3ef7ff78f
GSM2403254_7970376026_R01C01_Grn.idat.gz	a36575ec53e3a3896a916a5582ac0071
GSM2403254_7970376026_R01C01_Red.idat.gz	d1ff8183608104d625df4f8dace28fc3
GSM2403255_7970376026_R02C01_Grn.idat.gz	150e4d1c3b697bcc94d2769b0d31fa59
GSM2403255_7970376026_R02C01_Red.idat.gz	ae6edc8f43a29496736ffc0386ae76f0
GSM2403256_7970376026_R03C01_Grn.idat.gz	9a744ca6e2b7a5fe5d50a104179cc893
GSM2403256_7970376026_R03C01_Red.idat.gz	c776291e9feade420f58bf4e239efca9
GSM2403257_7970376067_R03C02_Grn.idat.gz	e66cff409c52fb71c8da201a48905be1
GSM2403257_7970376067_R03C02_Red.idat.gz	453e44214025e396b3e3633e9ca9ddba
GSM2403258_7970376067_R04C01_Grn.idat.gz	f933ed1bbb7c3b535e25853efb544a7d
GSM2403258_7970376067_R04C01_Red.idat.gz	8ebc014e97393a56a101e2fc21cdf7af
GSM2403259_7970376067_R05C01_Grn.idat.gz	96df23f083796e19080bb496301fd975
GSM2403259_7970376067_R05C01_Red.idat.gz	9547a200b5033757230361c18e091887
GSM2403260_7970368167_R01C01_Grn.idat.gz	4adeb1e9b77fad41271e7880faa4b5b3
GSM2403260_7970368167_R01C01_Red.idat.gz	35d5957a35f8b3b1314d83036b14a7ee
GSM2403261_7970368167_R02C01_Grn.idat.gz	5b497be44e0c4c4cb57c1661fe716384
GSM2403261_7970368167_R02C01_Red.idat.gz	9c22bcf17b8172cab59c135996921e49
GSM2403262_7970368167_R03C01_Grn.idat.gz	6b2cba50f03d8d5e78c777d337ca8f7d
GSM2403262_7970368167_R03C01_Red.idat.gz	8ca7b7ff7ced94fc4ee70ba25e291a6a
GSM2403263_7970368167_R04C01_Grn.idat.gz	0bbe6b72e23c3235772726cf959e6840
GSM2403263_7970368167_R04C01_Red.idat.gz	e7db6cb76f0d19fea23f00cd807f1ef6
GSM2403264_7970368167_R05C01_Grn.idat.gz	96e9bbb022a560f9354c8e3068dcdbf4
GSM2403264_7970368167_R05C01_Red.idat.gz	5db84765a1fe3bc86151033d3e1171e6
GSM2403265_7970376026_R01C02_Grn.idat.gz	f41deea130a49bcafeb6e686b89ad32d
GSM2403265_7970376026_R01C02_Red.idat.gz	4b88fc52a8c77f22b099702a209c14ee
GSM2403266_7970376026_R02C02_Grn.idat.gz	3c83a992bb608015971ba23217502c8b
GSM2403266_7970376026_R02C02_Red.idat.gz	45ee7d5816e3254916ae142e0b6f968c
GSM2403267_7970376026_R03C02_Grn.idat.gz	165c8591abfdd54cb5d68f40b42e6e59
GSM2403267_7970376026_R03C02_Red.idat.gz	eb632981688c3515171d6a4a46ee366f
GSM2403268_7970376026_R04C01_Grn.idat.gz	9f1feb51aaf65a207346071357f24bf1
GSM2403268_7970376026_R04C01_Red.idat.gz	a5a0ea59d00bd85268ac0ee8c06fd818
GSM2403269_7970376067_R04C02_Grn.idat.gz	ec4a1a470a9bfecf76a7a36a075dc9b0
GSM2403269_7970376067_R04C02_Red.idat.gz	000ad70250603acb786b8c3f68d96b96
GSM2403270_7970376067_R05C02_Grn.idat.gz	69fbb1613469c6c3fe1651c79f69be09
GSM2403270_7970376067_R05C02_Red.idat.gz	337ccf6469c82276ea00b00791ed6152
GSM2403271_7970368167_R03C02_Grn.idat.gz	6439a80c249fb6caeb35fd500983b1a7
GSM2403271_7970368167_R03C02_Red.idat.gz	0159f4d949809f48c44310dea8f5d651
GSM2403272_7970368167_R04C02_Grn.idat.gz	532a5359d32587d14de3cae3df323b4b
GSM2403272_7970368167_R04C02_Red.idat.gz	9a7b1317fb9015c13c9af54e9fd59436
GSM2403273_7970368167_R05C02_Grn.idat.gz	c92e3a233b63cfbd69f7b21d78758cbc
GSM2403273_7970368167_R05C02_Red.idat.gz	50f6c791ed47e685c7d00964dd952a48
GSM2403274_7970376029_R02C01_Grn.idat.gz	522fd57abe50795b9470bebb327eeacf
GSM2403274_7970376029_R02C01_Red.idat.gz	d8104de97350b97720225cb6225c19a6
GSM2403275_7970376029_R03C01_Grn.idat.gz	892ce25bc082b0642cd236bc32d04839
GSM2403275_7970376029_R03C01_Red.idat.gz	70471259922bf69039dc8a3f54cac8c0
GSM2403276_7970376026_R04C02_Grn.idat.gz	ae33f9dfb0d4890d43e3930d0b11b477
GSM2403276_7970376026_R04C02_Red.idat.gz	575fa7461cd0e2bbbd889b2ba5064245
GSM2403277_7970376026_R05C01_Grn.idat.gz	0a6aaa0231d696b105f7986a7eb45899
GSM2403277_7970376026_R05C01_Red.idat.gz	d50bb4d69660bb5fdfe3d4bb105a24f0
GSM2403278_7970376026_R06C01_Grn.idat.gz	f318b4804c36a03ae5eb802f6f68c536
GSM2403278_7970376026_R06C01_Red.idat.gz	8063b54928374d8f767f14c1859e5b72
GSM2403279_7970368168_R03C01_Grn.idat.gz	50c3fc869aae734408be47795b6c30f2
GSM2403279_7970368168_R03C01_Red.idat.gz	4121af4af48f0bd8276b31ad59cf3b7a
GSM2403280_7970368168_R04C01_Grn.idat.gz	453e2951029306ac3b3f8039685434ae
GSM2403280_7970368168_R04C01_Red.idat.gz	6127c3bda464da6cc55fe90b312905e0
GSM2403281_7970368168_R05C01_Grn.idat.gz	1358b78aa6bad73a88f7dae3a75fa7c6
GSM2403281_7970368168_R05C01_Red.idat.gz	a58917ed499e9fa595534e908e8e4898
GSM2403282_7970368167_R06C02_Grn.idat.gz	d15b454bb4ddaf3efa99333332bf96a5
GSM2403282_7970368167_R06C02_Red.idat.gz	ab6d0d40beafc4e482457b33f21d4fcb
GSM2403283_7970376029_R01C02_Grn.idat.gz	fb9b42fe1da053a6ede27bc7f35c644d
GSM2403283_7970376029_R01C02_Red.idat.gz	96e5886eeaaa87ef701901125a9fe4a9
GSM2403284_7970376029_R02C02_Grn.idat.gz	af07c338402bd6c0c46bd62fe495f046
GSM2403284_7970376029_R02C02_Red.idat.gz	b1f8aa4e42b4b1aa51a92f3d25780759
GSM2403285_7970376029_R03C02_Grn.idat.gz	59e5624940079b2c5f81a5fae2665ba5
GSM2403285_7970376029_R03C02_Red.idat.gz	5bc3812e6dda5419492b2f72cacfce29
GSM2403286_7970376029_R04C01_Grn.idat.gz	09bfd0d2b30d42bbf0185a786310b2a4
GSM2403286_7970376029_R04C01_Red.idat.gz	9ff05c5c8a5841ac7210051760dd470a
GSM2403287_7970376026_R05C02_Grn.idat.gz	8f1490eef916a0321914c7546c2a92dc
GSM2403287_7970376026_R05C02_Red.idat.gz	8ac0f8ffba674cf92ac2dd05ece663bc
GSM2403288_7970376026_R06C02_Grn.idat.gz	3d95a22b7c1c60412f2834d5f5cff5b9
GSM2403288_7970376026_R06C02_Red.idat.gz	110a885e6f9a5ca05fb209237b759e30
GSM2403289_7970368168_R01C02_Grn.idat.gz	167991ea04897e5b47fcd13630ed4d5d
GSM2403289_7970368168_R01C02_Red.idat.gz	3d81ee7012e6ecfab3ba8effe390b7fb
GSM2403290_7970368168_R02C02_Grn.idat.gz	a5ceff65f27629ca610c30aa86cee45c
GSM2403290_7970368168_R02C02_Red.idat.gz	e4f9fff1d9e314822c7718030216255e
GSM2403291_7970368168_R03C02_Grn.idat.gz	cb14b2355f7f5aa5ec894af13b2ffc9d
GSM2403291_7970368168_R03C02_Red.idat.gz	8b2e325991c34b86b7fb70ef71f37c61
GSM2403292_7970368168_R04C02_Grn.idat.gz	792e063bd4e69d56f89974f4a84566f9
GSM2403292_7970368168_R04C02_Red.idat.gz	8fc7ce3d03c923ef0f11a740f2a78fa2
GSM2403293_7970368168_R05C02_Grn.idat.gz	f89c144ce47434b33e871de8e234aa64
GSM2403293_7970368168_R05C02_Red.idat.gz	a3e39d3fea723489d8da2513633690e0
GSM2403294_7970368168_R06C01_Grn.idat.gz	831bf19ca6112a5cceed76101f5e3b3a
GSM2403294_7970368168_R06C01_Red.idat.gz	96ad23b7776d3b13406b92ca1a1ba39d
GSM2403295_7970376055_R01C01_Grn.idat.gz	7558e7a1eb4c11c564850a05b8e622da
GSM2403295_7970376055_R01C01_Red.idat.gz	0e739ee103a10aababf19b584e76edcb
GSM2403296_7970376055_R02C01_Grn.idat.gz	f6984166277e0425c817477b992282bf
GSM2403296_7970376055_R02C01_Red.idat.gz	e4c2970cb211022763ba3ae475541dbb
GSM2403297_7970376029_R04C02_Grn.idat.gz	bf04c91fb70a3ab80404dfbac0e8f22c
GSM2403297_7970376029_R04C02_Red.idat.gz	fc045ac9281a7bca93da0305022e10d3
GSM2403298_7970376005_R01C01_Grn.idat.gz	4df7470578d208e1e9019c1cdb5ea349
GSM2403298_7970376005_R01C01_Red.idat.gz	e7c1e6f8355ecf2a5cecee3cb54fa719
GSM2403299_7970376005_R02C01_Grn.idat.gz	5af9d6b03557fd66438d14de4ce03991
GSM2403299_7970376005_R02C01_Red.idat.gz	95831ec4d44154f853f2536b4dfda189
GSM2403300_7970376005_R03C01_Grn.idat.gz	28e85225034ffd1570461c52cdfc39d7
GSM2403300_7970376005_R03C01_Red.idat.gz	6c3e55849caeb4fbe68d888a50c618e9
GSM2403301_7970376005_R04C01_Grn.idat.gz	f5048c033eb34b5984ea34268a57ba15
GSM2403301_7970376005_R04C01_Red.idat.gz	0d763f7911b825e16d7e4797c38ddab3
GSM2403302_7970376005_R05C01_Grn.idat.gz	031d02a36f30d58c4d988cac328e50d4
GSM2403302_7970376005_R05C01_Red.idat.gz	bd9867fa9981f250e0331b6261a5d02a
GSM2403303_7970368168_R06C02_Grn.idat.gz	8edbcdb88d729299bf1531b14f822258
GSM2403303_7970368168_R06C02_Red.idat.gz	a4b178fc0315a3638a867df66609daec
GSM2403304_7970376055_R01C02_Grn.idat.gz	a09162ff6eecb4099e2f92fd72170adb
GSM2403304_7970376055_R01C02_Red.idat.gz	1506ac276a26c34cb91866a84ff84284
GSM2403305_7970376055_R02C02_Grn.idat.gz	073c806462a1f7baba9f6d0c6529a936
GSM2403305_7970376055_R02C02_Red.idat.gz	26266af3bf0a012f8a4b3affa3a998da
GSM2403306_7970376055_R04C01_Grn.idat.gz	b6067d6ee8163881dc3b749a76ba902d
GSM2403306_7970376055_R04C01_Red.idat.gz	4fd06311f1fb10e30f9f19e60384729f
GSM2403307_7970376029_R05C02_Grn.idat.gz	a438a5faa7d55b849a1f9d1a30370230
GSM2403307_7970376029_R05C02_Red.idat.gz	4ce17ab6391284fceb0e36ffc2eab10f
GSM2403308_7970376029_R06C02_Grn.idat.gz	c5814c03089615ab3431a62efe63ebc4
GSM2403308_7970376029_R06C02_Red.idat.gz	0c2e0adda9bf2704ba498d11ee32dd33
GSM2403309_7970376005_R01C02_Grn.idat.gz	c1894676ecb5b0c0c72bde9e2627fdb8
GSM2403309_7970376005_R01C02_Red.idat.gz	668f6a005cfb4990e3dbd5bb2f6da785
GSM2403310_7970376005_R02C02_Grn.idat.gz	93128c415eb27e621fe46489da4ed82c
GSM2403310_7970376005_R02C02_Red.idat.gz	f2181ccae2ba861cbb7f3b18d6302278
GSM2403311_7970376005_R03C02_Grn.idat.gz	02775787dacf641cb746e63b3e2206c8
GSM2403311_7970376005_R03C02_Red.idat.gz	dd6e6eb79b0e03d34ddec788b61ed26e
GSM2403312_7970376005_R04C02_Grn.idat.gz	2f5222631ef997f3130dbd9683460f36
GSM2403312_7970376005_R04C02_Red.idat.gz	03aa4881646cfde80d911c7c86fdda36
GSM2403313_7970376005_R05C02_Grn.idat.gz	b4c01552cf75db521eea3bcd8a3ce422
GSM2403313_7970376005_R05C02_Red.idat.gz	5c21ec5b477512abb1a0ae817214fa76
GSM2403314_7970376005_R06C01_Grn.idat.gz	c83d74137400ad5ff31eaf2ca79ab6a9
GSM2403314_7970376005_R06C01_Red.idat.gz	c257fdc0cbfe866e14613268662aa2b4
GSM2403315_7970376067_R02C01_Grn.idat.gz	aca16604a1ee4c806f7d2542ea62003a
GSM2403315_7970376067_R02C01_Red.idat.gz	6adba472bd781a0278106ebcb633ac5b
GSM2403316_7970376055_R03C02_Grn.idat.gz	50b7a5b3fddd88b72379e233c167e8e4
GSM2403316_7970376055_R03C02_Red.idat.gz	13678b8fadf5d79366c0215ef11df7f0
GSM2403317_7970376055_R04C02_Grn.idat.gz	34ef22af48d4a4d783a15abb7cc5217b
GSM2403317_7970376055_R04C02_Red.idat.gz	a65b80c651aae4700e91e3eb8b7fa72e
GSM2403318_7970376055_R05C01_Grn.idat.gz	e54af10d6d58616b090d822e30646932
GSM2403318_7970376055_R05C01_Red.idat.gz	fe764fa94e3d99625ec5313005293d3c
GSM2403319_7970376055_R06C01_Grn.idat.gz	72889221715718a3fb61312e67bd3c87
GSM2403319_7970376055_R06C01_Red.idat.gz	0e5f1501651ec9e26051ead3289f5283
GSM2403320_7970376055_R06C02_Grn.idat.gz	f9bb6922de40651c5ee09af1b73486b1
GSM2403320_7970376055_R06C02_Red.idat.gz	4ae8332fcf211005a36d03bd041763b8
GSM2403321_7970376067_R06C01_Grn.idat.gz	d1df8c42da89c546f73597ceea718eec
GSM2403321_7970376067_R06C01_Red.idat.gz	96c84a80aab25890b37cdb2ebf60ef6c
GSM2403322_7970376067_R06C02_Grn.idat.gz	410b363b1406218eb14c3e4eda934889
GSM2403322_7970376067_R06C02_Red.idat.gz	ca800f6d2038116285d560bb3581354e
GSM2403323_7990895142_R06C01_Grn.idat.gz	d4e74ae27b8326cc38d91fe5170f8890
GSM2403323_7990895142_R06C01_Red.idat.gz	354465d9a46c75ae0fb124e6aa7bb29b
GSM2403324_7990895159_R06C02_Grn.idat.gz	c65f542a10ceb87050af84f727540e53
GSM2403324_7990895159_R06C02_Red.idat.gz	dd6a52447782b3636a86e19867e3cb1f
GSM2403325_7990895095_R03C02_Grn.idat.gz	e4f3ee6b5fa13e7c53790da368208bb7
GSM2403325_7990895095_R03C02_Red.idat.gz	e88e8526fe66d3459c6a4ab85e7c1514
GSM2403326_7990895095_R04C01_Grn.idat.gz	4058c547a5aab2303c01ca119cbb5177
GSM2403326_7990895095_R04C01_Red.idat.gz	38e2cbc75038723a90720f401b230eaa
GSM2403327_7990895095_R05C01_Grn.idat.gz	c5dc21d98ba9c842bc3a3df4b0184784
GSM2403327_7990895095_R05C01_Red.idat.gz	bdf1314c11736da3c9d3aa533dd05a7e
GSM2403328_7990895095_R06C01_Grn.idat.gz	07ed5ff41e4224561382eabe131c9f16
GSM2403328_7990895095_R06C01_Red.idat.gz	9e707dc3709f489cd9e8913993046e24
GSM2403329_7990895159_R01C01_Grn.idat.gz	c72e7132d3dc4d7706d2fc420bd5d438
GSM2403329_7990895159_R01C01_Red.idat.gz	3758019ce9542b6237f22f97fe2c6638
GSM2403330_7990895159_R02C01_Grn.idat.gz	d18e53ee32408105c3c20637b8fd882b
GSM2403330_7990895159_R02C01_Red.idat.gz	305dcd2f17423d964e89651e87fc3053
GSM2403331_7990895127_R05C01_Grn.idat.gz	feabff6f48028fd1d87c5ca337824517
GSM2403331_7990895127_R05C01_Red.idat.gz	d6fb764290243e4eddcce07126e164f5
GSM2403332_7990895120_R01C02_Grn.idat.gz	ffdbf99d7cfd16edb05f284dd3704f19
GSM2403332_7990895120_R01C02_Red.idat.gz	0935ebce48f800fd8c1d2b93792c6e06
GSM2403333_7990895120_R02C01_Grn.idat.gz	139b867f5b1d1ca7da137223c90a3d83
GSM2403333_7990895120_R02C01_Red.idat.gz	88c91bed07e90b65cd1a12d02f3fc644
GSM2403334_7990895120_R03C01_Grn.idat.gz	b17b1b0ed1fcb8176c5f08485b1da58b
GSM2403334_7990895120_R03C01_Red.idat.gz	e0a20a1d574d09f0156c597e2f918774
GSM2403335_7990895095_R04C02_Grn.idat.gz	85231775c72068a47149d6eb91a429c6
GSM2403335_7990895095_R04C02_Red.idat.gz	58970979a864fd2888be0106970254ce
GSM2403336_7990895095_R05C02_Grn.idat.gz	0479455e73990245318ef2d5b1012ad9
GSM2403336_7990895095_R05C02_Red.idat.gz	b26887e4a226ad4a958d0368a58094a9
GSM2403337_7990895095_R06C02_Grn.idat.gz	90ec9730c198153651fb95de4a640ea0
GSM2403337_7990895095_R06C02_Red.idat.gz	2c170a6d579559ec02970d2c0c835b89
GSM2403338_7990895159_R01C02_Grn.idat.gz	686b4c6ec4f8ab9752c50b01bd8b360e
GSM2403338_7990895159_R01C02_Red.idat.gz	7afd426b5fb4adeee17b86cf271f3a3e
GSM2403339_7990895159_R03C01_Grn.idat.gz	9a36415cb258358f39b1e6bfdf58b232
GSM2403339_7990895159_R03C01_Red.idat.gz	5633422bde408ed7f09243f33db4f659
GSM2403340_7990895142_R04C01_Grn.idat.gz	349d399890b910ee03c2b23aabbd515a
GSM2403340_7990895142_R04C01_Red.idat.gz	800ca43c9d54f88d8fa2696ead26e6ae
GSM2403341_7990895127_R05C02_Grn.idat.gz	21b572ab98b4702c294f2b4b6bc93af5
GSM2403341_7990895127_R05C02_Red.idat.gz	ace00b04117e9180c0646c7fc30e07bd
GSM2403342_7990895046_R01C02_Grn.idat.gz	f03c16eae9409a3aa5bd3af23c561569
GSM2403342_7990895046_R01C02_Red.idat.gz	ed49b087a949b45a13c0169da7a1090f
GSM2403343_7990895046_R02C01_Grn.idat.gz	2aaa4a373071cab80cbe4c0c8f738cbc
GSM2403343_7990895046_R02C01_Red.idat.gz	d0d0ea7bb79e64db805aa156e88d35e2
GSM2403344_7990895120_R02C02_Grn.idat.gz	7da677f53c2e2a2cfa5d8668244f961f
GSM2403344_7990895120_R02C02_Red.idat.gz	76c0797e1c87d4bf2b11967c581c02f4
GSM2403345_7990895120_R03C02_Grn.idat.gz	ec2b97f91401f666011a845c47e80af1
GSM2403345_7990895120_R03C02_Red.idat.gz	4f1216d984d8a6998dbb467820764e92
GSM2403346_7990895120_R04C01_Grn.idat.gz	e1b37416f6960e0daf39a69965666a8c
GSM2403346_7990895120_R04C01_Red.idat.gz	b8c875a9b38c98c9112c480dd34ce5fc
GSM2403347_7990895120_R05C01_Grn.idat.gz	61e0d34dd987aeb6b825f7e21471b6e8
GSM2403347_7990895120_R05C01_Red.idat.gz	3bfefffc66415f83d0a47bd847239f41
GSM2403348_7990895120_R06C01_Grn.idat.gz	62315d41cf05704e0e8c6d16a1ab4a0e
GSM2403348_7990895120_R06C01_Red.idat.gz	f8044efd7f4fea12f87182ade4ffcf68
GSM2403349_7990908004_R01C01_Grn.idat.gz	078303353233164cc8e39f16bb60cde7
GSM2403349_7990908004_R01C01_Red.idat.gz	b25a35b1e11f182eda04f5632687ad34
GSM2403350_7990895159_R02C02_Grn.idat.gz	84ab964d8737e5d11ded8d6f0350eaa1
GSM2403350_7990895159_R02C02_Red.idat.gz	b0d87ebcc6d464b887c496fbe60a29bb
GSM2403351_7990895159_R03C02_Grn.idat.gz	ed8037e43a627eb1cac7acf52ce7e154
GSM2403351_7990895159_R03C02_Red.idat.gz	8280e94583ea9bcbaf79b21fad99728e
GSM2403352_7990895142_R04C02_Grn.idat.gz	1878829abc269810098ba3f630c47a50
GSM2403352_7990895142_R04C02_Red.idat.gz	b6e48f8a96f02dd9046343b2437315d7
GSM2403353_7990895142_R05C01_Grn.idat.gz	915c97c1ce2438dd293ae334c40579a2
GSM2403353_7990895142_R05C01_Red.idat.gz	d57eb3b3ce0c67e751bf846968af7d97
GSM2403354_7990895093_R01C01_Grn.idat.gz	7132d956e2ca3595af26e06b9733ecf9
GSM2403354_7990895093_R01C01_Red.idat.gz	617fba1e41d8db89fe9f2bfb2664352b
GSM2403355_7990895046_R02C02_Grn.idat.gz	68672156e4f635aeecdf693fdfb38d42
GSM2403355_7990895046_R02C02_Red.idat.gz	fbe0822f2bf0f1c59b77ab0fd8c01eb9
GSM2403356_7990895046_R03C01_Grn.idat.gz	fc8ef25a0348fb67b3f1b1221d06b2d5
GSM2403356_7990895046_R03C01_Red.idat.gz	1179d93ff8074b11a96c641a8f01b9f7
GSM2403357_7990895046_R04C01_Grn.idat.gz	406df089677806d411510afba1cbeec3
GSM2403357_7990895046_R04C01_Red.idat.gz	e4e2d4912992c08290880549a85cc4a4
GSM2403358_7990895120_R04C02_Grn.idat.gz	3b3ade521af93ca800cb44e9df727777
GSM2403358_7990895120_R04C02_Red.idat.gz	06e28ad800d06d6a0abb7c8e47d89a8b
GSM2403359_7990895120_R05C02_Grn.idat.gz	a7e3d2d73246afe538ad8e468ae08aa7
GSM2403359_7990895120_R05C02_Red.idat.gz	8919dcd704c509068f93141a1df2b1b7
GSM2403360_7990895120_R06C02_Grn.idat.gz	4e4fff2428d546c4eecaba6968cda6a1
GSM2403360_7990895120_R06C02_Red.idat.gz	3ec859ed298583e9ac9e74ad2aa8d3de
GSM2403361_7990908004_R01C02_Grn.idat.gz	264881bb4728ed984395d956d53c248a
GSM2403361_7990908004_R01C02_Red.idat.gz	cc30cb4d74591efc66000fdd0509b80e
GSM2403362_7990908004_R02C01_Grn.idat.gz	50b925bb81b6b65f98528e241ee582a7
GSM2403362_7990908004_R02C01_Red.idat.gz	39e1583b29caad390d0f90b9e7f4c3ed
GSM2403363_7990908004_R03C01_Grn.idat.gz	0f4188dd6b8c10270de2c2384da117ef
GSM2403363_7990908004_R03C01_Red.idat.gz	989996d01d8876f9cabb6f36b9a3205b
GSM2403364_7990895159_R04C01_Grn.idat.gz	564dcaf86a89db6ca1fcf9e0a37a2429
GSM2403364_7990895159_R04C01_Red.idat.gz	22d848f219cf6cfadec493f871995a71
GSM2403365_7990895142_R05C02_Grn.idat.gz	b11f50f4c953107567ca3f5b64826c5d
GSM2403365_7990895142_R05C02_Red.idat.gz	85143ae053ec3072096912340a7e2216
GSM2403366_7990895093_R01C02_Grn.idat.gz	75d1c5adc5b142793272f71f0b4c0c3a
GSM2403366_7990895093_R01C02_Red.idat.gz	88b20574b4f02793799c83578297d267
GSM2403367_7990895093_R02C01_Grn.idat.gz	2a85a3194ba0f78fe2bdfc89b1126852
GSM2403367_7990895093_R02C01_Red.idat.gz	f8a3966e076e585d0d984434381f41fb
GSM2403368_7990895046_R03C02_Grn.idat.gz	5e0e6427b3c0fdd4a4ed59d5ee6f38a6
GSM2403368_7990895046_R03C02_Red.idat.gz	1e238e1b7177430bac6e4fff0f39a435
GSM2403369_7990895046_R05C01_Grn.idat.gz	428bd32ebf116fe897da208ee639e4ec
GSM2403369_7990895046_R05C01_Red.idat.gz	a6d1bda0ede30410ba672282c0953575
GSM2403370_7990895046_R06C01_Grn.idat.gz	3d03496b0bf152a8d6e815f4c166ace6
GSM2403370_7990895046_R06C01_Red.idat.gz	715044f89404f7e5909a9fa25c05a8c4
GSM2403371_7990895127_R01C01_Grn.idat.gz	00cc1103a6bef6f361008eeca44571c8
GSM2403371_7990895127_R01C01_Red.idat.gz	e0464132093985d124e1e1334a28b8a0
GSM2403372_7990895127_R02C01_Grn.idat.gz	b1e5875da701b729eafe8073be7c293d
GSM2403372_7990895127_R02C01_Red.idat.gz	2cebed3dfd353858d5b54ed49fa9b534
GSM2403373_7990908004_R02C02_Grn.idat.gz	68072061b1c2d261e91e280681c56ce8
GSM2403373_7990908004_R02C02_Red.idat.gz	cc5ea402631dd924a8eeb474b8974325
GSM2403374_7990908004_R03C02_Grn.idat.gz	70a056da7273caa8c737f838f78a7218
GSM2403374_7990908004_R03C02_Red.idat.gz	094e4387c76b4070cfe12c6634e73933
GSM2403375_7990895159_R04C02_Grn.idat.gz	17e23aa1acf9bc85e9d96b9110262b69
GSM2403375_7990895159_R04C02_Red.idat.gz	cccd93038745f3f80f4dcc87b566e9e7
GSM2403376_7990895159_R05C01_Grn.idat.gz	bd5b7342293029511e70cfab999414ae
GSM2403376_7990895159_R05C01_Red.idat.gz	1661186ecb4aec9510f5fe3d1cd13dab
GSM2403377_7990895095_R01C01_Grn.idat.gz	811c65de9ed396070774e51714632fc1
GSM2403377_7990895095_R01C01_Red.idat.gz	b33255d90a6097e5fd232199de1c3b26
GSM2403378_7990895093_R02C02_Grn.idat.gz	d3ed3b06fa5f958cf6123c3ba3921a66
GSM2403378_7990895093_R02C02_Red.idat.gz	6685db499765ab2c82bb158e5734dc59
GSM2403379_7990895093_R03C01_Grn.idat.gz	db44401140e1686ef92178ef623e7739
GSM2403379_7990895093_R03C01_Red.idat.gz	e2e06f613eb73bd57a30f8413a65eaf7
GSM2403380_7990895046_R05C02_Grn.idat.gz	1340767a436efba29a177fe1bc03aaad
GSM2403380_7990895046_R05C02_Red.idat.gz	ec5041eafa37f7278c786b85cddeecc1
GSM2403381_7990895046_R06C02_Grn.idat.gz	4993cdecb4ee05b2e070190a20a3e59f
GSM2403381_7990895046_R06C02_Red.idat.gz	f7445be4395912003ecac735e89e4dd8
GSM2403382_7990895127_R01C02_Grn.idat.gz	7776c3ad4ce456b108ecd55be8357a97
GSM2403382_7990895127_R01C02_Red.idat.gz	bbaaa39865815d444769b2c29587897e
GSM2403383_7990895127_R03C01_Grn.idat.gz	7330a6da4c99bab9571d891542e60b2a
GSM2403383_7990895127_R03C01_Red.idat.gz	6a3ea9ac184c1de1a24dc0eb76b0f169
GSM2403384_7990895127_R04C01_Grn.idat.gz	618feaec310c98a148dddb770b2faebf
GSM2403384_7990895127_R04C01_Red.idat.gz	2dda4df015051d320154a87a185072bd
GSM2403385_7990895159_R05C02_Grn.idat.gz	1e5e7feaf10835e8f7bab5bd14b2d524
GSM2403385_7990895159_R05C02_Red.idat.gz	6b453f38900349100d48caaf6c96b23c
GSM2403386_7990895095_R01C02_Grn.idat.gz	df7d216fcd9e80e4a8428dabf4c54189
GSM2403386_7990895095_R01C02_Red.idat.gz	b91be269634e649f890a38007e921f60
GSM2403387_7990895095_R02C01_Grn.idat.gz	fe03e983da71769bdf95faa45aa7b899
GSM2403387_7990895095_R02C01_Red.idat.gz	f4257bb2f579f8bd1c3a70eced06ee53
GSM2403388_7990895093_R03C02_Grn.idat.gz	b942f9dd4edfbd11982ec6015f6f6559
GSM2403388_7990895093_R03C02_Red.idat.gz	f0d89a8f0bf33505710dec8e1180844c
GSM2403389_7990895093_R04C01_Grn.idat.gz	db352cc09b5cd02070a2a7c67eb33424
GSM2403389_7990895093_R04C01_Red.idat.gz	40dad8b6b8d3fd538814ac1e987d0924
GSM2403390_7990895093_R06C01_Grn.idat.gz	f0526b14aadf3dcec01e879df23782ae
GSM2403390_7990895093_R06C01_Red.idat.gz	7f9a182cc1f41d229b0359cfd4968720
GSM2403391_7990895142_R01C01_Grn.idat.gz	bc11ca4cde4350fd31810b94721c7495
GSM2403391_7990895142_R01C01_Red.idat.gz	099fd7bb902a85e9354d9405d77f7466
GSM2403392_7990895142_R02C01_Grn.idat.gz	21cc9695123c8fbcfb149a5097d12a14
GSM2403392_7990895142_R02C01_Red.idat.gz	e8ad399e959be667c7acc5d32c722140
GSM2403393_7990895127_R04C02_Grn.idat.gz	86c016948b5f77d809c21666a11cd5f8
GSM2403393_7990895127_R04C02_Red.idat.gz	e12a862ecd4aecf15a9454e6cf88ddf9
GSM2403394_7990908004_R04C02_Grn.idat.gz	3ac9762906609a858cdedb406fa36a24
GSM2403394_7990908004_R04C02_Red.idat.gz	d0db2f0e82dce520916a16b79945ebfa
GSM2403395_7990908004_R05C01_Grn.idat.gz	3aa5fb578ad3efd3621f8d414e59d382
GSM2403395_7990908004_R05C01_Red.idat.gz	1e362785534a45b549f9d27c91b5fcf8
GSM2403396_7990895120_R01C01_Grn.idat.gz	c04117d89a874e889074c1edff5aafec
GSM2403396_7990895120_R01C01_Red.idat.gz	3adda94e198735423e1ca93861adad34
GSM2403397_7990895095_R02C02_Grn.idat.gz	a7637733b754170b88d852106322e777
GSM2403397_7990895095_R02C02_Red.idat.gz	04611713ddd8e13a63a1f92eb3a9b430
GSM2403398_7990895095_R03C01_Grn.idat.gz	7085fd009632aa398bd51d11e283764a
GSM2403398_7990895095_R03C01_Red.idat.gz	27f6d3958807b189d0f7cb9d4712238c
GSM2403399_7990895093_R05C02_Grn.idat.gz	94e312386a6138d023695ffb9ac965fb
GSM2403399_7990895093_R05C02_Red.idat.gz	42a4e143007a4e11e2490091070c3874
GSM2403400_7990895093_R06C02_Grn.idat.gz	ed1d7e5fe74cc8b5823cda65be7190ab
GSM2403400_7990895093_R06C02_Red.idat.gz	70d0e0a22de85cd8de65f348b8cb4e13
GSM2403401_7990895142_R01C02_Grn.idat.gz	fe5da897a3d15ee9deeb922d288ff495
GSM2403401_7990895142_R01C02_Red.idat.gz	a86de2637c9443cd7f73eccae37155eb
GSM2403402_7990895142_R02C02_Grn.idat.gz	337d1589d4a0b2e73f70c51481c3e6ae
GSM2403402_7990895142_R02C02_Red.idat.gz	6d33b155d4ddd7c597d98df8daa3311d
GSM2403403_8622007028_R04C01_Grn.idat.gz	e50df077aacf7a0f23bfcda6a7db5caf
GSM2403403_8622007028_R04C01_Red.idat.gz	8ee7cfc44111875dc00527a34a1835d1
GSM2403404_8622007028_R05C01_Grn.idat.gz	c3587e7de91e1f78030a7c257c78e9be
GSM2403404_8622007028_R05C01_Red.idat.gz	006f02f1383ea67e454f15485c11bc74
GSM2403405_8622007028_R06C01_Grn.idat.gz	4270c555b70a78c87001c488fafc5d3b
GSM2403405_8622007028_R06C01_Red.idat.gz	81e49428cce678e4d5f35215de8836b8
GSM2403406_8622007028_R01C02_Grn.idat.gz	08970cf3a2872dd51a9e251020795997
GSM2403406_8622007028_R01C02_Red.idat.gz	70ef7df75535e933e48c281c8e9fd70b
GSM2403407_8622007028_R02C02_Grn.idat.gz	e2b6064ce3fcb45f8cdec3903bccee95
GSM2403407_8622007028_R02C02_Red.idat.gz	6f3f3d7359cedf00bf9a7191bcb91d36
GSM2403408_8622007028_R03C02_Grn.idat.gz	6f80687aea201cb95f5d67b8df01d572
GSM2403408_8622007028_R03C02_Red.idat.gz	56678788deadb2cbcd9c2add130f8aee
GSM2403409_8622007028_R04C02_Grn.idat.gz	34fdaff4828d20a4247515c92a9199d7
GSM2403409_8622007028_R04C02_Red.idat.gz	928a882bc51f8202d422753d71cd9062
GSM2403410_8622007028_R06C02_Grn.idat.gz	69fdbd078f018feac044b1d79f08966b
GSM2403410_8622007028_R06C02_Red.idat.gz	cf231e7ad440d963e9a3603f05d78dd7
GSM2403411_8622007029_R01C01_Grn.idat.gz	860a203414bf28ac69e2d2954803f4e7
GSM2403411_8622007029_R01C01_Red.idat.gz	bf2dde3047586e7781bdcbe87da6e792
GSM2403412_8622007029_R02C01_Grn.idat.gz	a9b23cd1bf82c69f4fc323ffefe9fc63
GSM2403412_8622007029_R02C01_Red.idat.gz	c6cb75a03811c72eb22df58cf214adaf
GSM2403413_8622007029_R03C01_Grn.idat.gz	062b6cbaecb27b60c632bdc6e1ae2afa
GSM2403413_8622007029_R03C01_Red.idat.gz	06399a5bf64b35cd9c969ff2ba39bad6
GSM2403414_8622007029_R04C01_Grn.idat.gz	e9b6988fe62ebab35473428b047bd445
GSM2403414_8622007029_R04C01_Red.idat.gz	01f1935889565e3a3bcea5ffa9c049aa
GSM2403415_8622007029_R05C01_Grn.idat.gz	f4b0ee7b4ca68ab740d47808b6098b7c
GSM2403415_8622007029_R05C01_Red.idat.gz	1d69d218d168a12df42c9f925f404793
GSM2403416_8622007029_R06C01_Grn.idat.gz	07ef663d3379e968014f1c7299351817
GSM2403416_8622007029_R06C01_Red.idat.gz	d5a4f6163faa32b17ff19dcf86742b75
GSM2403417_8622007029_R02C02_Grn.idat.gz	6efb26cf5aa17b9d2569d0e58eb04113
GSM2403417_8622007029_R02C02_Red.idat.gz	6283eadbd8b4bf987fb3e633350e559e
GSM2403418_8622007029_R03C02_Grn.idat.gz	9508c3ab9536d89016d2c6bc731f5024
GSM2403418_8622007029_R03C02_Red.idat.gz	2f524089b54e1ec91b2036bdd779e316
GSM2403419_8622007029_R04C02_Grn.idat.gz	c865d530534301a5dd908833c511e9a2
GSM2403419_8622007029_R04C02_Red.idat.gz	5b534774629759644c60268851161387
GSM2403420_8622007029_R05C02_Grn.idat.gz	04b8c0244d5e3927f8cb9b9c7a077b6c
GSM2403420_8622007029_R05C02_Red.idat.gz	d5d100fd7e147646c8bd17a2df01937d
GSM2403421_8622007021_R05C01_Grn.idat.gz	ddf94e2b7c9e70035f6f557bc8ebfb3e
GSM2403421_8622007021_R05C01_Red.idat.gz	8668811b0613c8cde0f3bf78186f7cdc
GSM2403422_8622007021_R01C02_Grn.idat.gz	8d393b1ad3d657834dd87c80960deaff
GSM2403422_8622007021_R01C02_Red.idat.gz	1d098f5a6f6ba8df8437002483f8efe0
GSM2403423_8622007021_R02C02_Grn.idat.gz	9e39e7d400c67d1d9bd440a8ccd35747
GSM2403423_8622007021_R02C02_Red.idat.gz	cf46a152a74cf0948b9348e775922f02
GSM2403424_8622007027_R03C01_Grn.idat.gz	8d486196ed2a660a38da2883ae8f8b48
GSM2403424_8622007027_R03C01_Red.idat.gz	cd69e3b487c2931c2d1ab3ca351b0674
GSM2403425_8622007029_R06C02_Grn.idat.gz	ae12cdb167006c54e0f6e1e6cb6d97f4
GSM2403425_8622007029_R06C02_Red.idat.gz	d4056469f9290a79e3d14709adf71c7e
GSM2403426_8622007025_R01C01_Grn.idat.gz	e0c452cdd21748adfd13a9e493a79056
GSM2403426_8622007025_R01C01_Red.idat.gz	a730f185d1592f9d7f54898cbd241095
GSM2403427_8622007025_R03C01_Grn.idat.gz	b154c7b5a8e0c2f140d8455634f6308e
GSM2403427_8622007025_R03C01_Red.idat.gz	fde53f8409e46f03a5226ef06a35e218
GSM2403428_8622007025_R04C01_Grn.idat.gz	62d96436c62d9caf4bd2898b9046e881
GSM2403428_8622007025_R04C01_Red.idat.gz	2b2cfaf002268db5cfe4e9d9b8d49c61
GSM2403429_8622007025_R05C01_Grn.idat.gz	68e0373c22708019efddcf47b82b18ed
GSM2403429_8622007025_R05C01_Red.idat.gz	35d3dbb3b0a3e846ba892451d4d33c42
GSM2403430_8622007026_R04C02_Grn.idat.gz	ea04ae3a1d2e1296595dd3c57d898231
GSM2403430_8622007026_R04C02_Red.idat.gz	83b0b2acb0bd1d8dfea0c1468bdae671
GSM2403431_8622007025_R02C02_Grn.idat.gz	42f750077289911af3d6ccf37308cd86
GSM2403431_8622007025_R02C02_Red.idat.gz	7d5e00f86038d680da01d93ecd01ba19
GSM2403432_8622007025_R03C02_Grn.idat.gz	b30f5772ea91c79890f3a9c231637183
GSM2403432_8622007025_R03C02_Red.idat.gz	9c1712fee43dd3ea69e44973ce48723a
GSM2403433_8622007025_R04C02_Grn.idat.gz	f6867484c75c7b762e34dee03cf9c284
GSM2403433_8622007025_R04C02_Red.idat.gz	7ca1ec439bd912cda5787910341d8020
GSM2403434_8622007025_R05C02_Grn.idat.gz	8ff1650f7ab42c86e3377ee359b6ec10
GSM2403434_8622007025_R05C02_Red.idat.gz	3f6dd7f6f9122b6882dc3ba086b101ee
GSM2403435_8622007025_R06C02_Grn.idat.gz	2ab5b6e2d5a420b81d6589b783c5a289
GSM2403435_8622007025_R06C02_Red.idat.gz	7dc668c3ff9a49486fb9bf31a0797437
GSM2403436_8622007026_R01C01_Grn.idat.gz	696412cfde9cd3fab9f8b4c60cfe01bc
GSM2403436_8622007026_R01C01_Red.idat.gz	b6f2f646af18c7df94916737fd25842e
GSM2403437_8622007026_R04C01_Grn.idat.gz	4fd523b1cb534cfa562e13c1979c2cc2
GSM2403437_8622007026_R04C01_Red.idat.gz	05b129d052ed6972891c203e7324adc6
GSM2403438_8622007026_R05C01_Grn.idat.gz	7f7a2d763857f031b6a4cea2e60cf778
GSM2403438_8622007026_R05C01_Red.idat.gz	047488e6b71142b3fee0fe7272534afd
GSM2403439_8622007026_R06C01_Grn.idat.gz	23f1e6abcd9aa20e4d46734160fb5305
GSM2403439_8622007026_R06C01_Red.idat.gz	3aa081fbc982aae01afac1441e700e96
GSM2403440_8622007026_R03C02_Grn.idat.gz	b8c89340847933765863edaaa2588e9a
GSM2403440_8622007026_R03C02_Red.idat.gz	1c4b7597403989ae4f251ae7529dfbe4
GSM2403441_8622007026_R06C02_Grn.idat.gz	2e6ff8a9181d85d079a47166400dea44
GSM2403441_8622007026_R06C02_Red.idat.gz	4977878cc064df5885c37b14ea3ccf7d
GSM2403442_8622007021_R06C02_Grn.idat.gz	e71988cfdfc6701321ee5718da2802c0
GSM2403442_8622007021_R06C02_Red.idat.gz	a54e3b69314d81fbc3bb793574348bed
GSM2403443_8622007022_R01C01_Grn.idat.gz	0da74cb1227a7c2371474ce1ff1a6ae2
GSM2403443_8622007022_R01C01_Red.idat.gz	efc65568710784c513ffb04b124eb0b9
GSM2403444_8622007022_R02C01_Grn.idat.gz	fea555381bab47a96a20059f2f4e6f3f
GSM2403444_8622007022_R02C01_Red.idat.gz	b39c9ca7b6e137a12f27b4876b312552
GSM2403445_8622007022_R03C01_Grn.idat.gz	d9e1b0616d978755d3a96dff8a453e5c
GSM2403445_8622007022_R03C01_Red.idat.gz	b4d615a0114f5c4039194ec808cfab0b
GSM2403446_8622007022_R04C01_Grn.idat.gz	14dca6ca37e17babe7ddbafb90b4f2a5
GSM2403446_8622007022_R04C01_Red.idat.gz	ab32a9c2af9dc7ae6cc5792fdeb00b92
GSM2403447_8622007022_R06C01_Grn.idat.gz	a19ccd9a3045d9086113e067e96100c4
GSM2403447_8622007022_R06C01_Red.idat.gz	1d6abd1594576ed151b0012dcc31c45e
GSM2403448_8622007022_R02C02_Grn.idat.gz	611241da5d08912c68730cca06adf361
GSM2403448_8622007022_R02C02_Red.idat.gz	ee494f01b98af575de9354558cc07e07
GSM2403449_8622007022_R03C02_Grn.idat.gz	d3e1c8301a69e74d82e854db528ce846
GSM2403449_8622007022_R03C02_Red.idat.gz	9d3ef8534a1a70c9692f50ae2d796610
GSM2403450_8622007022_R04C02_Grn.idat.gz	89ccdbeac77367c8a9273b207db27427
GSM2403450_8622007022_R04C02_Red.idat.gz	c621432019917695111d41d8e28926c7
GSM2403451_8622007022_R05C02_Grn.idat.gz	5560e9613ff4a63b94a6a3443cf2277e
GSM2403451_8622007022_R05C02_Red.idat.gz	56278ccef271a033e61e69faf5f9cccd
GSM2403452_8622007023_R01C01_Grn.idat.gz	6d9c485359ec564fd224a62e9010c2ac
GSM2403452_8622007023_R01C01_Red.idat.gz	afd700091a985d1a40c3625234b3649a
GSM2403453_8622007023_R03C01_Grn.idat.gz	73f1e2dca4cbc7acc6232f5a0e656359
GSM2403453_8622007023_R03C01_Red.idat.gz	a704a537583ab65ea24c500f808beb34
GSM2403454_8622007023_R05C01_Grn.idat.gz	d4479a950fee105e72b545d0c236a741
GSM2403454_8622007023_R05C01_Red.idat.gz	8b02ab8953b348eef1318f9b640086d8
GSM2403455_8622007023_R02C02_Grn.idat.gz	a6ab9ff3d37b00278978b9973f465f2b
GSM2403455_8622007023_R02C02_Red.idat.gz	4f64d3cda3e1f2baf01824527d43fefd
GSM2403456_8622007023_R03C02_Grn.idat.gz	d83b81ca3fd889a068bc33497f85eb1e
GSM2403456_8622007023_R03C02_Red.idat.gz	ac4005651a029c90bcb003b60cf6c084
GSM2403457_8622007023_R04C02_Grn.idat.gz	3bb78d4d3c68a1dd8259ec439c725142
GSM2403457_8622007023_R04C02_Red.idat.gz	04328a8190ab908d8d4fb632106190bd
GSM2403458_8622007023_R06C02_Grn.idat.gz	36e3089d9b464f6fb6ad2501b026cfa7
GSM2403458_8622007023_R06C02_Red.idat.gz	7110c23b62db855c0b4859e64a6cb98b
GSM2403459_8622007021_R03C02_Grn.idat.gz	aca85c642ee5a827b5640a3cac2ec73f
GSM2403459_8622007021_R03C02_Red.idat.gz	a44605e021d25dbf9be712161e305d27
GSM2403460_8622007021_R04C02_Grn.idat.gz	c44ed9056987d13ac153d15cf6118cf6
GSM2403460_8622007021_R04C02_Red.idat.gz	5d764de8a1bc9d5328a0e73566da2f15
GSM2403461_8622007021_R05C02_Grn.idat.gz	127023eb8c19fb177e870267d9fcd442
GSM2403461_8622007021_R05C02_Red.idat.gz	193f594b0de738f15e279318041402ee
GSM2403462_8622007027_R02C01_Grn.idat.gz	4f3bf33fb2de3439a0a35f02dac22a75
GSM2403462_8622007027_R02C01_Red.idat.gz	b68fa5b6798d09bce53b950e3463b256
GSM2403463_8622007027_R01C01_Grn.idat.gz	f4dc5d120604dd2724dda7be3b6cf453
GSM2403463_8622007027_R01C01_Red.idat.gz	23fc14f9eb9ab2bb1b14a5253d755402
GSM2403464_8622007027_R06C02_Grn.idat.gz	1a51c0a7be605e0dfdda94e7c7716630
GSM2403464_8622007027_R06C02_Red.idat.gz	b6595ccf69827c99e471598632360aad
GSM2403465_8622007028_R01C01_Grn.idat.gz	a7596d45b313ded0c1ed118f4d514f33
GSM2403465_8622007028_R01C01_Red.idat.gz	51efa02b96534c2e99848629a12c7828
GSM2403466_8622007027_R02C02_Grn.idat.gz	2804892ae3a38fdb834682e92bd138f6
GSM2403466_8622007027_R02C02_Red.idat.gz	7e578ea0132d5ef32d11f07a3474ff46
GSM2403467_8622007028_R03C01_Grn.idat.gz	549f1aa8ae451a13dc07470187e0f2bf
GSM2403467_8622007028_R03C01_Red.idat.gz	d86f628dc74ecd088a98e9cf42e7f2b6
GSM2403468_8622007028_R02C01_Grn.idat.gz	5c7c051d8065177c6139632621d2f887
GSM2403468_8622007028_R02C01_Red.idat.gz	bcf6f4ab007de4d8f579e95f2da18b78
GSM2403469_8622007027_R05C02_Grn.idat.gz	39bda075bb9a1fa6bd864332d85abfad
GSM2403469_8622007027_R05C02_Red.idat.gz	282b326675d8264089966397d166d361
GSM2403470_8622007027_R03C02_Grn.idat.gz	ae0d58af5971a302d5221615501c9e33
GSM2403470_8622007027_R03C02_Red.idat.gz	1933a1489d8851c12f2b76a46974f37a
GSM2403471_8622007011_R01C01_Grn.idat.gz	c9c743cbdfe50315b0fff0278a083a85
GSM2403471_8622007011_R01C01_Red.idat.gz	ab42c0510e3dde02bd41e6aedd918182
GSM2403472_8622007019_R04C01_Grn.idat.gz	52a9a2324196164e544ab88de64ac959
GSM2403472_8622007019_R04C01_Red.idat.gz	326037337d963bef0e6453e4b5b6de35
GSM2403473_8622007011_R03C01_Grn.idat.gz	95f974b74175b4f31747c070f54bdba9
GSM2403473_8622007011_R03C01_Red.idat.gz	7ce01542c4d789fa6f3e76100abbd522
GSM2403474_8622007019_R05C01_Grn.idat.gz	a63c317ab86e9f5c5224f020c47f84f0
GSM2403474_8622007019_R05C01_Red.idat.gz	0dda33721bfbf0bbcfffe83f643058c2
GSM2403475_8622007019_R06C01_Grn.idat.gz	c44c5df8e77bae55334f9f00a726c49a
GSM2403475_8622007019_R06C01_Red.idat.gz	bae5ef08005e70f741e1eae486180527
GSM2403476_8622007011_R05C02_Grn.idat.gz	c4b2c23181ef883a78628dcf49e39b62
GSM2403476_8622007011_R05C02_Red.idat.gz	e16b9e127312908546c6742cdf9d46ae
GSM2403477_8622007013_R02C01_Grn.idat.gz	c0a1fa9009ec2d1fb806fce896b5322b
GSM2403477_8622007013_R02C01_Red.idat.gz	03e3e8d8d5814f92e26aee2c29edbb14
GSM2403478_8622007013_R04C01_Grn.idat.gz	d032ec51ee641b47cad2eccabea7e615
GSM2403478_8622007013_R04C01_Red.idat.gz	f3e8db22e5c0a8eb4d89419ce0bc15b2
GSM2403479_8622007013_R01C02_Grn.idat.gz	017a48dd7a9056971ccb961889f832f8
GSM2403479_8622007013_R01C02_Red.idat.gz	ab467535cb934aa37b007be3b5fa9adc
GSM2403480_8622007013_R05C02_Grn.idat.gz	e1cbfdf2d344a4f76f176ade4f6ad949
GSM2403480_8622007013_R05C02_Red.idat.gz	d6a6d2ac1ba5369ca9e5a15123672f54
GSM2403481_8622007013_R06C02_Grn.idat.gz	35fc9f1cf590a479788c830c8b907496
GSM2403481_8622007013_R06C02_Red.idat.gz	3d2f2b7d3b96f67983be90344f688254
GSM2403482_8622007014_R02C01_Grn.idat.gz	e683d76877184b6ddb03a92b85d663d9
GSM2403482_8622007014_R02C01_Red.idat.gz	9c0dbab7bb276246c7ed6cb1e188dd2c
GSM2403483_8622007014_R06C01_Grn.idat.gz	6f7100eb4ff42a339b21e70406bb60e6
GSM2403483_8622007014_R06C01_Red.idat.gz	afa7930edbca9cda8d2bb5b2ab6cf25a
GSM2403484_8622007014_R02C02_Grn.idat.gz	84310d3f0c24ff3d15fc57285ed7ddef
GSM2403484_8622007014_R02C02_Red.idat.gz	9acd3d4a4737c6a3187a35b06a4b8fb0
GSM2403485_8622007014_R04C02_Grn.idat.gz	46cdc1e1ca7e643e215d486b680b6300
GSM2403485_8622007014_R04C02_Red.idat.gz	406486f5f6858a81f227e57c16e72807
GSM2403486_8622007019_R06C02_Grn.idat.gz	cbe1077bf4f98c55f4bfd5a6049f3e13
GSM2403486_8622007019_R06C02_Red.idat.gz	72e1b3708f312bcb4a99433bc635c454
GSM2403487_8622007020_R02C01_Grn.idat.gz	81677d6c12fff86947a01a63e5fb2b6f
GSM2403487_8622007020_R02C01_Red.idat.gz	0fd322db9945c02ce268988af74b2ccc
GSM2403488_8622007020_R06C01_Grn.idat.gz	87aa4601d078ee24f6cb16ed478b3bff
GSM2403488_8622007020_R06C01_Red.idat.gz	7bd0b31f4969218dcec498424c221ec9
GSM2403489_8622007063_R01C01_Grn.idat.gz	6105084e779d79a52b832eef5ce20754
GSM2403489_8622007063_R01C01_Red.idat.gz	7f708c510a7de739f4ef1536fc2827dc
GSM2403490_8622007059_R03C02_Grn.idat.gz	4158bff3ad877a8d354c42adf52ba3ac
GSM2403490_8622007059_R03C02_Red.idat.gz	afa2530d8fd757295f51326189a40567
GSM2403491_8622007058_R03C02_Grn.idat.gz	ac8a0af23a69a0b566e4bdfe63ed5405
GSM2403491_8622007058_R03C02_Red.idat.gz	7aaf219fff8cb64d9ba545fa77bfc17f
GSM2403492_8622007058_R04C02_Grn.idat.gz	95bc654cbf5645afe6d35a9af25dea20
GSM2403492_8622007058_R04C02_Red.idat.gz	7a2959525c23e1c697265047f10ca417
GSM2403493_8622007058_R01C02_Grn.idat.gz	5a5be754a38355fcc4e1575197526ded
GSM2403493_8622007058_R01C02_Red.idat.gz	0c3507b131c2fe8014eb312660fd58b6
GSM2403494_8622007058_R06C01_Grn.idat.gz	10e41550a44328cca29da8c031463dad
GSM2403494_8622007058_R06C01_Red.idat.gz	2be351673f47d6eb45cbb1dffc09110b
GSM2403495_8622007058_R05C01_Grn.idat.gz	fa40133617a7d48e1498cf422092e4ca
GSM2403495_8622007058_R05C01_Red.idat.gz	54f532289b181f2dfdfd730a8d89cb2b
GSM2403496_8622007061_R03C01_Grn.idat.gz	d9e1524e46530717c7e9ad659c30764a
GSM2403496_8622007061_R03C01_Red.idat.gz	b97ca216667985c6f811965fb3bce91d
GSM2403497_8622007061_R04C01_Grn.idat.gz	d8ca680a4243d40a41a530bb9d63cb6d
GSM2403497_8622007061_R04C01_Red.idat.gz	8b38aa68fcff1d228a4d5c836c7976f4
GSM2403498_8622007061_R06C01_Grn.idat.gz	1a9cc12fbb15bd725c4f0fb5503190c8
GSM2403498_8622007061_R06C01_Red.idat.gz	8dcfe0eff455e0feec6e74ce765367d0
GSM2403499_8622007061_R02C02_Grn.idat.gz	22947eae330bbc98eb51547738a69268
GSM2403499_8622007061_R02C02_Red.idat.gz	4e92ecbf7ee4e9e8699285aad1e40735
GSM2403500_8622007061_R04C02_Grn.idat.gz	38128889b9b7b58c0848dfc3d11be1bc
GSM2403500_8622007061_R04C02_Red.idat.gz	7210702dd2695685786eff36d3eca3c0
GSM2403501_8622007061_R05C02_Grn.idat.gz	fe77e5345665d9f4ca549e0b89e2a129
GSM2403501_8622007061_R05C02_Red.idat.gz	5c9c6a6e02273e5cbbc4623372399cfd
GSM2403502_8622007067_R05C02_Grn.idat.gz	278131d3e32dc9952a8de4ad6c350a09
GSM2403502_8622007067_R05C02_Red.idat.gz	28f9292e9357de2d0db6d3ec5fe54e25
GSM2403503_8622007068_R02C01_Grn.idat.gz	66ae8562ac404d9da14a3cd8bc6fb8e7
GSM2403503_8622007068_R02C01_Red.idat.gz	6d5000f3f4afcdbef7445328c3fb540b
GSM2403504_8622007069_R01C01_Grn.idat.gz	906bb4c858a5e186fb8f85ab29696e7e
GSM2403504_8622007069_R01C01_Red.idat.gz	d9c1bdbe8af3ebb8b107365d21e87550
GSM2403505_8622007069_R06C01_Grn.idat.gz	08ecc8f371403e231ae67fd0c26a322d
GSM2403505_8622007069_R06C01_Red.idat.gz	ed8606bc833b5131ea57203aa2f36f05
GSM2403506_8622007067_R04C01_Grn.idat.gz	560a294e905fd418f586f2c38fa61581
GSM2403506_8622007067_R04C01_Red.idat.gz	0262be88842d9182b978dcf723e70e37
GSM2403507_8622007067_R03C02_Grn.idat.gz	c79d6283ea5dd5e6e6d14930c38e2dc3
GSM2403507_8622007067_R03C02_Red.idat.gz	8cdd030d33d53aec7f117d11eae0af5d
GSM2403508_8622007067_R04C02_Grn.idat.gz	885a93ab6322b0b27c115b08bb9687f2
GSM2403508_8622007067_R04C02_Red.idat.gz	de2fb5d4e299867e485a0136dd006f1e
GSM2403509_8622007070_R04C01_Grn.idat.gz	6ffed52483060c69c7e45f0bda9e0455
GSM2403509_8622007070_R04C01_Red.idat.gz	1566ecbd434d41fe85192fc16a5b4357
GSM2403510_8622007069_R01C02_Grn.idat.gz	8849d2c2735bbad49f6bde5866cab2b6
GSM2403510_8622007069_R01C02_Red.idat.gz	e7b2ac6b3e91285787a91204f4cf2cd1
GSM2403511_8622007069_R05C02_Grn.idat.gz	d7c0c73d89e122cdd18a073e1e09439e
GSM2403511_8622007069_R05C02_Red.idat.gz	d573e54bb6b0aec41a5d45afdf6b77ff
GSM2403512_8622007069_R04C02_Grn.idat.gz	ad24023a6951d1246c5754f2b534e68d
GSM2403512_8622007069_R04C02_Red.idat.gz	bba2baaa58fd62645fa687f742cfb604
GSM2403513_8622007069_R03C02_Grn.idat.gz	911dedf7890a154a34c75acd31ae2ba4
GSM2403513_8622007069_R03C02_Red.idat.gz	4581961ab4bb43b97cc92071ead8511c
GSM2403514_8622007069_R02C02_Grn.idat.gz	bbb93647ce0d614559606a04a2250fd8
GSM2403514_8622007069_R02C02_Red.idat.gz	1befbe81c0a8227869b512c69b7f0173
GSM2403515_8622007070_R03C02_Grn.idat.gz	c8b9483288a1bd9fec7dc738b23d2770
GSM2403515_8622007070_R03C02_Red.idat.gz	927160f96be28d7d34498611bc881781
GSM2403516_8622007065_R02C02_Grn.idat.gz	6cc0fc049a704c186ea847967248bf30
GSM2403516_8622007065_R02C02_Red.idat.gz	2ba0f861e8af891a0b3bd6e25cf8e4c6
GSM2403517_8622007066_R02C01_Grn.idat.gz	2555b30bc6f873756cc5fa2413b1d2e8
GSM2403517_8622007066_R02C01_Red.idat.gz	7e384cebc99c6b9dac0140b9ce76a72c
GSM2403518_8622007066_R04C01_Grn.idat.gz	dd3d9513d5ac93970a4a0e13efd8fe66
GSM2403518_8622007066_R04C01_Red.idat.gz	4b541e52acb49921d31550a340780996
GSM2403519_8622007067_R06C02_Grn.idat.gz	567b742268cb71a8769a3a49118e1a0d
GSM2403519_8622007067_R06C02_Red.idat.gz	24aef5d9653ca96602d13047577d2480
GSM2403520_8622007065_R06C01_Grn.idat.gz	b2cae406ee2a061633663fce28dfe1c0
GSM2403520_8622007065_R06C01_Red.idat.gz	9b6b6db97b79f76cb623c506702414c3
GSM2403521_8622007066_R06C02_Grn.idat.gz	164d991d783b7d6c26aea5981c9380bd
GSM2403521_8622007066_R06C02_Red.idat.gz	d114d6d8f23cdbb184bf5c670b110341
GSM2403522_8622007065_R01C01_Grn.idat.gz	d612c43d2e9ce885b974778022bb7c82
GSM2403522_8622007065_R01C01_Red.idat.gz	c533074fccdae787edd233d9e59c1b79
GSM2403523_8622007066_R06C01_Grn.idat.gz	adb764b300ef9e775d7a21c51ff03905
GSM2403523_8622007066_R06C01_Red.idat.gz	d94aca0f3d0ae3851b4f094b544b3bfa
GSM2403524_8622007066_R01C02_Grn.idat.gz	f0644d4300be05ad98ab2233e1d53722
GSM2403524_8622007066_R01C02_Red.idat.gz	276eacb16db98b0402b78bbcd8f36754
GSM2403525_8622007067_R02C01_Grn.idat.gz	e45043c2af80aef8022233572d2cc59f
GSM2403525_8622007067_R02C01_Red.idat.gz	8eb4685e352e59901c94a0e79ce5dd38
GSM2403526_8622007069_R03C01_Grn.idat.gz	124371e5b04ebd413a9a32d5dc251cc6
GSM2403526_8622007069_R03C01_Red.idat.gz	0446fc3d274607c75439674b7def3c0a
GSM2403527_8622007069_R02C01_Grn.idat.gz	c9e60c2c9211cba0765618a5d2c3fc73
GSM2403527_8622007069_R02C01_Red.idat.gz	b476b3285e5d0d16b63eae76d3471ce7
GSM2403528_8622007068_R01C02_Grn.idat.gz	f5041fe43e698bb090d7f3c55b275675
GSM2403528_8622007068_R01C02_Red.idat.gz	af4d806ba242f6d88683671f81472d9b
GSM2403529_8622007074_R03C01_Grn.idat.gz	6daae77ed983af71bd10ba868a4c0de2
GSM2403529_8622007074_R03C01_Red.idat.gz	7498d6075fe5201920e12a5833f182b4
GSM2403530_8622007080_R01C01_Grn.idat.gz	8a561c9ef9d676970294cd3164614690
GSM2403530_8622007080_R01C01_Red.idat.gz	16b5d2e25d117ccc11938fd861fe4d1d
GSM2403531_8622007080_R02C01_Grn.idat.gz	77cc6382e5f419ec607a118bdb062997
GSM2403531_8622007080_R02C01_Red.idat.gz	2b723d1aa4563d6dbc55af5a707592d9
GSM2403532_8622007080_R03C01_Grn.idat.gz	846e4a6491aef2ec76165c67414d127b
GSM2403532_8622007080_R03C01_Red.idat.gz	67d3a3c271ed8848c63a493f863f9926
GSM2403533_8622007080_R04C01_Grn.idat.gz	4c55df5196c25602ee84e223e8159d56
GSM2403533_8622007080_R04C01_Red.idat.gz	a12b61b48148090d7360a5c0f1d70a7c
GSM2403534_8622007080_R06C01_Grn.idat.gz	4ad9cc89702fc303e64a1ec1799dae92
GSM2403534_8622007080_R06C01_Red.idat.gz	57eec9d3502c3402ca0916ad61693215
GSM2403535_8622007080_R03C02_Grn.idat.gz	cc428de73a6bda7be729675bb3c86b32
GSM2403535_8622007080_R03C02_Red.idat.gz	99dc293e12f7ded36106591695c4b130
GSM2403536_8622007072_R05C01_Grn.idat.gz	90a8acd5d63b48f2bf02d2abf853f333
GSM2403536_8622007072_R05C01_Red.idat.gz	6902e81c643480308c91f0c9a1f597e3
GSM2403537_8622007072_R06C01_Grn.idat.gz	2dd55cf360e44eb149b90f03aefb6f7e
GSM2403537_8622007072_R06C01_Red.idat.gz	09c087f0fb614698e0c4a9e350358c5e
GSM2403538_8622007072_R02C02_Grn.idat.gz	ede41c3f87f036560b0d6dc72ad7c823
GSM2403538_8622007072_R02C02_Red.idat.gz	5e1fd62e2ad51fae36a7045f99a3c124
GSM2403539_8622007073_R03C02_Grn.idat.gz	89c8893351759af36c5e093057e0f53c
GSM2403539_8622007073_R03C02_Red.idat.gz	8d6fcf6b68662376b809c662be74efe0
GSM2403540_8622007072_R03C02_Grn.idat.gz	6600b0a3bde98d42ac9c20fe7ef22a9c
GSM2403540_8622007072_R03C02_Red.idat.gz	6c51fe5a1ab1fc3acbeef54ea3ec8a39
GSM2403541_8622007073_R01C01_Grn.idat.gz	bd3a36123e5fe7b177929827480e5cfa
GSM2403541_8622007073_R01C01_Red.idat.gz	6fbf9a7be0e460ffb919b8eae59cfd57
GSM2403542_8622007072_R04C02_Grn.idat.gz	21053031b3cc56959d1987bcba802959
GSM2403542_8622007072_R04C02_Red.idat.gz	b31566c4b764895e9a718e5474f18bc0
GSM2403543_8622007072_R05C02_Grn.idat.gz	1e4bafb4ce9e3ef6ee7d22c44c38255d
GSM2403543_8622007072_R05C02_Red.idat.gz	a9dc018e7a243f859c9bf3aa07246d07
GSM2403544_8622007073_R02C01_Grn.idat.gz	ab8a688144a5ec9eafc9cc513e52be17
GSM2403544_8622007073_R02C01_Red.idat.gz	46c0be85a7c028cbebc9d3cf1c65d1f0
GSM2403545_8622007072_R06C02_Grn.idat.gz	32a1a0bb8e106b92039b692495583fb3
GSM2403545_8622007072_R06C02_Red.idat.gz	4b61e960089a268c3a1721f11b4f09e3
GSM2403546_8622007073_R03C01_Grn.idat.gz	25da2695cc5aa97d99f34953e0ff65e2
GSM2403546_8622007073_R03C01_Red.idat.gz	66cc1be1ebe112955ba5a36ebf15c5fe
GSM2403547_8622007071_R02C01_Grn.idat.gz	1cf11cd061356a5e03469859d0a86500
GSM2403547_8622007071_R02C01_Red.idat.gz	2e14007d2434c33b1101b3b12871220f
GSM2403548_8622007071_R01C01_Grn.idat.gz	d23f07103bc081e2c6648eb1a22fe4b9
GSM2403548_8622007071_R01C01_Red.idat.gz	670cd347f1b49d9e4479799139499a62
GSM2403549_8622007071_R03C01_Grn.idat.gz	1eb4da0c723c8680631a7a698844e6be
GSM2403549_8622007071_R03C01_Red.idat.gz	a797c04c3b031a84bb9e1406b9862d36
GSM2403550_8622007071_R04C01_Grn.idat.gz	3bbc44bd2094d4d9be9d42c3cf8a67f1
GSM2403550_8622007071_R04C01_Red.idat.gz	b8cbef6a13d93bc5a42d85cdff00d53d
GSM2403551_8622007071_R05C01_Grn.idat.gz	052131e758f7b484c8c3abbd2188a5fe
GSM2403551_8622007071_R05C01_Red.idat.gz	86940c101a909bbf0994f8d7d66d3a3d
GSM2403552_8622007071_R06C01_Grn.idat.gz	87d84b08f92e6085234f15ba6eb5fd3e
GSM2403552_8622007071_R06C01_Red.idat.gz	3153544aaec81c9319032e690fb8e492
GSM2403553_8622007071_R01C02_Grn.idat.gz	630fdb2d89dd43669cec2faabe600216
GSM2403553_8622007071_R01C02_Red.idat.gz	198eaa3191907ef49217d34902addc80
GSM2403554_8622007071_R02C02_Grn.idat.gz	2247ea30492838c3672e40ac080583f8
GSM2403554_8622007071_R02C02_Red.idat.gz	53168f6ad1a5903840a8173c301aae02
GSM2403555_8622007071_R03C02_Grn.idat.gz	6905e2d053a7e97ddbd8c0cb325c4b9c
GSM2403555_8622007071_R03C02_Red.idat.gz	9ec7d3d6e29a0d5fc1b791a5836c0e73
GSM2403556_8622007071_R04C02_Grn.idat.gz	bd80d6e5fc72acbfda1fb9068eee301f
GSM2403556_8622007071_R04C02_Red.idat.gz	c081ff95423fc6dc41515b2d5d6944cf
GSM2403557_8622007071_R05C02_Grn.idat.gz	9a15d8da50311fdb1f485d9544977d99
GSM2403557_8622007071_R05C02_Red.idat.gz	f379a385d44547b32f70860ddbf932e4
GSM2403558_8622007071_R06C02_Grn.idat.gz	2ac213c8c2613302eb7708030afb2b88
GSM2403558_8622007071_R06C02_Red.idat.gz	a6b082dcbc4ae2c5fecfa82e4151da74
GSM2403559_8622007072_R01C01_Grn.idat.gz	a33a778975b9ce00928cbefeb1fc258d
GSM2403559_8622007072_R01C01_Red.idat.gz	2e41a4903ef0480b9cc312e74f13fba3
GSM2403560_8622007073_R04C01_Grn.idat.gz	63a1d5de47c8fcbc2d261207c6b68ace
GSM2403560_8622007073_R04C01_Red.idat.gz	5d8bf8135321833ec00e16e19b8d69d8
GSM2403561_8622007073_R05C01_Grn.idat.gz	00b2db0bd6ace8a8c7837832da22dcc7
GSM2403561_8622007073_R05C01_Red.idat.gz	6d5c8a7c31b361d37260bcc368951831
GSM2403562_8622007072_R02C01_Grn.idat.gz	b35204dbfaf9decccf25f5b298d2a535
GSM2403562_8622007072_R02C01_Red.idat.gz	6f31675553af7028390558d9427cdc4b
GSM2403563_8622007073_R06C01_Grn.idat.gz	436005f069aa63148eb364e5b6764999
GSM2403563_8622007073_R06C01_Red.idat.gz	482f3049723adbccf599ac3f59f5dc45
GSM2403564_8622007073_R01C02_Grn.idat.gz	73e9fd8cafe9a519478aa966deffcdd2
GSM2403564_8622007073_R01C02_Red.idat.gz	c6a16011e3959e09153ebd9c582ba11f
GSM2403565_8622007072_R03C01_Grn.idat.gz	017c61c565f9905598f3e0d2155651d6
GSM2403565_8622007072_R03C01_Red.idat.gz	272a7b21e653fe01e24f60c29136fe54
GSM2403566_8622007072_R04C01_Grn.idat.gz	810ffb30e9c024d2420a45793ea2b278
GSM2403566_8622007072_R04C01_Red.idat.gz	b59a6816b048666fa140144db82709c9
GSM2403567_8622007073_R02C02_Grn.idat.gz	c18cc6bf99708727d11d04b6e8996602
GSM2403567_8622007073_R02C02_Red.idat.gz	1617bd868f537dc0336e001ea755c6b4
GSM2403568_8622007073_R04C02_Grn.idat.gz	442384ca2258d45c01390265c36d744d
GSM2403568_8622007073_R04C02_Red.idat.gz	c489becf2e90948062b175d92f6eee23
GSM2403569_8622007083_R06C02_Grn.idat.gz	bdc3415eff683e2cbe9b61274dedcffe
GSM2403569_8622007083_R06C02_Red.idat.gz	f23c761a0ccb6e6c1c49984730af76a3
GSM2403570_8622007084_R01C01_Grn.idat.gz	9af3d2969713149dcec792db0b4170c1
GSM2403570_8622007084_R01C01_Red.idat.gz	5cbcc3ebc055d8c523d45eb499327fce
GSM2403571_8622007084_R01C02_Grn.idat.gz	af220605b3d6545f7689d90872f23c37
GSM2403571_8622007084_R01C02_Red.idat.gz	93ee7572743c64ce4a50e7a2da4ee0e1
GSM2403572_8622007084_R04C01_Grn.idat.gz	066e358be32d083b0e726ef0e0448902
GSM2403572_8622007084_R04C01_Red.idat.gz	b86054ddc307cbb6e1cc1a19dbfa8cf3
GSM2403573_8622007083_R02C01_Grn.idat.gz	7ddec39cc45446d4b8056406c320a8dc
GSM2403573_8622007083_R02C01_Red.idat.gz	0e2380dc70869b50766572ba2eeee7ef
GSM2403574_8622007083_R03C01_Grn.idat.gz	557a34f149a897190feb376f9969e4a5
GSM2403574_8622007083_R03C01_Red.idat.gz	6ef2a520f793aed65cec45f0ea47c1ed
GSM2403575_8622007084_R02C02_Grn.idat.gz	1f406110f9ac8544415d64f4d7c52724
GSM2403575_8622007084_R02C02_Red.idat.gz	d976f2e70ea2351c7d880f59f4b54d62
GSM2403576_8622007083_R04C01_Grn.idat.gz	9a7c4a8de847606774100750429c8492
GSM2403576_8622007083_R04C01_Red.idat.gz	b2b156df27293faf88e20189979d26e4
GSM2403577_8622007084_R03C02_Grn.idat.gz	a15bfa2d598cd5af5367b98a63322332
GSM2403577_8622007084_R03C02_Red.idat.gz	ea15fe47f58957a1bcc92f1b79716b3d
GSM2403578_8622007083_R05C01_Grn.idat.gz	9d58bfe91e135c86ec6e40bf4a49ba91
GSM2403578_8622007083_R05C01_Red.idat.gz	7ded3c6117d283470b86dffb4141f6ef
GSM2403579_8622007083_R01C02_Grn.idat.gz	553841eab9fb084b168dd460361054b8
GSM2403579_8622007083_R01C02_Red.idat.gz	547a4adeb435a29e8b3e223c24bf7fbd
GSM2403580_8622007083_R02C02_Grn.idat.gz	3109a6ff60328479a5fcd11ae2f1ffa4
GSM2403580_8622007083_R02C02_Red.idat.gz	8806eb5de6bed10628a25cd586d3711f
GSM2403581_8622007083_R03C02_Grn.idat.gz	e258b0e089cf0ec46a009afbcd587a2e
GSM2403581_8622007083_R03C02_Red.idat.gz	21ac26825d4c28a75867053e3a42eb8d
GSM2403582_8622007083_R04C02_Grn.idat.gz	3787a597b785984416f4e76ce4c1e880
GSM2403582_8622007083_R04C02_Red.idat.gz	6413ebcfeb826994e5343e595c02a1ac
GSM2403583_8622007084_R04C02_Grn.idat.gz	05978910c6ce5c366efeef5297f23615
GSM2403583_8622007084_R04C02_Red.idat.gz	055a959c0f6b962494369a7b8dd36c30
GSM2403584_8622007084_R05C02_Grn.idat.gz	425a6278bcec5c9bda878888532ad35e
GSM2403584_8622007084_R05C02_Red.idat.gz	17927c10f7a04af839211b63426ba429
GSM2403585_8622007120_R02C01_Grn.idat.gz	eaffe07ac80d59b56c9911160b0faf2b
GSM2403585_8622007120_R02C01_Red.idat.gz	38d86234abf52a9287e9bfd313a6b315
GSM2403586_8622007091_R01C01_Grn.idat.gz	d47e5e783023798f3d7e2fcad698a3b7
GSM2403586_8622007091_R01C01_Red.idat.gz	b46a9a5d2d4bfe049d4d34e0da5059c3
GSM2403587_8622007091_R02C02_Grn.idat.gz	6717ccf29265cc400266eeaf436a863f
GSM2403587_8622007091_R02C02_Red.idat.gz	29c8aa1dd6cc9be1435b93c179ad89e0
GSM2403588_8622007091_R04C01_Grn.idat.gz	9387cccf1c9c521bf1de9d9843dfa289
GSM2403588_8622007091_R04C01_Red.idat.gz	0f3783e889d2a764a206dc9454b281f8
GSM2403589_8622007091_R05C01_Grn.idat.gz	9f2ea49ab19c58222eb47ce0b64c5dbe
GSM2403589_8622007091_R05C01_Red.idat.gz	6cb8403a0d7ce6e2a233496894e4276f
GSM2403590_8622007091_R01C02_Grn.idat.gz	6466e8084469c498b52977c338434c55
GSM2403590_8622007091_R01C02_Red.idat.gz	53aca25306154f0c9404c971b6373cbf
GSM2403591_8622007097_R02C02_Grn.idat.gz	8178e4adabe249621f04c47aa4bad715
GSM2403591_8622007097_R02C02_Red.idat.gz	766ed5f5455db3fa748d33bca5c11d9a
GSM2403592_8622007106_R04C01_Grn.idat.gz	b6c0eb5da92e5b23152156d83ace8c17
GSM2403592_8622007106_R04C01_Red.idat.gz	ee925a284f6fad92dff47d94ba77ae85
GSM2403593_8622007106_R02C01_Grn.idat.gz	6efbc1b9eebbe9896eb4ef8ade04066e
GSM2403593_8622007106_R02C01_Red.idat.gz	fd50011dcf51151f4a280f85556b5e1d
GSM2403594_8622007106_R05C01_Grn.idat.gz	286e64b6f8d3996264dfe937e5459d78
GSM2403594_8622007106_R05C01_Red.idat.gz	5f3849c8eed7b9e65ce746a74eefec8c
GSM2403595_8622007106_R03C01_Grn.idat.gz	4d37d80c1f968a3bb38b30001cf32ae6
GSM2403595_8622007106_R03C01_Red.idat.gz	fc70a59c2da7f3c8f3ee5f0e41677c77
GSM2403596_8622007106_R01C01_Grn.idat.gz	01b288030586991869499d224f12bd18
GSM2403596_8622007106_R01C01_Red.idat.gz	052fb8c297654f8315a47ac8f3cfac9a
GSM2403597_8622007144_R03C02_Grn.idat.gz	94fa46261b0e5b64cd3f1edc923906e6
GSM2403597_8622007144_R03C02_Red.idat.gz	72758535b5dd22821ace955940d63b40
GSM2403598_8622007144_R01C02_Grn.idat.gz	0249b637788e4cc069647053aca44812
GSM2403598_8622007144_R01C02_Red.idat.gz	e93cac338e58736ee3feee267cab650f
GSM2403599_8622007106_R04C02_Grn.idat.gz	b8b3086c0b94d7a03458686a54406426
GSM2403599_8622007106_R04C02_Red.idat.gz	ce21f047a85202b500c717ea6088d01e
GSM2403600_8622007106_R01C02_Grn.idat.gz	5981c1fe8260b6d0b4ae710e5ced8681
GSM2403600_8622007106_R01C02_Red.idat.gz	d2f41814281ab32da49350d87064bab7
GSM2403601_8622007106_R05C02_Grn.idat.gz	15d289fdee660be7946afe9d8bef450a
GSM2403601_8622007106_R05C02_Red.idat.gz	e093d72b5a0a313ac24a61190d21a43f
GSM2403602_8622007132_R03C01_Grn.idat.gz	5a95289dc6584e96fa65b96532b22cb8
GSM2403602_8622007132_R03C01_Red.idat.gz	e62b51b5e7ff62609d518da3f8d1764c
GSM2403603_8622007132_R05C01_Grn.idat.gz	85e4b37437f7d8e72a77c3213efe6174
GSM2403603_8622007132_R05C01_Red.idat.gz	f6ce8dbb767197939f0173fe95ffa69d
GSM2403604_8622007144_R04C02_Grn.idat.gz	26bd557cdf3e5b2b3fac0d3bc4732e8d
GSM2403604_8622007144_R04C02_Red.idat.gz	0758ded2e75f14308ea98baae35fbc8f
GSM2403605_8622007149_R02C01_Grn.idat.gz	58bb2e45f325eef2d9f605f78f1092be
GSM2403605_8622007149_R02C01_Red.idat.gz	81a70512d0a95de8c9ef1d781894b3f7
GSM2403606_8622007149_R02C02_Grn.idat.gz	6c4f5cb7ea12426f77f126b245e55c01
GSM2403606_8622007149_R02C02_Red.idat.gz	1c53d4483903a763bf81ea2b58eac5dd
GSM2403607_8622007118_R04C01_Grn.idat.gz	0a581652b133eb00d3b3bc0b5cd6621e
GSM2403607_8622007118_R04C01_Red.idat.gz	df975462df9dd51661a1fdf826e6c092
GSM2403608_8622007118_R02C02_Grn.idat.gz	dbc86bd93c3634fa313f51a30c185be5
GSM2403608_8622007118_R02C02_Red.idat.gz	fe9db77495b490d34458e9c672d98aad
GSM2403609_8622007118_R03C02_Grn.idat.gz	c37d4a6332edcbeea57c993fc940f144
GSM2403609_8622007118_R03C02_Red.idat.gz	b687b13727e42d34a876be644a8ec347
GSM2403610_8622007119_R01C01_Grn.idat.gz	6660f87b2bae5ba5df004917ca475c38
GSM2403610_8622007119_R01C01_Red.idat.gz	190527f559d6cbf169aed5be2f64e759
GSM2403611_8622007119_R02C01_Grn.idat.gz	e7de7a542d5a0506fd696232875c2990
GSM2403611_8622007119_R02C01_Red.idat.gz	3b43623dbd5b381158e2d5e447f5a332
GSM2403612_8622007119_R03C01_Grn.idat.gz	bf2032171f40bce7852024ed4bce3398
GSM2403612_8622007119_R03C01_Red.idat.gz	329090884eaa3c4b6d1498db8cf27fea
GSM2403613_8622007119_R04C01_Grn.idat.gz	9b91603203aeabde5ceda5d78d98e703
GSM2403613_8622007119_R04C01_Red.idat.gz	1d81b85836728f0c6a4f780758f6ac32
GSM2403614_8622007119_R05C01_Grn.idat.gz	7efefc37d2f74648aaed73d42ac4ccbe
GSM2403614_8622007119_R05C01_Red.idat.gz	87ac7dfc21f50ee26ab5ae02d30589cb
GSM2403615_8622007119_R06C01_Grn.idat.gz	9af96e24368f7bed003298001d44cfc7
GSM2403615_8622007119_R06C01_Red.idat.gz	ffaec51e9d3bb4a0316f0730f1c4d30b
GSM2403616_8622007130_R06C01_Grn.idat.gz	fbceefd8e01fc997781e1e6ef3423535
GSM2403616_8622007130_R06C01_Red.idat.gz	8c6b27ad6e45bf5a91a66a58a62939ce
GSM2403617_8622007130_R01C02_Grn.idat.gz	44ba99f6ce69968a8016f01738591dbc
GSM2403617_8622007130_R01C02_Red.idat.gz	0aa8a4a6db0db23267beebeedb1b865a
GSM2403618_8622007120_R04C02_Grn.idat.gz	c2d57d493c441716711fc3c4c9594567
GSM2403618_8622007120_R04C02_Red.idat.gz	40c3cd9d1017871299b0a79f0a9ffe5d
GSM2403619_8622007130_R04C01_Grn.idat.gz	aed472357c28dc650dff94b52abb094b
GSM2403619_8622007130_R04C01_Red.idat.gz	a668fe7b71b5a314e770e9e3a331a7e3
GSM2403620_8622007130_R03C01_Grn.idat.gz	9bcb2eb50bda105bc053ea02db659a6e
GSM2403620_8622007130_R03C01_Red.idat.gz	fefbc6311de66bda824b69163934bb4e
GSM2403621_8622007130_R02C01_Grn.idat.gz	20e36593ed4bc63605f04c5c1b885e4c
GSM2403621_8622007130_R02C01_Red.idat.gz	8f9aad4d15782df7f846f3a5efb2daec
GSM2403622_8622007119_R05C02_Grn.idat.gz	81107a310d4bd1baec78141d97741c29
GSM2403622_8622007119_R05C02_Red.idat.gz	6ffeb245054841851679688732b29b6a
GSM2403623_8622007119_R06C02_Grn.idat.gz	cd3e11300dd9b7c1249c022f2d415c04
GSM2403623_8622007119_R06C02_Red.idat.gz	187cad7394c3632b7b7b5fc7b62cd525
GSM2403624_8622007189_R01C01_Grn.idat.gz	6e1f069c3a9e3b74e3cd971326a51474
GSM2403624_8622007189_R01C01_Red.idat.gz	faa8c37cb782ba0839771e830839c004
GSM2403625_8622007189_R03C01_Grn.idat.gz	c59bdeb4ba92272ec5590775441350bf
GSM2403625_8622007189_R03C01_Red.idat.gz	ee221680f464a94e6f24153568e237cc
GSM2403626_8622007189_R04C01_Grn.idat.gz	022eb778faf537eb4b7cbc5b6b1c72cb
GSM2403626_8622007189_R04C01_Red.idat.gz	2d529f097380ce9676f80bd548094d9d
GSM2403627_8622007189_R05C01_Grn.idat.gz	a151c3e3e025e072ffa5f41ee8328d80
GSM2403627_8622007189_R05C01_Red.idat.gz	31a2c716ad69102a99e81ac6c9d4ea7d
GSM2403628_8622007189_R06C01_Grn.idat.gz	82812f528144482c8d0e28f11eb9e44d
GSM2403628_8622007189_R06C01_Red.idat.gz	0c8c06c634974606639f366b7ccb1600
GSM2403629_8622007189_R01C02_Grn.idat.gz	3058e601e27c2c701ee7e9793a9ed6bd
GSM2403629_8622007189_R01C02_Red.idat.gz	2dbbe639982c3f2bcf7c4d4dad6cb8ac
GSM2403630_8622007189_R02C02_Grn.idat.gz	123a192497f47774c9727db94b6ad468
GSM2403630_8622007189_R02C02_Red.idat.gz	12d8a8f3d8c99b7bf53309941f2e912c
GSM2403631_8622007189_R05C02_Grn.idat.gz	1faa787b098342a8e2307b3e4ed73b85
GSM2403631_8622007189_R05C02_Red.idat.gz	c414ace6702cbab6595530f23104c2d7
GSM2403632_8622007189_R06C02_Grn.idat.gz	d5a2447af596c7581f05d35abb8a3626
GSM2403632_8622007189_R06C02_Red.idat.gz	f1b4561e408eed142351949c3694bfb9
GSM2403633_8622007203_R03C01_Grn.idat.gz	9ae82e3857518a07b07cd601a147c8ca
GSM2403633_8622007203_R03C01_Red.idat.gz	f58f8e117ddf325013b372560cb0b8a6
GSM2403634_8622007203_R04C01_Grn.idat.gz	77e228d18ed1483b2b16192fe3180ca9
GSM2403634_8622007203_R04C01_Red.idat.gz	5a91a3d1bf00e3c334b8c6bd3f1ad98a
GSM2403635_8622007203_R06C01_Grn.idat.gz	ff2481ca3be2613b33fbbd6a768b37d4
GSM2403635_8622007203_R06C01_Red.idat.gz	d9159e429005c82a3704957128c91196
GSM2403636_8622007203_R01C02_Grn.idat.gz	51121b34ce4ac934dd85e5ba434fdc56
GSM2403636_8622007203_R01C02_Red.idat.gz	f3cc3ba2143c5d7ed92ef02a564fb412
GSM2403637_8622007203_R02C02_Grn.idat.gz	a27a39ec5393a9161be2be511549b9ca
GSM2403637_8622007203_R02C02_Red.idat.gz	969222ef57305a1a842b4deca05f8601
GSM2403638_8622007203_R03C02_Grn.idat.gz	dfb45f48511289806f9a52f907d83e64
GSM2403638_8622007203_R03C02_Red.idat.gz	8769f84e6f4606026238e7b317e9894f
GSM2403639_8622007203_R04C02_Grn.idat.gz	a697382c9c5ca4b167331e253abef3fe
GSM2403639_8622007203_R04C02_Red.idat.gz	771de75f3b296f1e001d961db59a78fd
GSM2403640_8622007203_R05C02_Grn.idat.gz	fc47dd28b9ab4bd6674b7d7818e7bfce
GSM2403640_8622007203_R05C02_Red.idat.gz	6fe263f6e59988afa52d859040c73933
GSM2403641_8622007203_R06C02_Grn.idat.gz	f6e6ffd669cd7769de69e30d4563e291
GSM2403641_8622007203_R06C02_Red.idat.gz	623a6b5984e68f6f3243167149aad121
GSM2403642_8942351007_R05C01_Grn.idat.gz	685042ba733432b4367cda85aba539b3
GSM2403642_8942351007_R05C01_Red.idat.gz	6e611bc4536eb47bdeba7d1fbafd16a7
GSM2403643_8942351007_R06C01_Grn.idat.gz	7924d260dce9ac651ef13f6e2b4b36b9
GSM2403643_8942351007_R06C01_Red.idat.gz	0847fc13b4d8b546af387df1dbdf82f0
GSM2403644_8942351007_R01C02_Grn.idat.gz	fcfaaf1723d75676165c72a7e234740f
GSM2403644_8942351007_R01C02_Red.idat.gz	96d358e223f00ff12410f8e51cb027b8
GSM2403645_8942351007_R02C02_Grn.idat.gz	4120b9abc1464488b50b73ff2b86b0a4
GSM2403645_8942351007_R02C02_Red.idat.gz	c6ab2a0092574331725f556a81b111d2
GSM2403646_8942351007_R03C02_Grn.idat.gz	0c38eaa05c47a9d335d0c0a9c977c670
GSM2403646_8942351007_R03C02_Red.idat.gz	c34f219225fb241324fd4511fb2a3ef3
GSM2403647_8942351007_R04C02_Grn.idat.gz	36a05820bc93398c877ecdc3d9cf9a5c
GSM2403647_8942351007_R04C02_Red.idat.gz	40826ad660e600055726ae1a692c4cb1
GSM2403648_8942326114_R02C02_Grn.idat.gz	54b0385959ac3d7f8c2b30326072337a
GSM2403648_8942326114_R02C02_Red.idat.gz	930688d8c1c6233a739160f7958d649d
GSM2403649_8942326114_R05C02_Grn.idat.gz	7f4c455dc9691316803b1b38b325e311
GSM2403649_8942326114_R05C02_Red.idat.gz	b24d737b80a4cb576837af4c659f96f4
GSM2403650_8942326114_R03C02_Grn.idat.gz	ed0c7a5bab554f6557fcb8a61c5d3679
GSM2403650_8942326114_R03C02_Red.idat.gz	3f13c3b53d0cc88baf88e07a4bdd9382
GSM2403651_8963311099_R01C01_Grn.idat.gz	47b109c6109470682d443381594f8fcb
GSM2403651_8963311099_R01C01_Red.idat.gz	cd6405edec3b4c32070e245962d3772e
GSM2403652_8963311099_R02C01_Grn.idat.gz	5cdc2c9d612e4b4e4965cac21668a40c
GSM2403652_8963311099_R02C01_Red.idat.gz	616d54168f23cd448a94b7b96416b246
GSM2403653_8963311099_R04C01_Grn.idat.gz	fa3b514bf9295b3c6f9241cd4baa0d12
GSM2403653_8963311099_R04C01_Red.idat.gz	34291f967e680a552714e89f0d2ed8b5
GSM2403654_8963311099_R05C01_Grn.idat.gz	ca883eafcff8ea7ee543546d17ef9567
GSM2403654_8963311099_R05C01_Red.idat.gz	afc1eba1fefed471319eb82253ec2441
GSM2403655_8963311099_R06C01_Grn.idat.gz	ab142f983318f09d912e8dbf69b0097c
GSM2403655_8963311099_R06C01_Red.idat.gz	2cb6c55dbd30a454b6f862523d8f5753
GSM2403656_8963311099_R01C02_Grn.idat.gz	dd6dd2f33dfd42e7aaf76de802aca03e
GSM2403656_8963311099_R01C02_Red.idat.gz	c88785e5c8584fbfce28f733c293c48f
GSM2403657_8963311099_R02C02_Grn.idat.gz	413e528601578d1282e152b3a76068bf
GSM2403657_8963311099_R02C02_Red.idat.gz	9e24126c7d61c760cc4f02b712192ce4
GSM2403658_8963311099_R03C02_Grn.idat.gz	643225af4e969073470cdf12bab0b9f8
GSM2403658_8963311099_R03C02_Red.idat.gz	58de16643a10c13e21e859261f4b8f4a
GSM2403659_8963311099_R04C02_Grn.idat.gz	511abe1e7278fe761580bce9422b7eb6
GSM2403659_8963311099_R04C02_Red.idat.gz	f2408d8e3715f73017ae3ac4e612acf6
GSM2403660_8963311099_R06C02_Grn.idat.gz	60c68faba0e443bc3434e490a291c5be
GSM2403660_8963311099_R06C02_Red.idat.gz	93d31fff5d655c44bb6d909b636e90a0
GSM2403661_9003865058_R01C02_Grn.idat.gz	b3c9829fe342d346d33cedfd1de60d15
GSM2403661_9003865058_R01C02_Red.idat.gz	d3299c29527bd7e946c21c3306e426aa
GSM2403662_9003865058_R04C02_Grn.idat.gz	b099d853ca1eb12767ec52723a43c5ec
GSM2403662_9003865058_R04C02_Red.idat.gz	ef72ce74105f9a3e6f8d2e2d52a358c7
GSM2403663_9003865058_R04C01_Grn.idat.gz	7a6c87477afbf0c24ef66019f0bfd53e
GSM2403663_9003865058_R04C01_Red.idat.gz	334430171234b87c40646c9a76534f08
GSM2403664_9003865058_R03C01_Grn.idat.gz	9e5129ab7451079add028e9d8f7b03ca
GSM2403664_9003865058_R03C01_Red.idat.gz	ec8c0d41ee7a9573df71c9d074924c7e
GSM2403665_9003865058_R06C01_Grn.idat.gz	f29b77e35dc58c392c3d068e8a46b3eb
GSM2403665_9003865058_R06C01_Red.idat.gz	5f1d78adc17561856369e6088a2a97e4
GSM2403666_9003865058_R03C02_Grn.idat.gz	031e95725a17ec85ffa9cde1b094f840
GSM2403666_9003865058_R03C02_Red.idat.gz	12f90fc7752b17879013f8b88b94e6b4
GSM2403667_9003865058_R05C02_Grn.idat.gz	0f071fa5b249365238dc64561c98e64f
GSM2403667_9003865058_R05C02_Red.idat.gz	ea570c84639bac7aa9c6a758d69b1e02
GSM2403668_8963311098_R02C01_Grn.idat.gz	f50af2e43699d0c89a310df76c881295
GSM2403668_8963311098_R02C01_Red.idat.gz	68dd1ea2fc888b4ce8ed1b2e080e63d2
GSM2403669_8963282018_R03C02_Grn.idat.gz	0a959489fce8ce289c194b83f210e0ed
GSM2403669_8963282018_R03C02_Red.idat.gz	5fa8439e563dc817c5e5a4bf41087e87
GSM2403670_8959312010_R03C01_Grn.idat.gz	5e2ec3ee96a0028d7d5cddeae1883fa4
GSM2403670_8959312010_R03C01_Red.idat.gz	9781264cc5097f9d6c65bd56e4530382
GSM2403671_8963311098_R05C01_Grn.idat.gz	b741844a8299c15c24c045f47fd691ec
GSM2403671_8963311098_R05C01_Red.idat.gz	7e0e4adf4515858714db6cf457fa3f0e
GSM2403672_8959312010_R06C01_Grn.idat.gz	6245d1748d54fc7da101fe12c56c29ac
GSM2403672_8959312010_R06C01_Red.idat.gz	f3107ea9feb5de9b345a535203a55ca1
GSM2403673_8963282018_R01C01_Grn.idat.gz	22bcacb5b56414f99f4769d8ae183ef6
GSM2403673_8963282018_R01C01_Red.idat.gz	aac396a5f2bb02defbf9f538927abd16
GSM2403674_8963282039_R02C01_Grn.idat.gz	4b5c9e5f68a06425182db95e59a79c94
GSM2403674_8963282039_R02C01_Red.idat.gz	6bbd617f02f0882d5127b4f319d8d9e3
GSM2403675_8963282062_R03C01_Grn.idat.gz	0de873485306147073fea917cd7b2281
GSM2403675_8963282062_R03C01_Red.idat.gz	f0af4ea36089e53839511576ee26d929
GSM2403676_8963282039_R05C02_Grn.idat.gz	f908055ed9b63670fb1ede5451d8cdbb
GSM2403676_8963282039_R05C02_Red.idat.gz	c3faaf2375240bbb6e6f3feeef264aae
GSM2403677_8963282062_R01C02_Grn.idat.gz	cd83d40d90fb616cba34a2c70f82087f
GSM2403677_8963282062_R01C02_Red.idat.gz	d15a6e0a8961edfac57ecc3a3603861a
GSM2403678_8959312010_R04C01_Grn.idat.gz	611154a7793446b38e41d306f759d92e
GSM2403678_8959312010_R04C01_Red.idat.gz	bc8215e7309d388f4f0f0d083d3fc248
GSM2403679_8963282039_R06C01_Grn.idat.gz	1bef3d528d1644e8c49b0f36126fc105
GSM2403679_8963282039_R06C01_Red.idat.gz	9d405a44105991248f190755079d7316
GSM2403680_8963282046_R05C01_Grn.idat.gz	f7e6d70f94d57ab6b3e41f1a6db4a212
GSM2403680_8963282046_R05C01_Red.idat.gz	da3641b475e05d34b7df4f3638c680ba
GSM2403681_8959312010_R02C02_Grn.idat.gz	20e883764a8f9a9a4a3a08e8b6b5d990
GSM2403681_8959312010_R02C02_Red.idat.gz	d924454d908fa80439773875139635bb
GSM2403682_8963282018_R01C02_Grn.idat.gz	e6cd51209d6c1e470bd1515e247419b5
GSM2403682_8963282018_R01C02_Red.idat.gz	ffbadf87f3af7bc2c83b7bfbf0c70fa9
GSM2403683_8963282062_R04C01_Grn.idat.gz	7241204d892dd34fbdab04dabd36206b
GSM2403683_8963282062_R04C01_Red.idat.gz	ea242982dca7f207e8a1fea3e2826c28
GSM2403684_8963282018_R02C02_Grn.idat.gz	f1a29d427fa922a4583e6d12dea52ac6
GSM2403684_8963282018_R02C02_Red.idat.gz	1cf62c69142f409b2b09a0f9ae29f69b
GSM2403685_8963282062_R06C02_Grn.idat.gz	e41eb427dc287336c8cdacfb48c15085
GSM2403685_8963282062_R06C02_Red.idat.gz	805da2373eaf3a6acd040b39a336e402
GSM2403686_7497398017_R06C02_Grn.idat.gz	e0d5e2bba77876c64d33b7520fd81cbd
GSM2403686_7497398017_R06C02_Red.idat.gz	3eeec838c11cc1cfe323d7b21cb8b183
GSM2403687_7497398022_R05C02_Grn.idat.gz	9f51027ed9f51053d04215ce4cc1b6bb
GSM2403687_7497398022_R05C02_Red.idat.gz	2f5684286a38a56a7aaf1f947dcede09
GSM2403688_8963282062_R02C01_Grn.idat.gz	9cb3fea3d29225d2a7e1abcf23d54c03
GSM2403688_8963282062_R02C01_Red.idat.gz	28e864d91942df090f0cd8ebb61db048
GSM2403689_8963311098_R02C02_Grn.idat.gz	3da635e318d3b062ee7080e619460438
GSM2403689_8963311098_R02C02_Red.idat.gz	863e3c52cfc1c172a0c7d91edbccc0ef
GSM2403690_8963311098_R04C01_Grn.idat.gz	b388a3475dcfd206208a69b6bf0b1a2b
GSM2403690_8963311098_R04C01_Red.idat.gz	4e3257c1eb67d0963b6e389971e2837e
GSM2403691_8963282046_R03C01_Grn.idat.gz	975ea6f1b4e09e208d882c4e1c5fa8bb
GSM2403691_8963282046_R03C01_Red.idat.gz	0412cca4c859c155044430f80e5e321f
GSM2403692_9007217108_R06C01_Grn.idat.gz	eb51519a7e8b16fb19d15ab490dc0bf2
GSM2403692_9007217108_R06C01_Red.idat.gz	e6baed0463d4d090e386d34d9de0943c
GSM2403693_9007217139_R02C02_Grn.idat.gz	3d80d0d6bc055d010ff2130b8c78fcf2
GSM2403693_9007217139_R02C02_Red.idat.gz	6bd1d72d5bc811d9d089d1c79212a67c
GSM2403694_9007217139_R02C01_Grn.idat.gz	35ec91fb6666a5e7563c53ab4233a83f
GSM2403694_9007217139_R02C01_Red.idat.gz	0a8488961843ca36d3baf56b4060fce3
GSM2403695_9007217108_R05C02_Grn.idat.gz	64786eb17084b5ae1f4e7b53a3aa572b
GSM2403695_9007217108_R05C02_Red.idat.gz	c1b1a5830912014c2177d2ea284f96fe
GSM2403696_9007217139_R01C02_Grn.idat.gz	30a68f19ccb6ef828e0909bc9e829bdb
GSM2403696_9007217139_R01C02_Red.idat.gz	be3ba9c1029ce1d35b2acbf62560f80d
GSM2403697_9007217139_R03C02_Grn.idat.gz	79ed74187c12f3569e70108abdaef58d
GSM2403697_9007217139_R03C02_Red.idat.gz	a8ba768498a1b84016a1c71ef2a5da47
GSM2403698_9007217016_R06C02_Grn.idat.gz	f8f85562176c657d6c06bb080e243a80
GSM2403698_9007217016_R06C02_Red.idat.gz	a1a7027f3c10e09c50d605f3a32a8b4a
GSM2403699_9007217016_R02C02_Grn.idat.gz	5304abffbdfac25eade860779b9714ac
GSM2403699_9007217016_R02C02_Red.idat.gz	f60a6510c14013eb783b723b233e0a7c
GSM2403700_9007217016_R03C01_Grn.idat.gz	cb50e3809ee679cb6063d76eb028868c
GSM2403700_9007217016_R03C01_Red.idat.gz	52499024dd97587a679d6b12ad5cdd54
GSM2403701_9007225035_R04C02_Grn.idat.gz	ba1244642f11f35baeb6b1e4c6be050e
GSM2403701_9007225035_R04C02_Red.idat.gz	eacd53ebc04a3712dfe3c4a1dbd35fd4
GSM2403702_9007217139_R03C01_Grn.idat.gz	3a485945d842246170f0b562b14232e2
GSM2403702_9007217139_R03C01_Red.idat.gz	295a27674d94c0dec1624a6c7d75784e
GSM2403703_9007217153_R03C02_Grn.idat.gz	cce4684716c87e68db6678a46b7ba49f
GSM2403703_9007217153_R03C02_Red.idat.gz	a837d4678d98f8214af260f42d0ba168
GSM2403704_9007225003_R04C01_Grn.idat.gz	d1f52ee078dba56c8993317804a13c9f
GSM2403704_9007225003_R04C01_Red.idat.gz	050cc27c26dfc03020cbb1a11853e6eb
GSM2403705_9007217153_R01C01_Grn.idat.gz	41e02b65aed1c5601a121d6c629ce03f
GSM2403705_9007217153_R01C01_Red.idat.gz	5ec106f82e241fb4f2c93bbd6c3552fb
GSM2403706_9007217153_R02C01_Grn.idat.gz	a65f03443743c288e7ea836b0c068b21
GSM2403706_9007217153_R02C01_Red.idat.gz	8d40963cc69e50bdab54dfebb60eda74
GSM2403707_9007217153_R04C01_Grn.idat.gz	e4b206edd6a2e04b3440e8d7801614cc
GSM2403707_9007217153_R04C01_Red.idat.gz	f594cbf88a5106c270bdc841ba77afcd
GSM2403708_9007217153_R04C02_Grn.idat.gz	ab0895afe1b1bbab12e25d4f87ed872c
GSM2403708_9007217153_R04C02_Red.idat.gz	81a6f8c7a65285b8cdf12da10816124f
GSM2403709_9007217153_R05C02_Grn.idat.gz	c348cda52bdebc4ca7077d93ba0ac965
GSM2403709_9007217153_R05C02_Red.idat.gz	bd302b3dabf5ce5a88979795a660ddd6
GSM2403710_9007225003_R03C01_Grn.idat.gz	fb6457b81cf49abaa93e78ac50119be7
GSM2403710_9007225003_R03C01_Red.idat.gz	9406441c51666133ba9be159fb22b2f2
GSM2403711_9007225003_R02C01_Grn.idat.gz	a68c874a3c07b47d82786df9789e9497
GSM2403711_9007225003_R02C01_Red.idat.gz	831629a7547533f6ad1d724c7097af8d
GSM2403712_9007225017_R03C02_Grn.idat.gz	c38481a91a27fa2de61e02fb248fba44
GSM2403712_9007225017_R03C02_Red.idat.gz	c37926c4e6663f9245379f84c2aae9b9
GSM2403713_9007225026_R02C02_Grn.idat.gz	a1b8ff297dddf4ae5696459efbed5633
GSM2403713_9007225026_R02C02_Red.idat.gz	f62d9d5d4c0c179dec4733cc796a7187
GSM2403714_9007225026_R01C01_Grn.idat.gz	3a59ab82cbe510c280db1ea4c222a9ec
GSM2403714_9007225026_R01C01_Red.idat.gz	ad0dc2414066d73eeb3024f2e82ca03f
GSM2403715_9007225017_R05C01_Grn.idat.gz	a5a8b086f2a909ac63e40d242585aca8
GSM2403715_9007225017_R05C01_Red.idat.gz	45011b304adc2c6bf04e4446ed45944a
GSM2403716_9007225017_R01C01_Grn.idat.gz	1459d70aa7f1c682982eb621b3c31437
GSM2403716_9007225017_R01C01_Red.idat.gz	da9310eb578df40157d7363ca6297866
GSM2403717_9007225026_R02C01_Grn.idat.gz	48c2b9112dfbe6768a141de6f32ce7d7
GSM2403717_9007225026_R02C01_Red.idat.gz	1d8411b4921ebebe56777e55c2723880
GSM2403718_9007225017_R03C01_Grn.idat.gz	43d04d1aad2c712b66b184316b09a435
GSM2403718_9007225017_R03C01_Red.idat.gz	b087ad3e8d2f85bc14b5ed55cab772a5
GSM2403719_9007225017_R01C02_Grn.idat.gz	bb3ae497646356bf82c37572e7a1d806
GSM2403719_9007225017_R01C02_Red.idat.gz	8127327ad0d5af51d35be16ff09a11f1
GSM2403720_9007225017_R04C01_Grn.idat.gz	48201d6d4877bb1249403abf813cb0aa
GSM2403720_9007225017_R04C01_Red.idat.gz	9c5f3c0a8d8b8f03783aa368cda745db
GSM2403721_9007225026_R04C01_Grn.idat.gz	fcba855b8aa40a48782be5cffd61e3a4
GSM2403721_9007225026_R04C01_Red.idat.gz	b027d0562fdcc40cb9b9442c6d8d0f36
GSM2403722_9007225064_R06C01_Grn.idat.gz	6afe159db1be049bf3e3bc263413a2ca
GSM2403722_9007225064_R06C01_Red.idat.gz	f6101aa0b4823ace9c650cfdb08a73b9
GSM2403723_9007225064_R02C02_Grn.idat.gz	6d1493f13b5d8e81351b6de32f646726
GSM2403723_9007225064_R02C02_Red.idat.gz	bc84ddd358ffaaf3432543219d04c5c9
GSM2403724_9007225082_R05C02_Grn.idat.gz	22a5c252e868bef2fb8782e7c43f39c5
GSM2403724_9007225082_R05C02_Red.idat.gz	aca73233070731be2bba2a8e6d6a942d
GSM2403725_9221197132_R03C01_Grn.idat.gz	e35c71b2f85376677facadce1074ff96
GSM2403725_9221197132_R03C01_Red.idat.gz	1689a4f4aa443b059e122831b8e578b2
GSM2403726_9221197135_R01C01_Grn.idat.gz	48c8867dbead607ef09f9f4e5126f4b9
GSM2403726_9221197135_R01C01_Red.idat.gz	29bd2596581261fe91832acafc4961bb
GSM2403727_9221197132_R01C02_Grn.idat.gz	6c09ce65378fa0cefeb6f2c181f740e3
GSM2403727_9221197132_R01C02_Red.idat.gz	6eaa05fd029482848bfbe2a2a13ae39b
GSM2403728_9221197132_R02C02_Grn.idat.gz	04d98c59a0aeef0367a201b6c55b97b0
GSM2403728_9221197132_R02C02_Red.idat.gz	d6518a9a391d88d93eee480b3ea36a20
GSM2403729_9221197135_R04C01_Grn.idat.gz	098300cddd0f97f4e244eb7ed2f39449
GSM2403729_9221197135_R04C01_Red.idat.gz	2798a330386ca6dac989136d7d2ec696
GSM2403730_9221197135_R02C02_Grn.idat.gz	244a3c1495d1cb4a0cddbd79657116a8
GSM2403730_9221197135_R02C02_Red.idat.gz	a0d063ec26734374802c0fdd5c86d34f
GSM2403731_9221197132_R04C02_Grn.idat.gz	e3815ec71e9a6f99b8820b1a14a0ac98
GSM2403731_9221197132_R04C02_Red.idat.gz	1d25e4eb1d59f2b110d15c87eb92437d
GSM2403732_9007225086_R01C01_Grn.idat.gz	67ca2f7beff0881da7b87d196004fe3d
GSM2403732_9007225086_R01C01_Red.idat.gz	d23d89db9bea0f51c03808c92532e750
GSM2403733_9007225086_R04C01_Grn.idat.gz	67bac0f336e41ccd58b7811b7174fb2b
GSM2403733_9007225086_R04C01_Red.idat.gz	359467a669eaa0f592249bd95339b96c
GSM2403734_9020331028_R06C01_Grn.idat.gz	8957b4d88f4d49ab6fc297a1d4f20f3c
GSM2403734_9020331028_R06C01_Red.idat.gz	c0474d83b422b4d79bab1babca65a198
GSM2403735_9007225086_R05C01_Grn.idat.gz	10c4f8ec4cf8e5b343206ed21860cec8
GSM2403735_9007225086_R05C01_Red.idat.gz	c8561315b5e7a88727dfa38eb67c9a10
GSM2403736_9020331028_R01C02_Grn.idat.gz	7d829c1a48db99203c60aeb3249919c5
GSM2403736_9020331028_R01C02_Red.idat.gz	9c2d583d76a768eacacdc3a1734d3969
GSM2403737_9007225086_R01C02_Grn.idat.gz	9a7f7704056a1768bb83c19c00931b3f
GSM2403737_9007225086_R01C02_Red.idat.gz	8f89a9c602090b8029155577163b9bdc
GSM2403738_9007225086_R02C02_Grn.idat.gz	12bdee75632b26e0152c4222eba13e1c
GSM2403738_9007225086_R02C02_Red.idat.gz	36b95427391530efcf24455d23895225
GSM2403739_9007225086_R05C02_Grn.idat.gz	67afa8e5fd580c20fe9dc9c6c0439680
GSM2403739_9007225086_R05C02_Red.idat.gz	023ad88cfccaf2cf6cd9058dbf77d382
GSM2403740_9007225163_R05C02_Grn.idat.gz	c8d577a0825036e4ded011ee1a70a881
GSM2403740_9007225163_R05C02_Red.idat.gz	41ee51af48f448ba339e8fca6237a47a
GSM2403741_9007225142_R02C01_Grn.idat.gz	8c8b2eaf629a6417734adc7f120a1f97
GSM2403741_9007225142_R02C01_Red.idat.gz	3441170094323e8a235e6ea3dd419b35
GSM2403742_9007225163_R04C01_Grn.idat.gz	77f264181392efdbee7480c51ec4479e
GSM2403742_9007225163_R04C01_Red.idat.gz	68748ca7a0d648753e563e59a7bc35ec
GSM2403743_9007225091_R05C01_Grn.idat.gz	bb49201e84b912fdd1f51877be99812d
GSM2403743_9007225091_R05C01_Red.idat.gz	1fe05cca3624ada5f84de7ec79f8cf7f
GSM2403744_9007225144_R01C01_Grn.idat.gz	3c315b9f4c9ee8e53439e5f3d7794170
GSM2403744_9007225144_R01C01_Red.idat.gz	cefbaf67bdf17b8f13e6c3c6c582b8a2
GSM2403745_9007225142_R05C02_Grn.idat.gz	10b757b400d726ab406b5b4b14f7c82b
GSM2403745_9007225142_R05C02_Red.idat.gz	fb76493b1610f3c14352bc15c0d59cc2
GSM2403746_9007225144_R04C02_Grn.idat.gz	43f77937e8ac4de73c857bb9507f225a
GSM2403746_9007225144_R04C02_Red.idat.gz	338a0e9674f88c9b747d4dd7ded05d1f
GSM2403747_9007225163_R06C01_Grn.idat.gz	2912691f8010d677394d86b501e7ce56
GSM2403747_9007225163_R06C01_Red.idat.gz	c2a7fcaf8ffb4c75cd1c13e1074da7f0
GSM2403748_9007225163_R01C02_Grn.idat.gz	795f4a0a7367d52621784b8c31676dae
GSM2403748_9007225163_R01C02_Red.idat.gz	bf75883357796407580b36d45d90d2d8
GSM2403749_9007225163_R02C02_Grn.idat.gz	5f4e893b5e703e2011774253751b6ca0
GSM2403749_9007225163_R02C02_Red.idat.gz	cc5cda2f4c258f1b8f2a410911f6da3c
GSM2403750_9007225163_R04C02_Grn.idat.gz	811eef41a56bfc100dc18c7f8d104652
GSM2403750_9007225163_R04C02_Red.idat.gz	51730603cdc6edd1ce9bebdd919bc0f1
GSM2403751_9003865025_R02C02_Grn.idat.gz	1455dabb6b4cc6f177f7197449280bda
GSM2403751_9003865025_R02C02_Red.idat.gz	6a7175f69fddb56adf43fc555e89ffaf
GSM2403752_9003865025_R06C02_Grn.idat.gz	cb1cdc1400792f817e047e10a309925f
GSM2403752_9003865025_R06C02_Red.idat.gz	7f9c85477a1c7f3efcde12e5dc909631
GSM2403753_9283265153_R02C01_Grn.idat.gz	076cf2aed8b8e186ebc0f5042784eac1
GSM2403753_9283265153_R02C01_Red.idat.gz	06c9f2767b2127474ac1b45abf823e96
GSM2403754_9283265153_R03C01_Grn.idat.gz	6c4dd8429b1a580b8b5552bfe3405af3
GSM2403754_9283265153_R03C01_Red.idat.gz	06db6b35d56c5b50bd054c254cf5c962
GSM2403755_9283265153_R04C01_Grn.idat.gz	3a8e0af126de13fb3e6b7013641e792b
GSM2403755_9283265153_R04C01_Red.idat.gz	c6b253e7a9f53ccc64ab4ad11a256bce
GSM2403756_9283265153_R06C01_Grn.idat.gz	165615cd8b2606306d64cbdcfa755365
GSM2403756_9283265153_R06C01_Red.idat.gz	c8736dfe0879553229eacc941a9b126f
GSM2403757_9283265153_R01C02_Grn.idat.gz	7140f3fcaa8027b9a656e20f6f18032d
GSM2403757_9283265153_R01C02_Red.idat.gz	5d06993255eaf1fca32ccb746efb7f30
GSM2403758_9283265153_R04C02_Grn.idat.gz	aef53cda933469a75e82a15a05e07d01
GSM2403758_9283265153_R04C02_Red.idat.gz	a95d1496fa8461f5334b636d9e682ddd
GSM2403759_9283265153_R05C02_Grn.idat.gz	b9aaf33e5d0d90f187715c5a58b2c0cf
GSM2403759_9283265153_R05C02_Red.idat.gz	6d23cd4ceac3ba8dc16e72399a642b13
GSM2403760_9283265153_R06C02_Grn.idat.gz	4be9fc55662f6ae51476cb8c6758b06f
GSM2403760_9283265153_R06C02_Red.idat.gz	b1548366f86a2dc1832c08335117f774
GSM2403761_9283265032_R03C01_Grn.idat.gz	c26ded4f479b5a3cdab4127440b5b27a
GSM2403761_9283265032_R03C01_Red.idat.gz	e16eb041022531ff06755dccadcc4d4b
GSM2403762_9283265032_R04C01_Grn.idat.gz	81becf99e5f991427a587b9d56707062
GSM2403762_9283265032_R04C01_Red.idat.gz	113c9a9c17886e26180e0a9f5e814034
GSM2403763_9283265032_R05C01_Grn.idat.gz	91b612c2e9c625f5be4bc921f5d86244
GSM2403763_9283265032_R05C01_Red.idat.gz	cf96a4b80099fe968ef01a1a1d2209ec
GSM2403764_9283265033_R01C02_Grn.idat.gz	5c4f59f79b38f8b3d53088563c3ac5eb
GSM2403764_9283265033_R01C02_Red.idat.gz	55b14bb817f1f9c58efc1f14e483ae0f
GSM2403765_9283265033_R06C02_Grn.idat.gz	db8bf1d572fa21bffe65b96d98ce3c82
GSM2403765_9283265033_R06C02_Red.idat.gz	8b326355617dcf49166106db8b5d6be3
GSM2403766_9296930031_R05C02_Grn.idat.gz	2710e37cef98721bdae5b96fe237161c
GSM2403766_9296930031_R05C02_Red.idat.gz	da2af89c4dca20f7bb2d7f2e8243b1d4
GSM2403767_9296930031_R06C02_Grn.idat.gz	f8b2e8c9442e270a7172d94505bf79c2
GSM2403767_9296930031_R06C02_Red.idat.gz	83f3f4dca242646da7355ba2d1cc71eb
GSM2403768_9296930017_R02C01_Grn.idat.gz	a7267b07da57e44dae76f65934795c20
GSM2403768_9296930017_R02C01_Red.idat.gz	50c39398eaf6dad5d9a88e4b4c7e262e
GSM2403769_9296930017_R05C01_Grn.idat.gz	d125b32b05ca535d3c3ee63a6c59d3c4
GSM2403769_9296930017_R05C01_Red.idat.gz	1fddb5e42e949fca91696233a84ca9db
GSM2403770_9296930017_R06C01_Grn.idat.gz	dd62593d347c95c7c6e9a58272c81d1b
GSM2403770_9296930017_R06C01_Red.idat.gz	e032f64da9e96ee6c3c0791a9310889c
GSM2403771_9296930017_R01C02_Grn.idat.gz	92c1b20915f26637ac18ff05da84cdb3
GSM2403771_9296930017_R01C02_Red.idat.gz	a2dad1926d9059e20233917f83853f74
GSM2403772_9296930017_R02C02_Grn.idat.gz	a4f5dbc0d75dfbf56b007d4d1d3d1445
GSM2403772_9296930017_R02C02_Red.idat.gz	ccf2a60cc4270f3a9ec29a79299e965e
GSM2403773_9296930014_R02C01_Grn.idat.gz	1f7f384f5b98da1b5c6c44a432e0e117
GSM2403773_9296930014_R02C01_Red.idat.gz	3678c320b5c414fea5c0646fa538a843
GSM2403774_9296930017_R03C02_Grn.idat.gz	334b6bcf25262ecbde455461d13b12ce
GSM2403774_9296930017_R03C02_Red.idat.gz	c2d43205fa6901f73221a1c857d00db4
GSM2403775_9296930017_R04C02_Grn.idat.gz	da9bce348231cfb4bf3162b25761a122
GSM2403775_9296930017_R04C02_Red.idat.gz	238d29c09f8eb8c8e29600f972dab44b
GSM2403776_9296930017_R05C02_Grn.idat.gz	0376412b988778f053e79bb07407cdea
GSM2403776_9296930017_R05C02_Red.idat.gz	00190afe7ab605c3ed4f207d29170b08
GSM2403777_9296930016_R03C02_Grn.idat.gz	211e82360259612a410d61fcbac9eedd
GSM2403777_9296930016_R03C02_Red.idat.gz	3c703a009dbedb435107ab07687ac94a
GSM2403778_9296930016_R05C01_Grn.idat.gz	5e2f6680c2271d117e35e40bcd47865a
GSM2403778_9296930016_R05C01_Red.idat.gz	8fdcb13b64f41e60222f9646c796f628
GSM2403779_9296930016_R06C02_Grn.idat.gz	32a6f63c8e46c6f3b3ba9214ce96ed89
GSM2403779_9296930016_R06C02_Red.idat.gz	502816d984e92d910a1df3b5ed09daeb
GSM2403780_9296930011_R02C01_Grn.idat.gz	334d301c2033994b6f1eb4a1ecac3ed1
GSM2403780_9296930011_R02C01_Red.idat.gz	64ca3a69ed182882d32d44228b8c65de
GSM2403781_9296930094_R03C01_Grn.idat.gz	598ba2d306aedcf1a418e0d741b77599
GSM2403781_9296930094_R03C01_Red.idat.gz	fa49975b604139784f0160d60909ed39
GSM2403782_9296930094_R04C01_Grn.idat.gz	db5e3a9409bcd7c4339b0bbc3a3df20e
GSM2403782_9296930094_R04C01_Red.idat.gz	7aecda255af0816d44f65fd3ca12034e
GSM2403783_9296930094_R05C01_Grn.idat.gz	1c44e5196e765411a729ad1732e218f1
GSM2403783_9296930094_R05C01_Red.idat.gz	1e5d0d705915f08a5c8e0c6a072c7330
GSM2403784_9296930094_R06C02_Grn.idat.gz	57f5e4ad074428b7591f1e932333fb8c
GSM2403784_9296930094_R06C02_Red.idat.gz	8d10c703912070431fde2f77eb5858c1
GSM2403785_9296930094_R03C02_Grn.idat.gz	2e2521acaba37fa30fd09d36ebb971a4
GSM2403785_9296930094_R03C02_Red.idat.gz	1b6cde85cff7635521dbabe0828daa2e
GSM2403786_9296930094_R02C02_Grn.idat.gz	5ca943c0519c8cc7e6f66627f3f96ce9
GSM2403786_9296930094_R02C02_Red.idat.gz	ece5a4ed7089a384a024336c55c730ae
GSM2403787_9296930094_R05C02_Grn.idat.gz	8c11d667ca8cbd9b453c941672a80430
GSM2403787_9296930094_R05C02_Red.idat.gz	07502c66b60aaaff3ab1c71dca6e469f
GSM2403788_9296930094_R04C02_Grn.idat.gz	d540781ba0d770faccc99ba1c39826f0
GSM2403788_9296930094_R04C02_Red.idat.gz	565a732fa37f33a26c48077f92dc33be
GSM2403789_9296930089_R06C02_Grn.idat.gz	723ea4febf0dd19c13a0ec40bfa39022
GSM2403789_9296930089_R06C02_Red.idat.gz	3844e7527c1244589b46109e3e078473
GSM2403790_9296930094_R01C01_Grn.idat.gz	e1c96223f1ffb7f476ac566e0043ce92
GSM2403790_9296930094_R01C01_Red.idat.gz	95c07812615c7f8939e692e33edb41f8
GSM2403791_9296930089_R02C02_Grn.idat.gz	1f23f790f61d6837b0f26a5081c5208f
GSM2403791_9296930089_R02C02_Red.idat.gz	c858f24806b592d4edf601186782c316
GSM2403792_9296930089_R03C02_Grn.idat.gz	7ad6c0ebe14a5ee5a899ad4b78d66829
GSM2403792_9296930089_R03C02_Red.idat.gz	1fd14ce64bb599ffb1bec50cf20da50f
GSM2403793_9296930047_R04C02_Grn.idat.gz	aa605620f749292da507bb71b116a63b
GSM2403793_9296930047_R04C02_Red.idat.gz	69aa2739aaf1b3d48d1d457f99c683b2
GSM2403794_9296930047_R05C02_Grn.idat.gz	51c06c519b5ee24d756df9d8e60c436d
GSM2403794_9296930047_R05C02_Red.idat.gz	0100c688099081fcd4a87b8b4a543fef
GSM2403795_9296930052_R01C01_Grn.idat.gz	ae00edceae4a7c845ca13bf3b79c3f15
GSM2403795_9296930052_R01C01_Red.idat.gz	f12f6e7db47127cc048bc36b91036ef2
GSM2403796_9296930052_R04C01_Grn.idat.gz	365fa88c6a7ad6fbdffd5fa73fc981a8
GSM2403796_9296930052_R04C01_Red.idat.gz	33aaf95c3480d28230bd7a840dbae511
GSM2403797_9296930052_R05C01_Grn.idat.gz	528bbbf3557dd7f9a9b1f5c16b21f945
GSM2403797_9296930052_R05C01_Red.idat.gz	0927400ac89e012ae0c0eed67be9ae17
GSM2403798_9296930052_R06C01_Grn.idat.gz	a2edc179ad881b0bdccbc383a33d0816
GSM2403798_9296930052_R06C01_Red.idat.gz	133bbd54ad34b512bfe124d46970eabd
GSM2403799_9296930052_R01C02_Grn.idat.gz	07f1e6ddbf0b35a8de0711d203381bf0
GSM2403799_9296930052_R01C02_Red.idat.gz	62b6b1ae2ada230af1b7db9d41aed8ee
GSM2403800_9296930066_R01C01_Grn.idat.gz	0a00102e39fad7f3b7222d28b3d1183b
GSM2403800_9296930066_R01C01_Red.idat.gz	4f60028306ff98080d9cff548ffb1805
GSM2403801_9296930066_R02C01_Grn.idat.gz	3e33650c466e1fd6e3fd7fcd69345371
GSM2403801_9296930066_R02C01_Red.idat.gz	cb79c3f8948c8d09f0ad97a0cba1fc74
GSM2403802_9296930066_R03C01_Grn.idat.gz	1113431ae3bbe12dbf15b58c585e583f
GSM2403802_9296930066_R03C01_Red.idat.gz	8e31cb5b192d25c756fb4303bc1e85ef
GSM2403803_9296930066_R01C02_Grn.idat.gz	bfb4934e4898937860580d12a3c7ed49
GSM2403803_9296930066_R01C02_Red.idat.gz	ec39100fc8e4d8988f8ecea88ade374b
GSM2403804_9296930066_R02C02_Grn.idat.gz	a9fb1aa2278237ddb272ac6a771b2aec
GSM2403804_9296930066_R02C02_Red.idat.gz	23a8e44d82f45395167c7e8c13143fba
GSM2403805_9296930066_R03C02_Grn.idat.gz	84897d3fb0e17b9fde252e424dca8ad8
GSM2403805_9296930066_R03C02_Red.idat.gz	240052a24a9dcac98dc747efb0e5994a
GSM2403806_9296930066_R06C02_Grn.idat.gz	19fd37b69a0e844dc47bd801bcd1de3e
GSM2403806_9296930066_R06C02_Red.idat.gz	f9a6c1ffdf5280caf9cdac83b933c3b0
GSM2403807_9296930076_R05C01_Grn.idat.gz	d3d7ac1aad49626023b9c08663482680
GSM2403807_9296930076_R05C01_Red.idat.gz	e2d8b8f54728bfb3ce762a1c66e03c34
GSM2403808_9296930076_R01C02_Grn.idat.gz	f8d319dd79d5be7201bfd0d30d5c95e2
GSM2403808_9296930076_R01C02_Red.idat.gz	fc87cf9943de601d83b52c0a7ec12793
GSM2403809_9296930076_R02C02_Grn.idat.gz	5a8becbf5e4541f5a754a51038982cfe
GSM2403809_9296930076_R02C02_Red.idat.gz	9ac04ff5e1461912c863af91c92de36e
GSM2403810_9296930089_R01C01_Grn.idat.gz	47d5920d33118107407a99d9f3dcc1d2
GSM2403810_9296930089_R01C01_Red.idat.gz	e0c7c9ef93dd3485bd18ff2a76b274ac
GSM2403811_9296930089_R03C01_Grn.idat.gz	ceaa9ade1392a388c6f0fc3cee590d1d
GSM2403811_9296930089_R03C01_Red.idat.gz	e7b000fe73f3ba243c51f5055ea244fc
GSM2403812_9296930089_R04C01_Grn.idat.gz	d52295ddbe727a6327bd24e5d9fc38fa
GSM2403812_9296930089_R04C01_Red.idat.gz	da86bfe7dd148b17a2e2af3555b6a524
GSM2403813_9296930089_R06C01_Grn.idat.gz	f45eb9cee43bb43c56d0e99c5fbe54dc
GSM2403813_9296930089_R06C01_Red.idat.gz	b7fa006e697496a42f70a9a6884941dd
GSM2403814_9297949098_R01C02_Grn.idat.gz	7bbd2875b52b79170059bcc7db8b70a1
GSM2403814_9297949098_R01C02_Red.idat.gz	b597c222560321ec0b2d08352ba5affa
GSM2403815_9297949098_R05C01_Grn.idat.gz	9ac42e5c110ad10c4d41890f9c40c23b
GSM2403815_9297949098_R05C01_Red.idat.gz	6359a3f874b0408c1e601c34f6cd206f
GSM2403816_9297949078_R05C01_Grn.idat.gz	9941b8dadbcb69dbae051629f96b12dc
GSM2403816_9297949078_R05C01_Red.idat.gz	0c9af80b78444d0f4af1a62288483a5f
GSM2403817_9297949078_R01C02_Grn.idat.gz	6420ec777355a00fc80f3f193f839c3e
GSM2403817_9297949078_R01C02_Red.idat.gz	fd78e003d02cdf09b38a5622dc427ef8
GSM2403818_9297949078_R02C02_Grn.idat.gz	70feb2d062b296c95de22d00e7405f72
GSM2403818_9297949078_R02C02_Red.idat.gz	2fd64512e65b0f70a2587b4ddb25a3b4
GSM2403819_9297949078_R04C02_Grn.idat.gz	3bcb414e7c463895029bd00cc7507f82
GSM2403819_9297949078_R04C02_Red.idat.gz	332a90e72e5e266c664cc5a52dca325b
GSM2403820_9297949078_R05C02_Grn.idat.gz	bdf4a8cb11fc67aa3c5a27896a9c9c63
GSM2403820_9297949078_R05C02_Red.idat.gz	879b47cc909802f35b008edf0700df37
GSM2403821_9297949078_R06C02_Grn.idat.gz	799b62d0f8ec856a9a04456fd212c303
GSM2403821_9297949078_R06C02_Red.idat.gz	bad2ff81c61dc6b088d581222d648065
GSM2403822_9297949098_R02C01_Grn.idat.gz	6e5aa72a241a718bcd398cfa0086c46e
GSM2403822_9297949098_R02C01_Red.idat.gz	1cb6258d465fffff59cdc838ec40c580
GSM2403823_9297949098_R04C01_Grn.idat.gz	aa4fc0fcd42c118dafcff0d3a1511b48
GSM2403823_9297949098_R04C01_Red.idat.gz	dade063ed2364bac23a3ea0ed4863068
GSM2403824_9297949046_R06C02_Grn.idat.gz	1a6ee30c75bab9a23e8ce401faf9e5fc
GSM2403824_9297949046_R06C02_Red.idat.gz	26f25d814b3a7f50c43dc4689bb4a3b7
GSM2403825_9297949046_R04C02_Grn.idat.gz	ecb1f337f1565f22e332eacb3a801ed8
GSM2403825_9297949046_R04C02_Red.idat.gz	c1c1b43f9dc3953546f94c86214ece6f
GSM2403826_9297949046_R03C01_Grn.idat.gz	f9c9fb894f9e6e488a4c9734f78cdd5d
GSM2403826_9297949046_R03C01_Red.idat.gz	e191fe263ec7aa6659824cc563ab417f
GSM2403827_9297949046_R01C02_Grn.idat.gz	d7e4c497dc7ba0c0282b5d8652932bf0
GSM2403827_9297949046_R01C02_Red.idat.gz	be87cd26dfa2b907784429c53a8f5acd
GSM2403828_9297949046_R02C02_Grn.idat.gz	d15bd1211b9dafb3c71410809820cadb
GSM2403828_9297949046_R02C02_Red.idat.gz	9c1613dffd6df0632afd273dbe64c08d
GSM2403829_9297949033_R05C01_Grn.idat.gz	ee16c8d6a014fe6072d268249a54c6b3
GSM2403829_9297949033_R05C01_Red.idat.gz	1016a2230bc7cf5535bcb833b4063730
GSM2403830_9297949033_R05C02_Grn.idat.gz	61eba0f81084e2265e056ccf6bf90c43
GSM2403830_9297949033_R05C02_Red.idat.gz	f78cc4fd8066552e88eb52853f626eeb
GSM2403831_9297949033_R06C02_Grn.idat.gz	6b3c81e4993a3a30733907a63aa2e006
GSM2403831_9297949033_R06C02_Red.idat.gz	1bbbc644c9a1feefc31f4a97a32cdba6
GSM2403832_9297949037_R02C01_Grn.idat.gz	16aba49ad70af1f371ce0c4b5707f156
GSM2403832_9297949037_R02C01_Red.idat.gz	67539cfa8feb67016ef5fd3b2626dd51
GSM2403833_9297949037_R03C01_Grn.idat.gz	0b0a6703cc500ce8ac2e07a7aca36862
GSM2403833_9297949037_R03C01_Red.idat.gz	df636a9d351a552771307ed9618a5d1e
GSM2403834_9297949040_R05C01_Grn.idat.gz	e4cfb37660d625183fff0408f3b89731
GSM2403834_9297949040_R05C01_Red.idat.gz	272a2e50e59a4192f0d88ecf35bc8f07
GSM2403835_9297949040_R06C01_Grn.idat.gz	45532ed18809c0f7c5aaddcb789ffa1d
GSM2403835_9297949040_R06C01_Red.idat.gz	a16cf38758d801b334d1df72d9e597c7
GSM2403836_9305216163_R04C01_Grn.idat.gz	f36230ab13a78ebbc74d036fcbde46df
GSM2403836_9305216163_R04C01_Red.idat.gz	ee5307ed11ecb635ee8fc7029ebe7050
GSM2403837_9305216163_R05C02_Grn.idat.gz	7b249929280da4838376bb462bde09fc
GSM2403837_9305216163_R05C02_Red.idat.gz	bcafaca0b85c73c2403d18bf0751d215
GSM2403838_9305216168_R01C01_Grn.idat.gz	bfdd9b1346601edd0945bd4f85ca9e91
GSM2403838_9305216168_R01C01_Red.idat.gz	b1e9dfc71436a2c977ef47ee99b4b7e2
GSM2403839_9297949139_R04C01_Grn.idat.gz	4357339a7ae5b53aac9c8f8428c8808d
GSM2403839_9297949139_R04C01_Red.idat.gz	dd99c6fc589616193eb024cd2e51c058
GSM2403840_9297949139_R06C01_Grn.idat.gz	dbd2c4e35cf32c82de96a0687a731647
GSM2403840_9297949139_R06C01_Red.idat.gz	01f889218e62b03b52b470c12e202e4f
GSM2403841_9297949139_R01C02_Grn.idat.gz	adf82ab47b1739af23a9efc8cdb07bdf
GSM2403841_9297949139_R01C02_Red.idat.gz	74eafc9b4c1b995b9f0693ae012fd968
GSM2403842_9297949139_R03C02_Grn.idat.gz	44d5b2614cff9a0c61db453cfa9dc003
GSM2403842_9297949139_R03C02_Red.idat.gz	a90a278be0f3d59e64df9e5a75cb29e0
GSM2403843_9297949139_R04C02_Grn.idat.gz	c007d9c2059c1ebf8b817f19feddb163
GSM2403843_9297949139_R04C02_Red.idat.gz	7595c5501918601f601acdb3bba2b691
GSM2403844_9305651037_R01C01_Grn.idat.gz	9aa30c4a01431c018642e11f74b89149
GSM2403844_9305651037_R01C01_Red.idat.gz	56b9eb18cc61a3a4cc4e226ed0c45872
GSM2403845_9305651037_R02C01_Grn.idat.gz	b9b3033d6c9340747124b6c76b031a8b
GSM2403845_9305651037_R02C01_Red.idat.gz	06f8074a3c28b1e7544ee705ad837d07
GSM2403846_9305651037_R04C02_Grn.idat.gz	35180ea7c790efc1213411d63d47e740
GSM2403846_9305651037_R04C02_Red.idat.gz	e3a779285ac8ff06a1de186d3aaf1d51
GSM2403847_9305651037_R05C01_Grn.idat.gz	04f52fe1b0d3f410b7a78220fb59b773
GSM2403847_9305651037_R05C01_Red.idat.gz	6324665975146fe6e45ee05669cf90ad
GSM2403848_9305651037_R02C02_Grn.idat.gz	bca636839e5d593ac9b76b5beb0079d6
GSM2403848_9305651037_R02C02_Red.idat.gz	39faa0a873333418790d00d1c93a26f5
GSM2403849_9305651037_R06C01_Grn.idat.gz	b1ee0080196bda5a8a3f1092d56c8ed1
GSM2403849_9305651037_R06C01_Red.idat.gz	fcbd288ad96e99bcbecf447cfc059395
GSM2403850_9305651037_R04C01_Grn.idat.gz	6582a5c95ba4825f953ec8e8534789ae
GSM2403850_9305651037_R04C01_Red.idat.gz	0be01a95c4d33e4719040c217c387c03
GSM2403851_9305651037_R01C02_Grn.idat.gz	699ac52dc97105ac35187e3934451126
GSM2403851_9305651037_R01C02_Red.idat.gz	da87cd7601534dce31b7afa0a69e7fc1
GSM2403852_9305651037_R06C02_Grn.idat.gz	f77f70961931699615f6a67b4035c1fc
GSM2403852_9305651037_R06C02_Red.idat.gz	4590750a75e86c4cc298fc5aaafa06d3
GSM2403853_9305651003_R06C02_Grn.idat.gz	e87d0c2b6ead044098c85aad7e4ecb1a
GSM2403853_9305651003_R06C02_Red.idat.gz	2e48d601787255b637e1927daa431c60
GSM2403854_9305651005_R03C02_Grn.idat.gz	eaccd40cf6b9b495e32b8d7cb1c0d6aa
GSM2403854_9305651005_R03C02_Red.idat.gz	1a4f3f2bffdf22711da20ead3ee266d8
GSM2403855_9305651013_R06C01_Grn.idat.gz	2351eec5a83229c075d6a6bd683e5d27
GSM2403855_9305651013_R06C01_Red.idat.gz	ca5429e8e43070f6f31d02b233d2cd1e
GSM2403856_9305651003_R02C01_Grn.idat.gz	fbbfe1511166aa2ff901e275e8bc878a
GSM2403856_9305651003_R02C01_Red.idat.gz	6b1513f31b790148807faf68baf1c017
GSM2403857_9305651005_R04C02_Grn.idat.gz	12a00137129c66f0727a865c94090e36
GSM2403857_9305651005_R04C02_Red.idat.gz	ea5c50a5069305707200f84351c6f93b
GSM2403858_9305651016_R04C01_Grn.idat.gz	ca2fba2e02e57c8b2e43c2e77fc53d78
GSM2403858_9305651016_R04C01_Red.idat.gz	3ee6af70ba30f6cc0f260838b3708774
GSM2403859_9305651003_R03C01_Grn.idat.gz	b795f63d40a3a6e79d96a6f38acd77da
GSM2403859_9305651003_R03C01_Red.idat.gz	734cc2a22b60b813246ca374ccdeb48b
GSM2403860_9305651005_R05C02_Grn.idat.gz	fb20bcaf4d194d0d55485d3fc3f63b68
GSM2403860_9305651005_R05C02_Red.idat.gz	786049e10303b4e063623ac41bbfd78a
GSM2403861_9305651013_R01C02_Grn.idat.gz	2280d8c248a4cb0ef7295a432fbb8d7c
GSM2403861_9305651013_R01C02_Red.idat.gz	3a1fdf9cb5d61bb7d09327727ede092e
GSM2403862_9305651016_R05C01_Grn.idat.gz	00032af1442b82c537178b9c3599bf61
GSM2403862_9305651016_R05C01_Red.idat.gz	6d43f3f8e2c7feadae83ea54182aa1a9
GSM2403863_9305651027_R03C01_Grn.idat.gz	94984be018f1aefcec7ac606fdab7435
GSM2403863_9305651027_R03C01_Red.idat.gz	cf17ff6adcd2ca251af51686286d2b1a
GSM2403864_9305651005_R01C01_Grn.idat.gz	fb7e23cbde499b991701e3f10724d906
GSM2403864_9305651005_R01C01_Red.idat.gz	2896e5affae0ad20826a2050b9d13da5
GSM2403865_9305651005_R06C02_Grn.idat.gz	c809ca3622c8db1b48a4782fe0733641
GSM2403865_9305651005_R06C02_Red.idat.gz	bb0e5ac251fda63a3326df2e81790ab4
GSM2403866_9305651016_R06C01_Grn.idat.gz	088d171df43ca170b8548673c57c4551
GSM2403866_9305651016_R06C01_Red.idat.gz	f0b73c49a1480a6fbed361e00d2f654b
GSM2403867_9305651003_R04C01_Grn.idat.gz	f0303bb1e429dfa93fab356989b16fa4
GSM2403867_9305651003_R04C01_Red.idat.gz	f8302ad8095a73fb9ced80b995d08a6e
GSM2403868_9305651013_R01C01_Grn.idat.gz	d798470dd6e17fb3566b575a381f1ef8
GSM2403868_9305651013_R01C01_Red.idat.gz	6474198d7ca36b1b2a45375dc7e70ac1
GSM2403869_9305651027_R05C01_Grn.idat.gz	cbdd9585d37a35f11be451f901859e20
GSM2403869_9305651027_R05C01_Red.idat.gz	f28a5bc66f8cb6e8059432e84986e399
GSM2403870_9305651003_R05C01_Grn.idat.gz	db8201d024a7be7ad49a00d33251a854
GSM2403870_9305651003_R05C01_Red.idat.gz	20d1a23ab975d7387096655a549bfe93
GSM2403871_9305651005_R03C01_Grn.idat.gz	e21f39e8b6b82e9aa2bac9c2aa4b2549
GSM2403871_9305651005_R03C01_Red.idat.gz	862ce6fc8def4fea7d353109636cc61d
GSM2403872_9305651013_R02C01_Grn.idat.gz	a3feeb50efa82306cb449ea1038cde7d
GSM2403872_9305651013_R02C01_Red.idat.gz	91d6c7165eb69706c3310a32d0c37128
GSM2403873_9305651016_R01C02_Grn.idat.gz	3bfebb8d670b178b9cebedc6f9bd97d8
GSM2403873_9305651016_R01C02_Red.idat.gz	adb8c25acbc20cae6d2a2b985bd1cd12
GSM2403874_9305651003_R06C01_Grn.idat.gz	dc6beb04b51be3984429eb5bdeace55b
GSM2403874_9305651003_R06C01_Red.idat.gz	6a0791e3b1bf50ec049101e43079b1dc
GSM2403875_9305651005_R04C01_Grn.idat.gz	dfd54539e47bea45a9710678092f41aa
GSM2403875_9305651005_R04C01_Red.idat.gz	747e43682c10a1cf7f657a91b99fa1a2
GSM2403876_9305651013_R03C01_Grn.idat.gz	b1606961781f28d7b43b92b8374cc9b6
GSM2403876_9305651013_R03C01_Red.idat.gz	e796a74466904d474e60eb10dfd515a4
GSM2403877_9305651016_R02C02_Grn.idat.gz	c500ca4eea64bba58a60e641897c916c
GSM2403877_9305651016_R02C02_Red.idat.gz	6110701fb8bbe433c7838e8cf0db0c4a
GSM2403878_9305651027_R06C01_Grn.idat.gz	4be9cae66f34259656ac2a6e51c5c053
GSM2403878_9305651027_R06C01_Red.idat.gz	1ce8a3d04d390db50c5102071fe005ed
GSM2403879_9305651013_R04C01_Grn.idat.gz	e67a0bd9a47e4490fd75321e45597486
GSM2403879_9305651013_R04C01_Red.idat.gz	7405cd6de97f890779a648bfa75ad926
GSM2403880_9305651013_R06C02_Grn.idat.gz	af1190cb073bccdbafd9bc958eed6a21
GSM2403880_9305651013_R06C02_Red.idat.gz	47ccba09f815d44d4b5d98048a696fe4
GSM2403881_9305651016_R03C02_Grn.idat.gz	d3b73cd3d52c3fdbf9f8b0d233becc56
GSM2403881_9305651016_R03C02_Red.idat.gz	b08fdc928b55b175f952ba90f1e6159e
GSM2403882_9305651003_R02C02_Grn.idat.gz	2d846aeaf3d9d46fd0f39cc09fc47dc1
GSM2403882_9305651003_R02C02_Red.idat.gz	5ce922f141b27bea9eba804e6e39a8e9
GSM2403883_9305651003_R03C02_Grn.idat.gz	8bea8fa28264eb5a45be000177204944
GSM2403883_9305651003_R03C02_Red.idat.gz	c047e09e83acb1cbd56b86b2edb205b8
GSM2403884_9305651005_R01C02_Grn.idat.gz	ea32898458aa818f8c9434a4b2c236b5
GSM2403884_9305651005_R01C02_Red.idat.gz	9a69fb4f91999b8276b42e2cb094794f
GSM2403885_9305651027_R02C02_Grn.idat.gz	c2e8d86eba12fca204a2c7f6c9d34182
GSM2403885_9305651027_R02C02_Red.idat.gz	157b5f9ca21ff278e7c8901827839ccd
GSM2403886_9305651027_R03C02_Grn.idat.gz	1bb54e44b981647f7e32011f49821f94
GSM2403886_9305651027_R03C02_Red.idat.gz	b05dd002fb61b57bd4b9287e52bb19bb
GSM2403887_9305651003_R05C02_Grn.idat.gz	735b359997bce1ff3e918081be9bd612
GSM2403887_9305651003_R05C02_Red.idat.gz	bd9a69a53d6675836ccc1113172feb42
GSM2403888_9305651005_R02C02_Grn.idat.gz	7bae62eab4095ba56e8cdc0d66179782
GSM2403888_9305651005_R02C02_Red.idat.gz	4051ed885ef4e545ed10bf0af01e9b2b
GSM2403889_9305651016_R06C02_Grn.idat.gz	09e345a2cfa7f8b55c7e08939cf35c35
GSM2403889_9305651016_R06C02_Red.idat.gz	15a50d1e28da55684c68a36f7cc8e7c4
GSM2403890_9305651027_R04C02_Grn.idat.gz	5e801c3e5dabb6cc5a50b26235ddbcf9
GSM2403890_9305651027_R04C02_Red.idat.gz	f77530e217d1ca9fef3bc70cb83d25b7
GSM2403891_9297949147_R01C01_Grn.idat.gz	7becd8f1f368c8380448d8111d045718
GSM2403891_9297949147_R01C01_Red.idat.gz	ee6f1bd65d3d19e1cd917605521fbfe3
GSM2403892_9297949147_R05C01_Grn.idat.gz	a2781a39a74f7a0c508871e16c4c3a05
GSM2403892_9297949147_R05C01_Red.idat.gz	5b60ee3eeb92d02a4c247633e39cdecf
GSM2403893_9297949147_R02C02_Grn.idat.gz	c219ca05639cd81969afbbf33c8da4b6
GSM2403893_9297949147_R02C02_Red.idat.gz	b106e33270dd91ce3b211565f47df762
GSM2403894_9297949146_R04C02_Grn.idat.gz	a8446775470002bf5544344d207a8ece
GSM2403894_9297949146_R04C02_Red.idat.gz	731605190f97fde103ee1fb6f8222537
GSM2403895_9297949146_R05C02_Grn.idat.gz	8d090c3dc62d9f8f058e3cfbf73b3920
GSM2403895_9297949146_R05C02_Red.idat.gz	5b29e474681eea05525f2eedecd3b76d
GSM2403896_9297949146_R06C02_Grn.idat.gz	258fc3f117a853c2110db590b8fb5064
GSM2403896_9297949146_R06C02_Red.idat.gz	3943f34836b306e8755588eea41d8ff6
GSM2403897_9305216209_R05C01_Grn.idat.gz	6017ef4b06f10ce5d551b802eddff67d
GSM2403897_9305216209_R05C01_Red.idat.gz	019b8d8d93ef27b990f988aaf623f83b
GSM2403898_9305216209_R06C01_Grn.idat.gz	529b19d5fc03dd0f6cab57490f7c9171
GSM2403898_9305216209_R06C01_Red.idat.gz	81d091282636f136a5147981b2678c51
GSM2403899_9305216209_R04C01_Grn.idat.gz	704bfdaf53b087fffcdf74d29b036a0a
GSM2403899_9305216209_R04C01_Red.idat.gz	ab20d099ccd42907fac3b6f1c57b51bb
GSM2403900_9305216209_R01C02_Grn.idat.gz	ee9a6beb7b8c256f98f30eae8eef36a7
GSM2403900_9305216209_R01C02_Red.idat.gz	3752622ac56482fcc28c4fb458911c3c
GSM2403901_9305216209_R03C01_Grn.idat.gz	34e50e71233d5821a0b9e5f5594664f1
GSM2403901_9305216209_R03C01_Red.idat.gz	a8d79a74178c834dfe5c354725eabadf
GSM2403902_9305216209_R02C01_Grn.idat.gz	5f3bd3cf7e7ab40f4c35f280e604ab3d
GSM2403902_9305216209_R02C01_Red.idat.gz	c3cced341437ebc5b942d5464be7b7d7
GSM2403903_9305216209_R01C01_Grn.idat.gz	aefd03b2c81770be1e51e497cdb01bb9
GSM2403903_9305216209_R01C01_Red.idat.gz	5f4a0a50199819844408ee08bfa04079
GSM2403904_9305216209_R05C02_Grn.idat.gz	5fe1d01c4f8c0dc6990d6993bb223e94
GSM2403904_9305216209_R05C02_Red.idat.gz	e9f1f5e70c277384f9ca01f9d2602efe
GSM2403905_9305216208_R01C01_Grn.idat.gz	a257d1e2451c500bb3b98ef085159681
GSM2403905_9305216208_R01C01_Red.idat.gz	f6e5eaa10c6f350e37e35dc62760306b
GSM2403906_9305216208_R02C01_Grn.idat.gz	c828b4f11e71ef5adfcb97c9adda438b
GSM2403906_9305216208_R02C01_Red.idat.gz	46efce596bb8d25ee2820b48345324ea
GSM2403907_9305216208_R03C01_Grn.idat.gz	536811d0a39384035ea8c136ffec21f7
GSM2403907_9305216208_R03C01_Red.idat.gz	7dbad976f8d58d3f7b0cd4a8a3600be1
GSM2403908_9305216208_R04C01_Grn.idat.gz	3e54140039b8fb6e20630131187a2cc3
GSM2403908_9305216208_R04C01_Red.idat.gz	7024abcceb5543c6b3a3703fb634d7bc
GSM2403909_9305216208_R05C01_Grn.idat.gz	18ae70cfc7cd605c64ed4309730fb3a4
GSM2403909_9305216208_R05C01_Red.idat.gz	0653e8f5db7268ccd3ea02f4632001d1
GSM2403910_9305216208_R06C01_Grn.idat.gz	410f86cb03ddcad1cce7ead448179d68
GSM2403910_9305216208_R06C01_Red.idat.gz	6366013079e35c400d860aa128463166
GSM2403911_9305216208_R01C02_Grn.idat.gz	250c113f2ad497e7e7b43f4c34e315d9
GSM2403911_9305216208_R01C02_Red.idat.gz	9761fd64a4f329d71b4efeba84c45583
GSM2403912_9305216208_R02C02_Grn.idat.gz	c2babe72a6e18923be6a8c3931c1096e
GSM2403912_9305216208_R02C02_Red.idat.gz	3368b46d97755aff6cb2ac3402c9f14d
GSM2403913_9305216208_R03C02_Grn.idat.gz	7f6acb0fb4751133f555003f797ca7dc
GSM2403913_9305216208_R03C02_Red.idat.gz	da2177bf8e33e9d16ae6701fc6a83e86
GSM2403914_9305216208_R04C02_Grn.idat.gz	fd53ca2f1ce177e2c0dbd6093636af47
GSM2403914_9305216208_R04C02_Red.idat.gz	2ce46d926a214be64977f5b0c179bf08
GSM2403915_9305216208_R05C02_Grn.idat.gz	41c3b88fab1599421f1b2bdeb8b725c6
GSM2403915_9305216208_R05C02_Red.idat.gz	4d8d69d66311b43a997cfa9eb7c76f64
GSM2403916_9305216208_R06C02_Grn.idat.gz	7eed63b206a7cc2e7a9aecf997e75582
GSM2403916_9305216208_R06C02_Red.idat.gz	aa4aff553ca78f3b49a11745600676d8
GSM2403917_9305216199_R02C01_Grn.idat.gz	ecc3efebdd524bd2df1de34f7ce4a8d4
GSM2403917_9305216199_R02C01_Red.idat.gz	6fe8e6b3c9768d4b8e62ffb73d0df2ed
GSM2403918_9305216199_R04C01_Grn.idat.gz	7e90c752af10c255c670943b556e943a
GSM2403918_9305216199_R04C01_Red.idat.gz	87713baa0f0b797f0686474ff1d507d7
GSM2403919_9305216199_R03C02_Grn.idat.gz	5f3782627c05cf9cb4fdf039a290bac1
GSM2403919_9305216199_R03C02_Red.idat.gz	f133754d5b4c8187267837c0ef9993c3
GSM2403920_9305651050_R02C02_Grn.idat.gz	77dd48dad4816edb89a6fbda0d53ff1a
GSM2403920_9305651050_R02C02_Red.idat.gz	dfc518c37b0b77574469741c968db043
GSM2403921_9305651046_R04C02_Grn.idat.gz	af7c83b3c8059e4a6cdcaaf5eb22619c
GSM2403921_9305651046_R04C02_Red.idat.gz	5102dde0cb2bec69351bff49345d7799
GSM2403922_9305651050_R05C01_Grn.idat.gz	431105ad1b1a8150d78cb0417a7c5957
GSM2403922_9305651050_R05C01_Red.idat.gz	c7152795613d40b3bc293d2395f72179
GSM2403923_9305651050_R01C01_Grn.idat.gz	11a3be9e5f9f1c51254985ccf0c9f730
GSM2403923_9305651050_R01C01_Red.idat.gz	7646f5d7be232811fa9f8b24c9a0b8f2
GSM2403924_9305651050_R03C01_Grn.idat.gz	08ab9a47f7a9349845b3754b18de7f27
GSM2403924_9305651050_R03C01_Red.idat.gz	f5354eff9d003c19a0061255467321b0
GSM2403925_9305651050_R02C01_Grn.idat.gz	99479e74d9809f36757d4b36fad98986
GSM2403925_9305651050_R02C01_Red.idat.gz	138dd9fc9d4c6007d4f0fd537968f668
GSM2403926_9305651046_R03C01_Grn.idat.gz	d544e1014ebe88d53f553979dd90a414
GSM2403926_9305651046_R03C01_Red.idat.gz	d3cd7ade7bdcd5aef82e6ff7415e2d61
GSM2403927_9305651050_R06C01_Grn.idat.gz	01f6dbdf864058d85cba3d0ac35807ab
GSM2403927_9305651050_R06C01_Red.idat.gz	6396804a94c2e5dc919e2b6db7588cbf
GSM2403928_9305651046_R03C02_Grn.idat.gz	ae4a5083a5f5bae1294d5aa56260b60e
GSM2403928_9305651046_R03C02_Red.idat.gz	231c732acaa867ed93553c544f33211c
GSM2403929_9305651046_R05C01_Grn.idat.gz	378724b4f82aa9daac789c88c8f6dece
GSM2403929_9305651046_R05C01_Red.idat.gz	4ac2cdee6b44f42941134f5c0f144383
GSM2403930_9305651046_R04C01_Grn.idat.gz	7a1637464d7168de96f830bd0b2b7835
GSM2403930_9305651046_R04C01_Red.idat.gz	fc7a9bdeda5e61b459460e39a4b28f49
GSM2403931_9305651046_R06C01_Grn.idat.gz	8734e9f0c33458b8748d905b04093563
GSM2403931_9305651046_R06C01_Red.idat.gz	c0d69e18d2600199e45c1175502c9a29
GSM2403932_9305651046_R02C02_Grn.idat.gz	5b5f482bfb94f9af4d325c6aed0c3a4f
GSM2403932_9305651046_R02C02_Red.idat.gz	82dc32fa4b61392bc90ca8f68c0b3e39
GSM2403933_9305651050_R01C02_Grn.idat.gz	c07d87d694b3029da6135becce9ac820
GSM2403933_9305651050_R01C02_Red.idat.gz	629e9c5356b046f0e8ceeb30188cf18e
GSM2403934_9305651046_R06C02_Grn.idat.gz	995b322d65d71678ca9c0f659684a858
GSM2403934_9305651046_R06C02_Red.idat.gz	9676948095a93596d03826a464fadfe3
GSM2403935_9305651053_R04C01_Grn.idat.gz	536c9e5a364edb4960d62e90c57ca714
GSM2403935_9305651053_R04C01_Red.idat.gz	368acef11aaade19160e7ff87da215e9
GSM2403936_9305651053_R05C01_Grn.idat.gz	a1b8b07ff0d162a68156de33613308be
GSM2403936_9305651053_R05C01_Red.idat.gz	4297bb80222a508e5b70615e2d04f93f
GSM2403937_9305651053_R06C02_Grn.idat.gz	55a53928ee7ee288a8d3820b697486f5
GSM2403937_9305651053_R06C02_Red.idat.gz	330d32c45b775aefcf674e067178922b
GSM2403938_9305651053_R06C01_Grn.idat.gz	0325090f58ec37799c4dc9973496c0af
GSM2403938_9305651053_R06C01_Red.idat.gz	71ce958373cfee11d4d28c28a4d67d26
GSM2403939_9305651053_R03C01_Grn.idat.gz	6b7d56b873799ed546a83473120fc5e9
GSM2403939_9305651053_R03C01_Red.idat.gz	4462401deee9270eb16ad6d0f15dfa03
GSM2403940_9305651053_R01C02_Grn.idat.gz	0ab94923638d3fa325db4ab42aa8e2e4
GSM2403940_9305651053_R01C02_Red.idat.gz	871ac9ab4d7c4dc25be4b923a9ed500c
GSM2403941_9305651053_R02C02_Grn.idat.gz	c81465cde2984aca57e77528eb4c613f
GSM2403941_9305651053_R02C02_Red.idat.gz	d57ba0841513a2befd25caed7827a267
GSM2403942_9305651053_R05C02_Grn.idat.gz	4053608204dbd28c01e3aa864a21f86c
GSM2403942_9305651053_R05C02_Red.idat.gz	e5dde02393dc615a64fa0ca695257558
GSM2403943_9305651051_R04C01_Grn.idat.gz	6852c1a72b1354c0400f7009ca92beb9
GSM2403943_9305651051_R04C01_Red.idat.gz	f3e822c100a8b64d4814583da5540667
GSM2403944_9305651051_R01C02_Grn.idat.gz	06fb46e75b538618e692e5db49414942
GSM2403944_9305651051_R01C02_Red.idat.gz	2b125426204a93578721b914c1790e2f
GSM2403945_9305651051_R04C02_Grn.idat.gz	df59bc48fc48dd6522623c42f2c42ebe
GSM2403945_9305651051_R04C02_Red.idat.gz	12a6eb4322eee430b4c940e344e6e428
GSM2403946_9305651051_R05C02_Grn.idat.gz	1dfd462a06a7cf437fae42e6ba126a3f
GSM2403946_9305651051_R05C02_Red.idat.gz	6f5a5e65276c48bc43bc72ab6acafebe
GSM2403947_9305651051_R06C02_Grn.idat.gz	c96631ca51f8336180709b4cfb808913
GSM2403947_9305651051_R06C02_Red.idat.gz	5ce2875742f067ba9ba9fa344ec12429
GSM2403948_9305651053_R01C01_Grn.idat.gz	bf5b2afaa38706e6edd39d5ededac02e
GSM2403948_9305651053_R01C01_Red.idat.gz	846f4f7f43e6197c35518e2893d02ac6
GSM2403949_9305651053_R02C01_Grn.idat.gz	524a5a8a6d8fd94ac15f716f097c5f5f
GSM2403949_9305651053_R02C01_Red.idat.gz	24994fd5220e36aef5a722f70ed8db89
GSM2403950_9305651055_R01C01_Grn.idat.gz	dd963081f6a298beb1ef956b1cdfa13e
GSM2403950_9305651055_R01C01_Red.idat.gz	da5362ad30cf79cba0089bc444f72e02
GSM2403951_9305651055_R02C01_Grn.idat.gz	3653203d731d990782916bc1540f3090
GSM2403951_9305651055_R02C01_Red.idat.gz	cc06cff4f00fff23f6c3c78ecc57455e
GSM2403952_9305651060_R05C02_Grn.idat.gz	997e349d8e2e0ef7a5a73650696c2ce8
GSM2403952_9305651060_R05C02_Red.idat.gz	f4eefee6c1a02e844f57620467af2e47
GSM2403953_9305651055_R05C02_Grn.idat.gz	fad399ed8a6aef18b11e2504ed14b545
GSM2403953_9305651055_R05C02_Red.idat.gz	f54324021413531442b93d3d9143fa42
GSM2403954_9305651055_R06C02_Grn.idat.gz	031e3581ac179c097b05ea30e3c16256
GSM2403954_9305651055_R06C02_Red.idat.gz	c150fdc1bea8bb5e745864b2e2daf778
GSM2403955_9305651060_R01C01_Grn.idat.gz	fc1674ee844f1353ce0d8848be85273a
GSM2403955_9305651060_R01C01_Red.idat.gz	665cdea1f309daa6a340565f9c93ecb9
GSM2403956_9305651060_R02C01_Grn.idat.gz	bf118ab7fd8c0dcae51f9a52868e2046
GSM2403956_9305651060_R02C01_Red.idat.gz	e492fe0e759c1cf1918aaf9b8d4e38b6
GSM2403957_9305651060_R03C01_Grn.idat.gz	b77afff4f24d222d47647b58a75cb18e
GSM2403957_9305651060_R03C01_Red.idat.gz	2fc6639b580a73c4ae1bbbc8ba865333
GSM2403958_9305651060_R04C01_Grn.idat.gz	38c53cac812d99d130af19a6e2c17178
GSM2403958_9305651060_R04C01_Red.idat.gz	89a28c5b30a37bb7e7e5a6d549b47478
GSM2403959_9305651060_R05C01_Grn.idat.gz	9165eb68d1ac4f16240f589895579183
GSM2403959_9305651060_R05C01_Red.idat.gz	c2154d6e6d1fb7c6cd4c4bdc9d6307bc
GSM2403960_9305651060_R06C01_Grn.idat.gz	99556c46200bfa83b6b731526ff8cbbc
GSM2403960_9305651060_R06C01_Red.idat.gz	eafc6a1e4b0c88c18603a7b5b6f39bb0
GSM2403961_9305651060_R01C02_Grn.idat.gz	7047ac3080a711153da4a75d1b07ea2a
GSM2403961_9305651060_R01C02_Red.idat.gz	02a2bc3332d19ebc60b956177f36bc8e
GSM2403962_9305651060_R02C02_Grn.idat.gz	a2c1e53b846c8d2cef02839e3edc9d36
GSM2403962_9305651060_R02C02_Red.idat.gz	fbda3a9c09431c1cff186f1083c6832b
GSM2403963_9305651060_R03C02_Grn.idat.gz	04541ea2cadfb730283ab360d8107247
GSM2403963_9305651060_R03C02_Red.idat.gz	6fcc324a090ad2a09deee533cfe33d4e
GSM2403964_9305651055_R02C02_Grn.idat.gz	f1b85092a21ba757e00b62d95fb16ab5
GSM2403964_9305651055_R02C02_Red.idat.gz	426f3f86bf4f28e3468af792ab62efc4
GSM2403965_9305651055_R06C01_Grn.idat.gz	8d85e002399a89b1247d07cfcd2669a3
GSM2403965_9305651055_R06C01_Red.idat.gz	328c6d1fc43c96bfc57d20bbefb8ea82
GSM2403966_9305651055_R04C02_Grn.idat.gz	ca9c612ca2d0394b0b3bc6e3db365de7
GSM2403966_9305651055_R04C02_Red.idat.gz	b41ab70a0437118323e530a4381df109
GSM2403967_9305651054_R04C01_Grn.idat.gz	3f6ed45f81b0366b506df29e5e1ff246
GSM2403967_9305651054_R04C01_Red.idat.gz	448849d00bae26df746d1a29e866f48a
GSM2403968_9305651054_R03C02_Grn.idat.gz	df4d2c72fdf175165759da481f5ac51b
GSM2403968_9305651054_R03C02_Red.idat.gz	e550ae7a1969e0b467be74e0a846b72a
GSM2403969_9305651054_R01C02_Grn.idat.gz	05f908d60503329eafcffacffbc2f253
GSM2403969_9305651054_R01C02_Red.idat.gz	28ea04fa85c16d0a00ca1b1960aedeb5
GSM2403970_6026818091_R02C01_Grn.idat.gz	f0fe8076539286363b6f900f72cc0a31
GSM2403970_6026818091_R02C01_Red.idat.gz	769c1651ad85e44e4a26227faf04780f
GSM2403971_6026818091_R03C01_Grn.idat.gz	c522450f1e56418099bae9d42e83f5ca
GSM2403971_6026818091_R03C01_Red.idat.gz	98eb8646a908990c62a173cdb73d6e7d
GSM2403972_6026818091_R04C02_Grn.idat.gz	e94d9c86b64dc64e1569b6024efa6e60
GSM2403972_6026818091_R04C02_Red.idat.gz	d2966d69490cf749a0d69cbeb52a7c75
GSM2403973_6026818091_R05C01_Grn.idat.gz	a49d1fd959ee8bd2297c71c754c19a42
GSM2403973_6026818091_R05C01_Red.idat.gz	2049114661514b9f79d224c84a927c39
GSM2403974_6026818091_R05C02_Grn.idat.gz	b6e482f7e8ae753e7594f696d4174f59
GSM2403974_6026818091_R05C02_Red.idat.gz	8e3ca30c1b6d5ecd0fc80c43b303a78c
GSM2403975_6026818091_R06C01_Grn.idat.gz	99fc489b0e25445cef5ef2609ab89d3b
GSM2403975_6026818091_R06C01_Red.idat.gz	9e6b0254260b0473a4d10671c38482e7
GSM2403976_6026818091_R06C02_Grn.idat.gz	07ac3ff992eb74f0d69e9600314e3193
GSM2403976_6026818091_R06C02_Red.idat.gz	229aa6ca6387e2570c3b81af2cd64703
GSM2403977_6026818094_R03C01_Grn.idat.gz	dddb294d7c3aa341170fdbf4dddb0071
GSM2403977_6026818094_R03C01_Red.idat.gz	09d688312a75ff55b4478cc8cf91c627
GSM2403978_6026818094_R03C02_Grn.idat.gz	92b312e28fa96b18ce873da2f0cfee14
GSM2403978_6026818094_R03C02_Red.idat.gz	639d1aeda17030beadfd01fa1a928869
GSM2403979_6026818094_R04C01_Grn.idat.gz	73dde732632e1c5a46642978b114190f
GSM2403979_6026818094_R04C01_Red.idat.gz	c86b606306858c30cd722ebb6f8b8233
GSM2403980_6026818094_R04C02_Grn.idat.gz	ebcf9bf86d1271c4f77cb97e4fb5bc80
GSM2403980_6026818094_R04C02_Red.idat.gz	0a3035aeca28332cd1878e6d44c79b9b
GSM2403981_6026818094_R05C02_Grn.idat.gz	d7b0840da7ef5e25d87061cadd7db289
GSM2403981_6026818094_R05C02_Red.idat.gz	2356a4b26d17ab6b95265cd0373a783e
GSM2403982_6026818101_R06C01_Grn.idat.gz	ed982347838d29209a05bf1bed78d574
GSM2403982_6026818101_R06C01_Red.idat.gz	20d97c113a3dcae8ce9ae4530283d1bc
GSM2403983_6026818101_R06C02_Grn.idat.gz	0ece5a6db53a9c0f2e3b60e36e5e668f
GSM2403983_6026818101_R06C02_Red.idat.gz	a27c76a22d19ceda2ceca024f6a4add2
GSM2403984_6026818110_R03C02_Grn.idat.gz	237b5cecbab13f6c2af238dd5aa9fc6a
GSM2403984_6026818110_R03C02_Red.idat.gz	80277cf2267da2385d7e306143526484
GSM2403985_6026818110_R04C01_Grn.idat.gz	12ec1d4fb0d06e572887bf9f34027994
GSM2403985_6026818110_R04C01_Red.idat.gz	fba17c8aca791dac8cf5ad3edb74a162
GSM2403986_6026818110_R05C02_Grn.idat.gz	8ddda55925876f91a0d3ab655b534f4a
GSM2403986_6026818110_R05C02_Red.idat.gz	28c254d465cc67691f863f9d6ca26ef7
GSM2403987_6026818110_R06C01_Grn.idat.gz	520754e15c6ecf789f1b194d148eecf1
GSM2403987_6026818110_R06C01_Red.idat.gz	4189bf89fd86eb6bfb6b6874422f8e27
GSM2403988_6026818110_R06C02_Grn.idat.gz	36dced648c5933b9520e2a2128ff3833
GSM2403988_6026818110_R06C02_Red.idat.gz	3658d9f68cde63845babc49766214c0a
GSM2403989_9305651089_R01C02_Grn.idat.gz	20bd103b7cfb6b7cea9e2c4067c3cb5b
GSM2403989_9305651089_R01C02_Red.idat.gz	3f34e039a0488c7912630df37221704d
GSM2403990_9305651089_R03C02_Grn.idat.gz	3c9d49b259fbf23e67976e96e69dc41a
GSM2403990_9305651089_R03C02_Red.idat.gz	b58994ad5fb8bf59daf36134f254db39
GSM2403991_9305651089_R04C02_Grn.idat.gz	2f3d8468f4c4fc564b0a1d8cecb82275
GSM2403991_9305651089_R04C02_Red.idat.gz	ea66cd7fc9110b9e431e9b85f7b7c42f
GSM2403992_9305651089_R05C02_Grn.idat.gz	a167b471ca71b403bfaf9dab1b0474d6
GSM2403992_9305651089_R05C02_Red.idat.gz	dc0febcafd7fdd3b93af61bf0b7968e2
GSM2403993_9305651089_R06C02_Grn.idat.gz	edfcd965a8e18aa5795a9ff764dcd83f
GSM2403993_9305651089_R06C02_Red.idat.gz	3e20557121ca546bc76ec229ca6d4a83
GSM2403994_9305651095_R01C01_Grn.idat.gz	c4f8a2f8286d8e069e79c92b5229ef08
GSM2403994_9305651095_R01C01_Red.idat.gz	aeaef224b769f3dc74841c07f3ac12dd
GSM2403995_9305651095_R02C01_Grn.idat.gz	b83346ec69914505428d8b3a58ad7877
GSM2403995_9305651095_R02C01_Red.idat.gz	64aa3ace3a77953bbcfb18d94623ecda
GSM2403996_9305651095_R03C01_Grn.idat.gz	1c21b5b20209967e04ec2551f883cf82
GSM2403996_9305651095_R03C01_Red.idat.gz	5d8f04988d0eafd1ca450ac53a3c0a79
GSM2403997_9305651095_R04C01_Grn.idat.gz	3c0abd44d531dd41ed1ec4fe4d83b97e
GSM2403997_9305651095_R04C01_Red.idat.gz	50198898a945eeec9a61228e553ad955
GSM2403998_9305651095_R01C02_Grn.idat.gz	25d3c7490dd228ec151fe0e32469c717
GSM2403998_9305651095_R01C02_Red.idat.gz	d473ba948472a5df050daff8c2670b3d
GSM2403999_9305651095_R02C02_Grn.idat.gz	c18f5f1cc28f54c5df3de84ed5678396
GSM2403999_9305651095_R02C02_Red.idat.gz	72246e8639083920dd92e66e0d946532
GSM2404000_9305651095_R05C02_Grn.idat.gz	ed3239346713908ea5d678686624b573
GSM2404000_9305651095_R05C02_Red.idat.gz	b3927baf034d7414a51df2b782970685
GSM2404001_9305651095_R06C02_Grn.idat.gz	516e949e76885b3c45db6b086e568171
GSM2404001_9305651095_R06C02_Red.idat.gz	60f0c823e8a306c3580188f2f10a3778
GSM2404002_9305651146_R02C01_Grn.idat.gz	db393e1b2bbc7b6427a857b8fc8bdf12
GSM2404002_9305651146_R02C01_Red.idat.gz	534bd6c76dbad57f40543d839c1bab9c
GSM2404003_9305651146_R05C01_Grn.idat.gz	d914a3447ea164b8a46808fc39b85a1e
GSM2404003_9305651146_R05C01_Red.idat.gz	7bbcedb7dbe732e4e047a3d61595f61b
GSM2404004_9305651146_R06C01_Grn.idat.gz	b40f829c27edcfdb656210c4e64e63fb
GSM2404004_9305651146_R06C01_Red.idat.gz	7bdd666c720adb70aeba7689ab9452f1
GSM2404005_9305651146_R01C02_Grn.idat.gz	52a6bf659cd5d3913fa2597982c20386
GSM2404005_9305651146_R01C02_Red.idat.gz	9f4bce4498367f1443f824198ae39d14
GSM2404006_9305651146_R02C02_Grn.idat.gz	e34ed884d1630f59c0cc424d8f7d6b2c
GSM2404006_9305651146_R02C02_Red.idat.gz	689e5a835a4930a76dfab2b373b4e5fa
GSM2404007_9305651146_R03C02_Grn.idat.gz	8ae2cd806af42c13dffdd6068503f6d0
GSM2404007_9305651146_R03C02_Red.idat.gz	389db518a1ed0fe15b34fbc414f89fae
GSM2404008_9305651146_R05C02_Grn.idat.gz	7625a446da6ebb64509f03115a43c97f
GSM2404008_9305651146_R05C02_Red.idat.gz	a12c52f890970a639150b7ecb6317c2e
GSM2404009_9340996003_R01C02_Grn.idat.gz	fc3cb14b4861fba447d7c7f83df4cb5a
GSM2404009_9340996003_R01C02_Red.idat.gz	b9749a7522a00527c930cdda927e2524
GSM2404010_9340996003_R01C01_Grn.idat.gz	0e46982d3a84791e8c85903284777580
GSM2404010_9340996003_R01C01_Red.idat.gz	2419dd3fd2b7e535f0345c5e8a621a70
GSM2404011_9340996008_R04C01_Grn.idat.gz	6396d77ebc39dee2ae67c9b523099020
GSM2404011_9340996008_R04C01_Red.idat.gz	fe119d5ebf98bc2a1a5fdc4426e61c69
GSM2404012_9340996008_R05C01_Grn.idat.gz	22d527eaa9f1b6c9007aac5c77491ac2
GSM2404012_9340996008_R05C01_Red.idat.gz	7a4d401f0afd0c625179134c6dab57e8
GSM2404013_9340996008_R01C02_Grn.idat.gz	3a4cf97734fc3787d7493422ced338ab
GSM2404013_9340996008_R01C02_Red.idat.gz	646af8703d618ff4e150250acb6f5f70
GSM2404014_9340996008_R02C02_Grn.idat.gz	be71356016b0346208ae72f7a5aef5e7
GSM2404014_9340996008_R02C02_Red.idat.gz	c343dca821e701af81ec97d87be9a370
GSM2404015_9340996008_R04C02_Grn.idat.gz	5cca0bcfb3fb8e2092623dd1a3a850a1
GSM2404015_9340996008_R04C02_Red.idat.gz	1b71a9cc98dab5afcbf27a3984fa66b7
GSM2404016_9340996003_R02C01_Grn.idat.gz	5da5e34c89978398fc5f879f1b5f9780
GSM2404016_9340996003_R02C01_Red.idat.gz	ca30ce8b9d6c0148a1d1769ec69026fd
GSM2404017_9340996003_R03C01_Grn.idat.gz	a09d3c43cb3ee4b54ad24c4bcb850e46
GSM2404017_9340996003_R03C01_Red.idat.gz	a98a8fc66edadb28d7e0fc844732e416
GSM2404018_9340996003_R04C01_Grn.idat.gz	e855f1448c0ad4bc2c57965acbac5a09
GSM2404018_9340996003_R04C01_Red.idat.gz	273ce14624acf877c5afd7d721f25211
GSM2404019_9340996003_R04C02_Grn.idat.gz	530d4ccfbe78b9a842806fd413ea32c9
GSM2404019_9340996003_R04C02_Red.idat.gz	542d7712d3de74299c6f79ba00223b5d
GSM2404020_9340996003_R05C02_Grn.idat.gz	a22121b391f4bd78d6bba837d56fe2f4
GSM2404020_9340996003_R05C02_Red.idat.gz	575d476b82efc2c98e76a8d528cad518
GSM2404021_9340996003_R06C02_Grn.idat.gz	fa2fe53e97a5184ad9bed4dfc9b272e7
GSM2404021_9340996003_R06C02_Red.idat.gz	e85a552291413d49eaabdc361e9a42e7
GSM2404022_9340996008_R01C01_Grn.idat.gz	8be1def0c0332094f8b0db40d8a1d64b
GSM2404022_9340996008_R01C01_Red.idat.gz	6701da857cfc9f50cac8916b9b531f7e
GSM2404023_9340996014_R04C02_Grn.idat.gz	b937dd51fb4ffa6b62ccc6d075fbe30f
GSM2404023_9340996014_R04C02_Red.idat.gz	2d221e5535390e4d9257d123b7a97a2b
GSM2404024_9340996012_R04C02_Grn.idat.gz	537518a14fe5d463dc8bc17afdfd89f4
GSM2404024_9340996012_R04C02_Red.idat.gz	237d668a62ff037af6aee88bb58ac65e
GSM2404025_9340996014_R05C01_Grn.idat.gz	f58ae491f5920e42340af0ec7b890398
GSM2404025_9340996014_R05C01_Red.idat.gz	06d6020268f9980ae57167f618f7b4d7
GSM2404026_9340996014_R02C01_Grn.idat.gz	ebb321c905d028deebf007899c5db2d2
GSM2404026_9340996014_R02C01_Red.idat.gz	5b503036d7a7306e15d355e3f3f392da
GSM2404027_9340996032_R02C01_Grn.idat.gz	5535ca0a91a8a0ec2c45b40c709cc3bb
GSM2404027_9340996032_R02C01_Red.idat.gz	5ed0927ac82361c50f3912986b48a151
GSM2404028_9340996032_R03C01_Grn.idat.gz	7be9315c6c51b8cd57849c026ed0c163
GSM2404028_9340996032_R03C01_Red.idat.gz	c18a1942d79d255c8e263e54f0b67d0a
GSM2404029_9340996032_R01C01_Grn.idat.gz	2f56ae1e8a3136cac9df10246e5995f4
GSM2404029_9340996032_R01C01_Red.idat.gz	fa7db941997c915c9211847bb772d0a5
GSM2404030_9340996050_R06C02_Grn.idat.gz	776457b3bba350d00650e942e4249dbe
GSM2404030_9340996050_R06C02_Red.idat.gz	788c628f00e6959d2084e723f93573f2
GSM2404031_9340996058_R01C02_Grn.idat.gz	527333ffdcf91680779bc57c6fe5103e
GSM2404031_9340996058_R01C02_Red.idat.gz	a891bc6d14efb11b397e8bff1b70b647
GSM2404032_9340996058_R02C02_Grn.idat.gz	abd87dea636fb025b37c64a5016dfdc6
GSM2404032_9340996058_R02C02_Red.idat.gz	eefd1644f510f6f6dfe9af754b484e17
GSM2404033_9340996058_R04C02_Grn.idat.gz	1cfa2b42287273e92157f88fb3cf88c0
GSM2404033_9340996058_R04C02_Red.idat.gz	9f2e59af5a4f4bbb5d7f9d3eca7feab4
GSM2404034_9340996058_R03C01_Grn.idat.gz	e680be32b2dfef0a2984498ed6f71436
GSM2404034_9340996058_R03C01_Red.idat.gz	906bef0de58dff8ca4daa3582fd9ce35
GSM2404035_9340996050_R04C02_Grn.idat.gz	ea3ebb15f501505673f677224809292d
GSM2404035_9340996050_R04C02_Red.idat.gz	3e936cf7c86f10ecf4c88849b9da24ab
GSM2404036_9373550164_R05C01_Grn.idat.gz	4b8b4ca2ab6a6225277dad8170f6f24f
GSM2404036_9373550164_R05C01_Red.idat.gz	c84d277c53d1c75f8ccd8080c52ed2f6
GSM2404037_9373550164_R06C01_Grn.idat.gz	bdc042190d3a81604a4d2db41ab2002f
GSM2404037_9373550164_R06C01_Red.idat.gz	d847b5e578ad8aaf806179d6ca95bbf3
GSM2404038_9373550164_R02C02_Grn.idat.gz	986a8ee0fd800d9848ff8bc2c359cb69
GSM2404038_9373550164_R02C02_Red.idat.gz	9b0d280b53fd2481979e16e9f93ea1a2
GSM2404039_9373550164_R03C02_Grn.idat.gz	a9bbf095734df082f985abb3fbab780d
GSM2404039_9373550164_R03C02_Red.idat.gz	cfb32f4ca3e3563a6795a1b422b6eaca
GSM2404040_9373550131_R03C01_Grn.idat.gz	0d148d9657dc42f54a7ba4d97e48f97c
GSM2404040_9373550131_R03C01_Red.idat.gz	fa90c19c43630e8edd06908f0b53af19
GSM2404041_9373550164_R04C02_Grn.idat.gz	143c17ea5a2a8313c538fc992d3dae20
GSM2404041_9373550164_R04C02_Red.idat.gz	6f505c9af8c16a479dc02e07e7afd03a
GSM2404042_9373550164_R05C02_Grn.idat.gz	f0aaddfab9c47d3e142d638852cba8eb
GSM2404042_9373550164_R05C02_Red.idat.gz	e159bc394ea69eb4fd3171fb02a4325c
GSM2404043_9373550164_R06C02_Grn.idat.gz	f5cf4ca2ef96de5d9a4f8bbb6ee86d37
GSM2404043_9373550164_R06C02_Red.idat.gz	3ddf4c37448c49260a8c53c7e13be82d
GSM2404044_9373550164_R01C01_Grn.idat.gz	4aee88798e19444cd780d3b06bfaeb62
GSM2404044_9373550164_R01C01_Red.idat.gz	71ff057b697fa54622791276aa3710ac
GSM2404045_9373550131_R06C01_Grn.idat.gz	314f5a92beae71222abbb93b44226a4d
GSM2404045_9373550131_R06C01_Red.idat.gz	3c39d968e79f13e0e3a29e11b947b0e3
GSM2404046_9373550131_R02C02_Grn.idat.gz	c3a57fea0d566db27276768337ae03d0
GSM2404046_9373550131_R02C02_Red.idat.gz	44cb7b58991620ab1d3745ec1ee5ecb5
GSM2404047_9373550131_R05C02_Grn.idat.gz	112db97c895c478bf47de43c0fe967a1
GSM2404047_9373550131_R05C02_Red.idat.gz	2f93766faf6fc26b92340ed9acbaaf0e
GSM2404048_9373550131_R06C02_Grn.idat.gz	7ea72c6c7c541159aa05844694ad78c3
GSM2404048_9373550131_R06C02_Red.idat.gz	69b43a78048e7570e9f2d0348552d860
GSM2404049_9373550018_R01C02_Grn.idat.gz	01f2c91d7736348c7b286f0fa20c66b8
GSM2404049_9373550018_R01C02_Red.idat.gz	34006f01fed8ad9b94a5204f4fb6726c
GSM2404050_9373550028_R05C01_Grn.idat.gz	c55f1a188fabbd9d356aa24193d401fd
GSM2404050_9373550028_R05C01_Red.idat.gz	d7f5ed1e4717ddadc1a91e9e6cd15198
GSM2404051_9373550034_R05C02_Grn.idat.gz	40b12e8fe03039cd23ad9ccf720a5255
GSM2404051_9373550034_R05C02_Red.idat.gz	3cdd553370758435247673ef7ea1b179
GSM2404052_9373550035_R06C01_Grn.idat.gz	f3666af88edda057458e65c740dc2e42
GSM2404052_9373550035_R06C01_Red.idat.gz	b6b4d386872aa5666f0d254c1d398c9b
GSM2404053_9373550035_R01C02_Grn.idat.gz	2fc7eb841a4ea31d1afdfa330fc09227
GSM2404053_9373550035_R01C02_Red.idat.gz	5cb3eb587cd39239fc16341335f531d0
GSM2404054_9373550018_R06C01_Grn.idat.gz	af036675f15b68dbeba227ef63c665d6
GSM2404054_9373550018_R06C01_Red.idat.gz	5c07d40e00ee46cc4ae112e96dc02c6f
GSM2404055_9373550018_R01C01_Grn.idat.gz	4a32a52673d732264810be91518fa01f
GSM2404055_9373550018_R01C01_Red.idat.gz	a5f425408e3f83f4f78fd4bd4d411cb1
GSM2404056_9373551023_R03C02_Grn.idat.gz	0077200a333e8d2a71db095203d5d10a
GSM2404056_9373551023_R03C02_Red.idat.gz	b4b03786859aa1a2565c889f5ff253f3
GSM2404057_9373551023_R06C02_Grn.idat.gz	94f68ddb529fd079ba00bd79959b4816
GSM2404057_9373551023_R06C02_Red.idat.gz	877422bc5fce376e94b70db97ec7dcd7
GSM2404058_9373551023_R03C01_Grn.idat.gz	e51218958560d45aafb4832135f7772d
GSM2404058_9373551023_R03C01_Red.idat.gz	f1174f37ad0fbff0ffa2c3415263c3d9
GSM2404059_9373551039_R01C01_Grn.idat.gz	5c953d4b32ed2490c4751804c2fbd81c
GSM2404059_9373551039_R01C01_Red.idat.gz	886affc834527527693747c88a8c19e3
GSM2404060_9373551039_R02C01_Grn.idat.gz	3cafbdb79f8f4998018ba18683b181dc
GSM2404060_9373551039_R02C01_Red.idat.gz	30ed5f14f8d4e4eaa70c5f6560c52f10
GSM2404061_9373551039_R05C01_Grn.idat.gz	87557f7d12d204fc7cd57b6182b99f38
GSM2404061_9373551039_R05C01_Red.idat.gz	53d6a3fabad55e9607d1a5b814b2237d
GSM2404062_9373551042_R06C02_Grn.idat.gz	2fc8db9334f63503c12e7b725b7563b2
GSM2404062_9373551042_R06C02_Red.idat.gz	c9551ffe019fd9eabc6fdebafc4f7fdf
GSM2404063_9373551020_R05C01_Grn.idat.gz	e4244c152db4b27c1ce5dcd4cc6a860a
GSM2404063_9373551020_R05C01_Red.idat.gz	659f95b5a5d06ae257be1118a552c216
GSM2404064_9374341006_R02C01_Grn.idat.gz	8d23454a67164933ca8210dd6bc4dd61
GSM2404064_9374341006_R02C01_Red.idat.gz	e674ec8dacbcd047620edfe98876b45f
GSM2404065_9374341006_R04C01_Grn.idat.gz	9928df28c7807fc300064f3c446ebbfe
GSM2404065_9374341006_R04C01_Red.idat.gz	9e8a21b74cdb30e15d5efcb907d54747
GSM2404066_9374341006_R05C01_Grn.idat.gz	0194d9d900800f2900594dc423ecd854
GSM2404066_9374341006_R05C01_Red.idat.gz	519a8aaf712d4844b18c1c400e6c3a2f
GSM2404067_9374341006_R04C02_Grn.idat.gz	34ed327e0ed328fa7f9bc5aa8557938d
GSM2404067_9374341006_R04C02_Red.idat.gz	45a66fc4093584453d29d74f4f9250ba
GSM2404068_9374341144_R02C02_Grn.idat.gz	1998c535aabd51b2ff3ba8eb129b799c
GSM2404068_9374341144_R02C02_Red.idat.gz	b7456f5c9a4186789f877f2a83184af4
GSM2404069_9373551108_R02C02_Grn.idat.gz	06f57e88225eaf2c55add9d361ff9b58
GSM2404069_9373551108_R02C02_Red.idat.gz	ace8639ee6e6bf64d14e738fbe5d1c43
GSM2404070_9373551108_R03C02_Grn.idat.gz	9c3ae3622079771edfcccd9b384b46a3
GSM2404070_9373551108_R03C02_Red.idat.gz	304597467db1aad55f69dcd2b850ce57
GSM2404071_9373551108_R04C02_Grn.idat.gz	c8ec42b2cdd5781ab25191395eccaf9c
GSM2404071_9373551108_R04C02_Red.idat.gz	69b989b8232ae0042be06a81d31de43f
GSM2404072_9373551108_R06C02_Grn.idat.gz	8c265238c146e5e4dd1493d8ee85c1d1
GSM2404072_9373551108_R06C02_Red.idat.gz	a26088c032049d8ed4a61d69c72d7f3c
GSM2404073_9373551108_R06C01_Grn.idat.gz	dd6d84b3c8d981a9a5a5b97312618c0d
GSM2404073_9373551108_R06C01_Red.idat.gz	2c970684c16be13a40e95bf32316b654
GSM2404074_9376561043_R04C01_Grn.idat.gz	08ebdcce465e36698965349182c63c9a
GSM2404074_9376561043_R04C01_Red.idat.gz	b8209d86fd9a3e622521a5e5cca05991
GSM2404075_9376561043_R05C01_Grn.idat.gz	26e180110873c1c832dc0ccab5dd2479
GSM2404075_9376561043_R05C01_Red.idat.gz	006155babf978c62de19b4566a4b117a
GSM2404076_9376561043_R06C01_Grn.idat.gz	a5c98b6265be9896d459e895ac31508c
GSM2404076_9376561043_R06C01_Red.idat.gz	0d7bee5679c85c6797785d8f0812db52
GSM2404077_9376561043_R02C02_Grn.idat.gz	414a7389b176fd02b747c167290aadd9
GSM2404077_9376561043_R02C02_Red.idat.gz	436c381e329d1334240489d104a84d70
GSM2404078_9376561043_R03C02_Grn.idat.gz	f7e38995e2acae1fbe28942b146fb939
GSM2404078_9376561043_R03C02_Red.idat.gz	5ff780a92c636731fe879fe8713e992a
GSM2404079_9376561043_R04C02_Grn.idat.gz	fd31eb7868e8b006e151514a43fe8a0c
GSM2404079_9376561043_R04C02_Red.idat.gz	ebcfec4090cae5f15e6299ebb140d02a
GSM2404080_9376561043_R05C02_Grn.idat.gz	901d212594368adf3c8127c683d663fa
GSM2404080_9376561043_R05C02_Red.idat.gz	aad9d7776fddf1de0539ed0e1b61ce91
GSM2404081_9376561057_R03C02_Grn.idat.gz	0cff1ff05c19c2823af4119a4800e98c
GSM2404081_9376561057_R03C02_Red.idat.gz	462cea5429272cecfd2ab58c3063172f
GSM2404082_9376561043_R06C02_Grn.idat.gz	6bb34d8d0990368d50489fd33892d14c
GSM2404082_9376561043_R06C02_Red.idat.gz	f6cabcf3c385ee77537528b03ede01b9
GSM2404083_9376561057_R04C02_Grn.idat.gz	c418f05b1103ca002921ee7a5d9aa487
GSM2404083_9376561057_R04C02_Red.idat.gz	af8390cf1ef5d2e4fac18b1ea9d12052
GSM2404084_9376561057_R05C02_Grn.idat.gz	8f56aba8ff7fb1a2307871e0d058ba86
GSM2404084_9376561057_R05C02_Red.idat.gz	fdac01aa64f630bb98dd85a1fe57fc87
GSM2404085_9376561057_R01C01_Grn.idat.gz	abf2876d2f7c36f78993a733dfa75730
GSM2404085_9376561057_R01C01_Red.idat.gz	d63fe106d87f1a02dc41c32f0941d44a
GSM2404086_9376561057_R02C01_Grn.idat.gz	52f51a06faff9a4351a2502c1522b83f
GSM2404086_9376561057_R02C01_Red.idat.gz	cf81c3517218f40cefffe68efcdd35d4
GSM2404087_9376561057_R04C01_Grn.idat.gz	72b847e1e6886b7f94943bd63a8e88b0
GSM2404087_9376561057_R04C01_Red.idat.gz	f0faeb18cf0d6def58595d4099fc6cd3
GSM2404088_9376561057_R05C01_Grn.idat.gz	6567b505fac0b95ab7cc8e1ea1f20dd3
GSM2404088_9376561057_R05C01_Red.idat.gz	2d49a4d1ef842c6774a06f0d61cbccb1
GSM2404089_9376561057_R06C01_Grn.idat.gz	3de608f0640c61dd34e533d0bf89cb4b
GSM2404089_9376561057_R06C01_Red.idat.gz	19622e16b16abe3725436211534b42b6
GSM2404090_9376561057_R02C02_Grn.idat.gz	426e81de436a5b3a7b12fa424d504374
GSM2404090_9376561057_R02C02_Red.idat.gz	da6b5445d6e14ab86e73a5a5c48c4db7
GSM2404091_9376561057_R03C01_Grn.idat.gz	2766eeae8208a31abef04d6f50123898
GSM2404091_9376561057_R03C01_Red.idat.gz	6c990501665116be75a951606e616ddb
GSM2404092_9376561057_R06C02_Grn.idat.gz	7e6197819394bf5ce8a096861749311c
GSM2404092_9376561057_R06C02_Red.idat.gz	c3653980d7afadde3b6f360a6d7fd479
GSM2404093_9374342010_R01C01_Grn.idat.gz	8c6e82fa35e955b48cbcbb80bad90901
GSM2404093_9374342010_R01C01_Red.idat.gz	e8cf2e18632ec2e5d953939bdc835108
GSM2404094_9374342010_R03C02_Grn.idat.gz	91ec849ec96a33b95cc0149b033d35c4
GSM2404094_9374342010_R03C02_Red.idat.gz	9c4aa63db5efa12c25ff88670296d121
GSM2404095_9374342010_R04C02_Grn.idat.gz	1ab9777b54f3ac5eac0b566c3fd0af14
GSM2404095_9374342010_R04C02_Red.idat.gz	2330f15a253e497f07debf295e600bc1
GSM2404096_9374342010_R05C02_Grn.idat.gz	ab891c1da5624453199182633017da47
GSM2404096_9374342010_R05C02_Red.idat.gz	9c8dcb744fd432daaefa072d32c8759f
GSM2404097_9376538156_R01C02_Grn.idat.gz	7ad183a29be420477644ab39759ff9b7
GSM2404097_9376538156_R01C02_Red.idat.gz	40d5fe6740d3e2f8b7d0c031241e954f
GSM2404098_9376538156_R02C01_Grn.idat.gz	42e37623da38e5038c71ac32560becc6
GSM2404098_9376538156_R02C01_Red.idat.gz	09366edc56c9bebc131ecddc947cfdab
GSM2404099_9376538156_R03C01_Grn.idat.gz	496b758d6c278f8e83a35c5ee61d4e35
GSM2404099_9376538156_R03C01_Red.idat.gz	69cf7bde19238f20263654b90e2e1a0f
GSM2404100_9376538156_R03C02_Grn.idat.gz	569ab0154de1662f2f883628e729d87d
GSM2404100_9376538156_R03C02_Red.idat.gz	dad71e2a17abe49f9860146ec216a1e9
GSM2404101_9370847051_R04C01_Grn.idat.gz	f50606cafa4589503561dd31be9cbdec
GSM2404101_9370847051_R04C01_Red.idat.gz	ca06eba59b784614352f2a23c48a985e
GSM2404102_9370847051_R05C01_Grn.idat.gz	a8e5384bc7bf7ac469a370816e6450af
GSM2404102_9370847051_R05C01_Red.idat.gz	6e3c9bda019668a8434019b10b641f98
GSM2404103_9370847051_R06C01_Grn.idat.gz	fd0703bfb03aa6908224dd0d8eae42ee
GSM2404103_9370847051_R06C01_Red.idat.gz	029626ccd6a188c611f96616948468c5
GSM2404104_9370847051_R03C02_Grn.idat.gz	8bbb6f1c0686fc2bd425ea0a9d382782
GSM2404104_9370847051_R03C02_Red.idat.gz	8a4c803a772cb3b3b17bb18b68e987fb
GSM2404105_9370847061_R01C01_Grn.idat.gz	1c81e5826a57cc2c3936efd845c07ce0
GSM2404105_9370847061_R01C01_Red.idat.gz	3c5310474d3473be8f3db11161f87384
GSM2404106_9370847061_R03C01_Grn.idat.gz	5a1c47480acce1ff05f31a25652e6e3b
GSM2404106_9370847061_R03C01_Red.idat.gz	1edd6fa0be7d4148003a87396e7cf8b1
GSM2404107_9370847061_R02C02_Grn.idat.gz	09d2430cac2b8f340958b12a3680da62
GSM2404107_9370847061_R02C02_Red.idat.gz	af38e2822326d2ae7357e2a2645960fe
GSM2404108_9379082039_R03C01_Grn.idat.gz	b064d680a4e4570951f9bc2c2a9d8402
GSM2404108_9379082039_R03C01_Red.idat.gz	b03d9c19b3ed58ef581fc00690b3a309
GSM2404109_9370847051_R05C02_Grn.idat.gz	b849c0c3e7bda936349cb695710ee97c
GSM2404109_9370847051_R05C02_Red.idat.gz	de31b9b36cc17ccc63372a616f7a075a
GSM2404110_9379082039_R05C01_Grn.idat.gz	b75d294fd7610062a431d9fa613c9055
GSM2404110_9379082039_R05C01_Red.idat.gz	3c526eafffb1c645dfe38fcd461d1ea1
GSM2404111_9379082039_R06C01_Grn.idat.gz	92792120253ac1202070b3087eb757ed
GSM2404111_9379082039_R06C01_Red.idat.gz	181b34cd7413e88299956d8ea29098cc
GSM2404112_9379082039_R02C02_Grn.idat.gz	83734800cb59697104e77553751ff17d
GSM2404112_9379082039_R02C02_Red.idat.gz	c69bdcb98ad988d69ab9a5cdc2fa9c29
GSM2404113_9379082039_R01C01_Grn.idat.gz	9f15b3e3cd9d42fe19b7b1ff5238fec1
GSM2404113_9379082039_R01C01_Red.idat.gz	31a44593a33dbc81115bd5b5660be4b1
GSM2404114_9379082039_R02C01_Grn.idat.gz	566c3a138aa3ceedba235f9490958a50
GSM2404114_9379082039_R02C01_Red.idat.gz	96bc03d470c756b3781ee893b792c460
GSM2404115_9379086117_R03C02_Grn.idat.gz	98ca78f1a4a05095db0eae6c87c07c6f
GSM2404115_9379086117_R03C02_Red.idat.gz	c5195bfb030442a58ced5a10d3a133e1
GSM2404116_9379086117_R04C02_Grn.idat.gz	5effeb159086d796c7ffa2f9da1dc7b6
GSM2404116_9379086117_R04C02_Red.idat.gz	61a3eb0395ea35c3a23fbada29087742
GSM2404117_9376561062_R06C02_Grn.idat.gz	488b52c981f9a3755506549c1eeb638b
GSM2404117_9376561062_R06C02_Red.idat.gz	e6efc388e5babfdf05490f9b693aeadf
GSM2404118_9376561062_R02C01_Grn.idat.gz	c30b12b6f15b7e882f1e35b44f1d70bc
GSM2404118_9376561062_R02C01_Red.idat.gz	c15ab13d95f79def638c00bc318aa874
GSM2404119_9376561062_R05C01_Grn.idat.gz	bdea92c139d79a826dc8c9652b93fb02
GSM2404119_9376561062_R05C01_Red.idat.gz	8f66aa661584b382b43e5f22d47b293b
GSM2404120_9376561062_R04C02_Grn.idat.gz	d0b9d5b803d0fcfd13a566d9ee0979ff
GSM2404120_9376561062_R04C02_Red.idat.gz	66f6e35c69694ec7694eb953238d96df
GSM2404121_9379086132_R03C02_Grn.idat.gz	e9636a27c96c55f44763cc43be23a34c
GSM2404121_9379086132_R03C02_Red.idat.gz	b18824de2fdc9ac59b97e7ff9b387da3
GSM2404122_9379086132_R06C01_Grn.idat.gz	0b4625bb0826053a3804958e2e9dfaee
GSM2404122_9379086132_R06C01_Red.idat.gz	4c0835a242969bff676d0df0c081b783
GSM2404123_9379086124_R05C01_Grn.idat.gz	c22ff38cbd7c4c994e0269d4316a028f
GSM2404123_9379086124_R05C01_Red.idat.gz	b48ad8e641b3dd4e8027c81015a58a2e
GSM2404124_9379086124_R04C01_Grn.idat.gz	3e8442ab776fc7ee1cb5c31b553ea405
GSM2404124_9379086124_R04C01_Red.idat.gz	6829b51bcc961d6f81be65cb6e1646a8
GSM2404125_9379086129_R06C01_Grn.idat.gz	d76cad6d99439c666fcb29263366245e
GSM2404125_9379086129_R06C01_Red.idat.gz	8eea2b06139ef73002a7883ccc952e4d
GSM2404126_9379086129_R01C02_Grn.idat.gz	895404e836886835892b8f7aeef18054
GSM2404126_9379086129_R01C02_Red.idat.gz	144706303d43942a206b308d8cc34619
GSM2404127_9379086124_R01C02_Grn.idat.gz	2a04a3831cc4b755be380f235299fe6f
GSM2404127_9379086124_R01C02_Red.idat.gz	73ffbf8f9d3a2eb41ec367798af6b3df
GSM2404128_9379086124_R02C02_Grn.idat.gz	a0a3e3779110aa5b668df645081dc302
GSM2404128_9379086124_R02C02_Red.idat.gz	3e811b9ba2b992f5293e6ef6221127a0
GSM2404129_9379086124_R05C02_Grn.idat.gz	c96ca92e9ef403af5e13f87c667f2df8
GSM2404129_9379086124_R05C02_Red.idat.gz	c6b6d3e119701b8e8f13566b32f27d4e
GSM2404130_9379086129_R01C01_Grn.idat.gz	0d6c11d1a6e0eb863fa065402da29b77
GSM2404130_9379086129_R01C01_Red.idat.gz	2a746948d828af62d664cef0688b518d
GSM2404131_9406921073_R04C01_Grn.idat.gz	8fc4947108c27119b831254dd4ac7ab3
GSM2404131_9406921073_R04C01_Red.idat.gz	9e9a40d1d3dc04cb7067659c31515f9c
GSM2404132_9406921073_R06C01_Grn.idat.gz	afbd2fa20e535d7aaf30b273904d44f3
GSM2404132_9406921073_R06C01_Red.idat.gz	3293d05c74551edf10f3f23c949e2f75
GSM2404133_9406921070_R03C02_Grn.idat.gz	3ad0583b905cd82b9e9b9741757f98fd
GSM2404133_9406921070_R03C02_Red.idat.gz	8ec16738aa2de807427b96069ae9878c
GSM2404134_9406921070_R06C01_Grn.idat.gz	c7dfff70ce0923da2088cf8d9bf1f94b
GSM2404134_9406921070_R06C01_Red.idat.gz	a59bb0e2b056147bdfad64b56a2dabbe
GSM2404135_9406922161_R02C02_Grn.idat.gz	7bfeb03a7c0a7ccb26f5239258a2d9af
GSM2404135_9406922161_R02C02_Red.idat.gz	3bcf8c25af3ab68492bc39ffa93418ab
GSM2404136_9406922161_R03C02_Grn.idat.gz	875e6a5ec039d3ff4ee00a9496e7857a
GSM2404136_9406922161_R03C02_Red.idat.gz	be7a4112c1c2cb37a443479120261ba5
GSM2404137_9406922158_R06C01_Grn.idat.gz	98f19023cd8da30a8f587783d116803e
GSM2404137_9406922158_R06C01_Red.idat.gz	acc70afce626a7c82fdf0e178e3b8980
GSM2404138_9406922158_R05C02_Grn.idat.gz	00b412c8de60bb2f903161471945ad0d
GSM2404138_9406922158_R05C02_Red.idat.gz	dbf587e9b5386a5165e322bed267e984
GSM2404139_9406922158_R06C02_Grn.idat.gz	93210db999b858663d7ab93da90a2d2e
GSM2404139_9406922158_R06C02_Red.idat.gz	e5d95d18505c44a8e60bbfad998d9294
GSM2404140_9406922161_R02C01_Grn.idat.gz	60c3bb052d1d13c769471e87539b80aa
GSM2404140_9406922161_R02C01_Red.idat.gz	ff77cef54f03e31322e8f94e03f77d15
GSM2404141_9406922158_R01C02_Grn.idat.gz	d11dd9f05dfc33a88facf338be3659a7
GSM2404141_9406922158_R01C02_Red.idat.gz	687edfcc9afc97eccefdea7d3d25b29b
GSM2404142_9406922158_R03C02_Grn.idat.gz	aec8a8c0ebfb4ec6459401aea6a17785
GSM2404142_9406922158_R03C02_Red.idat.gz	8ae6220e345e4ea660c306dcb45edc30
GSM2404143_9406922161_R04C01_Grn.idat.gz	f33c95681ab530c92e0a5607a8551259
GSM2404143_9406922161_R04C01_Red.idat.gz	dfb048fbd5433fbc1ede5ed2c7537bec
GSM2404144_9406922161_R05C01_Grn.idat.gz	26f825aa72b906f078477344cb3b8670
GSM2404144_9406922161_R05C01_Red.idat.gz	3c65ac430b4bf41156ccd053687e667b
GSM2404145_9406922161_R06C01_Grn.idat.gz	cdeacdafed15f546175d4af13dd46945
GSM2404145_9406922161_R06C01_Red.idat.gz	28b98d21b5b7f9c95df7a17ce057b2bd
GSM2404146_9406922161_R05C02_Grn.idat.gz	872b9bc68467fd75d4b6512beb572b30
GSM2404146_9406922161_R05C02_Red.idat.gz	f5e4f2bfad91758e656d40e98095a8e7
GSM2404147_9406922161_R06C02_Grn.idat.gz	a669997fafec64add498fbad472c7fa7
GSM2404147_9406922161_R06C02_Red.idat.gz	47c352703f6998ba64fda3db0a1075b6
GSM2404148_9407201022_R06C01_Grn.idat.gz	eeab0a37b69f6d23d2260ecd1b26422e
GSM2404148_9407201022_R06C01_Red.idat.gz	1a9c146e467b050ee94e442c3b049a0a
GSM2404149_9407201022_R03C02_Grn.idat.gz	9bbbfd512be654712295f111da868646
GSM2404149_9407201022_R03C02_Red.idat.gz	150d698787d66471428edece51c90f28
GSM2404150_9407201022_R06C02_Grn.idat.gz	5a106874e578db619f95038d952c4b0b
GSM2404150_9407201022_R06C02_Red.idat.gz	3c1c08d655360fd4570d917fda18c958
GSM2404151_9407201021_R02C02_Grn.idat.gz	e8382904ad43d27c8509053a00713aa0
GSM2404151_9407201021_R02C02_Red.idat.gz	cfa8f8c5a34868effb2ad6e743bddeba
GSM2404152_9407201022_R03C01_Grn.idat.gz	8b1825a036902d083c5704736ee88b43
GSM2404152_9407201022_R03C01_Red.idat.gz	0407b47150c48bfb6285820c35f492d4
GSM2404153_9407201022_R04C01_Grn.idat.gz	67542828481fb8c6c75c3411b844f5c5
GSM2404153_9407201022_R04C01_Red.idat.gz	e30427862877000158d2990a66e9cc7e
GSM2404154_9407201022_R01C02_Grn.idat.gz	3fe620de7aaabdcc933a08347ff2b3f8
GSM2404154_9407201022_R01C02_Red.idat.gz	29db22d6d73793093850add37b7c47da
GSM2404155_9407201022_R04C02_Grn.idat.gz	476d2a0656270d089d0e4610adefe34d
GSM2404155_9407201022_R04C02_Red.idat.gz	95cb0a526d98b69c0a2800fc82048116
GSM2404156_9407201021_R02C01_Grn.idat.gz	d04d2131aa127d8e2091c99b5bcbd375
GSM2404156_9407201021_R02C01_Red.idat.gz	c81441967f0083b9d4c3e0af6ab45fee
GSM2404157_9407201021_R06C01_Grn.idat.gz	786a47eb320521e93a8e3535802407a6
GSM2404157_9407201021_R06C01_Red.idat.gz	19ea3e3ae5709d1645647a56d16c983e
GSM2404158_9407201021_R04C02_Grn.idat.gz	de5fa518839ec44037d69dd69a38e07f
GSM2404158_9407201021_R04C02_Red.idat.gz	e0846ae9c4b052ffb3f92b93656b40de
GSM2404159_9407201022_R01C01_Grn.idat.gz	4c7a27c6536f575940424f39764b55fc
GSM2404159_9407201022_R01C01_Red.idat.gz	40db8418867ff479d85cbd37481d1b78
GSM2404160_9407201022_R05C01_Grn.idat.gz	ae8d33a25f5ac60fa04b25c6bb4ed855
GSM2404160_9407201022_R05C01_Red.idat.gz	1a6895023d8f25c2bcaf9d666b060681
GSM2404161_9407201022_R02C02_Grn.idat.gz	7a8331adc49afd1d6c0ccb005f44aebd
GSM2404161_9407201022_R02C02_Red.idat.gz	6d15d8bfbad1dce95e132ab0601beb5e
GSM2404162_9407201022_R05C02_Grn.idat.gz	a4aa7ec1506bb17f0ba52f6680137cb5
GSM2404162_9407201022_R05C02_Red.idat.gz	90235d3e0454d05fe45d7622f74c9ba2
GSM2404163_9407201025_R01C01_Grn.idat.gz	7b81ae04613b82037a0ee79eeaf73c7d
GSM2404163_9407201025_R01C01_Red.idat.gz	186ba4783775489e165a6c5a99136402
GSM2404164_9407201021_R03C01_Grn.idat.gz	79af18aaf85c495834c861057cb04d76
GSM2404164_9407201021_R03C01_Red.idat.gz	f20affd5a18565257c1d3b7a08242451
GSM2404165_9407201021_R01C02_Grn.idat.gz	61cbf17dedb17c7508a4cf0c1af19ea5
GSM2404165_9407201021_R01C02_Red.idat.gz	4159e886f8886b250f7b219fbb80e890
GSM2404166_9407201021_R05C02_Grn.idat.gz	77639c77acc84349846283a8284aa26b
GSM2404166_9407201021_R05C02_Red.idat.gz	2bfe8cea5b0c7e47da1bb13fb5c4aec0
GSM2404167_9407201021_R05C01_Grn.idat.gz	f948c62eefd525cb2c6ceb841e2e20fb
GSM2404167_9407201021_R05C01_Red.idat.gz	059631c991afb14ab74edc79f94a1495
GSM2404168_9407201022_R02C01_Grn.idat.gz	6598226aab4a7c8303bd4f367c3c2733
GSM2404168_9407201022_R02C01_Red.idat.gz	68a84ac2413c6ce345f6ba29e0b3adce
GSM2404169_9407201033_R06C01_Grn.idat.gz	53ab65da2f1548bf2c6b1f9c9b311756
GSM2404169_9407201033_R06C01_Red.idat.gz	00bd3c1b911c00bd2ec06d3603635435
GSM2404170_9407201032_R06C02_Grn.idat.gz	9b59cb981d2f1e3afde4172615911f6f
GSM2404170_9407201032_R06C02_Red.idat.gz	02c5510f4497f6bb1432df656f07f22d
GSM2404171_9407201033_R02C01_Grn.idat.gz	9791d9e8b8b79939df54bd9a7bc9ee01
GSM2404171_9407201033_R02C01_Red.idat.gz	2c09a3f86c70f29be78f82a69b2b9635
GSM2404172_9407201033_R01C02_Grn.idat.gz	eac064a7864ecdec7938c39817498f2e
GSM2404172_9407201033_R01C02_Red.idat.gz	298cb6480a445cc05209c60b1c4a6e63
GSM2404173_9376538149_R01C01_Grn.idat.gz	e470119a357e88c5a61c2c2407e013cd
GSM2404173_9376538149_R01C01_Red.idat.gz	b100d55ca147ec5574959fc3d5ec8182
GSM2404174_9407201033_R04C01_Grn.idat.gz	e75b6c365bfe70e8fc304da20a7ae747
GSM2404174_9407201033_R04C01_Red.idat.gz	0515b64d4c6feb792e681bac9dbc1aa1
GSM2404175_9407201033_R03C01_Grn.idat.gz	8bd4ed8abadc68cb5ae7a355461434a6
GSM2404175_9407201033_R03C01_Red.idat.gz	e6b7982110923fdd583ef395df40dc5b
GSM2404176_9407201033_R05C01_Grn.idat.gz	9db287ffdbaae8639be176e28ce5b98b
GSM2404176_9407201033_R05C01_Red.idat.gz	1c0d4f1754666b48149dfd8ae8cd6b5d
GSM2404177_9407201033_R01C01_Grn.idat.gz	ac5b5b421e762f551f8971bba89e4594
GSM2404177_9407201033_R01C01_Red.idat.gz	b845d5aa542556ea169913aae0596f6e
GSM2404178_9407201032_R04C01_Grn.idat.gz	5f4383894a8944b825c730b9fa18b3a2
GSM2404178_9407201032_R04C01_Red.idat.gz	7956b164fc6f321d18677c95263a675f
GSM2404179_9407201032_R04C02_Grn.idat.gz	4263f38e7d8a5d49ef95313b03fec1cb
GSM2404179_9407201032_R04C02_Red.idat.gz	3e0222b743892db0cdc324e14677dd6a
GSM2404180_9407201032_R02C01_Grn.idat.gz	3cf59f9dc1c00851a9927fcfaec6ec61
GSM2404180_9407201032_R02C01_Red.idat.gz	8fac5a27a67d438f7ce2936a130208ef
GSM2404181_9407201032_R03C01_Grn.idat.gz	0d9c5cf378ca736d78584c5f5b87d356
GSM2404181_9407201032_R03C01_Red.idat.gz	426a227119c969a0aa479141dd546a5a
GSM2404182_9407201032_R01C01_Grn.idat.gz	19b5eae714489fd2999579c562080894
GSM2404182_9407201032_R01C01_Red.idat.gz	acbb0b66c205a35d58e94109acab8434
GSM2404183_9407201032_R05C01_Grn.idat.gz	a9e17fb37ed6dd8e0eb150353d36a1da
GSM2404183_9407201032_R05C01_Red.idat.gz	fcd0978bd4a95e73987406e4b2665140
GSM2404184_9407201032_R06C01_Grn.idat.gz	9cb743351e7e9827ea1260221a1ebd72
GSM2404184_9407201032_R06C01_Red.idat.gz	51f53a19c0a4ef02dd3989517ade780b
GSM2404185_9376538149_R02C01_Grn.idat.gz	e94cce14169b6d5b593fa81a5707d8e4
GSM2404185_9376538149_R02C01_Red.idat.gz	f51a62e8e69899d94acdb0306de18cd5
GSM2404186_9376538149_R03C01_Grn.idat.gz	37bf7445252b7da5c969c7e2814e9cac
GSM2404186_9376538149_R03C01_Red.idat.gz	4ca50b02022e8e9444c72bb593f5be8d
GSM2404187_9376538149_R05C01_Grn.idat.gz	ea1507f421ee89abad11ff3c77b2e53b
GSM2404187_9376538149_R05C01_Red.idat.gz	22407a85b754c0b7d69b819175e92605
GSM2404188_9376538149_R06C01_Grn.idat.gz	826f21e31da00f5901529b5c722c01e6
GSM2404188_9376538149_R06C01_Red.idat.gz	421e93f8f1628d12c85495153e2fa2ae
GSM2404189_9376538149_R03C02_Grn.idat.gz	b7fca9cbd9fd3d1386faec70f6ecdf70
GSM2404189_9376538149_R03C02_Red.idat.gz	1908163faca246fe0a0a8f4822c204fa
GSM2404190_9376538153_R04C01_Grn.idat.gz	7f1bcc2939e78180958fc96023440928
GSM2404190_9376538153_R04C01_Red.idat.gz	840220f8b9a3d5f6d68d026a5a36d587
GSM2404191_9376538153_R06C01_Grn.idat.gz	44e7f2e752a8518cc5053fda3b4353bd
GSM2404191_9376538153_R06C01_Red.idat.gz	7802072e12e68125df2893f4ad6ea238
GSM2404192_9376538153_R01C02_Grn.idat.gz	3961a69a41ba8e033bb74bd3e44f48a4
GSM2404192_9376538153_R01C02_Red.idat.gz	1711be69ab8d71a0618b9bbac806ce8f
GSM2404193_9376538153_R02C02_Grn.idat.gz	f4f6919b2b7100a2128c935075ba7054
GSM2404193_9376538153_R02C02_Red.idat.gz	c8da1863aacea04cfd4e7d616a4c2bee
GSM2404194_9376538153_R03C02_Grn.idat.gz	45a4c81cb31a32186095c4b9d06a57aa
GSM2404194_9376538153_R03C02_Red.idat.gz	fd8c49f02335c8e9746b773f3175e57d
GSM2404195_9376538153_R06C02_Grn.idat.gz	a27e4db19a20fa13f03567e367b42efe
GSM2404195_9376538153_R06C02_Red.idat.gz	c39c86da479f2e4c5750bab82e8596cd
GSM2404196_9376561024_R05C02_Grn.idat.gz	0c57462fc319d6f8dbc87a140d562a4b
GSM2404196_9376561024_R05C02_Red.idat.gz	8b58cd7a3aa822e23875595c476855b9
GSM2404197_9376561024_R06C02_Grn.idat.gz	2c73ea07129f8d43baea98e13e208c03
GSM2404197_9376561024_R06C02_Red.idat.gz	ece90bc701fb2e8b359ad9a9893af76f
GSM2404198_9376561024_R01C01_Grn.idat.gz	6ddae71552dd8368eb5e2e3ad2b8c436
GSM2404198_9376561024_R01C01_Red.idat.gz	86a4d4118c429ef7ed83d2d5d16f549d
GSM2404199_9376561024_R02C01_Grn.idat.gz	d853f0ad15e31173f868bd4bf0ffe95f
GSM2404199_9376561024_R02C01_Red.idat.gz	1e064e030aafdffa71a0ed33fb285a80
GSM2404200_9376561024_R03C01_Grn.idat.gz	14a384ad5f1169d2bbc31b7b96a422c4
GSM2404200_9376561024_R03C01_Red.idat.gz	3624759e81c7330fbe4ec22bfbada4e8
GSM2404201_9376561024_R06C01_Grn.idat.gz	03ba44b80c3410a8dea5d3e068f1f1dd
GSM2404201_9376561024_R06C01_Red.idat.gz	58bea90ec39f7f850d64867d4ba0912a
GSM2404202_9376561024_R01C02_Grn.idat.gz	5c5c7e90512c400ed40e9de1ae470e7e
GSM2404202_9376561024_R01C02_Red.idat.gz	042ea9966fbb07a135e9fa5c42027f1d
GSM2404203_9376561024_R02C02_Grn.idat.gz	1666b86a07d509eb6b9e220010645f32
GSM2404203_9376561024_R02C02_Red.idat.gz	c378c4df185cbdf1fa35afeb194699cd
GSM2404204_9376561042_R03C01_Grn.idat.gz	323692c2b910f630da391514a9565aaa
GSM2404204_9376561042_R03C01_Red.idat.gz	d9a79a3f95a81c7ba16fe9f3c2e2b9a5
GSM2404205_9376561042_R04C01_Grn.idat.gz	935deba936fbff2b595fe091fa775fb9
GSM2404205_9376561042_R04C01_Red.idat.gz	ca3cf27553a5fd4083d7fd5854c391d1
GSM2404206_9379082092_R02C01_Grn.idat.gz	82b7c6cba27dc8ff66c385b8b73054cc
GSM2404206_9379082092_R02C01_Red.idat.gz	637f2d681e37b4447ac3f70f5d46b4fe
GSM2404207_9379082092_R02C02_Grn.idat.gz	e0f9965c905b30f3e5d288577eedaf85
GSM2404207_9379082092_R02C02_Red.idat.gz	18601e786f3eed4430a9dfb4b28b5214
GSM2404208_9379082092_R03C02_Grn.idat.gz	bbde408d27a5de05c03f16e0c2ebec73
GSM2404208_9379082092_R03C02_Red.idat.gz	da02f7951ed6ef06a69c472d7432c685
GSM2404209_9379086163_R05C01_Grn.idat.gz	464b4cfaf17d6d7036c571ca3d04bed6
GSM2404209_9379086163_R05C01_Red.idat.gz	d44ca4ad875e44fdc9140ac69284f5d4
GSM2404210_9379086138_R05C02_Grn.idat.gz	c9bbe5461c8a9289f2eee561cba69e96
GSM2404210_9379086138_R05C02_Red.idat.gz	adf5bf9573d58b402960567b29de8112
GSM2404211_9379086138_R06C02_Grn.idat.gz	fc245b2e07f0f46dfbfb022670d94b6f
GSM2404211_9379086138_R06C02_Red.idat.gz	d9ba5e650bf13b91fe13af28280456b7
GSM2404212_9379086163_R06C01_Grn.idat.gz	0644daa7f596e4b068a92a78da3175a7
GSM2404212_9379086163_R06C01_Red.idat.gz	b1a908e974afbf5348347e3670ab43d6
GSM2404213_9379086166_R06C02_Grn.idat.gz	66f8babfc14e09a9b0003af24859f14b
GSM2404213_9379086166_R06C02_Red.idat.gz	68dcb576f581a54aa18b6991338edea4
GSM2404214_9379086138_R04C01_Grn.idat.gz	8ac3feadfbcdb3d1b3755a060b70b063
GSM2404214_9379086138_R04C01_Red.idat.gz	716ca9db803e03ce946d4671df9e6017
GSM2404215_9379086163_R04C01_Grn.idat.gz	1b4e309a48650226080bd15444d3bcec
GSM2404215_9379086163_R04C01_Red.idat.gz	26924d286b7e688f958011690290574f
GSM2404216_9379086163_R03C02_Grn.idat.gz	5619e40a290c0c1f2147217ddfb3d377
GSM2404216_9379086163_R03C02_Red.idat.gz	78750c03eb983a30cc7f670db9538d55
GSM2404217_9379086163_R04C02_Grn.idat.gz	7850f7554908b7c29fd370ad65f3d05e
GSM2404217_9379086163_R04C02_Red.idat.gz	9a499a46e457a966742834a3bf162a91
GSM2404218_9379086163_R05C02_Grn.idat.gz	cab7daf44142357cb118bdaddf451304
GSM2404218_9379086163_R05C02_Red.idat.gz	22f786953dddb4c656e311f8af35fa31
GSM2404219_9379086167_R06C01_Grn.idat.gz	a1c7565410f5d576dba3a5c887fcba22
GSM2404219_9379086167_R06C01_Red.idat.gz	f0e028a3b7cf1a297d246ed2f01cfac5
GSM2404220_9379086167_R02C02_Grn.idat.gz	7838e0a3289ae50705d5571ad05e0dd8
GSM2404220_9379086167_R02C02_Red.idat.gz	cacbf6b41ff50079bd1bcdf71b61fb69
GSM2404221_9379086167_R05C02_Grn.idat.gz	cc00876395a064bd354266c77118f0c6
GSM2404221_9379086167_R05C02_Red.idat.gz	f251cb6caa26b3d76778d16a8b3a1437
GSM2404222_9406922104_R01C01_Grn.idat.gz	5b9b662d7b573a6cb25e62e02b72a2bf
GSM2404222_9406922104_R01C01_Red.idat.gz	8ba3f47ca75cbf88a1f4a9a96f095c88
GSM2404223_9406922104_R02C01_Grn.idat.gz	64af5fb4465d234e11b6a13a35c0f048
GSM2404223_9406922104_R02C01_Red.idat.gz	82757feba02cfc82637e823ae4dd5a79
GSM2404224_9406922104_R03C01_Grn.idat.gz	495a2e9dcf7f9f8691de7ab854cbb78a
GSM2404224_9406922104_R03C01_Red.idat.gz	cb78e9bbd7d0f267fb5851992a2a7002
GSM2404225_9379086138_R06C01_Grn.idat.gz	5c46489f12a743aa4be4f8215b7939f4
GSM2404225_9379086138_R06C01_Red.idat.gz	b6140f43290483373ac2825b272268e6
GSM2404226_9379086155_R02C02_Grn.idat.gz	2d4681089f86fb30d5668065fbde92af
GSM2404226_9379086155_R02C02_Red.idat.gz	4da2f86cc65e285e1b78974615d5e8c0
GSM2404227_9406922106_R01C02_Grn.idat.gz	0941a895076a89cb026f8061e03a9bde
GSM2404227_9406922106_R01C02_Red.idat.gz	500925cc309986d53469f8f673337a3e
GSM2404228_9406922106_R04C02_Grn.idat.gz	343949b93c277d29cc74d6f1b7b803e8
GSM2404228_9406922106_R04C02_Red.idat.gz	7c061dda777cda1cd974d5a4b5e87049
GSM2404229_9406922107_R01C01_Grn.idat.gz	7b37b82c9a8f5239acfe54baf97fabad
GSM2404229_9406922107_R01C01_Red.idat.gz	0003977a451f7f4f85b18c009e572acb
GSM2404230_9379086164_R06C02_Grn.idat.gz	862263745f7d8a491bb39f89e7aa1ca1
GSM2404230_9379086164_R06C02_Red.idat.gz	ea0ee3a325c860eef30621aa5e8e73ce
GSM2404231_9406922107_R02C01_Grn.idat.gz	8b5f61755b1542d8a90fd63f0478beb4
GSM2404231_9406922107_R02C01_Red.idat.gz	6d6a7fe6f00aa8b91b7ca3a251271822
GSM2404232_9379086138_R03C01_Grn.idat.gz	903d9e5fc41b1f465a20576afd0425cb
GSM2404232_9379086138_R03C01_Red.idat.gz	5743ab51f5850e89af96cc4dfabb7446
GSM2404233_9379086138_R05C01_Grn.idat.gz	8f3c38b84af0502e6074374d1c1b967f
GSM2404233_9379086138_R05C01_Red.idat.gz	f1fc213164396314d4b93225740a72d9
GSM2404234_9406922107_R06C02_Grn.idat.gz	0c15339bc371fefc6dd541afac97eea7
GSM2404234_9406922107_R06C02_Red.idat.gz	80097fe10c888f74233ec7befc7c3847
GSM2404235_9379086138_R04C02_Grn.idat.gz	0bed59aa9c1f38464a44f7a2798e2e9a
GSM2404235_9379086138_R04C02_Red.idat.gz	bcf8ed3a49b7152e88bdbfea6b4a903a
GSM2404236_9379086164_R03C02_Grn.idat.gz	d6630b658651a0fe0b26a0e5b8aa4931
GSM2404236_9379086164_R03C02_Red.idat.gz	ce89926acf083535b07b457f9bc67650
GSM2404237_9379086155_R06C01_Grn.idat.gz	dace3537bb94ae4983a1067b78c3c8cb
GSM2404237_9379086155_R06C01_Red.idat.gz	1c74ad3a85ce76cc0d52c5df412531ee
GSM2404238_9406922108_R06C01_Grn.idat.gz	29477f9452e538300197293a068ca3b4
GSM2404238_9406922108_R06C01_Red.idat.gz	7484cab4139cdbb1520c33d801aba00d
GSM2404239_9406921149_R04C01_Grn.idat.gz	85caba545ccf06c295e5280f45ac9f4e
GSM2404239_9406921149_R04C01_Red.idat.gz	b3deb7dcc35074317a6b374fde1e7441
GSM2404240_9406921038_R03C01_Grn.idat.gz	60034dc4345dff46bf0213c1a6da5f88
GSM2404240_9406921038_R03C01_Red.idat.gz	de950bf7784aa694e02a168346d9f3d1
GSM2404241_9406921038_R04C01_Grn.idat.gz	bdb79fcb33ca27704cb41cfb3c14f7c5
GSM2404241_9406921038_R04C01_Red.idat.gz	db6b7e2b0bd3637047f9be14d0dcfd62
GSM2404242_9406921038_R06C01_Grn.idat.gz	ac121af5a6bb54cd41f06ed83e8f8476
GSM2404242_9406921038_R06C01_Red.idat.gz	9d3d480c163cdb8a75eeafcee278b524
GSM2404243_9406921038_R01C02_Grn.idat.gz	f51e06ab9957aa6bf53bb3bf34dda064
GSM2404243_9406921038_R01C02_Red.idat.gz	e2f7f67ba1a00afa35d10d446393d740
GSM2404244_9406921149_R06C01_Grn.idat.gz	7cab1ed9f36d2942e719d85f06ea13a1
GSM2404244_9406921149_R06C01_Red.idat.gz	47e3b8b3ce55829ae741b9b698879eb0
GSM2404245_9406921149_R01C02_Grn.idat.gz	96459aa22e32df49f9e5e14ce664918b
GSM2404245_9406921149_R01C02_Red.idat.gz	02125af9827cfd5a5904ba59e4cd1963
GSM2404246_9406921149_R02C02_Grn.idat.gz	638b390c8a03e2159eca52ff425d4bd9
GSM2404246_9406921149_R02C02_Red.idat.gz	23ee6a89a19634351d409a1b56a5936c
GSM2404247_9406921149_R03C02_Grn.idat.gz	a6f84a7e4a576867734cf3d6cc6bef32
GSM2404247_9406921149_R03C02_Red.idat.gz	cfe1b9492903e1fb68d91b8dd144acbb
GSM2404248_9406921149_R05C02_Grn.idat.gz	b7ee472c7558b594bd67405dfda5f3ea
GSM2404248_9406921149_R05C02_Red.idat.gz	00368b017c459492c3d0461290233d0e
GSM2404249_9406921038_R02C02_Grn.idat.gz	efc42038ba73ba3d2f79bd1516e27fdd
GSM2404249_9406921038_R02C02_Red.idat.gz	525ab962739fcc6682b7d8abfc6cf76b
GSM2404250_9406921038_R04C02_Grn.idat.gz	cb5bd3ee94289bb3d033430df4d63ff1
GSM2404250_9406921038_R04C02_Red.idat.gz	dbe1d8bc08ce2f6f8951fb1dc82f966d
GSM2404251_9406921038_R05C02_Grn.idat.gz	d89957700bb36ea435592ba061c00fb6
GSM2404251_9406921038_R05C02_Red.idat.gz	0add42943a8c0d78ca444d8113b509d6
GSM2404252_9406921038_R06C02_Grn.idat.gz	559128e49e0a1b3f6290495158dc4fc6
GSM2404252_9406921038_R06C02_Red.idat.gz	a86c60e2495054b67cbef3abe4632fda
GSM2404253_9406921039_R01C01_Grn.idat.gz	5b418f359cdf4ae66d431e8de30ec2a3
GSM2404253_9406921039_R01C01_Red.idat.gz	e17d5aa6c5255ed31295cd4db6bc88a9
GSM2404254_9406921039_R02C01_Grn.idat.gz	73657719ac8e68e216c1ca708b2e3e79
GSM2404254_9406921039_R02C01_Red.idat.gz	55c4369a0a660fbde4108c104b043449
GSM2404255_9406921039_R04C01_Grn.idat.gz	20566abc6e0e4254e36734af1462d922
GSM2404255_9406921039_R04C01_Red.idat.gz	15193a81baf49fb34aefde4c6e29eb2d
GSM2404256_9406921039_R06C01_Grn.idat.gz	e7ba41ab0caaf70f746e33e40e7bcf79
GSM2404256_9406921039_R06C01_Red.idat.gz	23b4f6d5a86786dcd36e2bb7ea992278
GSM2404257_9406921039_R04C02_Grn.idat.gz	33e538dee6db8b394364db69cb5c8290
GSM2404257_9406921039_R04C02_Red.idat.gz	e7254dde7cc512afddfcce0197aefb36
GSM2404258_9406921148_R06C01_Grn.idat.gz	d0baab78bf4d4907ebc34dbf9a9bae80
GSM2404258_9406921148_R06C01_Red.idat.gz	861bcc65980dd36605e44bec5ff4c466
GSM2404259_9406921148_R01C02_Grn.idat.gz	67fb140387c414ce335569276afd39ca
GSM2404259_9406921148_R01C02_Red.idat.gz	57f6af2ae830ae758302c45de7f0ab66
GSM2404260_9406921148_R02C02_Grn.idat.gz	0d2a160e714f80fe2a462f53051c62b6
GSM2404260_9406921148_R02C02_Red.idat.gz	48e5223ab0b83c2296dcb7532e8d68a6
GSM2404261_9406921148_R03C02_Grn.idat.gz	4acf4c94515ebf9c917bbfeef46c413c
GSM2404261_9406921148_R03C02_Red.idat.gz	4ff51d795f1c9a40476698094b6c43c5
GSM2404262_9406921148_R04C02_Grn.idat.gz	d7d3434451ac91b0d6da82edef3d0827
GSM2404262_9406921148_R04C02_Red.idat.gz	5f9888f6f54301aefa03c0ae49d34508
GSM2404263_9406921148_R05C02_Grn.idat.gz	05792b3eeb8e9cc0aa56d6b4343f93af
GSM2404263_9406921148_R05C02_Red.idat.gz	22928d026e3f92650d3c8b5bbe38cf2a
GSM2404264_9406921149_R02C01_Grn.idat.gz	6dab2422b6ecbfb566e8d2a297bf50e8
GSM2404264_9406921149_R02C01_Red.idat.gz	dd873fab37d86e88a0bb80a24c014f85
GSM2404265_9379086095_R06C02_Grn.idat.gz	c1651c4ff7f44979a9cb7be03f17f2bf
GSM2404265_9379086095_R06C02_Red.idat.gz	fd4782661fe9f8ae6590abf88d850448
GSM2404266_9379086088_R06C02_Grn.idat.gz	b50062d87f8ba91f4c82761652eda604
GSM2404266_9379086088_R06C02_Red.idat.gz	a5772d1b4d4ffb672965ba93cd4a2859
GSM2404267_9379086095_R04C02_Grn.idat.gz	e4aa95ee383fcdff50e9a0193a28925f
GSM2404267_9379086095_R04C02_Red.idat.gz	af0c00f9077248882c97661ec9a97050
GSM2404268_9379086089_R06C01_Grn.idat.gz	f230f5ab27a54a051c9201b7b6a4751e
GSM2404268_9379086089_R06C01_Red.idat.gz	4d5572a1ef536ac263b3c658794fb0c8
GSM2404269_9379086089_R05C02_Grn.idat.gz	221f4001f61eb0b47a39fb28da85e629
GSM2404269_9379086089_R05C02_Red.idat.gz	6ca3114b0bd9dfc559ad9c3c8e9c3159
GSM2404270_9379086095_R02C02_Grn.idat.gz	1b0a82668af8e98e3c0537c0998c6bdb
GSM2404270_9379086095_R02C02_Red.idat.gz	b6fe0f42d22e4acfec1e64f9900395ec
GSM2404271_9379086089_R02C01_Grn.idat.gz	64666e384709c4f8aeb07584fa43e300
GSM2404271_9379086089_R02C01_Red.idat.gz	d53d1273b7641151cb9255e2aec6bdd5
GSM2404272_9422491130_R01C01_Grn.idat.gz	ff923cd153ebecd5034cbebfa1fe556e
GSM2404272_9422491130_R01C01_Red.idat.gz	5b252183b1c63e1f9b3ddc3136d36e3f
GSM2404273_9422491130_R02C01_Grn.idat.gz	08ee7041f6329db08a601b910be3add4
GSM2404273_9422491130_R02C01_Red.idat.gz	1568510c6276888fa155dc455f154642
GSM2404274_9422491130_R02C02_Grn.idat.gz	bd7bcb6e15f4806a9d54b3c552d5094f
GSM2404274_9422491130_R02C02_Red.idat.gz	cff0ed927370c3c910ef52359a3eced6
GSM2404275_9422491130_R03C02_Grn.idat.gz	5e2e2829f2be06238a83788581ed23ab
GSM2404275_9422491130_R03C02_Red.idat.gz	d78b302ab38973ff4e34d211d6e69df9
GSM2404276_9422491130_R04C02_Grn.idat.gz	a04d1bbf1ceb12850847cdc8f54524d3
GSM2404276_9422491130_R04C02_Red.idat.gz	e3e25afe6dae3cb70dfbf293e682c05b
GSM2404277_9422491130_R06C02_Grn.idat.gz	aef89b05e8a7e1f446496d42909b519e
GSM2404277_9422491130_R06C02_Red.idat.gz	a278322f0db09715614aa18599066936
GSM2404278_9422491056_R04C01_Grn.idat.gz	7ea1555ba9451b3af008b360f28d20dc
GSM2404278_9422491056_R04C01_Red.idat.gz	deeb680d7e77aa4ecb4c431279e186f6
GSM2404279_9422491056_R05C01_Grn.idat.gz	4cba787a66fe7cae65a33f0fe085301a
GSM2404279_9422491056_R05C01_Red.idat.gz	f04c8bc08f49db7a7757e1b19e5713cf
GSM2404280_9422491056_R01C02_Grn.idat.gz	99d0e9da2ba75a5a184d4df647aacceb
GSM2404280_9422491056_R01C02_Red.idat.gz	a8c4147b8f038c366403dcf446b28b67
GSM2404281_9422491056_R03C02_Grn.idat.gz	a1e93bd2a8b29b177a06d959c7276c56
GSM2404281_9422491056_R03C02_Red.idat.gz	8ac4170a3d6af06f55f11dcd362d54fb
GSM2404282_9422491056_R05C02_Grn.idat.gz	91f6efa4d66a734b54218c3e9d17c31c
GSM2404282_9422491056_R05C02_Red.idat.gz	acc176ba9ff075a87a7c2d3e418502f3
GSM2404283_9422491056_R01C01_Grn.idat.gz	60016761d7515448acc06123a0ffbf59
GSM2404283_9422491056_R01C01_Red.idat.gz	23629c425b9dd9d2dc30a962aa7b2056
GSM2404284_9422491130_R01C02_Grn.idat.gz	ac6f5023523a0bf0a49839e6643b0432
GSM2404284_9422491130_R01C02_Red.idat.gz	cef0feaf8242d6a482e2c674dbc62c92
GSM2404285_9379086120_R01C01_Grn.idat.gz	a74063fcf4d2b0386456ae35bc39f1a0
GSM2404285_9379086120_R01C01_Red.idat.gz	7a71aca8c989eca91ce7db7f63c7ff75
GSM2404286_9407201028_R04C01_Grn.idat.gz	fea5e73873f6e0dfebf46ca9166bf120
GSM2404286_9407201028_R04C01_Red.idat.gz	7ba5109bba7d3fbb9cbfdf881f3166df
GSM2404287_9407201028_R01C02_Grn.idat.gz	7fa5a31596fd412417fdcb101075492d
GSM2404287_9407201028_R01C02_Red.idat.gz	07e907265cee178552a464d4c4d217d0
GSM2404288_9407201027_R02C01_Grn.idat.gz	338a4ea53eba28b1019bc157ff1d8891
GSM2404288_9407201027_R02C01_Red.idat.gz	76b4516a3f1f886de1928a86a23e24ff
GSM2404289_9407201027_R03C01_Grn.idat.gz	16f9e2f361f60f46b531ef64f2d07b25
GSM2404289_9407201027_R03C01_Red.idat.gz	95ce3f1807f5973ef67e0f847d1d8a24
GSM2404290_9407201027_R04C01_Grn.idat.gz	394b5ebabb8123c8122c4b447037281f
GSM2404290_9407201027_R04C01_Red.idat.gz	7a2c551da62f9aff8c505c27bf194aa1
GSM2404291_9407201027_R05C01_Grn.idat.gz	92a8f8733027f503fe5b26fbab1848c9
GSM2404291_9407201027_R05C01_Red.idat.gz	1c2662e7ef8f01963e900014cf1e6880
GSM2404292_9407201027_R06C01_Grn.idat.gz	fedc4e5926a8c4f4baf8ab8e722eabc7
GSM2404292_9407201027_R06C01_Red.idat.gz	5d263d7ca585202d26cb096b650c418e
GSM2404293_9407201028_R02C02_Grn.idat.gz	4321bde95478893a1455aaf91506bff6
GSM2404293_9407201028_R02C02_Red.idat.gz	3e78e2ef09b8febd7232d0db62cf3fa6
GSM2404294_9407201028_R06C02_Grn.idat.gz	1371f7d0841e2d5a357c8a1e72a70fe3
GSM2404294_9407201028_R06C02_Red.idat.gz	21181e26dbba5735472ee70b12832a17
GSM2404295_9407201029_R02C01_Grn.idat.gz	2cf8f37b7df4507c5baa6bd6ff543a42
GSM2404295_9407201029_R02C01_Red.idat.gz	fd170d7b463f8318b26e000204905a30
GSM2404296_9407201029_R03C01_Grn.idat.gz	3424c81118c377da02b543f82c04f455
GSM2404296_9407201029_R03C01_Red.idat.gz	2cc61b12cd521f7a0902905035dd9bbb
GSM2404297_9407201029_R04C01_Grn.idat.gz	bb36d400865a5f8abb650e4b8a1d44c6
GSM2404297_9407201029_R04C01_Red.idat.gz	80fe4854d9d5edcf8a9a64e4ec35ffe5
GSM2404298_9407201029_R06C01_Grn.idat.gz	8bda896bd0f7b28f82e51eae74677497
GSM2404298_9407201029_R06C01_Red.idat.gz	ef2f34e2876aed29ce5b22e6b704d433
GSM2404299_9407201029_R01C02_Grn.idat.gz	4930af273dfc76877dd9f9514e800369
GSM2404299_9407201029_R01C02_Red.idat.gz	574fe2504d35a15fa16b429d9722061e
GSM2404300_9407201029_R06C02_Grn.idat.gz	c63134db0b4c07c899f45263e6cc8ec9
GSM2404300_9407201029_R06C02_Red.idat.gz	4c9cb96d014f289d348fef56e015819e
GSM2404301_9407201030_R03C01_Grn.idat.gz	a36275e0515f9334e3e30dcbac83ce42
GSM2404301_9407201030_R03C01_Red.idat.gz	30ec9f9bdc88cccccabce1dff6b5f5c5
GSM2404302_9407201030_R01C02_Grn.idat.gz	9063de829ca63301d61b8408ac14b2f1
GSM2404302_9407201030_R01C02_Red.idat.gz	868f31304b2ce4478c0dee64dee93baa
GSM2404303_9407201030_R02C02_Grn.idat.gz	8f1144e95d1a242c3dec526a2a4bde52
GSM2404303_9407201030_R02C02_Red.idat.gz	9a476ace2cd4392f2d0fd202d911542f
GSM2404304_9407201030_R04C02_Grn.idat.gz	a6c9e4a01a21f45cde578619f83d6038
GSM2404304_9407201030_R04C02_Red.idat.gz	bd1586dfb3aec83a318e3f8a05c3d203
GSM2404305_9407201030_R05C02_Grn.idat.gz	fc52e0a3d843dae7c46b98838aa14995
GSM2404305_9407201030_R05C02_Red.idat.gz	7c957f5bb524baaecb71b864ddd20d18
GSM2404306_9407201030_R06C02_Grn.idat.gz	dc2152884ede39d3dc603404820137c5
GSM2404306_9407201030_R06C02_Red.idat.gz	faeef0a0d7055962f2150ba3f69d80ad
GSM2404307_9407201029_R05C01_Grn.idat.gz	1c02005b6c0bb51675d3c132a8bdb18b
GSM2404307_9407201029_R05C01_Red.idat.gz	f6de5f8ff9ac213000feb35959666f0b
GSM2404308_9403904125_R04C01_Grn.idat.gz	4e19adc56d930499c801663d3dd1aa43
GSM2404308_9403904125_R04C01_Red.idat.gz	c99ec7991a1e13d34cec02cddf862e2b
GSM2404309_9403904111_R06C02_Grn.idat.gz	7bd7dbd956727397bdbe70edb58dd48b
GSM2404309_9403904111_R06C02_Red.idat.gz	bbab5c9592381f5dfb3ed24d46f02ac1
GSM2404310_9403904071_R03C02_Grn.idat.gz	84aa9b84e022d982bb704e2b24a2db49
GSM2404310_9403904071_R03C02_Red.idat.gz	8882db074cc401456f339acbe4af8e71
GSM2404311_9403904111_R04C02_Grn.idat.gz	cd089bcbc64d61b26455868fa24702de
GSM2404311_9403904111_R04C02_Red.idat.gz	213ffa7a487b623db7d7dd390f0dc132
GSM2404312_9403904109_R03C02_Grn.idat.gz	782b9a02aea3de6c591047cbfe2b55bd
GSM2404312_9403904109_R03C02_Red.idat.gz	44971478b5d39c16abebabca9ea4fcd3
GSM2404313_9403904111_R01C02_Grn.idat.gz	1fcbab842252bf539c7881b64a63de81
GSM2404313_9403904111_R01C02_Red.idat.gz	f503c9ef7293d33b1d64adb08cd49f90
GSM2404314_9403904125_R02C01_Grn.idat.gz	bd2db111f6d224a76bb13f623ec50b16
GSM2404314_9403904125_R02C01_Red.idat.gz	cbca79effff0d6b1812b7ea342bb6162
GSM2404315_9403904071_R03C01_Grn.idat.gz	192ebe23bea1c8b79014708381334ba0
GSM2404315_9403904071_R03C01_Red.idat.gz	4c5d8955a7ae6d8704c1402e63154a60
GSM2404316_9403904109_R05C02_Grn.idat.gz	51681d3ad17e29008e90932474af0ec7
GSM2404316_9403904109_R05C02_Red.idat.gz	a0e4a67eecdf4d19da5488cea07ca532
GSM2404317_9422492026_R05C01_Grn.idat.gz	743282eb7e371ec086e2723584c3e254
GSM2404317_9422492026_R05C01_Red.idat.gz	77d883c799d3d3ded8e26d81c8884779
GSM2404318_9422492074_R01C02_Grn.idat.gz	4a4b53e9c1589da875e8adb9b9766f49
GSM2404318_9422492074_R01C02_Red.idat.gz	a9459cdb1dbe7e29456f6dcc93188fe9
GSM2404319_9422492026_R03C02_Grn.idat.gz	c30677348350a130e276e70c8fcd5287
GSM2404319_9422492026_R03C02_Red.idat.gz	0cac7570a538a8ff4be8d58b2f12c28d
GSM2404320_9422492035_R03C01_Grn.idat.gz	9d8c904e8e4328f967a047724c4d02b3
GSM2404320_9422492035_R03C01_Red.idat.gz	29e36cf74feb699df4ba1c3c6b327e7f
GSM2404321_9422492074_R01C01_Grn.idat.gz	991c5780b0f8c913711d2d46f1d5cc3e
GSM2404321_9422492074_R01C01_Red.idat.gz	930e0f250b77b6928f7235d84ee803f3
GSM2404322_9422492035_R05C01_Grn.idat.gz	bef55097825252c59aa0b95e3f67e7ac
GSM2404322_9422492035_R05C01_Red.idat.gz	5abdad9e3859c89812b7de3a0f3257a3
GSM2404323_9422492035_R03C02_Grn.idat.gz	3f7926eceb0efa93f4165a38321da586
GSM2404323_9422492035_R03C02_Red.idat.gz	b05cab7986078c4ce1a0946024c8ba82
GSM2404324_9422492075_R03C01_Grn.idat.gz	5379e5cc777b320e8fdd9f2ce94b6fce
GSM2404324_9422492075_R03C01_Red.idat.gz	f486009b7d9e6959a5a12e5eb55f418f
GSM2404325_9422492026_R04C02_Grn.idat.gz	576b06e4650b6c873ddd12f9758f9d7f
GSM2404325_9422492026_R04C02_Red.idat.gz	6df4c36b1a949c1e128afc286eee7bc4
GSM2404326_9422492035_R01C01_Grn.idat.gz	eadc382b81b441675dc0f0d2de0b073d
GSM2404326_9422492035_R01C01_Red.idat.gz	6954f97ced351f738ab0252fcff91bd6
GSM2404327_9422492075_R04C01_Grn.idat.gz	fff66c58ef2f38a5715bf6a7aa6752b1
GSM2404327_9422492075_R04C01_Red.idat.gz	e4cf2229684b46840df2136bb80b12ab
GSM2404328_9422492035_R01C02_Grn.idat.gz	771ab06abec6425b13e5142c9bb2c345
GSM2404328_9422492035_R01C02_Red.idat.gz	9b967ce7e9c108df9d477d82034f1718
GSM2404329_9422492075_R03C02_Grn.idat.gz	81cea11bfab1a7073b5b8a2d475236b1
GSM2404329_9422492075_R03C02_Red.idat.gz	036290471e3215bd6df46b45fb4b3918
GSM2404330_9422492026_R06C02_Grn.idat.gz	b62ab44607fd4f2020919b2f7e5cc19b
GSM2404330_9422492026_R06C02_Red.idat.gz	b9087717ed8a13879f5594855cf9227c
GSM2404331_9422492035_R04C01_Grn.idat.gz	83e06307ebe0775b296f6a3f15dad85f
GSM2404331_9422492035_R04C01_Red.idat.gz	05b54820a36c63b3e0a6048153f00fd3
GSM2404332_9422492074_R05C02_Grn.idat.gz	6bdb9fd4b68f6c9144d60e2665107777
GSM2404332_9422492074_R05C02_Red.idat.gz	ce34fe3b04673a8f45b5737213b30342
GSM2404333_9422492035_R06C01_Grn.idat.gz	038e453d80c0bad64e970bc89b0b1ef0
GSM2404333_9422492035_R06C01_Red.idat.gz	6b9fe9361b1846d937d05f73e9e994b7
GSM2404334_9422492075_R06C02_Grn.idat.gz	f4e35bf5ff308002f0712c8eeb733ad9
GSM2404334_9422492075_R06C02_Red.idat.gz	edf5dbb8ec58c22101cb3d7e0e945600
GSM2404335_9422492075_R01C01_Grn.idat.gz	f6b458965fa5ff51090a22857ee958b6
GSM2404335_9422492075_R01C01_Red.idat.gz	634dada99a8cf72df2556801acae0538
GSM2404336_9422492035_R06C02_Grn.idat.gz	5177a0567a19388981e9a42e787c0539
GSM2404336_9422492035_R06C02_Red.idat.gz	7387a0e4f5b24837301d105ee8a5edbc
GSM2404337_9422492035_R02C01_Grn.idat.gz	c1765a032c37bc1f43198d711d34e322
GSM2404337_9422492035_R02C01_Red.idat.gz	d5a401e7c87e458d1ee7403acf5e31ce
GSM2404338_9422492035_R02C02_Grn.idat.gz	56c3be4e2e6f5c1e7a3dd5bbdf9cb6ea
GSM2404338_9422492035_R02C02_Red.idat.gz	76f345ff7280f5b2309f22ff4ea636a0
GSM2404339_9422492075_R06C01_Grn.idat.gz	d45a02505dc5fb3584a45b23fea4e0db
GSM2404339_9422492075_R06C01_Red.idat.gz	e0d0ce6dbd5e88285842b4c64e6038f7
GSM2404340_9422492075_R01C02_Grn.idat.gz	1456f77dc2387de0a8171501a19d4706
GSM2404340_9422492075_R01C02_Red.idat.gz	a11c79170862c5864232fc9069cf370e
GSM2404341_9422492026_R02C02_Grn.idat.gz	4e617bd7d91a3fb6bdda69f1c82a1921
GSM2404341_9422492026_R02C02_Red.idat.gz	1ea1b27cf1c99aea679b8b8a537e464f
GSM2404342_9407210003_R03C01_Grn.idat.gz	49cf290321630c1afeb334c356ec55f0
GSM2404342_9407210003_R03C01_Red.idat.gz	936a32f335b38a45b6da76c931994842
GSM2404343_9407210003_R05C01_Grn.idat.gz	3d082ac1bb9840410d4e6c9e8a59d53d
GSM2404343_9407210003_R05C01_Red.idat.gz	c7b32c51f4e7c4c5f33c6d12c6287c47
GSM2404344_9407210003_R06C01_Grn.idat.gz	1e518b5816341a5ab3b0cd02b282a9d4
GSM2404344_9407210003_R06C01_Red.idat.gz	ed4a249b357ad4eaafc95a740e29f3e6
GSM2404345_9407210003_R02C02_Grn.idat.gz	8e746b2ade1d920c357b9ab578b6801a
GSM2404345_9407210003_R02C02_Red.idat.gz	9e58f07e356fdd3314c4d2de1060fc95
GSM2404346_9407210003_R03C02_Grn.idat.gz	747a00ca5916736efc5914320eba9346
GSM2404346_9407210003_R03C02_Red.idat.gz	653351aeee4663a37b4a088f5e19fa62
GSM2404347_9407210003_R04C02_Grn.idat.gz	2307dc3e94c7921adaba0d1035537008
GSM2404347_9407210003_R04C02_Red.idat.gz	6c8ee09416230851c33d647b0b49c969
GSM2404348_9407210003_R05C02_Grn.idat.gz	40499f84d229f2e814345cdd38821f0a
GSM2404348_9407210003_R05C02_Red.idat.gz	49e381936ec853c317515dc1b8456922
GSM2404349_9407210003_R06C02_Grn.idat.gz	f003d55d9346c09704959b7aa7e69b2b
GSM2404349_9407210003_R06C02_Red.idat.gz	824b577bb103b327f48a2a512fd442f3
GSM2404350_9407210069_R01C01_Grn.idat.gz	3280291696f3e8cc25387716e62802eb
GSM2404350_9407210069_R01C01_Red.idat.gz	2b097a487d0382181961004dff1fa4c7
GSM2404351_9407210069_R02C01_Grn.idat.gz	52d104f331707f40e0d79c885a2f8293
GSM2404351_9407210069_R02C01_Red.idat.gz	ce7f7ed762ea0551b15efcf2df0bd720
GSM2404352_9407210069_R03C01_Grn.idat.gz	62033a8f0ce15f543f4097171e22ede6
GSM2404352_9407210069_R03C01_Red.idat.gz	1eb30f8f2d7a41bd9e3bc51bbcf6a30d
GSM2404353_9407210069_R04C01_Grn.idat.gz	ceeecb5461ec3bc0d4e02ef810c41876
GSM2404353_9407210069_R04C01_Red.idat.gz	c50cf4aa37fe8253baab9e6f5cc25209
GSM2404354_9407210069_R05C01_Grn.idat.gz	35c40a77312c87991d2d60ad73be5b71
GSM2404354_9407210069_R05C01_Red.idat.gz	1cc155a525f98c016dbb29983923b74e
GSM2404355_9407210069_R06C01_Grn.idat.gz	1ec6bacf16c3c799a796c73864d010c6
GSM2404355_9407210069_R06C01_Red.idat.gz	f09aa887ae230ba4875bc21367861799
GSM2404356_9407210069_R01C02_Grn.idat.gz	ec2ca835058810461fc57c2bd958c0a8
GSM2404356_9407210069_R01C02_Red.idat.gz	4a57a180f76f633f58b29e15c54f3823
GSM2404357_9407210069_R02C02_Grn.idat.gz	68ca011d9d43f7710f0868736f8a2c8f
GSM2404357_9407210069_R02C02_Red.idat.gz	411b6612e8b3629b5caf38beb22ad4fc
GSM2404358_9407210069_R03C02_Grn.idat.gz	f16276a0eb963ce669f3a46277ddb2c3
GSM2404358_9407210069_R03C02_Red.idat.gz	245ad87335b6178e71187f28d326f2f6
GSM2404359_9407210069_R04C02_Grn.idat.gz	594d8e0ccd7642229c47691d7b2575d9
GSM2404359_9407210069_R04C02_Red.idat.gz	2f508ac07b3abeb258ff3e83d4f4c839
GSM2404360_9407210069_R05C02_Grn.idat.gz	d29a71adb9c7b285e051a802bd44e6b9
GSM2404360_9407210069_R05C02_Red.idat.gz	73acac0327c51c6a782c9bc211d7a44c
GSM2404361_9407210069_R06C02_Grn.idat.gz	fdab4f27327964000494fb3ffe754168
GSM2404361_9407210069_R06C02_Red.idat.gz	5b83178d0df8d30dc53caef388ccee31
GSM2404362_9407210090_R02C01_Grn.idat.gz	2fc7b8eaf0564ba9bde77bc064b62991
GSM2404362_9407210090_R02C01_Red.idat.gz	f3bafde2ae1106c319b53211a83f40f7
GSM2404363_9407210090_R04C01_Grn.idat.gz	22b38b44159f0b8c4c1d9177c8db1f38
GSM2404363_9407210090_R04C01_Red.idat.gz	73b6e5bffdc101131f9d8e2402818e0a
GSM2404364_9407210090_R05C01_Grn.idat.gz	97644758d9234426ac5497476d9dc2e3
GSM2404364_9407210090_R05C01_Red.idat.gz	62edb56ebb17464cf92fc037390344ca
GSM2404365_9407210090_R06C01_Grn.idat.gz	1934a1e6f0b2093cb17d1773b3f00a74
GSM2404365_9407210090_R06C01_Red.idat.gz	181b4bc264b954d0f8721d3d6384c87c
GSM2404366_9407210090_R01C02_Grn.idat.gz	5037d3fe56feeefc09abb761b222b7b6
GSM2404366_9407210090_R01C02_Red.idat.gz	27dada32d59dfbd8eb471fd1fc3eac4c
GSM2404367_9407210090_R02C02_Grn.idat.gz	36beb073a187392d13c8624dd3aa6e24
GSM2404367_9407210090_R02C02_Red.idat.gz	2ef00205b35c328602f423660f9617b0
GSM2404368_9407210090_R04C02_Grn.idat.gz	bf66c8ea45b6dca8f226d4ad04c09ff2
GSM2404368_9407210090_R04C02_Red.idat.gz	d1a2e9ebcf09a3705f9a6b764eb50222
GSM2404369_9422493146_R01C02_Grn.idat.gz	9976d2d55feedc9a955ba0a2b8a7c4a3
GSM2404369_9422493146_R01C02_Red.idat.gz	3798ab4d1b3c7942bea514ce2c912eac
GSM2404370_9422493146_R02C02_Grn.idat.gz	470f3e97d6c22ba28593741b78299e13
GSM2404370_9422493146_R02C02_Red.idat.gz	281527e9c91c27611638e32fc2b0a682
GSM2404371_9422493146_R03C02_Grn.idat.gz	51b264ad28addeffd58c61bf36751361
GSM2404371_9422493146_R03C02_Red.idat.gz	85540b209c2f3c173eac979aefffb7a9
GSM2404372_9422493146_R04C02_Grn.idat.gz	bf863df46f1878a5a7d5022f3e0b1bc8
GSM2404372_9422493146_R04C02_Red.idat.gz	98a2512839b5678459ba6bf2b4b4c079
GSM2404373_9422493146_R05C02_Grn.idat.gz	d5818cd59fe2fe16c68cac263242ade3
GSM2404373_9422493146_R05C02_Red.idat.gz	16a0470d93f0e6cdbf326e5825a27c04
GSM2404374_9422493146_R06C02_Grn.idat.gz	b977e1679df6315bcc3918be83560917
GSM2404374_9422493146_R06C02_Red.idat.gz	36195080266e1d2e35feffbaaa48d15f
GSM2404375_9422493151_R04C01_Grn.idat.gz	86e6631e6fba33e5e980752f86dc77b7
GSM2404375_9422493151_R04C01_Red.idat.gz	dcc5d90876bf84622be17d2eba61106e
GSM2404376_9422493151_R01C02_Grn.idat.gz	ecdfaf6edf1dcd9bd2ea4928ff85d9cd
GSM2404376_9422493151_R01C02_Red.idat.gz	78af4fad3317f2ecfb35251ef76a84ed
GSM2404377_9422493151_R02C02_Grn.idat.gz	14e4d038517ca49b1c1e1e4633227326
GSM2404377_9422493151_R02C02_Red.idat.gz	7920117de6b91ca2f350fddb4e3568e7
GSM2404378_9422493151_R03C02_Grn.idat.gz	01a6d5d67a297f2f219de9f31728a7ec
GSM2404378_9422493151_R03C02_Red.idat.gz	bf765685e4f77724aa9796e7fa11a8ea
GSM2404379_9422493151_R06C02_Grn.idat.gz	3c2fdd8cde4ccd07e5e8a55e57f3e6e3
GSM2404379_9422493151_R06C02_Red.idat.gz	6a9cdd9235d9ab7afdcb26f8e166e575
GSM2404380_9426020065_R03C02_Grn.idat.gz	a2fa844d45634448ba3a46053f13a95f
GSM2404380_9426020065_R03C02_Red.idat.gz	1413ffeac7cd55c9c8ada7f3cd860884
GSM2404381_9426020065_R04C02_Grn.idat.gz	f86a2305bbe8096710475df40e2bab23
GSM2404381_9426020065_R04C02_Red.idat.gz	0effbec99cb8fb31a2bd8dbb6c3e3cd5
GSM2404382_9426020065_R05C02_Grn.idat.gz	2292ae0b488591e48db18f6718e82a64
GSM2404382_9426020065_R05C02_Red.idat.gz	68fc98025535bd30821377439e61245e
GSM2404383_9426020065_R06C02_Grn.idat.gz	d8cf81d0ccf8314dfac5e7886a1581b6
GSM2404383_9426020065_R06C02_Red.idat.gz	158d8c63adbcfe92f186af6cd55119f0
GSM2404384_9422493152_R02C01_Grn.idat.gz	9772135e12a110318eb280096cc05faa
GSM2404384_9422493152_R02C01_Red.idat.gz	a71f644324eceb75ca7473c7d5aaa246
GSM2404385_9422493152_R03C01_Grn.idat.gz	9e3aa8f6de0fb1cf378dde48834d5be6
GSM2404385_9422493152_R03C01_Red.idat.gz	28dfb903563cd001af01323b3f84d133
GSM2404386_9422493152_R04C01_Grn.idat.gz	9cb33c83a39b4d31e9a39a541e0c6779
GSM2404386_9422493152_R04C01_Red.idat.gz	4f2a0a7662a8744832681611604ea069
GSM2404387_9426020061_R02C01_Grn.idat.gz	5bbfed23234b22c84abab91a4a8debb2
GSM2404387_9426020061_R02C01_Red.idat.gz	d787e5ae2d31c1ebf0b59a9b25de5178
GSM2404388_9426020061_R06C02_Grn.idat.gz	90aeeb8d8ac0376b3c88b6de108be566
GSM2404388_9426020061_R06C02_Red.idat.gz	3389848ffee7ae39f195af258977d25a
GSM2404389_9426020064_R01C01_Grn.idat.gz	63b37e606bfaff0e337f903c5ede275a
GSM2404389_9426020064_R01C01_Red.idat.gz	e79409f783092e5b593a1bb9898c5cb7
GSM2404390_9422493133_R06C02_Grn.idat.gz	f6c2090b7b7cd9b61657648628d1b680
GSM2404390_9422493133_R06C02_Red.idat.gz	02a5c8bf89d60beba2d6952a41c7b3ac
GSM2404391_9426020065_R05C01_Grn.idat.gz	e8cc594b0bf36c5ae5000b35ad89a027
GSM2404391_9426020065_R05C01_Red.idat.gz	2e46afdd6e76a8f59b373b543dc30cf1
GSM2404392_9426020064_R04C01_Grn.idat.gz	d5744d666ef485da553ceeae277cfe67
GSM2404392_9426020064_R04C01_Red.idat.gz	2036fb2a422ced150c04a3c7a68729b7
GSM2404393_9426020064_R05C01_Grn.idat.gz	c20ec89500908c721ad97f6eaadfd855
GSM2404393_9426020064_R05C01_Red.idat.gz	78d088f6a1da2da10317482ee8c05871
GSM2404394_9426020064_R06C01_Grn.idat.gz	fa3ac08a50f045dcd5c58dd7d6035888
GSM2404394_9426020064_R06C01_Red.idat.gz	e43e44346bebdc873184f7b435ebddbd
GSM2404395_9426020064_R01C02_Grn.idat.gz	a668f878f46ef8ff6c3b1d598d7a5c97
GSM2404395_9426020064_R01C02_Red.idat.gz	e1ab8cc1e7a3a15494bc49ca15ce654b
GSM2404396_9426020065_R06C01_Grn.idat.gz	9eaff605c460cac8edc902fb818f3a13
GSM2404396_9426020065_R06C01_Red.idat.gz	4ba335084067f893886250142677ef53
GSM2404397_9426020064_R03C02_Grn.idat.gz	1be6ded178484bd39d1becd51cc195ec
GSM2404397_9426020064_R03C02_Red.idat.gz	35d3a9a96323633f3704b14d34093141
GSM2404398_9426020064_R06C02_Grn.idat.gz	448c2ac085d79c0973e4cc02c39fbbba
GSM2404398_9426020064_R06C02_Red.idat.gz	230fb53c390c6f0df869ac31e1ba4faf
GSM2404399_9426020065_R01C01_Grn.idat.gz	1c0fa2672d745dbfbd53666db92774dc
GSM2404399_9426020065_R01C01_Red.idat.gz	30f58e2e18086178b1c7f79b822f31bf
GSM2404400_9426020061_R01C02_Grn.idat.gz	dd327bf4589c54943beffe6cae7918a2
GSM2404400_9426020061_R01C02_Red.idat.gz	c07379590e0d8fcacc91d22e3d3b36f7
GSM2404401_9426020065_R02C01_Grn.idat.gz	f3d3372e3c6e03bad01690851985f9cd
GSM2404401_9426020065_R02C01_Red.idat.gz	988ed8e5d136f94c800745a3652269aa
GSM2404402_9426020065_R03C01_Grn.idat.gz	1fec4404af4853b025e6a3c8f1c83558
GSM2404402_9426020065_R03C01_Red.idat.gz	187164fd73b0cdec266f66f794b4e3d4
GSM2404403_9426020065_R04C01_Grn.idat.gz	ac3f71c99ddb2b53f439bd02da4162df
GSM2404403_9426020065_R04C01_Red.idat.gz	c259446bdb3ca7e673f13684295989e2
GSM2404404_9426020061_R01C01_Grn.idat.gz	5f9e8683b5fda3b971a39f8638cc86a0
GSM2404404_9426020061_R01C01_Red.idat.gz	095820f54c30380fc1a4f851a38b13d5
GSM2404405_9426021175_R05C02_Grn.idat.gz	490b142f5112d22c663059bdbcdd33e1
GSM2404405_9426021175_R05C02_Red.idat.gz	09acb45e08c0f2349b134a21c179ab3a
GSM2404406_9426021086_R01C01_Grn.idat.gz	8b0f378a3283726e09febd2170abd1cf
GSM2404406_9426021086_R01C01_Red.idat.gz	3024d1e1eb2147bf1127b33c58ab635f
GSM2404407_9426021086_R02C01_Grn.idat.gz	fce99f861f1d3b4001ca4efa92c52c76
GSM2404407_9426021086_R02C01_Red.idat.gz	edfbcb4c1c0a72c592b21cf5dede8711
GSM2404408_9426021086_R03C01_Grn.idat.gz	9e1b0d7844299670ad350a1ca35b6adf
GSM2404408_9426021086_R03C01_Red.idat.gz	2a2d8e4030d91f64097477be88bb3377
GSM2404409_9426021086_R04C01_Grn.idat.gz	4ff10e29e7180834e81899bf461edfc3
GSM2404409_9426021086_R04C01_Red.idat.gz	ea328d1d972f1bbb84587d2ee40f43ef
GSM2404410_9426021086_R05C01_Grn.idat.gz	41af1ec00772d87e1ca5f7f7b1ba10d3
GSM2404410_9426021086_R05C01_Red.idat.gz	68609350ea08871d646bac3ed6363e62
GSM2404411_9426021103_R01C01_Grn.idat.gz	8de05ec8dfcaf964381b9a8b856d5056
GSM2404411_9426021103_R01C01_Red.idat.gz	5b7ed2da1d3c276b435839b64440a699
GSM2404412_9426021103_R02C01_Grn.idat.gz	20362172e819923201640b7a7d0fe250
GSM2404412_9426021103_R02C01_Red.idat.gz	34312587cfed652e70214f1518ca8954
GSM2404413_9426021103_R03C01_Grn.idat.gz	2ef9e898d164031b0ab7005260181e9d
GSM2404413_9426021103_R03C01_Red.idat.gz	a1197de2ed03766ada27ba3e4ba7ba8d
GSM2404414_9426021103_R04C01_Grn.idat.gz	8003d47f6ccaeb1882f0aa01f9d5f531
GSM2404414_9426021103_R04C01_Red.idat.gz	4cd3c74e247823fb3b2e70147796c4b6
GSM2404415_9426021103_R05C01_Grn.idat.gz	b37a277a56d6357a2d3e1a0015a55a84
GSM2404415_9426021103_R05C01_Red.idat.gz	e45daf5bf68092f555b8d061b0b29ccc
GSM2404416_9426021103_R06C01_Grn.idat.gz	48eb609bfc51fb379e7618dcd844ef4a
GSM2404416_9426021103_R06C01_Red.idat.gz	2762ac38e8556e494292ee3e370d9e86
GSM2404417_9426021103_R01C02_Grn.idat.gz	7d25f977addc4ac60d6d8163e4c45c64
GSM2404417_9426021103_R01C02_Red.idat.gz	e92d4d17b295db130fa566efe5681889
GSM2404418_9426021103_R02C02_Grn.idat.gz	8b1328abff1e1efc528dfba3da33404f
GSM2404418_9426021103_R02C02_Red.idat.gz	1e69b3d3326e11131940fda51143c2d0
GSM2404419_9426021103_R03C02_Grn.idat.gz	c16cf6b9a951d378602c6a56381b5009
GSM2404419_9426021103_R03C02_Red.idat.gz	5fa023e0cf118a1c3eee1c20e7e49cd6
GSM2404420_9426021103_R04C02_Grn.idat.gz	ca70674b4ca21d813020a80aaceb2d7b
GSM2404420_9426021103_R04C02_Red.idat.gz	a1da2b183881c3e0091ac2330d058666
GSM2404421_9426021103_R05C02_Grn.idat.gz	874daa89ac8c2734ab396c9e5d153096
GSM2404421_9426021103_R05C02_Red.idat.gz	dcfb6c78db76d1035376d48a0b6702a7
GSM2404422_9426021162_R02C01_Grn.idat.gz	d2afbb085a69be261670578aec6b104f
GSM2404422_9426021162_R02C01_Red.idat.gz	81352e2a4f75ef1719db9b69782b0364
GSM2404423_9426021162_R03C01_Grn.idat.gz	0c282159736590d19e3efc5e8962c808
GSM2404423_9426021162_R03C01_Red.idat.gz	ca188aa728e76e2befa4014b3f87f23b
GSM2404424_9426021162_R05C01_Grn.idat.gz	4adb09e0466a0ffb9d70e87a9e39c4fe
GSM2404424_9426021162_R05C01_Red.idat.gz	7a8a5d4cd402e91112969bc7f9a9a654
GSM2404425_9426021162_R01C02_Grn.idat.gz	af58f22f58f50097055227f86694ba32
GSM2404425_9426021162_R01C02_Red.idat.gz	e6605ee6f3996c055c9301a71fade2aa
GSM2404426_9426021162_R03C02_Grn.idat.gz	2430452d5a847cdb883cb798d8596be6
GSM2404426_9426021162_R03C02_Red.idat.gz	6026d130137f369ba2d227db0a86dc42
GSM2404427_9426021162_R04C02_Grn.idat.gz	278090257e532b5ca75ff5ae147fde66
GSM2404427_9426021162_R04C02_Red.idat.gz	822ec0d59519d805ea2162ab3fb09e7d
GSM2404428_9426021162_R05C02_Grn.idat.gz	612e6d873decdd8cde3ea7a468cd909b
GSM2404428_9426021162_R05C02_Red.idat.gz	d2cae7bcfa64fe341f98b7fdb78f2dd1
GSM2404429_9426021162_R06C02_Grn.idat.gz	c183c3b4315210cfcb9d0f2aec014e1d
GSM2404429_9426021162_R06C02_Red.idat.gz	890f0836a13ee8887b7c9cc4150238e9
GSM2404430_9426021086_R01C02_Grn.idat.gz	6a0446af70fcfba5e090d2f15809029a
GSM2404430_9426021086_R01C02_Red.idat.gz	b13f5fb2a7e64fcc1c7c667a3e9ae6a3
GSM2404431_9426021175_R06C01_Grn.idat.gz	1c1cb542be58c0802c0a3208adf66a25
GSM2404431_9426021175_R06C01_Red.idat.gz	b823708b0ceca19a1101acb3e6e8d4e5
GSM2404432_9420867051_R05C02_Grn.idat.gz	50f1e429f8a6e668acde1b86e5a67245
GSM2404432_9420867051_R05C02_Red.idat.gz	8a160f9c8167a9de34275b6a540375ba
GSM2404433_9420867053_R06C01_Grn.idat.gz	dbd50bb028a6e7d2e307456436782f8b
GSM2404433_9420867053_R06C01_Red.idat.gz	919804fa93b5e0e7532da02b225ebe88
GSM2404434_9420867053_R01C02_Grn.idat.gz	6c4cc5638ce2923adcfd19cdb5cdb112
GSM2404434_9420867053_R01C02_Red.idat.gz	fe94954b20f0265820559af36e42c093
GSM2404435_9420867053_R06C02_Grn.idat.gz	d0a8cb2dabfc63732b45d5957bf07d6a
GSM2404435_9420867053_R06C02_Red.idat.gz	9c35d18ab3f015a977ed0c9d276d98d0
GSM2404436_9420867053_R02C02_Grn.idat.gz	13e82094f61e0e17a16c15a200ae192e
GSM2404436_9420867053_R02C02_Red.idat.gz	73d6906205cf609c44dcf874ddffeef2
GSM2404437_9420867053_R03C02_Grn.idat.gz	dfcccd7e6b095a24ad30e68cfa079d61
GSM2404437_9420867053_R03C02_Red.idat.gz	265c66ec15b34c3a9ed38af191235c63
GSM2404438_9420867051_R01C02_Grn.idat.gz	23f1a9bccf2c63e0f88558da90e45be1
GSM2404438_9420867051_R01C02_Red.idat.gz	498b2f4a5dcbc2737fbd382d533e11e8
GSM2404439_9420867051_R02C02_Grn.idat.gz	545a2c749d9355840b67dc7d7d3b23f7
GSM2404439_9420867051_R02C02_Red.idat.gz	8cbb54a36a2623d6ae786abc55934b61
GSM2404440_9420867051_R03C02_Grn.idat.gz	845b4adc1b5a932b69e87f0b3c5adc58
GSM2404440_9420867051_R03C02_Red.idat.gz	9c5e46f04d97373f9c7dd6b6d5ac6998
GSM2404441_9420867097_R02C01_Grn.idat.gz	a13d9b39cc53fc844b193daac0c24520
GSM2404441_9420867097_R02C01_Red.idat.gz	3a8df3709ba0500188edf35d43bff6ca
GSM2404442_9420867097_R03C01_Grn.idat.gz	0cc54ec1eec1e77e74c9651d52e95664
GSM2404442_9420867097_R03C01_Red.idat.gz	28fb61f26f67b1318f34ba49ab4b6e98
GSM2404443_9420867087_R01C01_Grn.idat.gz	bf0a6a5967b45d390763060192350a0a
GSM2404443_9420867087_R01C01_Red.idat.gz	fa32f75e9d30492afa3c81730d3b306b
GSM2404444_9420867087_R02C01_Grn.idat.gz	3e7926e82314b75c403e0db18af18160
GSM2404444_9420867087_R02C01_Red.idat.gz	aa3dbbd058a758eeefd5a0e7486ecfb4
GSM2404445_9420867097_R02C02_Grn.idat.gz	0e50d177f6e259719102ec1e5992f4b7
GSM2404445_9420867097_R02C02_Red.idat.gz	fa5c4a75f7d1b767134ab329ea7cff39
GSM2404446_9420867097_R03C02_Grn.idat.gz	162888122b256926ce917066a0f77f16
GSM2404446_9420867097_R03C02_Red.idat.gz	e846b577d68823bcbc26a1bbfe0dbe39
GSM2404447_9420867097_R04C02_Grn.idat.gz	cdeb60fbedc2696923d2e918637ce33b
GSM2404447_9420867097_R04C02_Red.idat.gz	ba7b1e3fb60139b6d44a10a826773d57
GSM2404448_9420867087_R04C01_Grn.idat.gz	d65c7bf1247d7dbb7b53e35cd48b6550
GSM2404448_9420867087_R04C01_Red.idat.gz	ca8fea9ec0e37edcbef53110d9b5d7ec
GSM2404449_9420867087_R02C02_Grn.idat.gz	22453919019b1437f708cda267b88184
GSM2404449_9420867087_R02C02_Red.idat.gz	f4f24620207b6fb44372dcecfe86747e
GSM2404450_9420867087_R04C02_Grn.idat.gz	9a85664a4f029533ab5d6c471d05d9d4
GSM2404450_9420867087_R04C02_Red.idat.gz	dd6005e1214076749e14d0b706e44c2c
GSM2404451_9420867121_R02C01_Grn.idat.gz	17c064847edd9117e26dcf2393ead695
GSM2404451_9420867121_R02C01_Red.idat.gz	23cbd5accff32ea5f8008b63be83808c
GSM2404452_9420867121_R05C01_Grn.idat.gz	c2e9dc699a0dba84a6ba7a32d9d5294e
GSM2404452_9420867121_R05C01_Red.idat.gz	d44e3595311fb8a6e1635db809a84b50
GSM2404453_9420867121_R06C01_Grn.idat.gz	6c00e2b7225c14872535da81da9bab0c
GSM2404453_9420867121_R06C01_Red.idat.gz	d026b56a29fb833fef4043571507d080
GSM2404454_9420867121_R01C02_Grn.idat.gz	9aa59762abd01c8753d3e238b1503e42
GSM2404454_9420867121_R01C02_Red.idat.gz	9c186ad0247caeabb5af6392c6a2dafd
GSM2404455_9420867121_R04C02_Grn.idat.gz	9279fd72903f81bc9d448887bf71eecd
GSM2404455_9420867121_R04C02_Red.idat.gz	db643e88aae00cc63f71b19b08a28978
GSM2404456_9420867122_R02C01_Grn.idat.gz	e70ae187295a415df4053d95b68aa991
GSM2404456_9420867122_R02C01_Red.idat.gz	81c4b0b5f350d3b570a7f9509654efe4
GSM2404457_9420867122_R02C02_Grn.idat.gz	da93b20dfd32050fd5adeaab4be9036a
GSM2404457_9420867122_R02C02_Red.idat.gz	82d9c5b11ad4b8b649823f3833f9a4e0
GSM2404458_9420867122_R04C02_Grn.idat.gz	f8c6870089b1a0fc1c95eac925c1204d
GSM2404458_9420867122_R04C02_Red.idat.gz	d41d524eb939c8c4fa59e1c6d0447d10
GSM2404459_9420867122_R05C02_Grn.idat.gz	3865abe24a20e7d2df6f26c15081518e
GSM2404459_9420867122_R05C02_Red.idat.gz	10c5d1db4796df67b65cdabd27b6786c
GSM2404460_9420867122_R06C02_Grn.idat.gz	a31be1bddc9a8185e142435cdc751bc6
GSM2404460_9420867122_R06C02_Red.idat.gz	ff43de5bd5457d8d322cf40aaf0c5c49
GSM2404461_9420867125_R04C01_Grn.idat.gz	102ccfc967e896719d470eaf61a94262
GSM2404461_9420867125_R04C01_Red.idat.gz	bc9f3e8258f68add1d86ded9e0c78f5b
GSM2404462_9420867124_R01C02_Grn.idat.gz	dd473cc5960da128430a518455866703
GSM2404462_9420867124_R01C02_Red.idat.gz	de791bd8fbf8df72468db3a7864f65c5
GSM2404463_9420867124_R04C02_Grn.idat.gz	42429ebeb58a142f8805aef4eff4c20e
GSM2404463_9420867124_R04C02_Red.idat.gz	bbf7da16051470028d51a47d08aec398
GSM2404464_9420867124_R06C02_Grn.idat.gz	bea40690fc4e2133ed2083948e03efde
GSM2404464_9420867124_R06C02_Red.idat.gz	578d77b647682e34b6373cd85a9303d3
GSM2404465_9444374132_R01C01_Grn.idat.gz	4b78fc6d91119498d433e4d48bcd03ea
GSM2404465_9444374132_R01C01_Red.idat.gz	22992508375edd2ed69448cac082ec36
GSM2404466_9444374132_R02C01_Grn.idat.gz	1efc2316923c091e25e3ff3cc493135e
GSM2404466_9444374132_R02C01_Red.idat.gz	e3e6169c3254bd0cc8264093839b2ac8
GSM2404467_9444374132_R03C01_Grn.idat.gz	0d94b371f71d47f8046a597d60a5af06
GSM2404467_9444374132_R03C01_Red.idat.gz	1468d7eba8780838beeb66c106a2770f
GSM2404468_9444374132_R04C01_Grn.idat.gz	27e6c900d7a258635b87230731632949
GSM2404468_9444374132_R04C01_Red.idat.gz	d7db313a2cf1e45ced7859bc3d19d899
GSM2404469_9444374132_R05C01_Grn.idat.gz	9b24a50b871fdb75dfe715e7950fdb10
GSM2404469_9444374132_R05C01_Red.idat.gz	942fa1633a96cf773537234f1c9dc6f5
GSM2404470_9444374132_R06C01_Grn.idat.gz	40ef54061bb7eb203e034f43553f5a6e
GSM2404470_9444374132_R06C01_Red.idat.gz	d1fe2ef63ce2d1247d28f1199518af8c
GSM2404471_9444374132_R02C02_Grn.idat.gz	a789eb5ff15f81e0c4837472faca189b
GSM2404471_9444374132_R02C02_Red.idat.gz	25d0483645d478acefda5d2f93d8145e
GSM2404472_9444374132_R03C02_Grn.idat.gz	0d09ad26423c7071bd4d01d33b17a3fe
GSM2404472_9444374132_R03C02_Red.idat.gz	b503825ae5d9568317e9c9204c34b0ae
GSM2404473_9444374132_R06C02_Grn.idat.gz	84706a2ad204fed4a774f779c162d7d4
GSM2404473_9444374132_R06C02_Red.idat.gz	5511c0795f1cb2cf91b9340e086bff41
GSM2404474_9444374133_R02C01_Grn.idat.gz	f95f2d5d26ed27ede6297b008a5cd1d1
GSM2404474_9444374133_R02C01_Red.idat.gz	53c027ebfde25a6ff1c0252b8d396e79
GSM2404475_9444374133_R03C01_Grn.idat.gz	fc9dbc18606700b03f89c3d07a22a337
GSM2404475_9444374133_R03C01_Red.idat.gz	02805688d5e619bbb402823c9e412a0d
GSM2404476_9444374133_R02C02_Grn.idat.gz	08ffd8f7b7b3104cf28579ea4c459a6b
GSM2404476_9444374133_R02C02_Red.idat.gz	ae7431c8432e88cffdb32041490402e4
GSM2404477_9444374133_R05C02_Grn.idat.gz	0c0a907d87e6af835051cdaa3a5e457a
GSM2404477_9444374133_R05C02_Red.idat.gz	fa960cd724e6850e20634ce87b18162b
GSM2404478_9444374133_R06C02_Grn.idat.gz	87c772aa84a5cbd9ab85cb99fa485d66
GSM2404478_9444374133_R06C02_Red.idat.gz	571ae412f43623b0fc6232d2886a0c5d
GSM2404479_9444374134_R01C01_Grn.idat.gz	0353517497de8b0d9a67c4cf217969ac
GSM2404479_9444374134_R01C01_Red.idat.gz	5d95524aa754934c5973c9e39995e3dd
GSM2404480_9444374134_R02C01_Grn.idat.gz	e4489c41028a0470e0eab9fd74d3858e
GSM2404480_9444374134_R02C01_Red.idat.gz	01483adfe2bb002ed2332082215d5666
GSM2404481_9444374134_R03C01_Grn.idat.gz	96205394947383b68762be9b32f8dce9
GSM2404481_9444374134_R03C01_Red.idat.gz	043b95e8f5f5929f0afb02c32b057f45
GSM2404482_9444374134_R04C01_Grn.idat.gz	f41db6dbeb31ef50330b1f97dd8e2a37
GSM2404482_9444374134_R04C01_Red.idat.gz	820955e3c9bc9c2fcbc260c1f67bd09c
GSM2404483_9444374134_R02C02_Grn.idat.gz	a8bc6471db87d61b9b425dbc1a2ab621
GSM2404483_9444374134_R02C02_Red.idat.gz	fbf430026b2903a1d2c2018cde5a0dbd
GSM2404484_9444374134_R05C02_Grn.idat.gz	f72b647c3694eb6ee3691af7a3f8191a
GSM2404484_9444374134_R05C02_Red.idat.gz	6de9b35164202557ce3f5feeabb731b4
GSM2404485_9444375019_R01C01_Grn.idat.gz	30666bf08ccfbec23fbb1aa4b9c2e3bb
GSM2404485_9444375019_R01C01_Red.idat.gz	955ea3c217e5b090cb989f25bb73d162
GSM2404486_9444375019_R04C01_Grn.idat.gz	f819e8697890f2befc58607d8aecb8bc
GSM2404486_9444375019_R04C01_Red.idat.gz	190f859c008fd58e72781d0c17e51daa
GSM2404487_9444375019_R05C01_Grn.idat.gz	032df2c190a5b1845bd5c6ad1b3c7488
GSM2404487_9444375019_R05C01_Red.idat.gz	5a08c5c03786753e25a2bc6c5e0fb5f0
GSM2404488_9444375004_R06C01_Grn.idat.gz	b75c53602b023056da484202fdfee21a
GSM2404488_9444375004_R06C01_Red.idat.gz	dc1b103628d620d231f2648ee708fd3c
GSM2404489_9444375004_R01C02_Grn.idat.gz	f73a36316ea50cb36a900b6a228949e9
GSM2404489_9444375004_R01C02_Red.idat.gz	242d411f38c74b7a843c857f2a08746e
GSM2404490_9444375004_R02C02_Grn.idat.gz	f094bb5101b4e741737e34d9b2147717
GSM2404490_9444375004_R02C02_Red.idat.gz	d66872abe4703302073d9914fd13f7ed
GSM2404491_9444375004_R05C02_Grn.idat.gz	9cf510ebb640d3f6dbee01bb62019e7f
GSM2404491_9444375004_R05C02_Red.idat.gz	ba3dc211f5d36d52b74c988cbc70ff23
GSM2404492_9444375004_R06C02_Grn.idat.gz	023d705580f76b225d02197188d0c4f4
GSM2404492_9444375004_R06C02_Red.idat.gz	a15af56c55d10e6cb3e063742720915d
GSM2404493_9444375014_R03C01_Grn.idat.gz	98563df614e1b4db6d1a8ec37e459bc5
GSM2404493_9444375014_R03C01_Red.idat.gz	89127d35dcfe489aac6a629ae89eca30
GSM2404494_9444375014_R05C01_Grn.idat.gz	1bd9c375284685238415ab5088b6210a
GSM2404494_9444375014_R05C01_Red.idat.gz	ea316f9f62b135a3205070533e0ba26b
GSM2404495_9444375014_R01C02_Grn.idat.gz	6c7185d23be174d1d0e3a64eaf510d9a
GSM2404495_9444375014_R01C02_Red.idat.gz	872060e289ac544cb9c0de89bf9903de
GSM2404496_9444375014_R02C02_Grn.idat.gz	3a27eb69f2893fafb89a958924043422
GSM2404496_9444375014_R02C02_Red.idat.gz	602089762c76992e053d3e3f48aff445
GSM2404497_9444375014_R04C02_Grn.idat.gz	e77474cc5aaf70fd22441693a7d32a2a
GSM2404497_9444375014_R04C02_Red.idat.gz	0f7c49999861b3e7b4c348f393196d40
GSM2404498_9444375014_R05C02_Grn.idat.gz	61d88e99c5ff2e5d391b1d80cd7755ac
GSM2404498_9444375014_R05C02_Red.idat.gz	bc2ca6381a1d119f9b3a8675532f413f
GSM2404499_9444375017_R01C01_Grn.idat.gz	d47bd576e3aaedec7bb0ee0a0cde7d9a
GSM2404499_9444375017_R01C01_Red.idat.gz	1be151d9234ab69f6dba85943df3ecc0
GSM2404500_9444375017_R03C01_Grn.idat.gz	617329028f7d74ea1deb51e3ddc1ccf8
GSM2404500_9444375017_R03C01_Red.idat.gz	90769cf954cbad41fb8e6765932aaeff
GSM2404501_9444375017_R05C01_Grn.idat.gz	d790290129e521d004ce652b95911d57
GSM2404501_9444375017_R05C01_Red.idat.gz	3eeb3a34c002ff2755705cec42a90082
GSM2404502_9444375017_R01C02_Grn.idat.gz	b5afa8889e6ee7fd434f30e93ae7ae2c
GSM2404502_9444375017_R01C02_Red.idat.gz	010054655bf29a1a2f474db3c55e5ac6
GSM2404503_9444375017_R03C02_Grn.idat.gz	8bb4a7804677bb5213d4f4f68ebd00d1
GSM2404503_9444375017_R03C02_Red.idat.gz	e290f264ade36301906fa67ec228dc09
GSM2404504_9444375017_R04C02_Grn.idat.gz	9665e1ce7e547dc879ebca1239941f5c
GSM2404504_9444375017_R04C02_Red.idat.gz	d28aacbc9d294a99931f29456c91b3b8
GSM2404505_9444375017_R05C02_Grn.idat.gz	3872aefa602c16ed256207e7999e31e7
GSM2404505_9444375017_R05C02_Red.idat.gz	4e84dcdaef749d301a25531860d1742b
GSM2404506_9444375018_R05C01_Grn.idat.gz	770bf83f13564fc740a84cc60db1f497
GSM2404506_9444375018_R05C01_Red.idat.gz	61454f25a26a282d47f12e28c0953afa
GSM2404507_9444375018_R02C02_Grn.idat.gz	bcd25b165a33fe72e45c0f4a7a42d500
GSM2404507_9444375018_R02C02_Red.idat.gz	23307da9d046d0c324a8f680b19f3d2a
GSM2404508_9444375018_R06C01_Grn.idat.gz	5b8a9992667168f2a9d02c73267b3464
GSM2404508_9444375018_R06C01_Red.idat.gz	7fd4c33b6ced8cbb4f79a9916a8441f6
GSM2404509_9444375018_R04C01_Grn.idat.gz	6dc3cb1fdb82be4a1e146512b913a35a
GSM2404509_9444375018_R04C01_Red.idat.gz	7642ffa33fc62e48dc6405446f2f98c0
GSM2404510_9444375028_R05C01_Grn.idat.gz	e1820c45183792edcc36407d55197af4
GSM2404510_9444375028_R05C01_Red.idat.gz	a3cdea7bda8e2c0c1b0aa617d696d143
GSM2404511_9444375028_R04C02_Grn.idat.gz	34b6b986687b894a9d3e651a05197687
GSM2404511_9444375028_R04C02_Red.idat.gz	07a3a9969a3635f071ba830a2cadedb6
GSM2404512_9444375028_R06C02_Grn.idat.gz	91e4954422a8c1acaf9b9b329029def3
GSM2404512_9444375028_R06C02_Red.idat.gz	99941384498dda8dc2b837259b43f684
GSM2404513_9444375033_R01C01_Grn.idat.gz	2164d3693394c4d950d039ab35a0bee0
GSM2404513_9444375033_R01C01_Red.idat.gz	faac360c5b8339dd17188eccefba7f3e
GSM2404514_9444375033_R05C01_Grn.idat.gz	861723702cca25a33aa376a203bd4567
GSM2404514_9444375033_R05C01_Red.idat.gz	277241ac768935d5b70d8d7a585df254
GSM2404515_9444375033_R06C01_Grn.idat.gz	f6eaa36963a093963b11a02cd528084f
GSM2404515_9444375033_R06C01_Red.idat.gz	ab5bf4cc4f54a64b996bac4430ad8089
GSM2404516_9444375033_R01C02_Grn.idat.gz	98e3845f93fbd99ec972f7aede94cff4
GSM2404516_9444375033_R01C02_Red.idat.gz	d9ec383a6c999621393b86c622b1a6bb
GSM2404517_9444375037_R01C02_Grn.idat.gz	c47a8661d83b3a6db2a8368bbe347aa5
GSM2404517_9444375037_R01C02_Red.idat.gz	0304ad3bffeeddac1d61e4d56b232e07
GSM2404518_9444375037_R04C02_Grn.idat.gz	e4b6f885d9c17c55ea2667099d43e549
GSM2404518_9444375037_R04C02_Red.idat.gz	18a032c3cc1118cb124af483fd05225d
GSM2404519_9444374147_R03C01_Grn.idat.gz	e2a1e2e424c0953b003151eb1adf18ec
GSM2404519_9444374147_R03C01_Red.idat.gz	0635ff11ff15bf3fe46f9d39b4bc18d5
GSM2404520_9444374157_R04C02_Grn.idat.gz	18680bfcbf3b8bc085f5787fb0b145d3
GSM2404520_9444374157_R04C02_Red.idat.gz	9393ee0a5ac76a96bf949702d904ad88
GSM2404521_9444375114_R02C01_Grn.idat.gz	4e37c1d15100c9069b2ef43110b11929
GSM2404521_9444375114_R02C01_Red.idat.gz	a31f7b1783e6ee1750fe2bca1e34065d
GSM2404522_9444375114_R03C01_Grn.idat.gz	67e1f86375385bdca6373c10ab4d67d3
GSM2404522_9444375114_R03C01_Red.idat.gz	c8db136ba91643fdef95df06ab9dc2a1
GSM2404523_9444375114_R05C01_Grn.idat.gz	3cb92adfc678582f691fd0c708459b97
GSM2404523_9444375114_R05C01_Red.idat.gz	d74263e2b11b8c0a5f775fd087fdfb36
GSM2404524_9444375114_R03C02_Grn.idat.gz	e7e1cfc73f1c7b6765d38bbe355ad8be
GSM2404524_9444375114_R03C02_Red.idat.gz	1a226f56a133b9af58888e755d09a9bf
GSM2404525_9444375114_R06C02_Grn.idat.gz	b0091c0d984e3f8158164984a8731995
GSM2404525_9444375114_R06C02_Red.idat.gz	d3c1dd077cef750e521087e980d241c6
GSM2404526_9444375150_R03C01_Grn.idat.gz	85f053f13e8f7d9223df02202a8809c0
GSM2404526_9444375150_R03C01_Red.idat.gz	f5d0c9e00068159b8363db47ae9ccf90
GSM2404527_9444375114_R06C01_Grn.idat.gz	654a50bcfcebf0095030f7c07cb29c22
GSM2404527_9444375114_R06C01_Red.idat.gz	62e941b28df71744ac817b9e3d4724bf
GSM2404528_9444374168_R06C02_Grn.idat.gz	b780b921cb77391f0e4fc11a4bfaaef7
GSM2404528_9444374168_R06C02_Red.idat.gz	cb5e8ea9c6ad658eb81ce3834f9311be
GSM2404529_9553932010_R01C01_Grn.idat.gz	44da307d6300953c0c3de4afb14c5323
GSM2404529_9553932010_R01C01_Red.idat.gz	8db704522c2943135f90e94ee2cc1153
GSM2404530_9553932010_R03C01_Grn.idat.gz	9f23e425e589284d7d0847cedf75a628
GSM2404530_9553932010_R03C01_Red.idat.gz	b380da90f48cae7515bbde3b3a9e2be3
GSM2404531_9553932010_R04C01_Grn.idat.gz	d86549747a40648d57af6e0706b76e6a
GSM2404531_9553932010_R04C01_Red.idat.gz	ee02549dc46374e4f5665feb2e87c34b
GSM2404532_9553932010_R02C01_Grn.idat.gz	262c97b3307dffab5213f73e41fdcf2c
GSM2404532_9553932010_R02C01_Red.idat.gz	009037a1914d78b3b775dbe2a2f47a54
GSM2404533_9553932008_R06C01_Grn.idat.gz	347f089d80a07ea2a0196a6048353312
GSM2404533_9553932008_R06C01_Red.idat.gz	7a9b9cef3b19eb7822c15c6a8b179c3a
GSM2404534_9553932008_R02C02_Grn.idat.gz	06e33dfafb02b3ef58acd2a9a64cd7b9
GSM2404534_9553932008_R02C02_Red.idat.gz	1887db814abaf19cc7831cd27ff529d4
GSM2404535_9553932002_R05C02_Grn.idat.gz	c577a5ddb6836f96742ae5047e6ff1dd
GSM2404535_9553932002_R05C02_Red.idat.gz	20679343984c3ce772fcb3c7e89e4726
GSM2404536_9553932010_R05C01_Grn.idat.gz	839deed6199b4c31215e4ced4334e612
GSM2404536_9553932010_R05C01_Red.idat.gz	22d163fc903e7e857f678265abf3541b
GSM2404537_9553932008_R05C02_Grn.idat.gz	2be24c5f0084a16706b6de01d57705ec
GSM2404537_9553932008_R05C02_Red.idat.gz	50f5d106894ad8e4f5330ce898311b2d
GSM2404538_9553932008_R06C02_Grn.idat.gz	c4a01353ea11dc09407686bc41845e61
GSM2404538_9553932008_R06C02_Red.idat.gz	7232b3dece37f63f7d7d4fffff1d357d
GSM2404539_9610361003_R05C02_Grn.idat.gz	c777a4f128ad01394d12e8444a8b292b
GSM2404539_9610361003_R05C02_Red.idat.gz	b6d5cf85550a4419f6958dc3222f002e
GSM2404540_9553932012_R04C02_Grn.idat.gz	505d9f7d2af6e57d348f358aca644297
GSM2404540_9553932012_R04C02_Red.idat.gz	9b5e01493ba0e19a00e5a140eed4c662
GSM2404541_9553932029_R03C01_Grn.idat.gz	4136f0d8e00a70cff158b22b0d703480
GSM2404541_9553932029_R03C01_Red.idat.gz	14ac1c7ef3aa86a0040ccf556c11f4a0
GSM2404542_9553932029_R04C01_Grn.idat.gz	caf2ea50ff10a5aedb44799e52214b28
GSM2404542_9553932029_R04C01_Red.idat.gz	8fa640517bd032e6a7c6d432a06f73d6
GSM2404543_9553932029_R05C01_Grn.idat.gz	7a5bd66b05f681f24c7b0967f53e6dfb
GSM2404543_9553932029_R05C01_Red.idat.gz	5b001a6abaa8f410272a20d7fd96db87
GSM2404544_9553932029_R01C02_Grn.idat.gz	30fe75c936cf5fd726ad5a8dd8c398e5
GSM2404544_9553932029_R01C02_Red.idat.gz	e4477a1f8b2e26ada163a1560a3f78b2
GSM2404545_9553932029_R02C02_Grn.idat.gz	bcef72bbf06a1314bd4b9afdcdf35952
GSM2404545_9553932029_R02C02_Red.idat.gz	2a46743a5ec299b61f4608d7ae73f975
GSM2404546_9553932029_R05C02_Grn.idat.gz	c881f8ecbb5dfe00c1ad47c3f8654686
GSM2404546_9553932029_R05C02_Red.idat.gz	e789f9f975f880c8ca5b7e9714c49147
GSM2404547_9553932029_R06C02_Grn.idat.gz	17734c94774d84e396cdbc5a22509dd6
GSM2404547_9553932029_R06C02_Red.idat.gz	800b1cf71d197ac4d4d7be38c5f7dcf9
GSM2404548_9553932030_R01C01_Grn.idat.gz	97be3bf8e128ea2cfc2b3102e25626c6
GSM2404548_9553932030_R01C01_Red.idat.gz	b5d1d591e37fd4efa419784e458b36ae
GSM2404549_9553932030_R04C01_Grn.idat.gz	9e68c01dcf84216504ab2d137d5c51b8
GSM2404549_9553932030_R04C01_Red.idat.gz	b8d7c6a2292883ee3765f3793c5a9529
GSM2404550_9553932030_R05C01_Grn.idat.gz	88b6ce3bf67df14126384f1071d711c9
GSM2404550_9553932030_R05C01_Red.idat.gz	abf8d10666b11aa8f5c0395bfb1d2197
GSM2404551_9553932053_R01C02_Grn.idat.gz	b1a9a8e0e93c4237dd5d1917d7157e2c
GSM2404551_9553932053_R01C02_Red.idat.gz	3755dd235ad7e43ea376547853223092
GSM2404552_9553932029_R06C01_Grn.idat.gz	3ddd5286583e1a2e83b04ccfcc131f12
GSM2404552_9553932029_R06C01_Red.idat.gz	eb681fe42fdf16c761af0a83e31772f5
GSM2404553_9553932053_R02C02_Grn.idat.gz	63dffb1207773794791bbf004c831f69
GSM2404553_9553932053_R02C02_Red.idat.gz	d5eeffd4589995ade6507fca76a0a61e
GSM2404554_9553932053_R04C02_Grn.idat.gz	4600f157e0d4de950c3e75de78ec8150
GSM2404554_9553932053_R04C02_Red.idat.gz	11a545e61f4a63138ba3b0ffe40a8296
GSM2404555_9553932113_R01C02_Grn.idat.gz	4fbd79e546652b8b3e55051f3ec9c265
GSM2404555_9553932113_R01C02_Red.idat.gz	11efc8886d6877d8a7363c11e212d1f3
GSM2404556_9553932098_R03C02_Grn.idat.gz	cae2348443e9cdebd0e113ebf0734007
GSM2404556_9553932098_R03C02_Red.idat.gz	698b49d943699769e45fcde0a75685ea
GSM2404557_9553932113_R04C02_Grn.idat.gz	3ace015a191583bde7fc79f647465a7d
GSM2404557_9553932113_R04C02_Red.idat.gz	7dc8a5f209e4c085b1e40ad7a4caa22e
GSM2404558_9553932113_R05C02_Grn.idat.gz	57041e4b54735a7388e1953713feb3ce
GSM2404558_9553932113_R05C02_Red.idat.gz	6ddd3eb04b8827565da69bf27ffa0950
GSM2404559_9553932113_R06C02_Grn.idat.gz	55de974b4a9a8f19ddd9a8494f676fc6
GSM2404559_9553932113_R06C02_Red.idat.gz	f935599421733d5a7ba5f4f4686a86d2
GSM2404560_9553932123_R01C01_Grn.idat.gz	b867d1a35d503cb25b8d580563a31863
GSM2404560_9553932123_R01C01_Red.idat.gz	1b33627b1a95c5d82809cbfe838f7887
GSM2404561_9553932123_R02C01_Grn.idat.gz	4836580552c6239062e39fd6b2bd3293
GSM2404561_9553932123_R02C01_Red.idat.gz	dd61a1a762db900ae1f73ecf45d86ede
GSM2404562_9553932088_R02C02_Grn.idat.gz	fdb4b79fe2bfbf7c15f95dc5b33d5ace
GSM2404562_9553932088_R02C02_Red.idat.gz	234e3423155fc4926cff64c344fb0e3b
GSM2404563_9553932123_R01C02_Grn.idat.gz	3f3d36be5e82787c9294e264bcf076ac
GSM2404563_9553932123_R01C02_Red.idat.gz	46dd2baa87bc055b15bd223813a8f9d0
GSM2404564_9553932088_R06C02_Grn.idat.gz	c5c462a88c5200f7b274c49b863f946c
GSM2404564_9553932088_R06C02_Red.idat.gz	b65a32ecd4f6fc047c90e484035d35b5
GSM2404565_9553932123_R02C02_Grn.idat.gz	0cedc25f12bd0c5259baac8e19c93a1e
GSM2404565_9553932123_R02C02_Red.idat.gz	8e2cc048720645a2b3e8c509e92c93dd
GSM2404566_9553932123_R05C02_Grn.idat.gz	32b6bfac2d7ccc9af1796d14c042422a
GSM2404566_9553932123_R05C02_Red.idat.gz	d62881794c64613d68b7d3f86c977f96
GSM2404567_9553932098_R05C01_Grn.idat.gz	38e1089aa2fbdf347fafd96f091262cf
GSM2404567_9553932098_R05C01_Red.idat.gz	9cc6bc55da876131d88c56871bc449d4
GSM2404568_9611518113_R01C01_Grn.idat.gz	7b3ad83dec71645579a018b2af833434
GSM2404568_9611518113_R01C01_Red.idat.gz	3b32a3159555e09cb6c5c778f88a3382
GSM2404569_9611518113_R02C02_Grn.idat.gz	71b0db945f6300e72478e5857058aded
GSM2404569_9611518113_R02C02_Red.idat.gz	b27327f9aad49f93b84e4c85c5eb9dd2
GSM2404570_9611518110_R04C02_Grn.idat.gz	bdd7d93e0a24aa7a54e2c5345aa47adc
GSM2404570_9611518110_R04C02_Red.idat.gz	4b843f6daa0c4ab92996d7b3b56d6b77
GSM2404571_9611518113_R01C02_Grn.idat.gz	bde81ab99188711e1823032026a13b6b
GSM2404571_9611518113_R01C02_Red.idat.gz	c1a279641df24731acfb116ee1d6ccfe
GSM2404572_9611518110_R03C01_Grn.idat.gz	7284490ee0287425512b3b7776e63d61
GSM2404572_9611518110_R03C01_Red.idat.gz	5a6596537d0c9f98a42137142c8ba239
GSM2404573_9611518110_R05C02_Grn.idat.gz	90ce847b16540ef738d21f4828660a19
GSM2404573_9611518110_R05C02_Red.idat.gz	1a870500652db1d33f440af856f18694
GSM2404574_9611518113_R03C01_Grn.idat.gz	49f8b5ae032edd5664a792150f5263fd
GSM2404574_9611518113_R03C01_Red.idat.gz	d2e9995e355e2a75159197fc51f26cef
GSM2404575_9611518110_R06C01_Grn.idat.gz	1deae3ac7d1ca016be4e08d64357e28a
GSM2404575_9611518110_R06C01_Red.idat.gz	6375b91b3bfe815ef40e2b2276125316
GSM2404576_9611518099_R03C01_Grn.idat.gz	1e09483de800c889c4a15870664f0cad
GSM2404576_9611518099_R03C01_Red.idat.gz	18952246f8c57eb2e3f113799d94847c
GSM2404577_9611518099_R06C01_Grn.idat.gz	efa2289e1d96cf341dba0b00ac393a40
GSM2404577_9611518099_R06C01_Red.idat.gz	db451ab23b9481292f3bee6650bd3750
GSM2404578_9611518099_R02C02_Grn.idat.gz	a2a60ef80f2e952c1306f21d75d0712b
GSM2404578_9611518099_R02C02_Red.idat.gz	957239aed34796c6364d0213555ef152
GSM2404579_9611518099_R03C02_Grn.idat.gz	1a9cef901233390257bb6a5342cc486b
GSM2404579_9611518099_R03C02_Red.idat.gz	64c281f693c47488a61a1b5b656b4532
GSM2404580_9611518099_R04C02_Grn.idat.gz	f294cf2050d40df8d20593b7783278b9
GSM2404580_9611518099_R04C02_Red.idat.gz	17a37b743b6c091157480cc952b4dc2c
GSM2404581_9611518109_R04C01_Grn.idat.gz	f8e0cb711580f8cfd5fe6c58d23d7fdb
GSM2404581_9611518109_R04C01_Red.idat.gz	090afd1f97db1e1eff773107f3f1f6d3
GSM2404582_9611518109_R01C02_Grn.idat.gz	4895332e959f5d2cd20eb10df6bd7af6
GSM2404582_9611518109_R01C02_Red.idat.gz	87d5b076f7350fb1aafef047ebc7bfb3
GSM2404583_9611519028_R01C01_Grn.idat.gz	a1d31b245db9946bacc08c2612ea23b7
GSM2404583_9611519028_R01C01_Red.idat.gz	665c698d4cec8d0b19de349f25342b9f
GSM2404584_9611519028_R02C01_Grn.idat.gz	0ccf7ae5b102e9220ad883295b763475
GSM2404584_9611519028_R02C01_Red.idat.gz	481b4f5e803ec5da5340b2a0fefd622e
GSM2404585_9611519028_R04C01_Grn.idat.gz	7b69d06d85ec6c1589f7911e8d886b93
GSM2404585_9611519028_R04C01_Red.idat.gz	eed0ccded38dbfdbd2342f9c565a6b2a
GSM2404586_9611519028_R03C02_Grn.idat.gz	187c6b4724728eaba271116348e9ff47
GSM2404586_9611519028_R03C02_Red.idat.gz	9cea8057ba6d3bce1cc63223568c4781
GSM2404587_9611519030_R01C01_Grn.idat.gz	65b6bacf1bb12dae59ee59f5f9a97901
GSM2404587_9611519030_R01C01_Red.idat.gz	f1054b350682e74cd5b944b74c17a605
GSM2404588_9611519030_R03C01_Grn.idat.gz	9ac218d4776aff3b5293d462ca1dcc87
GSM2404588_9611519030_R03C01_Red.idat.gz	a5e6ffa165f443bea93e3b756ebc7180
GSM2404589_9611519030_R06C01_Grn.idat.gz	f289e2493309143d5a71e6498b8bd9d6
GSM2404589_9611519030_R06C01_Red.idat.gz	5b9582721de11b97bcbcb099f1e4286b
GSM2404590_9611519054_R04C01_Grn.idat.gz	4422a59f921d9d428c2c086047f0e3b9
GSM2404590_9611519054_R04C01_Red.idat.gz	726e608a9d5e95d3c8ddd1b508c4f49a
GSM2404591_9611519051_R03C01_Grn.idat.gz	a50a54646924d50730886cf1cf6a21b1
GSM2404591_9611519051_R03C01_Red.idat.gz	442bf9948c9516ab5bcd3f55f846531e
GSM2404592_9611518116_R01C02_Grn.idat.gz	211b74404427248032e6ce85e79adbf7
GSM2404592_9611518116_R01C02_Red.idat.gz	906fc9b1d02d6633f2de8e8f5caf4e53
GSM2404593_9611518117_R06C02_Grn.idat.gz	d809cf1105dfe94f7d463e38ca37f12e
GSM2404593_9611518117_R06C02_Red.idat.gz	451261627798a00ee258bdfc1937a825
GSM2404594_9611518117_R05C02_Grn.idat.gz	3b8dbb9a39edbfa6bf367604b5053906
GSM2404594_9611518117_R05C02_Red.idat.gz	55b06f5d0d73637d8708af55d7c13a9f
GSM2404595_9611518117_R02C02_Grn.idat.gz	8b839ba0fe9683d1afe6873e98c87736
GSM2404595_9611518117_R02C02_Red.idat.gz	cb806f663093659ce51aeb85e1debbbd
GSM2404596_9611518115_R06C02_Grn.idat.gz	8919dd530898df2890b77bcf772a5270
GSM2404596_9611518115_R06C02_Red.idat.gz	94ccd870f8979f46f18a31ee951944e6
GSM2404597_9611518116_R01C01_Grn.idat.gz	ae761bfefc90ca6e6ae15ad0b7fa1858
GSM2404597_9611518116_R01C01_Red.idat.gz	e508f887f2aea2424f5c3116311ef6d3
GSM2404598_9611518117_R05C01_Grn.idat.gz	c3c7287870dbb00082850d8ea66fe251
GSM2404598_9611518117_R05C01_Red.idat.gz	a3e0896feb64760197717c3defecf119
GSM2404599_9611518117_R03C01_Grn.idat.gz	f8fbb6bacc242e048ef658cdc6cf7f91
GSM2404599_9611518117_R03C01_Red.idat.gz	7d2cae3be6d54858f85019ac5d3d99c0
GSM2404600_9611518116_R02C02_Grn.idat.gz	8efbad0f0811c5ceb2e2210039e6198a
GSM2404600_9611518116_R02C02_Red.idat.gz	389c3e1fdc6aa92e11236d29013b7fac
GSM2404601_9611518166_R03C01_Grn.idat.gz	3b83f5c17b35d136134163c56b8a0d87
GSM2404601_9611518166_R03C01_Red.idat.gz	e102f8bbed1ab550d7ec70cdf2dee79d
GSM2404602_9611518117_R01C02_Grn.idat.gz	f99d44c87da82dc781634d974d607e5e
GSM2404602_9611518117_R01C02_Red.idat.gz	2ee315d07281b32c69e9fd90d0d93e7c
GSM2404603_9611518117_R04C01_Grn.idat.gz	17677bb636980da996917d214564d24f
GSM2404603_9611518117_R04C01_Red.idat.gz	959ff81e8ca64ab11273dd662ba06db4
GSM2404604_9611518115_R03C02_Grn.idat.gz	85cc9b1cd143208cc807bb1ed407cf24
GSM2404604_9611518115_R03C02_Red.idat.gz	d39e9de8d0f48ffd10da993c81734a03
GSM2404605_9741950007_R02C02_Grn.idat.gz	fc8ec6f5ce0f7ca0059ceeb5400ad37f
GSM2404605_9741950007_R02C02_Red.idat.gz	78272fe79baa6637aab44ac185dc6b25
GSM2404606_9741950007_R03C02_Grn.idat.gz	33607dbd7c9bd92d3c2ee25c54bbd270
GSM2404606_9741950007_R03C02_Red.idat.gz	4990411b77ebad5dd230fe387b289245
GSM2404607_9741950021_R05C02_Grn.idat.gz	f0df1e88075c6623813d108401a165e9
GSM2404607_9741950021_R05C02_Red.idat.gz	57322ce4d05c905e608122ada6473af3
GSM2404608_9741950021_R06C02_Grn.idat.gz	1aae424d1eab0466e19b3dc9951c2023
GSM2404608_9741950021_R06C02_Red.idat.gz	435adfd00519d9a6786bbcc65329c137
GSM2404609_9741950023_R01C01_Grn.idat.gz	3900fd1b7bd37a3a95820539bc9ec2ee
GSM2404609_9741950023_R01C01_Red.idat.gz	2b7dd40d8a45eb0c15f6e75cb09af284
GSM2404610_9741950007_R05C02_Grn.idat.gz	b647a036105089e97bd1b31a7c9710ab
GSM2404610_9741950007_R05C02_Red.idat.gz	f421a0227f2efb67175922f31f9059fc
GSM2404611_9741950023_R03C01_Grn.idat.gz	f0b5227daa3079c688a03a43d5417b96
GSM2404611_9741950023_R03C01_Red.idat.gz	9acd203408f532d5b75deb7a43a9b0de
GSM2404612_9741950008_R03C02_Grn.idat.gz	12c4132d39bfbdcbbf5cbcdbfb353731
GSM2404612_9741950008_R03C02_Red.idat.gz	4716b30117135f78af8daaee200f2d95
GSM2404613_9741950008_R06C02_Grn.idat.gz	4735e69d6f9f88eddb742d03b845efbc
GSM2404613_9741950008_R06C02_Red.idat.gz	bb7a74ee6d6942f381f69dbe3ab97610
GSM2404614_9741950021_R02C01_Grn.idat.gz	fae13323e3741aa591f829f15424b148
GSM2404614_9741950021_R02C01_Red.idat.gz	ade77141bc9d01e40b1ba786eb49a849
GSM2404615_9741950021_R03C01_Grn.idat.gz	9a946cf598ebd8f8111aac096906f957
GSM2404615_9741950021_R03C01_Red.idat.gz	9e339b1d54b9f6b997a4349107f0f56a
GSM2404616_9741950021_R06C01_Grn.idat.gz	28a97a3752cc653c27637b001eb19c87
GSM2404616_9741950021_R06C01_Red.idat.gz	13cb0bffa2a34a4f8fbebb7876704b19
GSM2404617_9741950021_R01C02_Grn.idat.gz	b9afdb152b879fb6e9fc662ad9107c91
GSM2404617_9741950021_R01C02_Red.idat.gz	ad7027e618e59fa2c6c59074bfca3eaa
GSM2404618_9741950021_R02C02_Grn.idat.gz	32a821cabf4897f2f6f78be82c5be446
GSM2404618_9741950021_R02C02_Red.idat.gz	756cedb2c590951ac641b34b0d03330f
GSM2404619_9741950021_R03C02_Grn.idat.gz	e6518b89f26a6771c6486c78375f2f4d
GSM2404619_9741950021_R03C02_Red.idat.gz	e83c88fdb7d1d1f48a0b67ec0a1d87fe
GSM2404620_9741950023_R02C01_Grn.idat.gz	2f301773fef18b8e284fe7717f641d64
GSM2404620_9741950023_R02C01_Red.idat.gz	d6d09c979b96888344a73304f50dea1d
GSM2404621_9741950023_R06C01_Grn.idat.gz	53e637415a17b6698057c874a1e020bd
GSM2404621_9741950023_R06C01_Red.idat.gz	8291be00ebdaa3ecccc06f99dd2ee970
GSM2404622_9741950023_R01C02_Grn.idat.gz	066fcd2067c6840caecad03f28ff2b10
GSM2404622_9741950023_R01C02_Red.idat.gz	c8525b40cc3265c07e33be593c3b3dad
GSM2404623_9741950023_R02C02_Grn.idat.gz	170ddf9f39b2dee288b0b680a7555f6f
GSM2404623_9741950023_R02C02_Red.idat.gz	d2d7db186e3505a77dd6cbbef653a8a1
GSM2404624_9741950023_R03C02_Grn.idat.gz	feb0608ee4e501db0f033ea57e3a4c9c
GSM2404624_9741950023_R03C02_Red.idat.gz	ef897ef6a1b22c9fa971b90475822286
GSM2404625_9741950023_R04C02_Grn.idat.gz	57557d74f1e840f858f618d41a6ebd62
GSM2404625_9741950023_R04C02_Red.idat.gz	7b794b73c8508112b689b99fad596a41
GSM2404626_9741950023_R05C02_Grn.idat.gz	ef9ed6d50054adf8196a6ef2fda19207
GSM2404626_9741950023_R05C02_Red.idat.gz	432969cf22fbe330b0622439d65c0a2c
GSM2404627_9741950008_R06C01_Grn.idat.gz	e64f7d53dbf89425a9d4b647ceb966b8
GSM2404627_9741950008_R06C01_Red.idat.gz	12174fad0cf0f490806a69fa0867f109
GSM2404628_9741950008_R02C02_Grn.idat.gz	2bfa1f4b8be6c4ae1e9f461c21c44658
GSM2404628_9741950008_R02C02_Red.idat.gz	774fba1e33254d17a4a738da934415b5
GSM2404629_9741950023_R06C02_Grn.idat.gz	aea62a2d89f85c3320f1c771fc807dfe
GSM2404629_9741950023_R06C02_Red.idat.gz	729e7d0d33826353f4724d49aae6833f
GSM2404630_9721365095_R01C02_Grn.idat.gz	47bd8d3dabf52fad8e6624648a5bfd8a
GSM2404630_9721365095_R01C02_Red.idat.gz	ba5f4f17f6f52f95588c12bc9f3c65c3
GSM2404631_9721365095_R06C01_Grn.idat.gz	e6f7b4f89576946227bc698d66c0b367
GSM2404631_9721365095_R06C01_Red.idat.gz	c6ad4a5dd174390b32e059b9b9371fc4
GSM2404632_9721365095_R02C01_Grn.idat.gz	c50ec5980b4e2a3ed12a11c08a8dfcd0
GSM2404632_9721365095_R02C01_Red.idat.gz	65e8309f92cec1fc4a802f66c8ed2053
GSM2404633_9721365103_R03C01_Grn.idat.gz	3df08480d66d8686bdc127178eaa095c
GSM2404633_9721365103_R03C01_Red.idat.gz	c13871019285b5a24ee18693a4a26edf
GSM2404634_9721365105_R01C01_Grn.idat.gz	a0d86f545b48ea6bd5bfa8758196b223
GSM2404634_9721365105_R01C01_Red.idat.gz	d6b4c4f98027dcb52deeb80181fd3828
GSM2404635_9721365137_R03C01_Grn.idat.gz	97ba42d13b9793f795de9b3e0f976b0b
GSM2404635_9721365137_R03C01_Red.idat.gz	ea8fa260ed15ad21c6291d2f6dc32290
GSM2404636_9721365103_R01C01_Grn.idat.gz	ef46f0a09e30bba2755fc5f2ff40a06f
GSM2404636_9721365103_R01C01_Red.idat.gz	9964c13e382c9aac882b195ff128c8c6
GSM2404637_9721365095_R03C02_Grn.idat.gz	16f43a8cc86442e518f713123422ce69
GSM2404637_9721365095_R03C02_Red.idat.gz	7d7063e4652df0b9dea79d5dbcde4571
GSM2404638_9721365105_R04C01_Grn.idat.gz	3d9d9539e5677b74f2e62857c3786fca
GSM2404638_9721365105_R04C01_Red.idat.gz	b1ddf1b54132380a57f9c5cc24cf953a
GSM2404639_9721365104_R03C02_Grn.idat.gz	2efed404151b5874d021d2fbc6180b6a
GSM2404639_9721365104_R03C02_Red.idat.gz	f9221818cda9d2e7c957075ee2fea200
GSM2404640_9721365104_R02C02_Grn.idat.gz	4470727872e6de57b39fed859c8f99a4
GSM2404640_9721365104_R02C02_Red.idat.gz	4551ad8e11c973a0539a6062e0ae1b3b
GSM2404641_9721365137_R06C01_Grn.idat.gz	f963e71fb8868f76380820649021c276
GSM2404641_9721365137_R06C01_Red.idat.gz	a22377b6cf38a83bb2906d2f6e23a632
GSM2404642_9721365103_R03C02_Grn.idat.gz	7770821f461a392fe715728444182ff5
GSM2404642_9721365103_R03C02_Red.idat.gz	21f504a6e6fc39a409fa6f81eb15c239
GSM2404643_9721365104_R04C01_Grn.idat.gz	720b84170bffd9a04b0c6c05277a6799
GSM2404643_9721365104_R04C01_Red.idat.gz	2002e5a0c03f97c50390ee2d11d13de9
GSM2404644_9721365105_R02C02_Grn.idat.gz	5d555983b35a9c4b6f1c5181903b735d
GSM2404644_9721365105_R02C02_Red.idat.gz	0a05a65ca30229d798b2aecf0c9cb517
GSM2404645_9721365105_R05C02_Grn.idat.gz	8c845545d4e9f8a2f12df8e4d93b5fd1
GSM2404645_9721365105_R05C02_Red.idat.gz	c39a1c4e72dbe86a9d6c86302cd273ba
GSM2404646_9721365104_R06C02_Grn.idat.gz	ccc551e63b31ba7d86a7a552d25e8f3c
GSM2404646_9721365104_R06C02_Red.idat.gz	ac729f087415ae01bd96f16489d1f99a
GSM2404647_9721365137_R03C02_Grn.idat.gz	7d2816a4ab3841cfe15c3f43f2d95e64
GSM2404647_9721365137_R03C02_Red.idat.gz	6184c15f986bfb034d8de182941784d3
GSM2404648_9741950025_R05C01_Grn.idat.gz	f89ba0deb964911ef6e9452214c698bc
GSM2404648_9741950025_R05C01_Red.idat.gz	364111352b4ef09881e1f4bc37d988b9
GSM2404649_9741950027_R05C01_Grn.idat.gz	01c70f5a5db7ecdcd1a5add9d2e8ada4
GSM2404649_9741950027_R05C01_Red.idat.gz	73b8c5c5a6db9e91f1dd989836860691
GSM2404650_9741950025_R06C02_Grn.idat.gz	415389f5b01a3a0aa1f8ced77be03473
GSM2404650_9741950025_R06C02_Red.idat.gz	02d866e4050fdccde6f2135322df3e8f
GSM2404651_9741950027_R02C01_Grn.idat.gz	683c0d359626a24d209df784b4a0699b
GSM2404651_9741950027_R02C01_Red.idat.gz	49e1bfa43de550a3be053c519d6d1b8f
GSM2404652_9741950030_R01C01_Grn.idat.gz	9b283049679e96e850b765bf515d94c6
GSM2404652_9741950030_R01C01_Red.idat.gz	9fb1437003526948660699b931cf8e1c
GSM2404653_9741950030_R04C01_Grn.idat.gz	ccdad3d138f9f63230554d30681ccbd2
GSM2404653_9741950030_R04C01_Red.idat.gz	4f09406b5bd3247aa688410cb1ad450a
GSM2404654_9741950099_R02C01_Grn.idat.gz	e687b3baf564eca5a25e36e00b26ae1f
GSM2404654_9741950099_R02C01_Red.idat.gz	1645ef8edbc3765031180ace61e4100b
GSM2404655_9741950109_R01C01_Grn.idat.gz	279b7bff067dbc8545214e3f0beec7a6
GSM2404655_9741950109_R01C01_Red.idat.gz	159595cf61ac309ac01e7364cf3da42b
GSM2404656_9741950109_R02C01_Grn.idat.gz	4aaa9932fabb42c78d33e6b726bbde64
GSM2404656_9741950109_R02C01_Red.idat.gz	735ad92bc68fe74ebeaf86b65937ba10
GSM2404657_9741950109_R03C01_Grn.idat.gz	00a21290e0556402b8865e92128ec780
GSM2404657_9741950109_R03C01_Red.idat.gz	0790fde596dd60800718746ed158b564
GSM2404658_9741950109_R04C01_Grn.idat.gz	e303fe906bd230992b9fb9a8068e7513
GSM2404658_9741950109_R04C01_Red.idat.gz	bdcd47d90f23f794b4811856497dfc91
GSM2404659_9741950109_R06C01_Grn.idat.gz	626e1612cfe3793b749ef410c6a527dc
GSM2404659_9741950109_R06C01_Red.idat.gz	8a3eb4ed3a76bad6dba5263cd0d2fff7
GSM2404660_9741950109_R01C02_Grn.idat.gz	756f183cd907036d0ffd82d8b465486b
GSM2404660_9741950109_R01C02_Red.idat.gz	c62d8ae22b56d9aa3ea37b8986a8a04c
GSM2404661_9741950109_R02C02_Grn.idat.gz	b49221b21a1ac9b400973d6471d5c5ec
GSM2404661_9741950109_R02C02_Red.idat.gz	f88384a58c9f8ce293cfedfa84fb47ee
GSM2404662_9741950109_R03C02_Grn.idat.gz	a0a93f30aafd5b47a81aacf4daa913b2
GSM2404662_9741950109_R03C02_Red.idat.gz	8fe3992337f082d46941d2ca97b6e3c4
GSM2404663_9741950109_R04C02_Grn.idat.gz	8cd9b452f800cb5e3c29f4792725ec5e
GSM2404663_9741950109_R04C02_Red.idat.gz	2ab1f57d553a2a2f2d75b43b5a32cbb8
GSM2404664_9741950109_R06C02_Grn.idat.gz	c7b57662736c7d5a3f846fae135716da
GSM2404664_9741950109_R06C02_Red.idat.gz	ebcda6bab85499f7b0f958a7cc6c9d96
GSM2404665_9741950099_R05C01_Grn.idat.gz	abe3cd91354d389c949271136e8b9c46
GSM2404665_9741950099_R05C01_Red.idat.gz	d0e2aa046b8d824face271d44eb28d6b
GSM2404666_9741950099_R01C02_Grn.idat.gz	1e0a9f36714df780110c0f14400b3cba
GSM2404666_9741950099_R01C02_Red.idat.gz	9f09add64099fdc0af8df13a4d2ecde4
GSM2404667_9741950099_R04C02_Grn.idat.gz	fb6b693e8ec2719618b1b7e9583afdcf
GSM2404667_9741950099_R04C02_Red.idat.gz	33c5535001691346b6799c6d1be0a3a0
GSM2404668_9741950099_R05C02_Grn.idat.gz	5a35b9f0f8636bfea2331837574e8e4e
GSM2404668_9741950099_R05C02_Red.idat.gz	8db0ce3052bacb938e1b8b004b01d55b
GSM2404669_9741950100_R05C01_Grn.idat.gz	4d9babfac63f587cc0a4c2324c87005c
GSM2404669_9741950100_R05C01_Red.idat.gz	673efd858d3ad4aa0a5ed586b4fcee80
GSM2404670_9741950100_R06C01_Grn.idat.gz	931fbe4e5ba185925fc94c0c01b5fd62
GSM2404670_9741950100_R06C01_Red.idat.gz	a37dc9ea9e4d9a52f82f7c040e402999
GSM2404671_9741950100_R02C02_Grn.idat.gz	50c5dfa16c316b37a91a0472948ee980
GSM2404671_9741950100_R02C02_Red.idat.gz	59a9f33a84aac93fcd732cbb1982f35d
GSM2404672_9741950100_R04C02_Grn.idat.gz	2018c4fde4ad528c9537013b9c61e754
GSM2404672_9741950100_R04C02_Red.idat.gz	3a428e85dbd8bfdfb15b198193dec5f8
GSM2404673_9741950099_R01C01_Grn.idat.gz	8912b50316e1b479ebd8789818a4a52e
GSM2404673_9741950099_R01C01_Red.idat.gz	b6be99ab88fb4c7e8de328c2a4f69261
GSM2404674_9741950100_R06C02_Grn.idat.gz	87359a562d239b5547ccc136c3d67077
GSM2404674_9741950100_R06C02_Red.idat.gz	56c2174b87a20ef263b9bbeaebc8e011
GSM2404675_9741950102_R01C01_Grn.idat.gz	b9d7a599ee64d13f5cf93d19c4831c9e
GSM2404675_9741950102_R01C01_Red.idat.gz	efaf7166820121c44e0defaf2b762b13
GSM2404676_9741950102_R02C01_Grn.idat.gz	623c41ccf5e2601cf72400a16c8cb24c
GSM2404676_9741950102_R02C01_Red.idat.gz	b212c164e70fb7f36e8f8d05177cd362
GSM2404677_9741950102_R05C01_Grn.idat.gz	696395b933b989979b3f2dc2baa5b7a9
GSM2404677_9741950102_R05C01_Red.idat.gz	8d5730ac139445d42021be67ef4e7a05
GSM2404678_9741950102_R02C02_Grn.idat.gz	690b9df73ac5d9c0c4e07ce7d2573a7a
GSM2404678_9741950102_R02C02_Red.idat.gz	c6fe45e4e1f1e786db773af6359a4a18
GSM2404679_9741950102_R05C02_Grn.idat.gz	44fae0ff6319b6d0426019b4a1e0d4b7
GSM2404679_9741950102_R05C02_Red.idat.gz	d51d90db8fbb482988761e369fcae7eb
GSM2404680_9741950087_R02C01_Grn.idat.gz	161bc398d4452f66370dd3076b52817c
GSM2404680_9741950087_R02C01_Red.idat.gz	e93a37654102a50b4f4843e4632c536d
GSM2404681_9741950085_R01C01_Grn.idat.gz	95f9f2bbd8ed6d3a1479e01ac7c37541
GSM2404681_9741950085_R01C01_Red.idat.gz	d795c46afb1e728bd3c261e3155dbfda
GSM2404682_9741950085_R06C01_Grn.idat.gz	c698f6d0772ccd4786d6aa3e52aa0a35
GSM2404682_9741950085_R06C01_Red.idat.gz	3a87aa3da3d33cefcdf5744f0e2bd135
GSM2404683_9741950087_R02C02_Grn.idat.gz	7f5a4607cf0fa6e392c7b3cc66d34702
GSM2404683_9741950087_R02C02_Red.idat.gz	6f9ae8f32582d9e41d84bffe35e49711
GSM2404684_9741950087_R03C02_Grn.idat.gz	0f2dcf606c5c47f0e3d6b089795fef46
GSM2404684_9741950087_R03C02_Red.idat.gz	40b140ccb80c29fa1dfb537f1ef586a4
GSM2404685_9741950075_R01C01_Grn.idat.gz	aba7ff275e6c3361443593bf490c1088
GSM2404685_9741950075_R01C01_Red.idat.gz	8c203f6bfbb50af7422e933f6be5bce6
GSM2404686_9647455008_R06C01_Grn.idat.gz	265ee89af1def3716cdf3e566f7d548f
GSM2404686_9647455008_R06C01_Red.idat.gz	8ee5eef9a847c4cad6230ce53471e58b
GSM2404687_9647455008_R02C02_Grn.idat.gz	26d6752a477ae3e09ab9e4bd61ce2066
GSM2404687_9647455008_R02C02_Red.idat.gz	9fd24f8c1d300eda3ca36cf87dac181e
GSM2404688_9647455112_R01C02_Grn.idat.gz	98b81cbb91041b219b1d6d389663e361
GSM2404688_9647455112_R01C02_Red.idat.gz	c24c2eac30e07402514715709b9188d4
GSM2404689_9647455131_R04C02_Grn.idat.gz	f5f006db3210d2307286127ed975d2c2
GSM2404689_9647455131_R04C02_Red.idat.gz	0e5c9e37c090de3cf72b79b6880f749e
GSM2404690_9647455233_R02C01_Grn.idat.gz	130c81e9733c8c7ef7c39d2fa108edaf
GSM2404690_9647455233_R02C01_Red.idat.gz	16f08a4eb98d431d9c2b55386bbc99ee
GSM2404691_9647455131_R04C01_Grn.idat.gz	4ddf20c61cd15f9b493f1405a85b3308
GSM2404691_9647455131_R04C01_Red.idat.gz	89311975f45ba9f0d94f4bc905e25045
GSM2404692_9647455131_R06C01_Grn.idat.gz	f6e22701e1b5c65804a00eac9d77c173
GSM2404692_9647455131_R06C01_Red.idat.gz	862fac2b98dc08985b0ed92a7d510808
GSM2404693_9647455233_R06C01_Grn.idat.gz	67e1eb78b03329f0ab2c009d2fdc693e
GSM2404693_9647455233_R06C01_Red.idat.gz	7a2c5d1d273bf69fe34eeca92e8d111c
GSM2404694_6969568075_R05C01_Grn.idat.gz	9cbc5e1130dfca8118c8eb37be06dfad
GSM2404694_6969568075_R05C01_Red.idat.gz	d4c8a0e4ad0b55d03560f43ef34eb2a1
GSM2404695_6969568075_R02C02_Grn.idat.gz	7958cb03e27fbacc5697ee4bcc604a70
GSM2404695_6969568075_R02C02_Red.idat.gz	3f05e9513dbe5e6a99ee3c9e8cd82e94
GSM2404696_8784241104_R01C02_Grn.idat.gz	25dea35e56d9eb7cda62e68bc8a4b1f5
GSM2404696_8784241104_R01C02_Red.idat.gz	d4d94db71b9fad60f10c03fc6c1113d6
GSM2404697_9513149129_R06C02_Grn.idat.gz	0899f68595ce668d448ceb9a3450f980
GSM2404697_9513149129_R06C02_Red.idat.gz	94f1414128bbd842b68dfab8251b4800
GSM2404698_9721365197_R01C01_Grn.idat.gz	a6b1ba572b2eb280132d49d9417d0b8b
GSM2404698_9721365197_R01C01_Red.idat.gz	252995ed2c42a217adcd1ffbcbc17da0
GSM2404699_9741950149_R02C02_Grn.idat.gz	42822cb2edaee0ae1b49cafe750167a9
GSM2404699_9741950149_R02C02_Red.idat.gz	882c81de4c6d9c2117a84633f92b407e
GSM2404700_9741950149_R05C02_Grn.idat.gz	9ab7e60839294d84b5f61fcfdc93b245
GSM2404700_9741950149_R05C02_Red.idat.gz	053219119d35372a135ebc1397297cdc
GSM2404701_9513149129_R05C01_Grn.idat.gz	a81f5c7ea0bf633a14255b00114eaf4f
GSM2404701_9513149129_R05C01_Red.idat.gz	aa12d6a2b178ad86fa7423e9bc1c897c
GSM2404702_9513149129_R02C02_Grn.idat.gz	140b784446ede7fbfaaa8fe1e58a55bf
GSM2404702_9513149129_R02C02_Red.idat.gz	c457669e8e636348134f3279ef3366f0
GSM2404703_9721365197_R02C01_Grn.idat.gz	ed5758dc1c7df722cca6b30051e7e3a1
GSM2404703_9721365197_R02C01_Red.idat.gz	75909bb2312efe982902ec6f942de719
GSM2404704_9721365197_R03C02_Grn.idat.gz	74c26c8e151646a30f6b9215848400fb
GSM2404704_9721365197_R03C02_Red.idat.gz	18d1cd45dba5b0f3fd452883e46ffd0c
GSM2404705_9721365197_R04C02_Grn.idat.gz	3452795ef0fd60df169a9a3d503c35fb
GSM2404705_9721365197_R04C02_Red.idat.gz	64f788ad9f92c6c69d1b86ad60ef8505
GSM2404706_9721365197_R06C02_Grn.idat.gz	a9cb157ccb1f48636febd8c5c7d4e910
GSM2404706_9721365197_R06C02_Red.idat.gz	b9e838ee937b58b4ff67d1ca97ef950d
GSM2404707_9741950140_R02C01_Grn.idat.gz	f3457d217f7d16e0e254d9f5e0c7b16e
GSM2404707_9741950140_R02C01_Red.idat.gz	62c757f79a20ce75b07e2258e47b3b31
GSM2404708_9721366150_R06C02_Grn.idat.gz	1ee978145864dbd070759c9beb265311
GSM2404708_9721366150_R06C02_Red.idat.gz	c1ceb49bd2c0c7165cbf949ce038d275
GSM2404709_9721366135_R06C01_Grn.idat.gz	0586a4ffc4036dfb77e5562a20385c2a
GSM2404709_9721366135_R06C01_Red.idat.gz	f22543d25645c44c708c849afd9ac0cf
GSM2404710_9721366135_R01C02_Grn.idat.gz	3328a38078977a28446d04ccefda6182
GSM2404710_9721366135_R01C02_Red.idat.gz	9ae8ef95227b057ea2288c1f7f5b0a8f
GSM2404711_9721366135_R03C01_Grn.idat.gz	df1c3c17e21725a1f628aa8a3ab4cded
GSM2404711_9721366135_R03C01_Red.idat.gz	1fd4b265cf6c46b9f996df53449dd04e
GSM2404712_9721366135_R03C02_Grn.idat.gz	1725f44f889f7845860cbba618c76728
GSM2404712_9721366135_R03C02_Red.idat.gz	774386a5154bf738815f49f5a78a653c
GSM2404713_9721366138_R04C02_Grn.idat.gz	3b104bf5e736931c61e055e353cbbe3e
GSM2404713_9721366138_R04C02_Red.idat.gz	ff7479ac57efc8904ae10bfa1ddc034a
GSM2404714_9721366149_R05C01_Grn.idat.gz	d191f58f0b5aeadca1af483bb4d27130
GSM2404714_9721366149_R05C01_Red.idat.gz	e92c6c1a4d3e28f4ffbc7b3c0c75a0d7
GSM2404715_9721366149_R02C02_Grn.idat.gz	fd24626bf8fad01b93baec3863c90acd
GSM2404715_9721366149_R02C02_Red.idat.gz	244a9d3192501ab4a4489792bf2a9553
GSM2404716_9721366150_R01C01_Grn.idat.gz	0a6a4198dcb4b16cd6c3bc4d244ab3a3
GSM2404716_9721366150_R01C01_Red.idat.gz	aade68251e4bb9dd4701a2a39a233227
GSM2404717_9721366138_R06C01_Grn.idat.gz	b5bd0496f87c8f51ff93dfb368fbf24b
GSM2404717_9721366138_R06C01_Red.idat.gz	d107967a2e47a601d4e0b0c6e95bd96c
GSM2404718_9721366150_R04C01_Grn.idat.gz	7170ac6c906388f947686ebb3b6615d0
GSM2404718_9721366150_R04C01_Red.idat.gz	af993aeee3ec1f485ed3e1ecc8cb44b1
GSM2404719_9721366150_R01C02_Grn.idat.gz	1747fdcacef88c4a4cb6fe42421772f0
GSM2404719_9721366150_R01C02_Red.idat.gz	e8744a8466f801560c657b529e842d00
GSM2404720_9721367020_R04C02_Grn.idat.gz	c38571379ab33689efea23fce7458a1b
GSM2404720_9721367020_R04C02_Red.idat.gz	e67ee1a26c58a5e08d002cb68876fff4
GSM2404721_9741950111_R01C02_Grn.idat.gz	271242f3c0b712c651f03dbdbb936e9f
GSM2404721_9741950111_R01C02_Red.idat.gz	d7fcfb0a9fbeda2c708b49cbad269f42
GSM2404722_9741950111_R05C02_Grn.idat.gz	73cbbe6749ccc64801ef27130c2b3b09
GSM2404722_9741950111_R05C02_Red.idat.gz	53df94286c95cf7ed5a874d75590a953
GSM2404723_9741950120_R02C01_Grn.idat.gz	5eea6e2793b63dc2716126b3d7d179a1
GSM2404723_9741950120_R02C01_Red.idat.gz	8601daa0cda1a60983ce326396651380
GSM2404724_9741950101_R02C01_Grn.idat.gz	7fab5bd4d52d3993ab2a0a3e0c5632f7
GSM2404724_9741950101_R02C01_Red.idat.gz	41e838051f763b3916bc0eb8eeba5009
GSM2404725_9741950120_R04C01_Grn.idat.gz	a09515c46d8f985f62325ab6e0bac59a
GSM2404725_9741950120_R04C01_Red.idat.gz	7105ff9859fbddd19a8299ed7d9f32b7
GSM2404726_9741950120_R06C01_Grn.idat.gz	e6d480a2dcec8662742128df06c4f03d
GSM2404726_9741950120_R06C01_Red.idat.gz	ffebb0c8a1efd77438d34296606bbdc0
GSM2404727_9741950120_R01C02_Grn.idat.gz	f1e76fb0666691375926ddf10cc37291
GSM2404727_9741950120_R01C02_Red.idat.gz	b27e8c0a9b840a857348142539f331ff
GSM2404728_9741950120_R02C02_Grn.idat.gz	f8335f02419659cff260c10c2fffdd65
GSM2404728_9741950120_R02C02_Red.idat.gz	61416dd1da01465f0c5fac0411c3be6c
GSM2404729_9741950120_R03C02_Grn.idat.gz	cf0d5f6be899f331d610148a5545e2b3
GSM2404729_9741950120_R03C02_Red.idat.gz	b70f26604bd0d8e624faa009c436c0da
GSM2404730_9741950120_R04C02_Grn.idat.gz	3126ddaa58bb63f8b4515191e2046f4b
GSM2404730_9741950120_R04C02_Red.idat.gz	fd60fe192a5e88fb04d942913fad63bd
GSM2404731_9741950120_R05C02_Grn.idat.gz	864e666d61bfe7c1b61f43c503e9c15f
GSM2404731_9741950120_R05C02_Red.idat.gz	6de886f845cf3e35c4e510258789a973
GSM2404732_9741950101_R04C01_Grn.idat.gz	0bc5e650437390a49d2e865d595a23e9
GSM2404732_9741950101_R04C01_Red.idat.gz	1c7e85270f98a02714156cf10d27221d
GSM2404733_9741950101_R05C01_Grn.idat.gz	2dbb56af56ebe7aa6141b07e9d8012dd
GSM2404733_9741950101_R05C01_Red.idat.gz	fb52c736c5e5de14e8dca100b17076b9
GSM2404734_9741950101_R01C02_Grn.idat.gz	88ba9cbbe3ecb79e2de483ba5f4b865b
GSM2404734_9741950101_R01C02_Red.idat.gz	3be7cac6bdd2f26d5b3e0e7c2ff6d299
GSM2404735_9741950111_R06C01_Grn.idat.gz	4f00e1354217543084dbbdbf404c14fa
GSM2404735_9741950111_R06C01_Red.idat.gz	00f970907f506be9a071c4e934ce726e
GSM2404736_9741779119_R06C01_Grn.idat.gz	e65438ca7c700c1c22e5bef0b1e5dfc2
GSM2404736_9741779119_R06C01_Red.idat.gz	eb73b32a35fb2677896ffef95f972c7c
GSM2404737_9741779119_R01C02_Grn.idat.gz	698995b0ce9c2e1f2a69511aef871186
GSM2404737_9741779119_R01C02_Red.idat.gz	9fb99253c1b31d8fa8140ee415b6a9d0
GSM2404738_9741779119_R05C02_Grn.idat.gz	b6ee5b72357953c90452f28f826c1f10
GSM2404738_9741779119_R05C02_Red.idat.gz	e8a12f80d8a253b57c4a7d1ba7591bc6
GSM2404739_9741950101_R06C02_Grn.idat.gz	cd53b982447914912b6da29b8ed0b99f
GSM2404739_9741950101_R06C02_Red.idat.gz	98ad2b3fe3032a769bc15f79a895f408
GSM2404740_9741950107_R01C01_Grn.idat.gz	cc02b022071d11038ca5e0364d83e14f
GSM2404740_9741950107_R01C01_Red.idat.gz	7ab014dee498b2585c6794bef2b0da64
GSM2404741_9761749097_R04C01_Grn.idat.gz	ca885ea4eec60eb0e27d7fbed7a8c176
GSM2404741_9761749097_R04C01_Red.idat.gz	d6faeaa55e34e51c2d8fa3ca0ce420b5
GSM2404742_9741950152_R02C02_Grn.idat.gz	d3f742f4e40bd5944aade6c5e9768b62
GSM2404742_9741950152_R02C02_Red.idat.gz	3d937f4bee00dfd9b9089a2642c3639f
GSM2404743_9741950152_R06C02_Grn.idat.gz	472e129a7d281e6c3d5a9baa5c7b97ad
GSM2404743_9741950152_R06C02_Red.idat.gz	cf2592ba2a8d47535a1ef781e2b8d75e
GSM2404744_9761749012_R05C01_Grn.idat.gz	fdf663451fbf77a78726fa77ee5756cb
GSM2404744_9761749012_R05C01_Red.idat.gz	d1d81cf98487d1c6dd1a0a5b54e650cb
GSM2404745_9761749012_R06C01_Grn.idat.gz	a239aaacc61003012eabb86e12f61de3
GSM2404745_9761749012_R06C01_Red.idat.gz	62cbaee55179b707c686d434beeebb64
GSM2404746_9761749088_R03C01_Grn.idat.gz	87a885cc5e088091b32391747e91eed5
GSM2404746_9761749088_R03C01_Red.idat.gz	e558c2508381d522f74c1fc60543fbf2
GSM2404747_9761749088_R06C01_Grn.idat.gz	183e566ddedccddc89903793cb7da3b3
GSM2404747_9761749088_R06C01_Red.idat.gz	f0ba906cfb47a52d2e350401ccd6b8a1
GSM2404748_9769100008_R01C02_Grn.idat.gz	9b9a3292ba7d5fc37557205b33fe2c1b
GSM2404748_9769100008_R01C02_Red.idat.gz	2760b5cd83b063624f3bc4709797277a
GSM2404749_9769100023_R02C01_Grn.idat.gz	90212927b657187751410b008a173220
GSM2404749_9769100023_R02C01_Red.idat.gz	c25f48043599c11afe430dc10a0ff1e5
GSM2404750_9769100023_R06C02_Grn.idat.gz	891f4747118a3ad97e8f04fd2eda6094
GSM2404750_9769100023_R06C02_Red.idat.gz	2a970a8e0d503291235cb3703605b74c
GSM2404751_9769100024_R02C01_Grn.idat.gz	9f06acad3f69301ed9082172766d6f6b
GSM2404751_9769100024_R02C01_Red.idat.gz	f82bf8fbe453288748a9200293965b5a
GSM2404752_9769100024_R04C01_Grn.idat.gz	6485a09073daa09ad64201c82197a37c
GSM2404752_9769100024_R04C01_Red.idat.gz	7c709c5ca28d22d1cdb696243c8b515c
GSM2404753_9769100024_R05C01_Grn.idat.gz	73477ae4c3039b296692a10f3aaeecea
GSM2404753_9769100024_R05C01_Red.idat.gz	92cea445116b789f4cf68b279a7185af
GSM2404754_9769100024_R06C01_Grn.idat.gz	2c7dd2d0ec995150e1bad3e3105e60a2
GSM2404754_9769100024_R06C01_Red.idat.gz	c649f9d5ed921c498c2dc96e437e4579
GSM2404755_9769100024_R01C02_Grn.idat.gz	e95470f18da6443437d514b343067e0d
GSM2404755_9769100024_R01C02_Red.idat.gz	060144003bbc6b4222ec8e6f480e6859
GSM2404756_9769100024_R02C02_Grn.idat.gz	d6136f7efcf88f284af7c6c0a7bb2768
GSM2404756_9769100024_R02C02_Red.idat.gz	5c63c2905e0b6c1b3769c7d2fa78cbb2
GSM2404757_9769100024_R04C02_Grn.idat.gz	0d6fc94603117018a84cb5c6ce51acd3
GSM2404757_9769100024_R04C02_Red.idat.gz	c273c59cfd5c511aa25c19b6da509cc0
GSM2404758_9769100024_R06C02_Grn.idat.gz	ee4524dfb8f6a37b5b4679a7618cb7f1
GSM2404758_9769100024_R06C02_Red.idat.gz	1c46c4bd75fab94f0dbfe06217ef633d
GSM2404759_9829119072_R04C01_Grn.idat.gz	71c5d76b569ade570d4b4f80f56a2292
GSM2404759_9829119072_R04C01_Red.idat.gz	8ae0053097798cb58b4ba9f5e67b2ad5
GSM2404760_9769100071_R04C02_Grn.idat.gz	3d388be3709fcc24d6406a4e3f283ff3
GSM2404760_9769100071_R04C02_Red.idat.gz	0ec468f387ca896f9ea4bd9798f5de60
GSM2404761_9829119072_R04C02_Grn.idat.gz	c9319ecea9670c2447974b58a060770e
GSM2404761_9829119072_R04C02_Red.idat.gz	2ea480fa6e3268c895556cd8cf684562
GSM2404762_9829119072_R05C02_Grn.idat.gz	1c13a038991680d642268190b6aeb188
GSM2404762_9829119072_R05C02_Red.idat.gz	ff986f67ad126c310a2fa1cf4dc2695c
GSM2404763_9829119119_R01C01_Grn.idat.gz	0518d7aea5bfb7ec00ab9920cfb0f1c3
GSM2404763_9829119119_R01C01_Red.idat.gz	822dad122066d4fd21b95d65146728d9
GSM2404764_9829119119_R03C02_Grn.idat.gz	718e8aa3f8562ea2176f942dc252d3ef
GSM2404764_9829119119_R03C02_Red.idat.gz	35bc9151330659a7de2ffcd9f3eebb15
GSM2404765_9829119119_R04C02_Grn.idat.gz	6f7810dc76e353390269bd8cd49cf3fc
GSM2404765_9829119119_R04C02_Red.idat.gz	d4aba4d0581825ff8ed97c375eb09ae3
GSM2404766_9829119122_R05C01_Grn.idat.gz	498448300adef52edf7d1fadc51c374d
GSM2404766_9829119122_R05C01_Red.idat.gz	7765548824ff495f5968b7679cf38053
GSM2404767_9829119122_R06C01_Grn.idat.gz	9d5f01ad4cc50a15425dcf53b96b15b9
GSM2404767_9829119122_R06C01_Red.idat.gz	3e27ca6942a839467cc380983baf1f0a
GSM2404768_9829119122_R03C02_Grn.idat.gz	22da3c23ed7c65d197a1d277955215c3
GSM2404768_9829119122_R03C02_Red.idat.gz	19442e91b073d4092c788b2987dc6422
GSM2404769_9829119122_R06C02_Grn.idat.gz	0db205e2363028e93da77e18b28c3118
GSM2404769_9829119122_R06C02_Red.idat.gz	451709710842f4e5cdc81043dd10d0f8
GSM2404770_9829119124_R01C01_Grn.idat.gz	45d303e025c67e73b719bf64b8d59346
GSM2404770_9829119124_R01C01_Red.idat.gz	ee65c5e71fe3fe25b07e8f1f5889fae5
GSM2404771_9829119124_R02C01_Grn.idat.gz	85795b8e50f399debaaaa898f26ef30c
GSM2404771_9829119124_R02C01_Red.idat.gz	b105e0d43d34b00eebd154714b78644a
GSM2404772_9829119124_R03C01_Grn.idat.gz	580659c3a47fdcfac4c4586002d83fdc
GSM2404772_9829119124_R03C01_Red.idat.gz	eda625a4a3dcb4333996f8625a776873
GSM2404773_9829119124_R04C01_Grn.idat.gz	1e40613753ba5ed4de0486e19270664e
GSM2404773_9829119124_R04C01_Red.idat.gz	7cd96cec77a33a1d8a018dff35b383ce
GSM2404774_9829119124_R02C02_Grn.idat.gz	d79dc942b21914834efb60a47956d3f9
GSM2404774_9829119124_R02C02_Red.idat.gz	aa31cdd19394c2120584584395e2cc97
GSM2404775_9769100007_R02C02_Grn.idat.gz	da538995880fc50c193b79ddf89894ef
GSM2404775_9769100007_R02C02_Red.idat.gz	cdb1026367750ecad6552c0a0d20cdf5
GSM2404776_9769100008_R02C01_Grn.idat.gz	9ece59ba6a621a50e8b5380de664ffba
GSM2404776_9769100008_R02C01_Red.idat.gz	464b06cbf86874d2c3d55097423cbabe
GSM2404777_9829119256_R01C02_Grn.idat.gz	5d835dae9090e6412b4990c9ab9bc12a
GSM2404777_9829119256_R01C02_Red.idat.gz	42061fa26e40a234dceb2e01c3f9ebbf
GSM2404778_9533774023_R05C02_Grn.idat.gz	e788959bf4c5900803c621f9ee1a39bc
GSM2404778_9533774023_R05C02_Red.idat.gz	cd8741046462dd1540b7a73381e53dd3
GSM2404779_9533774023_R06C02_Grn.idat.gz	d156787a330fbed05205a9943884ca53
GSM2404779_9533774023_R06C02_Red.idat.gz	c063bb41a903b4dc4ff2db45c31b0ecc
GSM2404780_9533774023_R04C01_Grn.idat.gz	2e8a9e1f91e51eebdab620cd2330877f
GSM2404780_9533774023_R04C01_Red.idat.gz	97fabad52631ccaee745eac99ee150bb
GSM2404781_9533774023_R01C02_Grn.idat.gz	ba8aa08df14ccf66c496f621b91b1f07
GSM2404781_9533774023_R01C02_Red.idat.gz	fcf4ab016575e6c4f8bf98be10e2830d
GSM2404782_9533774013_R02C02_Grn.idat.gz	216ab3b9f6cb06d6c2d71b31b131d6d9
GSM2404782_9533774013_R02C02_Red.idat.gz	39b30a6aaa31d2d621ffb2a46a4d5e16
GSM2404783_9533774013_R03C02_Grn.idat.gz	9cd4e1c2b3a569e61cf612c7fe2292fa
GSM2404783_9533774013_R03C02_Red.idat.gz	76db8bc98c7ef374c8b397f5352874ba
GSM2404784_9533774013_R04C02_Grn.idat.gz	dd62634a4c3e5d896cbd9e2f91ee45b2
GSM2404784_9533774013_R04C02_Red.idat.gz	e9f4f29fb13099d5f1d9f02eeafaa1a2
GSM2404785_9533774018_R01C02_Grn.idat.gz	9ba41b1d1d8f6872471d7c628d9743d6
GSM2404785_9533774018_R01C02_Red.idat.gz	983b926ac775560c038af73be9af91bb
GSM2404786_9533774018_R03C02_Grn.idat.gz	599e279f97bb3523b2dba06d52a59782
GSM2404786_9533774018_R03C02_Red.idat.gz	65934c168345a93800f52e5fdba15e09
GSM2404787_9533774018_R04C02_Grn.idat.gz	402bb2f76a079e66de5c4836027c40a7
GSM2404787_9533774018_R04C02_Red.idat.gz	34d3d7b1c86be4f3e7f2a5ce75ff75c0
GSM2404788_9533774018_R05C02_Grn.idat.gz	b5c0dfc185a3f3869c9ee92cbdcb141c
GSM2404788_9533774018_R05C02_Red.idat.gz	04a81591a202eeb989ef1c384f106b87
GSM2404789_9533774018_R06C02_Grn.idat.gz	c3d1f223374ce1f68e83e39237ad55bc
GSM2404789_9533774018_R06C02_Red.idat.gz	8222c570a4a2b33ef7c3f1c2d7fa6bbc
GSM2404790_9533774021_R04C02_Grn.idat.gz	977928afe2ed556740696a33b2163d3a
GSM2404790_9533774021_R04C02_Red.idat.gz	4459dfc91e508f57b54226eb84fefb4d
GSM2404791_9513149159_R02C02_Grn.idat.gz	f877d9505b8c507039faad69dc30b673
GSM2404791_9513149159_R02C02_Red.idat.gz	8a6c0a9157ce100c579db14b5ca4602b
GSM2404792_9533774057_R03C02_Grn.idat.gz	704f5ae5d9c824a738a0e738cbafe4b5
GSM2404792_9533774057_R03C02_Red.idat.gz	ff0e8078ca9cc38dbcb762c31580d701
GSM2404793_9533774066_R03C02_Grn.idat.gz	6bd06e9f2ad7bf303cab68f947116f04
GSM2404793_9533774066_R03C02_Red.idat.gz	c7fb3a41b30be330386c5316d93c61d1
GSM2404794_9533774066_R01C02_Grn.idat.gz	3d383b65dfebfa5ac0a5481e6e60d4b5
GSM2404794_9533774066_R01C02_Red.idat.gz	e395d8f45c02c55e8bb742b0f92095d9
GSM2404795_9533774066_R02C02_Grn.idat.gz	76876bfd1d686b393f7461433ab08b04
GSM2404795_9533774066_R02C02_Red.idat.gz	13e394240ba1a6fc50a89caad0ce7a57
GSM2404796_9533774057_R02C02_Grn.idat.gz	de0be0d601f75c2d17e03411e11fc772
GSM2404796_9533774057_R02C02_Red.idat.gz	997b1fd2245d5dd6462ee4fda98834b3
GSM2404797_9533774066_R02C01_Grn.idat.gz	9bb52a90420f7c0f145e5b1bf3b082b3
GSM2404797_9533774066_R02C01_Red.idat.gz	a9c0a279be823f2cac987da7a2f5bf3d
GSM2404798_9533774066_R04C01_Grn.idat.gz	0d0c5586b2e9d4e8bcd680f0b56d96a3
GSM2404798_9533774066_R04C01_Red.idat.gz	d3ccbffa52daf18d4cc427eed3438f69
GSM2404799_9533774066_R01C01_Grn.idat.gz	7a25acef578a275bd713fae59f2fb5ab
GSM2404799_9533774066_R01C01_Red.idat.gz	8b93691cfa1f0acace76f9dbe08feb23
GSM2404800_9533774066_R06C01_Grn.idat.gz	8d8a251ceda7b076bf8f6913481d5be0
GSM2404800_9533774066_R06C01_Red.idat.gz	c51d9a71d4f00eec6f75085bfec42c0b
GSM2404801_9533774057_R06C02_Grn.idat.gz	62147dc38811020a66db9f3e79305334
GSM2404801_9533774057_R06C02_Red.idat.gz	06369acb654ec64c4924bfd7c8012dc0
GSM2404802_9533774057_R01C02_Grn.idat.gz	6ecab2c0e70c4ba5be96be372d70e43b
GSM2404802_9533774057_R01C02_Red.idat.gz	9608d5cb1bd593639e7d1c3d0f30b073
GSM2404803_9533774057_R04C02_Grn.idat.gz	1f4bae5efc70db3e88ff659da4464b2b
GSM2404803_9533774057_R04C02_Red.idat.gz	2db227183e14630e11670136a2095c54
GSM2404804_9533774057_R05C02_Grn.idat.gz	95d6f5da09a4746a7e6cd69d3a900be5
GSM2404804_9533774057_R05C02_Red.idat.gz	6a2fbe32da1ca95c3facac01a3a3c1a8
GSM2404805_9533774066_R05C02_Grn.idat.gz	7f19f2306385f94ff2c43d5eb62fb75d
GSM2404805_9533774066_R05C02_Red.idat.gz	3d7ec7397c8102ce1eca4bfd6885363c
GSM2404806_9533774066_R05C01_Grn.idat.gz	14fc5996a6cd42825de83d380d5abc86
GSM2404806_9533774066_R05C01_Red.idat.gz	e554ae4b9507917f789c12c09187b498
GSM2404807_9533774066_R04C02_Grn.idat.gz	81e8b9c1fc84faaf3f1dc0828614c96e
GSM2404807_9533774066_R04C02_Red.idat.gz	81fb4dc797646f07c9340bbdd3cd9511
GSM2404808_9533774066_R06C02_Grn.idat.gz	61dfdd3bfc08d7debbb3762f99ba0e9d
GSM2404808_9533774066_R06C02_Red.idat.gz	1eec11592097d4185233348721bc57e8
GSM2404809_9533774047_R05C02_Grn.idat.gz	fb22c9b301bef2da5c95b480f5543fd9
GSM2404809_9533774047_R05C02_Red.idat.gz	1ef353d80242fd7071e3cf7d124e27b8
GSM2404810_9533774067_R01C01_Grn.idat.gz	c7e82ac97d1d54b16d68fccb61fe51d9
GSM2404810_9533774067_R01C01_Red.idat.gz	655bed1991d945a3331403190f3f49b0
GSM2404811_9533774067_R04C02_Grn.idat.gz	3b348e225fc568a34cd235ebd9b77803
GSM2404811_9533774067_R04C02_Red.idat.gz	f994bbd6d70193d7d24f063a3b33ee07
GSM2404812_9533774041_R04C02_Grn.idat.gz	dfaece4495aa80326f53bb8e627151e2
GSM2404812_9533774041_R04C02_Red.idat.gz	49b4bc45107dc951caa9749d27cb6385
GSM2404813_9533774041_R06C02_Grn.idat.gz	cf23f69416c2a8f7c005468a92666dd2
GSM2404813_9533774041_R06C02_Red.idat.gz	859e2b485fecd54709eb7b069630a73d
GSM2404814_9533774046_R04C01_Grn.idat.gz	8ec44a8dfad2f2689bb6543726fa6d14
GSM2404814_9533774046_R04C01_Red.idat.gz	7ec63a9c982f62421bcfec973e9fa204
GSM2404815_9533774046_R05C01_Grn.idat.gz	81ce72d52c432f4dd9f4dfa77e16cb8e
GSM2404815_9533774046_R05C01_Red.idat.gz	5b8143d585d6c38d5db32c7509e1c978
GSM2404816_9533774046_R06C01_Grn.idat.gz	986503dc3778eacd64be5c893ca06218
GSM2404816_9533774046_R06C01_Red.idat.gz	b5286fd1e7644f495684714f43d3f218
GSM2404817_9533774046_R03C02_Grn.idat.gz	f1bc541ba1e544695c5b77cae8509bc2
GSM2404817_9533774046_R03C02_Red.idat.gz	b04095732ad80a304699c95dd0d070d5
GSM2404818_9533774046_R05C02_Grn.idat.gz	e13f5cfdec04ca6ae7ab393b6c634d5d
GSM2404818_9533774046_R05C02_Red.idat.gz	9ece6cab57014e14dd242469426f7d61
GSM2404819_9533774041_R01C02_Grn.idat.gz	a8ad2f538a67a41e364205278a1c90e0
GSM2404819_9533774041_R01C02_Red.idat.gz	c5266543300c7bc9f87e7edc4f80402b
GSM2404820_9533774024_R04C01_Grn.idat.gz	c418bff06926ac755efc40b4d2a63e21
GSM2404820_9533774024_R04C01_Red.idat.gz	d6905b03ec0c02c8d5daa16281751dd0
GSM2404821_9533774024_R01C02_Grn.idat.gz	cc9b2b90d073cdd9d902769795fe1f82
GSM2404821_9533774024_R01C02_Red.idat.gz	3805debaf49ed3c136d50e297ac8dafc
GSM2404822_9533774024_R03C02_Grn.idat.gz	11d9265783d9385a2e59d4d88b90a062
GSM2404822_9533774024_R03C02_Red.idat.gz	2760e2282b78764b45606da32c255eeb
GSM2404823_9533774024_R04C02_Grn.idat.gz	9d57f8686ecdef659414ffdc5aba0a29
GSM2404823_9533774024_R04C02_Red.idat.gz	ce002e264732a31527738e3d0529fe3f
GSM2404824_9533774024_R06C02_Grn.idat.gz	c0eafd8a7e937c5427acee8fd4bbb9b7
GSM2404824_9533774024_R06C02_Red.idat.gz	a8ff60325b91e6c39924b85431d6a026
GSM2404825_9533774033_R01C01_Grn.idat.gz	69fdb6a2fe823f426483400a822b502c
GSM2404825_9533774033_R01C01_Red.idat.gz	85edc1053951a2df3760d49d70fe5ab3
GSM2404826_9533774033_R02C01_Grn.idat.gz	815df9d8616e1193739e024b3db708d4
GSM2404826_9533774033_R02C01_Red.idat.gz	0934744ae8fbda4b6bd7adf551a7528e
GSM2404827_9533774033_R05C01_Grn.idat.gz	cd397cae10f81d7a33c15f56e2d1dfa3
GSM2404827_9533774033_R05C01_Red.idat.gz	768d65d4e92441a162af82887279f2eb
GSM2404828_9533774033_R01C02_Grn.idat.gz	ddeb3bf4d4f50e8b20d59a4451c60fe1
GSM2404828_9533774033_R01C02_Red.idat.gz	4be2624e30119f38bf2103ddebddf539
GSM2404829_9533774033_R05C02_Grn.idat.gz	d5e16f002f49810118dcdad29dea8f22
GSM2404829_9533774033_R05C02_Red.idat.gz	da195340a87f07e98806ab225f202868
GSM2404830_9533774041_R03C01_Grn.idat.gz	294fd7931dfaeb99986a8c93161debb4
GSM2404830_9533774041_R03C01_Red.idat.gz	3c2402783aa7f15454e599a3bd271544
GSM2404831_9533774041_R04C01_Grn.idat.gz	b5eb5f650ca99e991ad036a79eec11f7
GSM2404831_9533774041_R04C01_Red.idat.gz	ab44ac1b9334b2c7b83c3f25fc386f86
GSM2404832_9533774041_R05C01_Grn.idat.gz	9ebc03a3260f22b876d3faeaa86f2dc8
GSM2404832_9533774041_R05C01_Red.idat.gz	6dc37e6a2d5e7f29336423077ab57191
GSM2404833_9533774082_R01C01_Grn.idat.gz	67d949578214d7fc64ecb396bbc99b63
GSM2404833_9533774082_R01C01_Red.idat.gz	4bbfba5ef765c5719de27c7eabf3791a
GSM2404834_9533774082_R03C01_Grn.idat.gz	dd90d5f31c33378401baa007c22714d1
GSM2404834_9533774082_R03C01_Red.idat.gz	ae6977e621f9a8762dfe584c22adc07b
GSM2404835_9533774082_R04C01_Grn.idat.gz	2ca46816782bddf0ffb5236a839afcc6
GSM2404835_9533774082_R04C01_Red.idat.gz	507eb09821c858720785ba99a1e1dbf5
GSM2404836_9533774082_R05C01_Grn.idat.gz	8ff213fd5c90b84773a345c024e28567
GSM2404836_9533774082_R05C01_Red.idat.gz	eb712738f5e928916e97edaad46df1f8
GSM2404837_9533774082_R06C01_Grn.idat.gz	fc8e755513a78c82bf3e7aba5a5baad0
GSM2404837_9533774082_R06C01_Red.idat.gz	daca0401b864c3c84a44a9e627669091
GSM2404838_9533774082_R01C02_Grn.idat.gz	28ade499a5e942a4079bae58041cf218
GSM2404838_9533774082_R01C02_Red.idat.gz	cb0d6b5975f6039446cdc423b051f90f
GSM2404839_9533774082_R04C02_Grn.idat.gz	89676af7d3dc96f32a063a9f6c41a554
GSM2404839_9533774082_R04C02_Red.idat.gz	d164c2983362b7c109213843191200ce
GSM2404840_9533774082_R06C02_Grn.idat.gz	f388a12f0caaca28befc1b5e12128f83
GSM2404840_9533774082_R06C02_Red.idat.gz	c31482509ca1790ce10fec70db77ae02
GSM2404841_9533774084_R02C01_Grn.idat.gz	757c2c54c6fe4dffa37409b7bf92f168
GSM2404841_9533774084_R02C01_Red.idat.gz	142ec5e92383f160176ca35c17e3bac9
GSM2404842_9533774084_R03C01_Grn.idat.gz	a5755efcecb75e7cc104a4a2a9193f73
GSM2404842_9533774084_R03C01_Red.idat.gz	ce6be461df52f44bcd446f757a8d9041
GSM2404843_9533774084_R04C01_Grn.idat.gz	e43163482154e1fe7466acec55173ce5
GSM2404843_9533774084_R04C01_Red.idat.gz	eb9ae1d0afd80e12d225eeb1d7bbd45b
GSM2404844_9533774084_R06C01_Grn.idat.gz	b19904a3695b86fe10aeb0b6907abdf0
GSM2404844_9533774084_R06C01_Red.idat.gz	6ae76b9a4ced33e2dcf00357b99c6a20
GSM2404845_9533774084_R06C02_Grn.idat.gz	5b8b0655d28cf309ca841c5fe6a26b4b
GSM2404845_9533774084_R06C02_Red.idat.gz	7414adf28bc660619355996eb8f0a210
GSM2404846_9533774088_R02C01_Grn.idat.gz	ef444bd22bc38b166ff6204c0ff86f4a
GSM2404846_9533774088_R02C01_Red.idat.gz	2bcc8db931dc0148a2ed74b3046d7187
GSM2404847_9533774088_R01C02_Grn.idat.gz	b65db0100ae04182627f934d6e719a75
GSM2404847_9533774088_R01C02_Red.idat.gz	d1ad5fbf67402413817d8d1d234fa761
GSM2404848_9533774097_R01C01_Grn.idat.gz	5edc872cb4ab79a83a2460ca0680a493
GSM2404848_9533774097_R01C01_Red.idat.gz	5bee4d03069d5219a9b2630a8851b049
GSM2404849_9533774097_R03C01_Grn.idat.gz	27d9c00190f90b2fa5cb844522c63ff3
GSM2404849_9533774097_R03C01_Red.idat.gz	1865723dc2fc12ebaa31a2219b3eb52a
GSM2404850_9533774097_R06C01_Grn.idat.gz	3b749666b89862f629546d2d645d7ddc
GSM2404850_9533774097_R06C01_Red.idat.gz	195b1c9d5e85694e7667a6bd2192ec3a
GSM2404851_9533774097_R01C02_Grn.idat.gz	ee0b4a250adf2901e1f76cbd407ff2a5
GSM2404851_9533774097_R01C02_Red.idat.gz	59ab2366a1391fcec595e07ddb847eb6
GSM2404852_9533774097_R02C02_Grn.idat.gz	9b5405f7f9288ab0ecb45d7e005c9775
GSM2404852_9533774097_R02C02_Red.idat.gz	b73313c56efc5003e86be1d063285ca5
GSM2404853_9533774072_R01C02_Grn.idat.gz	81d172920eb1a89d7f410e09d5ba8046
GSM2404853_9533774072_R01C02_Red.idat.gz	7403a8caa9126298807b7596785a304b
GSM2404854_9534104010_R06C02_Grn.idat.gz	b48013cefe3be6293e120905deb3b739
GSM2404854_9534104010_R06C02_Red.idat.gz	9fe57b0318b89547c8e37926969f1741
GSM2404855_9533774101_R03C02_Grn.idat.gz	4025c5e935ce99068a0d64fc65b2a7f1
GSM2404855_9533774101_R03C02_Red.idat.gz	f811ce705e9e85dc27c7891ada48f95f
GSM2404856_9533774102_R04C02_Grn.idat.gz	fe0dc5a44a8a695019dbf4b1fd26c5c0
GSM2404856_9533774102_R04C02_Red.idat.gz	a6bfc02fb1b07e3e763a88e676aff21b
GSM2404857_9534104006_R03C02_Grn.idat.gz	d78453998db587099cb24cc869fdc96e
GSM2404857_9534104006_R03C02_Red.idat.gz	b34a1c93c046c02e46f85353b5f04e96
GSM2404858_9533774101_R05C02_Grn.idat.gz	74ca8c69ec2cfb0b61fe658edde52ff5
GSM2404858_9533774101_R05C02_Red.idat.gz	0a3c1af58326b0ea6d71edeb47e53f84
GSM2404859_9533774106_R05C02_Grn.idat.gz	98edb6a395a9e9c384cbefd0501b087a
GSM2404859_9533774106_R05C02_Red.idat.gz	2e5f11e794f1b6752de15ae7a6e7aac4
GSM2404860_9533774102_R02C02_Grn.idat.gz	42706773279a4588a1438d7e19427779
GSM2404860_9533774102_R02C02_Red.idat.gz	df98cfab1f3896d71f624c6f1b373ded
GSM2404861_9533774101_R01C01_Grn.idat.gz	18535434365c4e948b93848ad0716384
GSM2404861_9533774101_R01C01_Red.idat.gz	b14f77cd0ef9ad0e0f217b4d343a6fad
GSM2404862_9533774106_R01C01_Grn.idat.gz	c72b214af2ad75923916dd0a6455165c
GSM2404862_9533774106_R01C01_Red.idat.gz	bbb9ce402ffa595c1f34a1c35e5e24b2
GSM2404863_9533774101_R03C01_Grn.idat.gz	6a191a36617c213569ec741f70d0bff3
GSM2404863_9533774101_R03C01_Red.idat.gz	5ad8894dc37c213aad45ba2d4cb441b9
GSM2404864_9533774106_R04C01_Grn.idat.gz	8ab4cd31dcfdeffada7e5d9b8b30012b
GSM2404864_9533774106_R04C01_Red.idat.gz	9d3482caf555cb8cfa2f76f85dd6fd79
GSM2404865_9533774102_R05C01_Grn.idat.gz	0e789464e60d93de434381f6c7c6a643
GSM2404865_9533774102_R05C01_Red.idat.gz	9a791b39ccde48b9dcdc5172e4f3b428
GSM2404866_9533774102_R06C01_Grn.idat.gz	849598d3e292d4775943e3fbbd866ae7
GSM2404866_9533774102_R06C01_Red.idat.gz	367217dba1e3331737c889c5074923e9
GSM2404867_9534104007_R01C01_Grn.idat.gz	2579e1b33538098ab4f31c7e91612018
GSM2404867_9534104007_R01C01_Red.idat.gz	e29742166d5dc2bdce51d3b6fea172c9
GSM2404868_9534104007_R04C01_Grn.idat.gz	8cfc7873fd8780f1e633e5fa8e45ea9c
GSM2404868_9534104007_R04C01_Red.idat.gz	9ff1a3a99ff2b6f6fb705e5d3dae1a7a
GSM2404869_9534104007_R02C02_Grn.idat.gz	12e2e21aee6d1c768de3f4ff278ef9ef
GSM2404869_9534104007_R02C02_Red.idat.gz	7fd30a63db64b288f993ad2f210c188a
GSM2404870_9534104007_R03C02_Grn.idat.gz	19d02950b3aad55997473fed18f15b38
GSM2404870_9534104007_R03C02_Red.idat.gz	5b4ead337227f8d15112f5ebad9a952e
GSM2404871_9534104007_R04C02_Grn.idat.gz	aaca7e0db44babecdb03aaa10d1216f9
GSM2404871_9534104007_R04C02_Red.idat.gz	3703073214cbddc8b21454f45d5d6886
GSM2404872_9534104008_R02C02_Grn.idat.gz	6f3f124a6b4d909c194b5b5523cbb9cb
GSM2404872_9534104008_R02C02_Red.idat.gz	b47d1435888801b617474c560cfcbe68
GSM2404873_9534104008_R04C02_Grn.idat.gz	92e4266f21db6e912eca510b89e85701
GSM2404873_9534104008_R04C02_Red.idat.gz	212642e5df0b55befc474bdf70c257a4
GSM2404874_9534104008_R06C02_Grn.idat.gz	a815e6ffcec3acad491a881ba20d9059
GSM2404874_9534104008_R06C02_Red.idat.gz	c0cc551cc00e1af3425389ce5bee920b
GSM2404875_9534104010_R01C01_Grn.idat.gz	52a5fbad7bb6fbbfab41200e76f411a4
GSM2404875_9534104010_R01C01_Red.idat.gz	9ea1f1bfc69034f9184f32b2ab7856e0
GSM2404876_9534104010_R02C01_Grn.idat.gz	a3d499e70ee3cf5e9f03252da0ce57d6
GSM2404876_9534104010_R02C01_Red.idat.gz	caa7b0e8225efcca2843a5726214bf70
GSM2404877_9534104010_R06C01_Grn.idat.gz	4f8ce28151f23e5fcb29e16cba65a3e9
GSM2404877_9534104010_R06C01_Red.idat.gz	9658030d0469e263bbcf07a9742d76fc
GSM2404878_9534104010_R02C02_Grn.idat.gz	faae50769dbf6e2af6c904345fff0aa6
GSM2404878_9534104010_R02C02_Red.idat.gz	3e5b0aca5aa2178a4208e772056d0685
GSM2404879_9534104010_R03C02_Grn.idat.gz	7c9fbab6a52405e64c08f3fc6cfd76f5
GSM2404879_9534104010_R03C02_Red.idat.gz	68fe9e3d3e1637908093c1344747319e
GSM2404880_9534104026_R01C01_Grn.idat.gz	3a54f2951d88c155ed098395bdd4dad9
GSM2404880_9534104026_R01C01_Red.idat.gz	a38f2391d292bf402b5686e2176defd4
GSM2404881_9534104026_R02C01_Grn.idat.gz	dd96bf3285ebf7728ac7ea085849b390
GSM2404881_9534104026_R02C01_Red.idat.gz	cfffde4a54dbeaece30d7cdee3c9d5e6
GSM2404882_9534104026_R05C01_Grn.idat.gz	8ad2a6af6fd2cfdf1f30ae08bf15c54f
GSM2404882_9534104026_R05C01_Red.idat.gz	30569fb020e636aebd90d43c7b97eead
GSM2404883_9968646099_R02C01_Grn.idat.gz	77dd5eb1d9bc1769a8ad0fc5d8c76182
GSM2404883_9968646099_R02C01_Red.idat.gz	69d30318eacbb923460f30c915e7a1e2
GSM2404884_9968646113_R06C01_Grn.idat.gz	497bbe6aaa904a017d23984d4a8d33e7
GSM2404884_9968646113_R06C01_Red.idat.gz	7ef83b283d055c9794f5b2432df9ff00
GSM2404885_9968646113_R01C02_Grn.idat.gz	717d33ab5ad64a1439265437e6d1634a
GSM2404885_9968646113_R01C02_Red.idat.gz	b2db7bfd8ee6bfddddee43807cfa0ea9
GSM2404886_9968646113_R02C02_Grn.idat.gz	8119c9fbd295080841030b8ff789a8e4
GSM2404886_9968646113_R02C02_Red.idat.gz	3d45b6a6c0954ddd67de49d3004745fc
GSM2404887_9968646113_R04C02_Grn.idat.gz	3883083dc91cf7db1690984ae05394e1
GSM2404887_9968646113_R04C02_Red.idat.gz	83af95eee1e3c880463fa487e0620edd
GSM2404888_9968646113_R05C02_Grn.idat.gz	d8eb4e8cd2bc66f862e3c261b446cbed
GSM2404888_9968646113_R05C02_Red.idat.gz	4f85888c856b84625b480dd83c51739f
GSM2404889_9968646113_R06C02_Grn.idat.gz	e0e0474fecb1f62c4f02f7c7fd2f1e48
GSM2404889_9968646113_R06C02_Red.idat.gz	94053f4ebd02884988504739c1ede6d6
GSM2404890_9968646118_R02C01_Grn.idat.gz	765eaa9fd293097b131cd1506267428a
GSM2404890_9968646118_R02C01_Red.idat.gz	fd364254626b862d18c8ed9831450549
GSM2404891_9968646118_R03C02_Grn.idat.gz	216721bba0fc27ac9460b4187651b5a0
GSM2404891_9968646118_R03C02_Red.idat.gz	4a22876331d1817fe7ef869f529330c8
GSM2404892_9968646139_R02C02_Grn.idat.gz	763a5b6aae94e1ba90179d91931da88b
GSM2404892_9968646139_R02C02_Red.idat.gz	0c4f6f294f96971c2affa74bcb4c73ac
GSM2404893_9968646139_R04C02_Grn.idat.gz	8cfa1d6e994524464b72b6aa945ef96c
GSM2404893_9968646139_R04C02_Red.idat.gz	48dfb839a32f4cd4425cccacb4c9de99
GSM2404894_9968646144_R04C02_Grn.idat.gz	7a8270d9dab70c4b59c0e83197fa1a6e
GSM2404894_9968646144_R04C02_Red.idat.gz	8cf5b7e44e61d13d39d4d28b8eae8f07
GSM2404895_9968646155_R02C01_Grn.idat.gz	3989031946019cb1528484a83acdbb2f
GSM2404895_9968646155_R02C01_Red.idat.gz	34941e02886f2465b5498788629cea03
GSM2404896_9968646156_R05C01_Grn.idat.gz	a7d74a097c40b88b96534a0dee50ed98
GSM2404896_9968646156_R05C01_Red.idat.gz	292c59ab1cad94665a947b80117fbf28
GSM2404897_9968646155_R06C02_Grn.idat.gz	bad9c3fb2a54f74153156bf39e8f788f
GSM2404897_9968646155_R06C02_Red.idat.gz	c6b029562855bfc11e307807acd8e0ad
GSM2404898_9968646156_R02C02_Grn.idat.gz	34e74860576db4fd3d2e4c4da5d13382
GSM2404898_9968646156_R02C02_Red.idat.gz	2755a27492640e4e24ba16027876d62c
GSM2404900_9968646155_R05C01_Grn.idat.gz	6886887cee0af5a1683727776f5dd5b8
GSM2404900_9968646155_R05C01_Red.idat.gz	ab220678c3d07456d3d879027cdfc85c
GSM2404901_9968646156_R03C02_Grn.idat.gz	c6ca4d1718f3cf363ff35a569e154520
GSM2404901_9968646156_R03C02_Red.idat.gz	7617bd3173d5ef2443e6e1e9523476fb
GSM2404902_9968646156_R03C01_Grn.idat.gz	30e7a068f37d19f13af341a2ee3d00df
GSM2404902_9968646156_R03C01_Red.idat.gz	9ef95ca07a1d556a64a82e898ec8f14e
GSM2404903_9968646158_R01C01_Grn.idat.gz	334349401089334bb38d8f67d6a6818c
GSM2404903_9968646158_R01C01_Red.idat.gz	0d311d092142a7e9290848e079b5aad8
GSM2404905_9968646167_R05C02_Grn.idat.gz	c66b7c1c31ce11fd9246fa18843b0fca
GSM2404905_9968646167_R05C02_Red.idat.gz	b469777d19fd7c5ad91035f839e1b150
GSM2404907_9968646160_R01C02_Grn.idat.gz	29f51466f77878522f3d5eb3c48dcef6
GSM2404907_9968646160_R01C02_Red.idat.gz	315057bfec839fdcc7d37450b1712601
GSM2404908_9968646163_R06C02_Grn.idat.gz	e611f24c84c865835e838b623ec05533
GSM2404908_9968646163_R06C02_Red.idat.gz	2db0e340d23449c426bf7da1717e6e61
GSM2404909_9968646164_R03C01_Grn.idat.gz	a43de7a0e33d73b930b26c34f6b3a290
GSM2404909_9968646164_R03C01_Red.idat.gz	5ad02737210a875e0fdffe763fdb0eb9
GSM2404910_9968646164_R04C02_Grn.idat.gz	f2c1d9dca1049971f20d4e83f09adba0
GSM2404910_9968646164_R04C02_Red.idat.gz	3490f535a8970771fee32147f56a8fee
GSM2404911_9968646164_R06C02_Grn.idat.gz	ac51c5a6e6f9e040200716cf86a8f5ef
GSM2404911_9968646164_R06C02_Red.idat.gz	1e80685dc89564d40dd7caff767f88a9
GSM2404912_9968646165_R02C01_Grn.idat.gz	2b48c75c0ad4e94bfd541a1da528e5b8
GSM2404912_9968646165_R02C01_Red.idat.gz	948c3660222a93602e6f67b535c57bd9
GSM2404913_9968646165_R01C02_Grn.idat.gz	128046f0b295decbc90dff0507d93bf2
GSM2404913_9968646165_R01C02_Red.idat.gz	9db1dc43069df08fa376b2520be09df2
GSM2404914_9968646165_R03C02_Grn.idat.gz	1c6df98d09dcffae5a9e67fc7a99bbb7
GSM2404914_9968646165_R03C02_Red.idat.gz	f15cfb47bd31f8020b6a37402725deaf
GSM2404915_9968646165_R05C02_Grn.idat.gz	5580139aee9cb196f8edf25a4e9d6a3c
GSM2404915_9968646165_R05C02_Red.idat.gz	afad162d09290e8a7630725e8e2a53ae
GSM2404916_9968646167_R04C01_Grn.idat.gz	ff229bf5e7354f3d90367ccb968e932d
GSM2404916_9968646167_R04C01_Red.idat.gz	7f15b175119e94060bf4b9547489fafc
GSM2404917_9968646167_R05C01_Grn.idat.gz	4e0a37d3fd21c8b9a9be226b1d91318d
GSM2404917_9968646167_R05C01_Red.idat.gz	56485abd5e2d1f3b54b46bc45a323104
GSM2404918_9968646167_R04C02_Grn.idat.gz	9bda0aacaec500d1bff250f90e54cbb3
GSM2404918_9968646167_R04C02_Red.idat.gz	2b92eb38428ee68507a0d284eddf7006
GSM2404919_9969477013_R04C02_Grn.idat.gz	7cf631e16821a0af563f695bdd8f9465
GSM2404919_9969477013_R04C02_Red.idat.gz	711bf0318dbccfa470900acd1ebf269c
GSM2404920_9969477013_R06C02_Grn.idat.gz	ad3db004d756b42963d12f18658cdff1
GSM2404920_9969477013_R06C02_Red.idat.gz	7c5993a273c25dd154493e73bb9664c9
GSM2404921_9969477014_R01C01_Grn.idat.gz	ca8da08cd6ee6895dac69a9c5b7ddd36
GSM2404921_9969477014_R01C01_Red.idat.gz	93ae8ad8c84d2b482e3be097a91f8a93
GSM2404922_9969477014_R01C02_Grn.idat.gz	f259a3e905f15d34d1f426a90ad6bf26
GSM2404922_9969477014_R01C02_Red.idat.gz	ecbf5c5062cd6466647b455f430dcdea
GSM2404923_9969477014_R02C02_Grn.idat.gz	7b871b7fbdadb092862740fcaf0e234b
GSM2404923_9969477014_R02C02_Red.idat.gz	f76adaa41679eba86a39833d59b46a2a
GSM2404924_9969477003_R01C02_Grn.idat.gz	943761648b160e38f6c147f56b3ac6cc
GSM2404924_9969477003_R01C02_Red.idat.gz	92ca6ffd764c607954c0d4c02d484c60
GSM2404925_9969477006_R02C02_Grn.idat.gz	60fb917cf981be52b74ac02ba6019df1
GSM2404925_9969477006_R02C02_Red.idat.gz	3a2b39cb514b0979d93aae6cfca8185f
GSM2404926_9969477003_R01C01_Grn.idat.gz	6ff49771c2831da5b629f69af1d8c7a3
GSM2404926_9969477003_R01C01_Red.idat.gz	95041e2f7058621b378ae1daca8ec4d7
GSM2404927_9969477003_R02C01_Grn.idat.gz	c137b7e758184a11828c51079f25fd6f
GSM2404927_9969477003_R02C01_Red.idat.gz	ceeb8f0c0642aeb979df30fd455baff3
GSM2404928_9968646098_R06C01_Grn.idat.gz	40e5a6b199d6b940793759101899c8be
GSM2404928_9968646098_R06C01_Red.idat.gz	6c02731bc9b693b472b2d5eebf3f833d
GSM2404929_9968646096_R04C02_Grn.idat.gz	7a4c128cc9b3668c8f805dc999559e68
GSM2404929_9968646096_R04C02_Red.idat.gz	cf5099ce7f1089b83d721755bbef78d1
GSM2404930_9968646096_R05C02_Grn.idat.gz	ea6d5c288f4a2753d70416f39017809d
GSM2404930_9968646096_R05C02_Red.idat.gz	b85fcdc36a7c220b3648936a98aa259f
GSM2404931_9968646098_R03C02_Grn.idat.gz	edd47ad88e5e6fd8517fbb8f2000a803
GSM2404931_9968646098_R03C02_Red.idat.gz	ad8fb9bebb78ed9228192e1b565bfea8
GSM2404932_9968646096_R06C02_Grn.idat.gz	1d6e465d37956eb4ed8245cf8f7f0cc6
GSM2404932_9968646096_R06C02_Red.idat.gz	6d4548e8165d3dc74d2f812abcebcd82
GSM2404933_9704031078_R01C01_Grn.idat.gz	3098ac3d0ca2b5fd76d10cd152a26ac2
GSM2404933_9704031078_R01C01_Red.idat.gz	780c09241b6546af07833d598da195c4
GSM2404934_9704031008_R03C02_Grn.idat.gz	ac4a376a6c2429fb4a0cd3d3bc8d0d19
GSM2404934_9704031008_R03C02_Red.idat.gz	e717107a07b8b9de58e9d266f4a17983
GSM2404935_9704031078_R02C02_Grn.idat.gz	f5940965324b96088ebecaa886bcabf5
GSM2404935_9704031078_R02C02_Red.idat.gz	aa7d81cf78db8160b8d023e0d8734e69
GSM2404936_9704031075_R06C02_Grn.idat.gz	95e61db7903958da33bb93106cc3d700
GSM2404936_9704031075_R06C02_Red.idat.gz	95e9a25776dbb5a6d3aae36cd2e05d6c
GSM2404937_9704031075_R06C01_Grn.idat.gz	5225573a55e72ab7ab1917d931840a62
GSM2404937_9704031075_R06C01_Red.idat.gz	6be027d7d67165dce028a3569b6bec4a
GSM2404938_9704031008_R05C01_Grn.idat.gz	a7c8fb64ac980816866757bed3ccaac1
GSM2404938_9704031008_R05C01_Red.idat.gz	af71028d5c3848b5d2a14a0dca15fbfa
GSM2404939_9704031078_R03C01_Grn.idat.gz	f9d3b13fab39033aedb1853326a805f2
GSM2404939_9704031078_R03C01_Red.idat.gz	ed19d12d875ca9f07ca9673996e135f4
GSM2404940_9704031075_R03C01_Grn.idat.gz	f307a2a3a52b1aea3c00dbbdb66a60b3
GSM2404940_9704031075_R03C01_Red.idat.gz	f5297ec4d9f616ee9cccd187da4e08a0
GSM2404941_9704031019_R01C02_Grn.idat.gz	9279c83b42421077b34581e3ea8fb85d
GSM2404941_9704031019_R01C02_Red.idat.gz	e09a4198e93d7f5f6a76e33bbbe3472e
GSM2404942_9704031075_R05C02_Grn.idat.gz	51a643f42ee406e0e506f2f12b90c0cd
GSM2404942_9704031075_R05C02_Red.idat.gz	8eb8136a8aab372e0ec8460c6da2ddb8
GSM2404943_9704031008_R03C01_Grn.idat.gz	dca6ed684dbea32c9d4fe0f69acd36de
GSM2404943_9704031008_R03C01_Red.idat.gz	cd6bc55f238370158dab3e1455d3855b
GSM2404944_9704031019_R01C01_Grn.idat.gz	ba41c2890535705672c52cce827ed0bc
GSM2404944_9704031019_R01C01_Red.idat.gz	9c868d04abfb0caea481b58f66feca78
GSM2404945_9769100123_R02C01_Grn.idat.gz	e46fad3613f472c8689d276d9b6464fe
GSM2404945_9769100123_R02C01_Red.idat.gz	6702da4f3a14a30f54557a6c91588c48
GSM2404946_9704031078_R06C01_Grn.idat.gz	e8c68f7b8ac04e57468345acf381a61d
GSM2404946_9704031078_R06C01_Red.idat.gz	97e0152a1c948749b3f2eb4004a187e0
GSM2404947_9704031078_R05C02_Grn.idat.gz	69b0bb2e3d6dd8aa1e2fba1cd2169d31
GSM2404947_9704031078_R05C02_Red.idat.gz	97611c0c73e4bc24d91aeaf1a752cc4c
GSM2404948_9704031075_R05C01_Grn.idat.gz	79fe0bc6ca69a3ac1094ab3220c8d826
GSM2404948_9704031075_R05C01_Red.idat.gz	085aa7db2f13955d8b5d4fadbf4a0bb4
GSM2404949_9704031075_R01C01_Grn.idat.gz	c88ac98a82021b4c65a1460d07dee086
GSM2404949_9704031075_R01C01_Red.idat.gz	c19bb7fdc0fe9dc7b77ff2344de29683
GSM2404950_9704031014_R04C02_Grn.idat.gz	a15cf733023ecc2584c748745a19238b
GSM2404950_9704031014_R04C02_Red.idat.gz	d94c6e3001ae6792f69046327831f0ae
GSM2404951_9704031008_R02C02_Grn.idat.gz	1f0db34143a8adc7e71c59c34d3e819c
GSM2404951_9704031008_R02C02_Red.idat.gz	719e553e3d1dfcde59436777aa2ff9bc
GSM2404952_9704031019_R06C01_Grn.idat.gz	f5108419f57a47eb450e25802e652ed9
GSM2404952_9704031019_R06C01_Red.idat.gz	228643fc873a767c49fca2373e6e4045
GSM2404953_9704031019_R02C01_Grn.idat.gz	3cc579d4c2b2508a51e0872fcbfadd27
GSM2404953_9704031019_R02C01_Red.idat.gz	2961b4955874ea501353ab313423dd2c
GSM2404954_9704031014_R03C02_Grn.idat.gz	a310813efd795cf8214a61b3dfad8b35
GSM2404954_9704031014_R03C02_Red.idat.gz	cbc06770885370d468fb5f10af097976
GSM2404955_9704031078_R04C02_Grn.idat.gz	efa0834b43d5fff2cf98a80a98887f8b
GSM2404955_9704031078_R04C02_Red.idat.gz	b583b436cc89888d6efa259751da09e6
GSM2404956_9704031008_R01C01_Grn.idat.gz	f43791c3a97ad4d26d9c40693eefd762
GSM2404956_9704031008_R01C01_Red.idat.gz	881e34cc97d275b5999b4941098bc76f
GSM2404957_9704031008_R05C02_Grn.idat.gz	26eaeded6e1662218d3bb8d0702806bb
GSM2404957_9704031008_R05C02_Red.idat.gz	1efbd98afc298c4b9dc9c459d74ec5cc
GSM2404958_9704031008_R04C01_Grn.idat.gz	f9969154ab5eb15c37464a5ba6aa161f
GSM2404958_9704031008_R04C01_Red.idat.gz	e7aa2ab1f4e455273cb5f90c8dc709ca
GSM2404959_9704031078_R05C01_Grn.idat.gz	c6be19aeff83222810def55f51836963
GSM2404959_9704031078_R05C01_Red.idat.gz	5ce85a4ce35eb790c0395f629f55668c
GSM2404960_9704031019_R03C02_Grn.idat.gz	c1ca90d5d876d4ff2a12b726eae628e4
GSM2404960_9704031019_R03C02_Red.idat.gz	ed18db371662208d2fbac104d17ee0b4
GSM2404961_9704031014_R04C01_Grn.idat.gz	f1c20d10b906e3a57ec4363dcf012445
GSM2404961_9704031014_R04C01_Red.idat.gz	1715e423360e7570a1e67b7aedf30774
GSM2404962_9704031008_R06C01_Grn.idat.gz	28cf7fe44220d5ef92f0242a83c6e6a9
GSM2404962_9704031008_R06C01_Red.idat.gz	280fd3379628163b9ce5583cbdb97c89
GSM2404963_9704031075_R03C02_Grn.idat.gz	6062cc294173b7553a164a2ff8b09791
GSM2404963_9704031075_R03C02_Red.idat.gz	25b6118cfb351a7dc0bf6a54721eb742
GSM2404964_9704031014_R02C02_Grn.idat.gz	b079c4bb1227f95694529fd2dca9e58c
GSM2404964_9704031014_R02C02_Red.idat.gz	2bf389410becee5f79d07f5194d38bdb
GSM2404965_9704031014_R03C01_Grn.idat.gz	192bb2a0e82100ed34283eb435c01151
GSM2404965_9704031014_R03C01_Red.idat.gz	11d79cd7024c35d71301540cea00b91c
GSM2404966_9704031075_R02C01_Grn.idat.gz	add01ac7b469e662ca547867980ac3d9
GSM2404966_9704031075_R02C01_Red.idat.gz	b1889de977272a59a5db1197f65ee398
GSM2404967_9704031019_R03C01_Grn.idat.gz	f371911b9b746aa868184e99ea989af2
GSM2404967_9704031019_R03C01_Red.idat.gz	760f0421f5875985cf4a73cce25fd3b1
GSM2404968_9769100123_R06C02_Grn.idat.gz	5d39165ab885588bf739216b7d5706e2
GSM2404968_9769100123_R06C02_Red.idat.gz	ef90cbe1949b4531313c4575b3e03922
GSM2404969_9704031078_R02C01_Grn.idat.gz	4a44fac6e46e5a53778fd9b273c1ac06
GSM2404969_9704031078_R02C01_Red.idat.gz	1fdce5d98ca56fa3b206418bbc666ccb
GSM2404970_9704031078_R04C01_Grn.idat.gz	7426d8af0659d5da18060f9f0bac5bfc
GSM2404970_9704031078_R04C01_Red.idat.gz	a588133c331ce7b4df50d2048d52880f
GSM2404971_9769100123_R03C01_Grn.idat.gz	b0b9d285ad8a4892112ea612eed3d990
GSM2404971_9769100123_R03C01_Red.idat.gz	f297ce486afa92ca21608116c59a3eb6
GSM2404972_9704031075_R02C02_Grn.idat.gz	ebf8adb4d558b2b4494d35fd6981d3bf
GSM2404972_9704031075_R02C02_Red.idat.gz	56e1eb3d0b0229d377c9574973818676
GSM2404973_9704031019_R02C02_Grn.idat.gz	ef527555bae3dbba788eedde16ac27a2
GSM2404973_9704031019_R02C02_Red.idat.gz	84be4c51eb7b5a68508bdd35b951313d
GSM2404974_9704031008_R02C01_Grn.idat.gz	b5be71339cb6e2f36888ebf7230dc642
GSM2404974_9704031008_R02C01_Red.idat.gz	bb11b734e47dcb16615ba4bcf3a662c2
GSM2404975_9704031014_R06C02_Grn.idat.gz	64d9b6913c1937bd78f70c5b940cba1c
GSM2404975_9704031014_R06C02_Red.idat.gz	e2425a07869fb05e7036df84d7fa18db
GSM2404976_9704031014_R02C01_Grn.idat.gz	9edbeadd585a0c718be278f946e6a0fb
GSM2404976_9704031014_R02C01_Red.idat.gz	731e77f0c3be2d1fd61bc5fbe5bd45bb
GSM2404977_9704031008_R04C02_Grn.idat.gz	a82ae5cfb97dfe2cf6d8a32a8b1b44c6
GSM2404977_9704031008_R04C02_Red.idat.gz	3eb0821360c6add48a904ec718d62d2a
GSM2404978_9704031075_R04C01_Grn.idat.gz	882f971aa471fa02eedd38a4317acf34
GSM2404978_9704031075_R04C01_Red.idat.gz	390ac7e9eb44a55b28669b238fb9a2cb
GSM2404979_9769100123_R01C02_Grn.idat.gz	f2ffbd765142cb9ed1f2ac9cee7dc10e
GSM2404979_9769100123_R01C02_Red.idat.gz	db99be82e6f49b1cc25f5f32bb7a4db4
GSM2404980_9704031019_R04C01_Grn.idat.gz	ab03583ea03cf3bd8f0bcbd4c1a4b848
GSM2404980_9704031019_R04C01_Red.idat.gz	5b2f192e48512cf287486a37e3bfc3b3
GSM2404981_9769100123_R05C01_Grn.idat.gz	a913fa118846cf0d930346815f9fdcd1
GSM2404981_9769100123_R05C01_Red.idat.gz	1e66d4b5469ed496681b8be52f4ea8fb
GSM2404982_9704031014_R05C02_Grn.idat.gz	15226b47c3b85f6ffe39ee84e86b1bd3
GSM2404982_9704031014_R05C02_Red.idat.gz	bd7783461cf48340f414749fefa9b965
GSM2404983_9704031019_R05C01_Grn.idat.gz	b4f482d5897c7d71e3255a3d6883d090
GSM2404983_9704031019_R05C01_Red.idat.gz	951b37de6b1dd84a7f71e7c0ef9f9fae
GSM2404984_9769100123_R05C02_Grn.idat.gz	0e5acdde47185743251481cd1fbfea95
GSM2404984_9769100123_R05C02_Red.idat.gz	00a11c7481bd9090549e6635ad24a9b7
GSM2404985_9704031075_R01C02_Grn.idat.gz	71dc51a788eb0820c63cb708d9439f18
GSM2404985_9704031075_R01C02_Red.idat.gz	3d29b7ef6db4a99121f66911eb27c564
GSM2404986_9704031014_R01C02_Grn.idat.gz	7899e4bda1e0f6c761d76129847b3c7c
GSM2404986_9704031014_R01C02_Red.idat.gz	f491800d374cfba7f04f1dfc4f48c1c8
GSM2404987_9704031008_R01C02_Grn.idat.gz	14b09e00ca53874ffc05cfcfa33aaafb
GSM2404987_9704031008_R01C02_Red.idat.gz	3a308e12a0805ac73875fd97147927e2
GSM2404988_9704031075_R04C02_Grn.idat.gz	1f1efe2b81eba9755b7a7eda61819114
GSM2404988_9704031075_R04C02_Red.idat.gz	dfb1a5af4ce91ab1ff513d212fb85382
GSM2404989_9704031014_R05C01_Grn.idat.gz	9399a06351572a2bc7a3f8b53f7b0718
GSM2404989_9704031014_R05C01_Red.idat.gz	b6533698d9bb745eebca50adf1e0abd2
GSM2404990_9704031014_R01C01_Grn.idat.gz	904fc591d801d00dc8a1e8c9df65dc06
GSM2404990_9704031014_R01C01_Red.idat.gz	75f16eb4e6d7aae80176c8b78ee5e5d4
GSM2404991_9769100123_R04C01_Grn.idat.gz	b33549c9cf6eba2c49c3a535c784c809
GSM2404991_9769100123_R04C01_Red.idat.gz	75faec61a6071702a15f34c59d2d4760
GSM2404992_9704031078_R01C02_Grn.idat.gz	321cbdb27792e39ecc2d27b802fc9d26
GSM2404992_9704031078_R01C02_Red.idat.gz	8c7bd744d6e14d1cfa84c837c6108144
GSM2404993_9769100123_R06C01_Grn.idat.gz	03429f8329bac220aaa78ebab5cd09f2
GSM2404993_9769100123_R06C01_Red.idat.gz	befd1438fbc8b386838e62d3d454d0dc
GSM2404994_9704031019_R04C02_Grn.idat.gz	5ae63fc7b8144120fffa6c6ba48b7f26
GSM2404994_9704031019_R04C02_Red.idat.gz	c3731fba9e10282a66b1587690b9eeb2
GSM2404995_9969477031_R06C02_Grn.idat.gz	ebbb94657e27194eaa547cf3ebe5f48f
GSM2404995_9969477031_R06C02_Red.idat.gz	c889023924e04d2d85e64ba13f5a82af
GSM2404996_9969477017_R02C01_Grn.idat.gz	6c259714bf39113770b7c3334fd2ff41
GSM2404996_9969477017_R02C01_Red.idat.gz	5ef12d97f7c93d8090c99935c146738d
GSM2404997_9969477017_R01C02_Grn.idat.gz	22ad77412e1e523ad3ccba06e429c437
GSM2404997_9969477017_R01C02_Red.idat.gz	52a77a40a32144e0093d8b2041ac6839
GSM2404998_9969477017_R04C02_Grn.idat.gz	936d20b9d0b6310235f51253a27dbb36
GSM2404998_9969477017_R04C02_Red.idat.gz	bbbe222d37cb7756b5cc1386c0b9e73c
GSM2404999_9969477018_R03C01_Grn.idat.gz	079b26b86c7a61ce5782a47c6e63c6db
GSM2404999_9969477018_R03C01_Red.idat.gz	04e759b7abe917cf3cf47df57e9de1c0
GSM2405000_9969477018_R05C02_Grn.idat.gz	3ea07a3dbf846630b3ea596b2c236ca8
GSM2405000_9969477018_R05C02_Red.idat.gz	2c1ea6a22100fd6e86b5443e827bc351
GSM2405001_9969477022_R01C01_Grn.idat.gz	92b4c5dfb3c40d2e862a0a2c5bcf68fb
GSM2405001_9969477022_R01C01_Red.idat.gz	da65b0781f136f44bb7ebc1b376bcc97
GSM2405002_9969477022_R03C01_Grn.idat.gz	df0f87587b95b09a819a75f1989bd86c
GSM2405002_9969477022_R03C01_Red.idat.gz	8a95b2ed71800569552c137758ed5349
GSM2405003_9969477022_R04C01_Grn.idat.gz	fd0bd0f9e3cbb58cf9882396bcc39428
GSM2405003_9969477022_R04C01_Red.idat.gz	c159ec8624c9318c15ef81b66f8cc57f
GSM2405004_9969477022_R03C02_Grn.idat.gz	61a59789737c2a77091f540bb1cbb381
GSM2405004_9969477022_R03C02_Red.idat.gz	4100c6179ad4665f9c8a0c69fe6a029d
GSM2405005_9969477032_R06C01_Grn.idat.gz	e8fcf586a8212b1cac292c1551f7502d
GSM2405005_9969477032_R06C01_Red.idat.gz	7f3ba4465675c892cc175897083e0cca
GSM2405006_9969477031_R04C01_Grn.idat.gz	0ba996ebb27973ad139920e2c84d322e
GSM2405006_9969477031_R04C01_Red.idat.gz	0915202b264437b00f6c73dbf0646184
GSM2405007_9969477029_R03C02_Grn.idat.gz	3cc768465802e1065c61c208491060ee
GSM2405007_9969477029_R03C02_Red.idat.gz	a0c6a2a9676f14b7dc97a02f7ef3e57f
GSM2405008_9969477031_R04C02_Grn.idat.gz	4624506bc699e96fdc53a8b3a6a9d444
GSM2405008_9969477031_R04C02_Red.idat.gz	afdcafb151ea7a2c1956b0d9d360e44c
GSM2405009_9969477029_R06C02_Grn.idat.gz	f6ddde2e3586356b9d84a8a4446ac6cf
GSM2405009_9969477029_R06C02_Red.idat.gz	0bf6f3cc42aae058727a50c94f856d2c
GSM2405010_9969477043_R06C02_Grn.idat.gz	9fdf429fc853bc85bf97773794e94960
GSM2405010_9969477043_R06C02_Red.idat.gz	d0246c0f0b433ed81f48879c9e16b005
GSM2405011_9969477044_R01C01_Grn.idat.gz	29bd9d8e3a1e863edee11e53f6dffb0a
GSM2405011_9969477044_R01C01_Red.idat.gz	a20d0e1098a4db1bb0c4e333dcf6d9db
GSM2405012_9969477044_R02C02_Grn.idat.gz	f046864a8d0a3e0121c4c1c27e297300
GSM2405012_9969477044_R02C02_Red.idat.gz	d9a76ec321054e11e6611655db618c65
GSM2405013_9969477044_R03C02_Grn.idat.gz	da0c845d831c3cb24b8ed584c0ae8264
GSM2405013_9969477044_R03C02_Red.idat.gz	919e502029e785f78ded456f71306c23
GSM2405014_9969477044_R06C01_Grn.idat.gz	ff11788b8494bde0fb0bf64c805eaafe
GSM2405014_9969477044_R06C01_Red.idat.gz	d2b652d9a21ed9c96232dd21ff16c6cb
GSM2405015_9969477044_R02C01_Grn.idat.gz	19442ce1686b9ccdadc65d7f8db2d0a2
GSM2405015_9969477044_R02C01_Red.idat.gz	dfa7309ea8da9e7e18f9d4fadb50cb16
GSM2405016_9969477044_R04C02_Grn.idat.gz	fe3e4e177b41d4f8169e530b98fb4fe2
GSM2405016_9969477044_R04C02_Red.idat.gz	575a8ba04bb04cf67d051baeb13ad21d
GSM2405017_9969477044_R01C02_Grn.idat.gz	7695f1c82d874720146ffba4123a4cf1
GSM2405017_9969477044_R01C02_Red.idat.gz	72d834acf1b38d43076bd9a24aaa0c75
GSM2405018_9969477061_R01C02_Grn.idat.gz	48f70343f7c92c9bcf4b08a15b7a5f7b
GSM2405018_9969477061_R01C02_Red.idat.gz	1baac6f29bb83bd6bee5f2f8a376f729
GSM2405019_9969477063_R02C01_Grn.idat.gz	c9af39856f1ef36399bfd9be08cf5279
GSM2405019_9969477063_R02C01_Red.idat.gz	1a71dd0101e5e610b648252402351068
GSM2405020_9969477063_R06C01_Grn.idat.gz	c9040e597852545a763a4847ef6609da
GSM2405020_9969477063_R06C01_Red.idat.gz	3d82b43a3aca2067bf052a9cc3c8728d
GSM2405021_9969477055_R02C02_Grn.idat.gz	8d16dfa571c1a3b06e73c6cec3f0c4cd
GSM2405021_9969477055_R02C02_Red.idat.gz	e3d01269f8ee181d48b1ac3c782fc055
GSM2405022_9969477057_R02C01_Grn.idat.gz	b49849cfcd5f0b9b53017bff69343811
GSM2405022_9969477057_R02C01_Red.idat.gz	fcc664bbf8a13608da22b844f677d424
GSM2405023_9969477057_R01C02_Grn.idat.gz	0dc2c0595d13f0df7ac0d779e014e33f
GSM2405023_9969477057_R01C02_Red.idat.gz	3a7eb2a61f3d660627cd65587a493eb8
GSM2405024_9969477057_R02C02_Grn.idat.gz	d5376374747fb7403219c7d509fe7d09
GSM2405024_9969477057_R02C02_Red.idat.gz	396bd25f907b428516eb403a75b1e37f
GSM2405025_9969477058_R03C01_Grn.idat.gz	2f1172cac8d8a45227bcf2e379997335
GSM2405025_9969477058_R03C01_Red.idat.gz	d1204b8bffe192d9ba0f13f92f8341f1
GSM2405026_9969477058_R05C01_Grn.idat.gz	e7bc7bd76fb24d7b239472bef3f7cd90
GSM2405026_9969477058_R05C01_Red.idat.gz	60710d3f9778f9ca8141babab5d9dfb7
GSM2405027_9969477063_R02C02_Grn.idat.gz	3820bdc4c1a30d766a37328f41db74fd
GSM2405027_9969477063_R02C02_Red.idat.gz	8676603b28aa1861feca732c6bd69f8f
GSM2405028_9969477064_R01C02_Grn.idat.gz	d8d9c7476b7d24823025fc999873920b
GSM2405028_9969477064_R01C02_Red.idat.gz	937f176b67882f3987ab5686d42df1fa
GSM2405029_9969477064_R02C02_Grn.idat.gz	d24f9b5c06c9609423fea4f3b52dd33e
GSM2405029_9969477064_R02C02_Red.idat.gz	6c0ec1f69a9983d77935707133276682
GSM2405030_9969477064_R06C02_Grn.idat.gz	2d1576a6ccd9d3a94d1232a35101d459
GSM2405030_9969477064_R06C02_Red.idat.gz	543c3b58e4cc05028d85305fd4607826
GSM2405031_9969477065_R01C01_Grn.idat.gz	8d6c0eb424e381231cfb8226c9e5388d
GSM2405031_9969477065_R01C01_Red.idat.gz	022ccb3898d2259056b02de1a67d78a8
GSM2405032_9969477065_R02C01_Grn.idat.gz	340777b20853b916cb4eb8f5279f1249
GSM2405032_9969477065_R02C01_Red.idat.gz	2b982e38bc1486a7bf7dbb1739fb6152
GSM2405033_9969477080_R06C01_Grn.idat.gz	45c8be25b5fd65e070d9a21acc22d7cf
GSM2405033_9969477080_R06C01_Red.idat.gz	49acc829ca6a623b049d35661edb9f9f
GSM2405034_9969477080_R01C02_Grn.idat.gz	1022ad32b2853a7d38a36dd29f4f853b
GSM2405034_9969477080_R01C02_Red.idat.gz	819a14a0ace2844e3575f6806c68e3ca
GSM2405035_9969477074_R03C01_Grn.idat.gz	bedad9374368467a7d60a65a7e7e8d17
GSM2405035_9969477074_R03C01_Red.idat.gz	4d1c6f2a01d6611b85d03fa1579cb392
GSM2405036_9969477074_R06C01_Grn.idat.gz	f55e50a35982a15eedf188f4e3147213
GSM2405036_9969477074_R06C01_Red.idat.gz	6b32ed1acd32b34dc5297fa0b19eae33
GSM2405037_9969477074_R03C02_Grn.idat.gz	13a1c6c96290c4eb2521767f678af3c7
GSM2405037_9969477074_R03C02_Red.idat.gz	937f5e4aaec2c2a08e50e95f5378546b
GSM2405038_9969477079_R01C01_Grn.idat.gz	6427d2f527c39e392edfada87f89c4c3
GSM2405038_9969477079_R01C01_Red.idat.gz	73af4e9701e5c98d84da13a89323de80
GSM2405039_9969477079_R05C01_Grn.idat.gz	f65262f43cad9f01702b738641b4f818
GSM2405039_9969477079_R05C01_Red.idat.gz	8388fd9c2007967df01e384c55b93de7
GSM2405040_9969477079_R01C02_Grn.idat.gz	6a77f7481854f9d71ac57a920239f8ba
GSM2405040_9969477079_R01C02_Red.idat.gz	1de06bcba589e62a930a2da0a170e201
GSM2405041_9969477079_R04C02_Grn.idat.gz	2affd19284062b01280930eb2fbaef9a
GSM2405041_9969477079_R04C02_Red.idat.gz	7210a7f5b6be759647b1867848cd80d9
GSM2405042_9969477079_R05C02_Grn.idat.gz	eb9288c65f267aed77a07006bf81749c
GSM2405042_9969477079_R05C02_Red.idat.gz	c72e8f36e7c4326255ff2079c284cffb
GSM2405043_9969477079_R06C02_Grn.idat.gz	d6b60e531d87d34bfbcc0a00661a8fc9
GSM2405043_9969477079_R06C02_Red.idat.gz	8388ae08b72c2c23b75b315e655f0a74
GSM2405044_9969477081_R06C02_Grn.idat.gz	6809b71bca50c1e4f6b62c43d3120535
GSM2405044_9969477081_R06C02_Red.idat.gz	62491396b5bd06bc48cd311cf2ab83fe
GSM2405045_9969477083_R01C01_Grn.idat.gz	cc010674dce3e110b09288391c3ec1ce
GSM2405045_9969477083_R01C01_Red.idat.gz	ed9b4c217cf5c34020565515215567b2
GSM2405046_9969477081_R02C02_Grn.idat.gz	7bfa941ffa266b5d7fd897e65777d15a
GSM2405046_9969477081_R02C02_Red.idat.gz	907caacf3fabad6368e00b8053229b35
GSM2405047_9969477081_R01C02_Grn.idat.gz	799758f54cf609b42a6346f168f47b62
GSM2405047_9969477081_R01C02_Red.idat.gz	c25371559c868a300a2044628a0af053
GSM2405048_9969477081_R06C01_Grn.idat.gz	ec52ad6419cc812a6dab022b6a11a8f9
GSM2405048_9969477081_R06C01_Red.idat.gz	6ab032629131770cf7dedc7f5a720c0d
GSM2405049_9969477081_R03C02_Grn.idat.gz	12572483e07a22839beb85eacbdb198a
GSM2405049_9969477081_R03C02_Red.idat.gz	7f8ce58612586707b55d90d5438d2bc2
GSM2405050_9969477081_R05C02_Grn.idat.gz	381a009c2a174a7cf197f3c55f5c883a
GSM2405050_9969477081_R05C02_Red.idat.gz	6d6d99a75628b10986ce8fb918fb65a2
GSM2405051_9969477081_R04C01_Grn.idat.gz	7c62b894f2e59df4a594463bb9376f1c
GSM2405051_9969477081_R04C01_Red.idat.gz	c8836e9fca12fb9f316f8a07b12a26bb
GSM2405052_9969477081_R03C01_Grn.idat.gz	14883833e39c2fb1ff6c2d0a4a9cc27f
GSM2405052_9969477081_R03C01_Red.idat.gz	8576b638838c7e2f222978f8c1fea518
GSM2405053_9969477081_R04C02_Grn.idat.gz	1ccc83182df1a656db563b629d890697
GSM2405053_9969477081_R04C02_Red.idat.gz	e49dcd81e486a37c1234dc8fc454067e
GSM2405054_9969477089_R05C02_Grn.idat.gz	22a066de9fd4c26a16c546a5fd39c9b0
GSM2405054_9969477089_R05C02_Red.idat.gz	b3397668d98883937079101aa5ea8d4d
GSM2405055_9969477086_R01C01_Grn.idat.gz	a51d4477288446e4e0ae587ad90f10e2
GSM2405055_9969477086_R01C01_Red.idat.gz	ed190e2ad3671d74ef147a35a0b685fe
GSM2405056_9969477086_R03C02_Grn.idat.gz	4d101a353a52acd5e20560ff3738e14e
GSM2405056_9969477086_R03C02_Red.idat.gz	8239d6c4f209fc704d4843a1a0ce60f2
GSM2405057_9969477086_R06C02_Grn.idat.gz	2b60cff33dee2e875ddde69779c45ae4
GSM2405057_9969477086_R06C02_Red.idat.gz	38a8639a2458eb215c6dc801eb9e39ac
GSM2405058_9969477088_R05C01_Grn.idat.gz	19af8f0efc5128498559aeb64cc030dd
GSM2405058_9969477088_R05C01_Red.idat.gz	bf4bbe5a3a70c42cc3e3e8f5fd11b39c
GSM2405059_9969477088_R02C02_Grn.idat.gz	fbed4aee3cefc565b99fe9cfed68a074
GSM2405059_9969477088_R02C02_Red.idat.gz	9dff68711461fe33046e1f3254abd73f
GSM2405060_9969477088_R06C02_Grn.idat.gz	ee6cac8be7d02a13d3b077a359285d38
GSM2405060_9969477088_R06C02_Red.idat.gz	ef8dbfa859f51674eb0879f554e44942
GSM2405061_9969477089_R06C02_Grn.idat.gz	e12d0e23b183175ce7943c7c4a65ac15
GSM2405061_9969477089_R06C02_Red.idat.gz	3879f6d53df7412af32d74e56da5e3fa
GSM2405062_9969477090_R02C02_Grn.idat.gz	e62f47e54d1e934763247641438a20bf
GSM2405062_9969477090_R02C02_Red.idat.gz	6ea857f49391c3bcb9f1e0cfc14b4ddc
GSM2405063_9969477104_R01C02_Grn.idat.gz	4b3643de0dfd249a27750986d19acc98
GSM2405063_9969477104_R01C02_Red.idat.gz	9f74ba3eb5f0640f803c2226eb40630b
GSM2405064_9969477104_R02C02_Grn.idat.gz	8289697fd427ca787b97483f43fe17c8
GSM2405064_9969477104_R02C02_Red.idat.gz	940682b38920d71cb1743b303b83b7b6
GSM2405065_9969477104_R04C02_Grn.idat.gz	45ec12279a961ee4d652cbbda3ed1ca1
GSM2405065_9969477104_R04C02_Red.idat.gz	59a988e528b998db4de024fc79973780
GSM2405066_9969477100_R05C01_Grn.idat.gz	b5279b9699a195d94bb5a223f08e6536
GSM2405066_9969477100_R05C01_Red.idat.gz	11ec8822874e9e03ff8015cd1b307988
GSM2405067_9969477100_R06C01_Grn.idat.gz	2fd338a67c1c84668a82c64c7517d6ee
GSM2405067_9969477100_R06C01_Red.idat.gz	de87dc90bf7b0e3d4b38949ceecb21e0
GSM2405068_9969477100_R01C02_Grn.idat.gz	63edd0a1e7943bb823be9d2fcadcaf12
GSM2405068_9969477100_R01C02_Red.idat.gz	63da0d28691b25faa1b642a67b5ebe7c
GSM2405069_9969477100_R02C02_Grn.idat.gz	9a22ce461faa5cece5e3853680607913
GSM2405069_9969477100_R02C02_Red.idat.gz	1a87d056ccca97e216c9da60fd3e3265
GSM2405070_9969477101_R02C01_Grn.idat.gz	eaa27bf4c8f72c1d71dd1f0acac4c9f7
GSM2405070_9969477101_R02C01_Red.idat.gz	335d3011f5d887e5ce8339289cbdbdb5
GSM2405071_9969477101_R03C01_Grn.idat.gz	173f1334d65be3c87e7a1430863e064f
GSM2405071_9969477101_R03C01_Red.idat.gz	f80d861b04888bb290f9974fcb5874f8
GSM2405072_9969477101_R05C01_Grn.idat.gz	5e0daf3e373ea358cb362052b9a6ed38
GSM2405072_9969477101_R05C01_Red.idat.gz	2fd5732520b292eb16629221df782cd7
GSM2405073_9969477101_R01C02_Grn.idat.gz	9ea8adf5a60b6f69576af3b1e0e189d7
GSM2405073_9969477101_R01C02_Red.idat.gz	429b936abbd273eb5fe1cd9809ad09a9
GSM2405074_9969477101_R02C02_Grn.idat.gz	4316759feab4f22855613cb31cde0b2b
GSM2405074_9969477101_R02C02_Red.idat.gz	bc5f8bdf6b336d45701a2871a40558bf
GSM2405075_9969477101_R03C02_Grn.idat.gz	8510249f280dddd79af237e075babe78
GSM2405075_9969477101_R03C02_Red.idat.gz	504a10d67a959f4b9d078b1bd480ae51
GSM2405076_9969477102_R01C01_Grn.idat.gz	030fdcb521ca7bde8106619bf1f4e023
GSM2405076_9969477102_R01C01_Red.idat.gz	5400cc5736607a667c9a726fef931aa6
GSM2405077_9969477102_R06C02_Grn.idat.gz	cc36a88e164c653377d3b91057f5ecc0
GSM2405077_9969477102_R06C02_Red.idat.gz	e5b3a2dc4064cd2cc3dc91600ea0e7d2
GSM2405078_9969477098_R02C01_Grn.idat.gz	f89beee8bc4e9fb136c3968f322c8917
GSM2405078_9969477098_R02C01_Red.idat.gz	2b805a1c1665182bf016f7105b7d7d4c
GSM2405079_9969477098_R03C01_Grn.idat.gz	490502e00bbcbe52ec03783582d9b632
GSM2405079_9969477098_R03C01_Red.idat.gz	58258734f81b159cbcd561860cd71834
GSM2405080_9969477098_R01C01_Grn.idat.gz	85b36841312a449b1ce4550031964e58
GSM2405080_9969477098_R01C01_Red.idat.gz	3a18c1199aba2ddcf3f0a7ad2f60f33f
GSM2405081_9969477098_R04C01_Grn.idat.gz	355736772a0f0b02530f9d65af7078b7
GSM2405081_9969477098_R04C01_Red.idat.gz	b69483380bb36746a22e408a0bd9b121
GSM2405082_9969477099_R02C02_Grn.idat.gz	a94c600402d27adc062bdfb1086dc153
GSM2405082_9969477099_R02C02_Red.idat.gz	e88cd29279aef6646616eb2db7dcc1fb
GSM2405083_9969477111_R01C01_Grn.idat.gz	e1c9ca3c5f48e60c62832399d59105b2
GSM2405083_9969477111_R01C01_Red.idat.gz	363752034cd300394e953f363fda68b0
GSM2405084_9969477108_R02C02_Grn.idat.gz	e360e141f71b638dd6763055a16aa7ad
GSM2405084_9969477108_R02C02_Red.idat.gz	de485dc66feb202ae3f777a1be3fd852
GSM2405085_9969477107_R05C01_Grn.idat.gz	f5d362d5cbfe6dd2aafd07250495e8ef
GSM2405085_9969477107_R05C01_Red.idat.gz	ce2ae76f4bbec7dcabb820fe42ba1e76
GSM2405086_9969477106_R05C02_Grn.idat.gz	764d67d5af9a9bf71ab8b6c8ba874beb
GSM2405086_9969477106_R05C02_Red.idat.gz	0d2ef9ee727d3f0969f37f6d39440299
GSM2405087_9969477121_R05C01_Grn.idat.gz	9f4f47ff7e7dcf82c797383d9b234663
GSM2405087_9969477121_R05C01_Red.idat.gz	eec3fcf549de74e8d349d24b201f4c3b
GSM2405088_9969477121_R01C01_Grn.idat.gz	fc8d380c659feee229205640e33c9e56
GSM2405088_9969477121_R01C01_Red.idat.gz	b677255636d24bbe88f40e686ae87cda
GSM2405089_9969477122_R02C01_Grn.idat.gz	ebcfc359b852ffd1d290b667e7896096
GSM2405089_9969477122_R02C01_Red.idat.gz	6c2bd2644af2ec53b9cb1029e1e4a1a6
GSM2405090_9969477122_R01C02_Grn.idat.gz	47c0ca9469f3159bc1be98b9523c605b
GSM2405090_9969477122_R01C02_Red.idat.gz	b63a7f56eeba940041ed5722a3f8807a
GSM2405091_9969477123_R01C01_Grn.idat.gz	186d7410d86d864ea1bb5411089b2e9a
GSM2405091_9969477123_R01C01_Red.idat.gz	d66a0ef0cff6371eb1d3652fc7f57415
GSM2405092_9969477123_R03C01_Grn.idat.gz	c7214561b28f33d2d3504cf06efc15ab
GSM2405092_9969477123_R03C01_Red.idat.gz	2898dbe8a760ed7285e79639dcc4c55b
GSM2405093_9969477123_R02C02_Grn.idat.gz	2be0ac21756b49f6eabd2c6806b5f48e
GSM2405093_9969477123_R02C02_Red.idat.gz	bca3a086d1efd747454df818340d2c55
GSM2405094_9969477124_R04C01_Grn.idat.gz	99eb6fe4fbd006215f3d2cb1abcfa79b
GSM2405094_9969477124_R04C01_Red.idat.gz	92dde2e77e33ab5b3f970a7e25bba325
GSM2405095_9969477124_R05C01_Grn.idat.gz	0df1facf1eee7986044f8b60e94d8748
GSM2405095_9969477124_R05C01_Red.idat.gz	802888cee8fdff6758b65bd03fbbae6f
GSM2405096_9855358018_R02C01_Grn.idat.gz	2681e665ac22afc48fe40959ecb7836b
GSM2405096_9855358018_R02C01_Red.idat.gz	45510e728ae4ad80189e1a18b2b763a0
GSM2405097_9855358018_R06C01_Grn.idat.gz	38d1d83056ce4c3931ae537fd6406815
GSM2405097_9855358018_R06C01_Red.idat.gz	da7c10dac3075eb67243ae5b12aff092
GSM2405098_9855358018_R01C02_Grn.idat.gz	944884e1560ae3b8bb98ece87a1859ef
GSM2405098_9855358018_R01C02_Red.idat.gz	e0397a3abf0d1ffe75c60216c67a6c23
GSM2405099_9855358018_R02C02_Grn.idat.gz	e137d85df19d8f7b22aadb5d42db854f
GSM2405099_9855358018_R02C02_Red.idat.gz	05469d91113ea12cb00d3c1aa9240af7
GSM2405100_9855358023_R04C01_Grn.idat.gz	0242fb1c5d9cf6ebae7420476640bf44
GSM2405100_9855358023_R04C01_Red.idat.gz	fb29ce8867a8d90bab1c71ee7c442c3e
GSM2405101_9855358023_R03C02_Grn.idat.gz	d6405a2a7f7c7dc8c9564baf7dadadca
GSM2405101_9855358023_R03C02_Red.idat.gz	f590463a8ef45ec7d1acfc15e842e9e8
GSM2405102_9855358023_R06C02_Grn.idat.gz	d831677e8d676fd8beaaf49576bd2bdf
GSM2405102_9855358023_R06C02_Red.idat.gz	06d44e3c474174d60eb77270dc0ab127
GSM2405103_9855358001_R05C01_Grn.idat.gz	dbe262e822b02f77f8355414bd7cf293
GSM2405103_9855358001_R05C01_Red.idat.gz	54747c61cce7e843a3582f8496822b9b
GSM2405104_9855358001_R06C01_Grn.idat.gz	3c0549f7e9506b68494bce55d0a52dc2
GSM2405104_9855358001_R06C01_Red.idat.gz	eb6bdabc470eed0faaa293b1fa6e5992
GSM2405105_9855358001_R06C02_Grn.idat.gz	efe2e0643b27bae63c7da4f514cb8cfd
GSM2405105_9855358001_R06C02_Red.idat.gz	2d483feb8bd62895e80a5026bd65ff5a
GSM2405106_9855358003_R02C02_Grn.idat.gz	018f250d0c2ddaa725c7efd4657f78b4
GSM2405106_9855358003_R02C02_Red.idat.gz	32309b8432d9b9dc983ac041ab1bb3be
GSM2405107_9855358003_R05C01_Grn.idat.gz	9db77c7a2a9175d1cbaded7d082f02b5
GSM2405107_9855358003_R05C01_Red.idat.gz	26761364fa065d8571e6229f41ab2d43
GSM2405108_9855358001_R02C01_Grn.idat.gz	0ee7bda50baea11250b20160db71c924
GSM2405108_9855358001_R02C01_Red.idat.gz	ae1ca68bafcb760cb60b8df26a258ae8
GSM2405109_9855358001_R03C01_Grn.idat.gz	f6096aa4fb0a1b5908746849e9c7118a
GSM2405109_9855358001_R03C01_Red.idat.gz	26f7205282b0330445aac393ffb7c2f4
GSM2405110_9855358032_R01C01_Grn.idat.gz	d7aff6f0eef886b435618a2079ac25bc
GSM2405110_9855358032_R01C01_Red.idat.gz	f9b23892d9b113b7745440eca5c4333b
GSM2405111_9855358032_R03C01_Grn.idat.gz	c86fca0d61e555936dcefd0ac6cf68db
GSM2405111_9855358032_R03C01_Red.idat.gz	2a38f11ae10695a5f3b0074460db1b94
GSM2405112_9855358026_R03C01_Grn.idat.gz	b94ad191fb054f473514104707b3c81d
GSM2405112_9855358026_R03C01_Red.idat.gz	f6ffe1eef3881049de6ea242a1e58071
GSM2405113_9855358026_R05C01_Grn.idat.gz	2d61fb6d63e7aae3ae3806844957d31d
GSM2405113_9855358026_R05C01_Red.idat.gz	43fa1fc7c5c18d206575ceec57d4628c
GSM2405114_9855358026_R06C01_Grn.idat.gz	cabb1b8279892e538b398b22f2d8dcb8
GSM2405114_9855358026_R06C01_Red.idat.gz	4147807ca25647f9034ae1392e15e6e6
GSM2405115_9855358026_R01C02_Grn.idat.gz	f594dd7c42011881f69c4d88d1ffe285
GSM2405115_9855358026_R01C02_Red.idat.gz	24f6f5ebbe922fb23d0245f63832731b
GSM2405116_9855358026_R03C02_Grn.idat.gz	1d41a0538cbcb260fa5cc3626f16aac7
GSM2405116_9855358026_R03C02_Red.idat.gz	f387c8993785d559806bd05d89a79c31
GSM2405117_9855358027_R03C01_Grn.idat.gz	966a6302ac0856fcaf07b824ee444e59
GSM2405117_9855358027_R03C01_Red.idat.gz	fd9238c6688c980d1998e819824ba4f5
GSM2405118_9855358027_R05C01_Grn.idat.gz	25e6136524bbc932c836836466fb17cb
GSM2405118_9855358027_R05C01_Red.idat.gz	af4d75906e9269cb23f067b32f787aee
GSM2405119_9855358027_R04C02_Grn.idat.gz	aec96582f3ab86e244ae41fc513e6447
GSM2405119_9855358027_R04C02_Red.idat.gz	642d2aff29e04e19ffe326016dbee104
GSM2405120_9855358031_R04C01_Grn.idat.gz	ac2a05177d60ea4f49b0640d2e49cac7
GSM2405120_9855358031_R04C01_Red.idat.gz	fc030e2bf52dfbb67f2d7167de45b4d4
GSM2405121_9855358031_R06C01_Grn.idat.gz	f3eb2eb605be0a60d7fc4d3934c07401
GSM2405121_9855358031_R06C01_Red.idat.gz	1f98a44ca7798aa3531f7bee9507b82b
GSM2405122_9855358056_R01C02_Grn.idat.gz	72e78712d659452fb9162945411c3f8a
GSM2405122_9855358056_R01C02_Red.idat.gz	88aeed2545b0f657078ce1f2b81b1d0d
GSM2405123_9855358056_R02C02_Grn.idat.gz	5a132360e1bb07cc5ba8f54a70cfbfec
GSM2405123_9855358056_R02C02_Red.idat.gz	be83e8597222b93b095c0ec4f3accfda
GSM2405124_9855358056_R04C02_Grn.idat.gz	878e6319720a7213692033f754c0e54f
GSM2405124_9855358056_R04C02_Red.idat.gz	b745343601234e03a195a2c717873f83
GSM2405125_9855358056_R06C02_Grn.idat.gz	7164bc0fcd0ce2480567c474ff7a95c2
GSM2405125_9855358056_R06C02_Red.idat.gz	15f531d7350a1563310b74d24c91117c
GSM2405126_9855358058_R01C01_Grn.idat.gz	43299295002729ea7078b26b00442afe
GSM2405126_9855358058_R01C01_Red.idat.gz	4d3fcc6257429f74c5126255df3b2bd6
GSM2405127_9855358058_R03C01_Grn.idat.gz	0dacb7a53d90f52b4f15f600e47b9e6b
GSM2405127_9855358058_R03C01_Red.idat.gz	dd4ea8bb9adfae7124de46ac02910066
GSM2405128_9855358058_R04C01_Grn.idat.gz	6787299450aceef4fd9af8ef541bb061
GSM2405128_9855358058_R04C01_Red.idat.gz	0f5204f45443dcd1dde06e851fd78e42
GSM2405129_9855358058_R06C01_Grn.idat.gz	9f7d524f689937b2ec95263f18e13dc1
GSM2405129_9855358058_R06C01_Red.idat.gz	6527ad031db86f8e9a916b37a7deff16
GSM2405130_9855358058_R05C02_Grn.idat.gz	29b26d2ce4dad356bda98873b79b6018
GSM2405130_9855358058_R05C02_Red.idat.gz	5d714595ae7aa36b5eafc45b96847ef4
GSM2405131_9855358065_R05C02_Grn.idat.gz	ca93303412d01dccc9155a6be7346525
GSM2405131_9855358065_R05C02_Red.idat.gz	d2a78c1baa6e554922c42fee33850146
GSM2405132_9855358065_R01C01_Grn.idat.gz	8e6dd263c614d6a1f8c459ae3f98e5a1
GSM2405132_9855358065_R01C01_Red.idat.gz	c666fcc10a768990207de683493f69f8
GSM2405133_9855358066_R02C02_Grn.idat.gz	0173ece58b6c281de00e277e80eb1f27
GSM2405133_9855358066_R02C02_Red.idat.gz	0a2fea4786dc0da7a4b5eac2e0685e0c
GSM2405134_9855358068_R03C01_Grn.idat.gz	b9013f714035a2ed5eea3b785d1e24b9
GSM2405134_9855358068_R03C01_Red.idat.gz	b6afa0ce5d0369d2ca8b13c885fbb5c4
GSM2405135_9855358065_R03C02_Grn.idat.gz	8c74a22b8e55513744d864b15f5cfcb4
GSM2405135_9855358065_R03C02_Red.idat.gz	a7f94af739bd83ac413fb0e45e39d83c
GSM2405136_9855358066_R02C01_Grn.idat.gz	a5f7fafb7091c367047be092e50f9e02
GSM2405136_9855358066_R02C01_Red.idat.gz	d647cfb7b561e5e0a80c66db2a15d993
GSM2405137_9855358066_R01C02_Grn.idat.gz	b8b26c1ce0195f1ff8333336e54da28a
GSM2405137_9855358066_R01C02_Red.idat.gz	4597861d5ae7ff014a96dc7cee2ad56f
GSM2405138_9855358068_R05C01_Grn.idat.gz	c73b025d87061f11c25c1efe9627ec34
GSM2405138_9855358068_R05C01_Red.idat.gz	b0f154fe301d664e994c4adac81a3764
GSM2405139_9855358068_R06C01_Grn.idat.gz	97f30f71820f28e7e74b79bfc862f36a
GSM2405139_9855358068_R06C01_Red.idat.gz	1e1a45a8daa12323b3977d80d6d7ad5b
GSM2405140_9855358065_R05C01_Grn.idat.gz	92d1975e217ae166a7e8fbda0f6724f6
GSM2405140_9855358065_R05C01_Red.idat.gz	479d10d68006e06a17c35ecbe1401820
GSM2405141_9878820009_R06C02_Grn.idat.gz	145f616ce370350f008309a007ec89fa
GSM2405141_9878820009_R06C02_Red.idat.gz	6be67dfadb4712e8f8ad3a4f02420228
GSM2405142_9878820008_R06C01_Grn.idat.gz	41c8dbb8f8210e94b35ece42f3ff6e53
GSM2405142_9878820008_R06C01_Red.idat.gz	ed629800c535888d5ad8d4e2fbe63136
GSM2405143_9878820030_R04C02_Grn.idat.gz	33188f30fd5a8c72615b59c7a03f5619
GSM2405143_9878820030_R04C02_Red.idat.gz	6fdb0b14b36b6ce61cd9a51f3eb6b58f
GSM2405144_9878820017_R04C01_Grn.idat.gz	887d8556366497914654f1ea94e2d6d5
GSM2405144_9878820017_R04C01_Red.idat.gz	1ef9b764fffdae8d3bf2132af2047319
GSM2405145_9878820017_R05C01_Grn.idat.gz	43668dc68c7e59cb355ebae3f42c0517
GSM2405145_9878820017_R05C01_Red.idat.gz	2384ac223d963d21e0663c1087c1d710
GSM2405146_9878820017_R02C02_Grn.idat.gz	f16aee5d1d4e78583d813647c597ccec
GSM2405146_9878820017_R02C02_Red.idat.gz	0d8540c6a46ea4b42ceb17f9eefe7227
GSM2405147_9878820017_R03C02_Grn.idat.gz	d9eaf96cfa5964ab4348c4c8c287d8f1
GSM2405147_9878820017_R03C02_Red.idat.gz	d318958e47fbf8838071653b918ad415
GSM2405148_9878820018_R01C01_Grn.idat.gz	d0004fda1b3768807ecf678280931472
GSM2405148_9878820018_R01C01_Red.idat.gz	34d5f51a2f13476cccd01c734472aa0f
GSM2405149_9878820018_R03C01_Grn.idat.gz	27c2cd7fc5d7ded3ccf7fb198babe07c
GSM2405149_9878820018_R03C01_Red.idat.gz	289632b6ccaab3b2616f8de84f209d25
GSM2405150_9878820018_R03C02_Grn.idat.gz	5c278e437114318a48a71a4c3b3c55fd
GSM2405150_9878820018_R03C02_Red.idat.gz	fb8cc04573cabb8ce3ca81a640d9f009
GSM2405151_9878820018_R06C02_Grn.idat.gz	cd39f605c4e3240eeb02d53236302197
GSM2405151_9878820018_R06C02_Red.idat.gz	02fd53c40673ff1bc8e5acf1363b9d9f
GSM2405152_9878820021_R06C01_Grn.idat.gz	fb48eb754eec9ead813d85a24c26769c
GSM2405152_9878820021_R06C01_Red.idat.gz	49ac1232d0cab748f3a84e463b9dea89
GSM2405153_9878820021_R03C02_Grn.idat.gz	ec5853c9587032162d148f3683295cff
GSM2405153_9878820021_R03C02_Red.idat.gz	e2c6d15a6cf54e1ef1b608802df4a8fe
GSM2405154_9878820021_R04C02_Grn.idat.gz	3142d1fc12ad4a7b95acaa62f4ea196c
GSM2405154_9878820021_R04C02_Red.idat.gz	b4187f568cd03e8e7ba5ebea8fa39c57
GSM2405155_9878820021_R05C02_Grn.idat.gz	5d3752b546162ed6f34c624db58b2986
GSM2405155_9878820021_R05C02_Red.idat.gz	54de6745260dc97ea1e7f86a4f5a419d
GSM2405156_9878820021_R06C02_Grn.idat.gz	c8b8b494a3b1a575337937f7f21f6f45
GSM2405156_9878820021_R06C02_Red.idat.gz	92777e6f90a90693dd1bc57d6d4c07ef
GSM2405157_9878820030_R01C01_Grn.idat.gz	c333a3dc9d7c6571bea5cc9dd41799d1
GSM2405157_9878820030_R01C01_Red.idat.gz	3fccf5c104396b3e35c8ac790568bb77
GSM2405158_9878820030_R02C01_Grn.idat.gz	574acb48b590de6aa4acef56ea3b208f
GSM2405158_9878820030_R02C01_Red.idat.gz	e1756bd0a6ac03af88e9264fbc276727
GSM2405159_9878820030_R04C01_Grn.idat.gz	de7c565505fa47b5ecd7d7eaa71ca8f6
GSM2405159_9878820030_R04C01_Red.idat.gz	d01d7a94edb9e7882aff99d192a61615
GSM2405160_9878820030_R06C01_Grn.idat.gz	7f06a272c05ee0e884edbf4185e8218a
GSM2405160_9878820030_R06C01_Red.idat.gz	cfd785c31c563301153d5f642b4c94c6
GSM2405161_9878820062_R06C02_Grn.idat.gz	1893ca5c74d8174cb3b32e9ee3c23caa
GSM2405161_9878820062_R06C02_Red.idat.gz	f0d4615ff90d59db6d2922fe1d8b648e
GSM2405162_9878820078_R05C02_Grn.idat.gz	0aebd6f09f94cccd29b431347ef9cea7
GSM2405162_9878820078_R05C02_Red.idat.gz	daa048b18b15913c2ea4e509867444d3
GSM2405163_9878820082_R05C02_Grn.idat.gz	d0c0f4af63a940cc062736e45e160a48
GSM2405163_9878820082_R05C02_Red.idat.gz	3ef288c1f952cd3fbef0f5ad4ecc40ba
GSM2405164_9878820082_R04C02_Grn.idat.gz	702a08a047546afbc1d39169ae8dfe45
GSM2405164_9878820082_R04C02_Red.idat.gz	673ab17ff2643362ffeb8383c51c7cd4
GSM2405165_9878820082_R06C01_Grn.idat.gz	7f048f22f4dd0f788fed97f67135b1c4
GSM2405165_9878820082_R06C01_Red.idat.gz	745a1f65c6179c69816e72330d7e5ee5
GSM2405166_9878820082_R02C02_Grn.idat.gz	0234bc07f1486d1d2e2ebf7bb9f7ff00
GSM2405166_9878820082_R02C02_Red.idat.gz	a960b9a37a896aa8f8e38349600b7210
GSM2405167_9878820083_R06C02_Grn.idat.gz	987b55a683c3c92c7ae169a48a63eaa5
GSM2405167_9878820083_R06C02_Red.idat.gz	96d9b483cbdf4cbc51645b0131878c04
GSM2405168_9878820084_R01C02_Grn.idat.gz	042eae7faa5302556ef900a1d374f91f
GSM2405168_9878820084_R01C02_Red.idat.gz	9b7d45f466769e8b3893f07345b8be7b
GSM2405169_9878820083_R05C02_Grn.idat.gz	3cdadd77d816a17bdee8dacdd6d43f57
GSM2405169_9878820083_R05C02_Red.idat.gz	5627a5069517c9044e2762d1d03d5f98
GSM2405170_9878820066_R03C02_Grn.idat.gz	56d8ec49753fda9c4b94515db14f940b
GSM2405170_9878820066_R03C02_Red.idat.gz	f85b7e0daabcb169f2b140a019d9d327
GSM2405171_9878820066_R05C02_Grn.idat.gz	975a39681ea8f1bd2f17b35f355a5d1b
GSM2405171_9878820066_R05C02_Red.idat.gz	f71b004a8602f2d34b3ab2de5c423e98
GSM2405172_9878820066_R06C02_Grn.idat.gz	c55328b0a28d9547539c5c3942780443
GSM2405172_9878820066_R06C02_Red.idat.gz	ece921196aa48c35629b8d9f19682641
GSM2405173_9878820068_R03C01_Grn.idat.gz	724ae5bf44435ba43c1d3aaba66af6e1
GSM2405173_9878820068_R03C01_Red.idat.gz	68123c9f5e9eb4a9ac18341024b861d8
GSM2405174_9878820068_R06C01_Grn.idat.gz	942f39a1b0659c2ae55a08b6ee504638
GSM2405174_9878820068_R06C01_Red.idat.gz	60d4c43098f91cd39c780a11293ee32d
GSM2405175_9878820078_R03C01_Grn.idat.gz	17d1aa264c04abe87c2547ee449bd557
GSM2405175_9878820078_R03C01_Red.idat.gz	aa34035c03c9efe0c43b01bf971f51c0
GSM2405176_9878820091_R01C02_Grn.idat.gz	f1495d0ccbd3fafcda70ba0b0789272a
GSM2405176_9878820091_R01C02_Red.idat.gz	f65304a3ecd2c0d762ade195b86b42e9
GSM2405177_9878820106_R06C01_Grn.idat.gz	5c4f8e0f30100da835f2257b353f9a1f
GSM2405177_9878820106_R06C01_Red.idat.gz	9a8f497fbf516d894698bbd25708570d
GSM2405178_9878820106_R05C02_Grn.idat.gz	967d7c804db10951d9bbd896f7976941
GSM2405178_9878820106_R05C02_Red.idat.gz	9cd6e56a5c4749ef9d1decf45d2aa0ff
GSM2405179_9878820106_R06C02_Grn.idat.gz	fec028420abbec17120c85a9361d4479
GSM2405179_9878820106_R06C02_Red.idat.gz	2cd70b9c800f1944c7c2463aecb24f8d
GSM2405180_9878820104_R06C01_Grn.idat.gz	878cc10a16dce459a3e1f9b9816241d0
GSM2405180_9878820104_R06C01_Red.idat.gz	31eff5d7e05d58c2c0ee9fb436d763f3
GSM2405181_9878820104_R01C02_Grn.idat.gz	92e8eebf6f7f0f29af4ce951823d6a23
GSM2405181_9878820104_R01C02_Red.idat.gz	e632ec4f189fb2760d34063e4eca7400
GSM2405182_9878820104_R04C02_Grn.idat.gz	9ac9cf96d2b06dfb68fb13cc3cf9d40e
GSM2405182_9878820104_R04C02_Red.idat.gz	6f79562af41ac6bc9781c0474efcccc3
GSM2405183_9878820105_R01C01_Grn.idat.gz	912c9872d8ba46b08a8ac3295a2d2d53
GSM2405183_9878820105_R01C01_Red.idat.gz	44a9b727203771d93d16bb62f3330082
GSM2405184_9878820105_R02C01_Grn.idat.gz	737b09ecbd1daa7b011972ba6ba82edf
GSM2405184_9878820105_R02C01_Red.idat.gz	6af7b9bd4910b9d70021fe9d22779bb4
GSM2405185_9878820105_R03C01_Grn.idat.gz	c17c2a8f019d9956052367f10b49cbc7
GSM2405185_9878820105_R03C01_Red.idat.gz	7810a9d0e0dc51cbd200772644e096e0
GSM2405186_9878820105_R06C01_Grn.idat.gz	08af30e5ba0295c2bb5061dd0e7efcc8
GSM2405186_9878820105_R06C01_Red.idat.gz	7293c415efaf3e40749154ca853732f4
GSM2405187_9878820105_R02C02_Grn.idat.gz	25ff38cc0196818119a12ec15f08ed70
GSM2405187_9878820105_R02C02_Red.idat.gz	666966ad14ee18328fcc2185e1dab9a5
GSM2405188_9878820105_R03C02_Grn.idat.gz	5aa2c11d394216ff8c07fd56c6cdb7c5
GSM2405188_9878820105_R03C02_Red.idat.gz	192117f1fe593283e605ea6e50d16af4
GSM2405189_9878820119_R01C01_Grn.idat.gz	ea5c50a9c7aaff501e371835d9e3f581
GSM2405189_9878820119_R01C01_Red.idat.gz	6e6f7d1bf358aacabfea6b292b750598
GSM2405190_9878820117_R06C02_Grn.idat.gz	ae62f6efa2a983d4abbaa3308143fe14
GSM2405190_9878820117_R06C02_Red.idat.gz	40b7abf493c7559c30fd00ba9167b950
GSM2405191_9878820119_R02C01_Grn.idat.gz	536a2426f8c306d8afba891d3d698d41
GSM2405191_9878820119_R02C01_Red.idat.gz	9ff228b63dfd365133a49a22afb14f63
GSM2405192_9878820119_R03C01_Grn.idat.gz	5c81494627382a8d502dabdf233aed25
GSM2405192_9878820119_R03C01_Red.idat.gz	d282d6f10455ae57789d527156ef6a7b
GSM2405193_9878820117_R03C02_Grn.idat.gz	fea95f9e880fcbf80ae853e78b1cbff6
GSM2405193_9878820117_R03C02_Red.idat.gz	34eb5d3ac8d3abe28ba005f5808b7c37
GSM2405194_9878820117_R04C02_Grn.idat.gz	a835f0896de71c0d1b3894728ea28f91
GSM2405194_9878820117_R04C02_Red.idat.gz	4ed4af4574d3654cac53d5c7c51ae85b
GSM2405195_9878820113_R06C02_Grn.idat.gz	fb9c1efadf5d70d4edffc1aa2031fa14
GSM2405195_9878820113_R06C02_Red.idat.gz	e4a530acb348c193047c0805f5455cb7
GSM2405196_9878820107_R06C01_Grn.idat.gz	ced641446e192c3c61eb82cce28cc674
GSM2405196_9878820107_R06C01_Red.idat.gz	f09e6a109d643ed5042970e707efd3ff
GSM2405197_9878820107_R04C01_Grn.idat.gz	7e4e9767742fde0ad3a154ff4d166c40
GSM2405197_9878820107_R04C01_Red.idat.gz	9a87d79c34212db2f6682f8a213e117f
GSM2405198_9878820113_R03C02_Grn.idat.gz	78bf520cc85cebe97266f892267bef0d
GSM2405198_9878820113_R03C02_Red.idat.gz	96116f38ed5917a40d07acd6bfd3b185
GSM2405199_9878820107_R05C02_Grn.idat.gz	9e5f45775a4d515e734ab67db84810a5
GSM2405199_9878820107_R05C02_Red.idat.gz	49ff4d00fa5f4106ea370d8a014ca0ac
GSM2405200_9878820119_R02C02_Grn.idat.gz	48f0433d18a5b56f57f73f8cdf38c17d
GSM2405200_9878820119_R02C02_Red.idat.gz	4a1bcc088fb683d6a6b5b32900e5a4fd
GSM2405201_9878820138_R03C01_Grn.idat.gz	103ae141816b29768ee17320a480f33d
GSM2405201_9878820138_R03C01_Red.idat.gz	910225b53f8be301a048e10cfe2046fd
GSM2405202_9878820138_R02C01_Grn.idat.gz	3f41518b27a3d95e1a014d8170cf4587
GSM2405202_9878820138_R02C01_Red.idat.gz	698d3b6d1a048491bbaa9bb89fb72c7b
GSM2405203_9878820127_R02C02_Grn.idat.gz	2727b12ba3217c216ec5c779dacc6465
GSM2405203_9878820127_R02C02_Red.idat.gz	409c67128df5217bcaaf4907014da636
GSM2405204_9878820127_R04C02_Grn.idat.gz	117c829751c8b348d5d0272606393901
GSM2405204_9878820127_R04C02_Red.idat.gz	8fbe829c3596e620d0225d4b0bb3b595
GSM2405205_9878820121_R02C01_Grn.idat.gz	5123e53de1bb4494a79757b9b6a5c448
GSM2405205_9878820121_R02C01_Red.idat.gz	511558d8755b84c01202935cd261ba7a
GSM2405206_9878820122_R03C02_Grn.idat.gz	4cd9ef88759f8c8bf5f02790cd5dc494
GSM2405206_9878820122_R03C02_Red.idat.gz	9eff12bdf310bde10dbbfc64404d2e44
GSM2405207_9878820123_R06C01_Grn.idat.gz	c71744bba44374706388cfafed5e71d3
GSM2405207_9878820123_R06C01_Red.idat.gz	69a4227bdd92a7f0bab9886270480e1c
GSM2405208_9878820123_R06C02_Grn.idat.gz	cc7323902606b5bd99c9b841b25987ca
GSM2405208_9878820123_R06C02_Red.idat.gz	d67b5897771aec977543151f28b8ddae
GSM2405209_9878820127_R02C01_Grn.idat.gz	4cabc5bf22f38926fdf906acb97c072d
GSM2405209_9878820127_R02C01_Red.idat.gz	68d2c83ab26aee7ca7890736f19470ff
GSM2405210_9878820127_R04C01_Grn.idat.gz	554c74395c4325123167dfe6178f6b61
GSM2405210_9878820127_R04C01_Red.idat.gz	e682f51174031d3cea6c9579bf3dc9ec
GSM2405211_9878820127_R05C01_Grn.idat.gz	8ba924bc352ed5fa3a37649b5deca1ca
GSM2405211_9878820127_R05C01_Red.idat.gz	ac919904e8cee8a7078085129bda9cfd
GSM2405212_9878820127_R06C01_Grn.idat.gz	52e46446dce965bbbe33f89b0429f147
GSM2405212_9878820127_R06C01_Red.idat.gz	7d415887762b88f0d2942ec08d03b322
GSM2405213_9878820156_R06C02_Grn.idat.gz	8cda29578c80f8d39ebc429143b2a0d2
GSM2405213_9878820156_R06C02_Red.idat.gz	a65fa95666d24b3caed1ac87f7c290ff
GSM2405214_9878820140_R03C01_Grn.idat.gz	bbc30632d36d7a10023446356aa1050f
GSM2405214_9878820140_R03C01_Red.idat.gz	0c070234c137af67af27b262cf944673
GSM2405215_9878820140_R03C02_Grn.idat.gz	d918d7d128bcbbf28524d6ac070124d0
GSM2405215_9878820140_R03C02_Red.idat.gz	e99912dea3fb502d13cf6eff437c2a05
GSM2405216_9878820140_R04C02_Grn.idat.gz	18b994321e9eda3cc470002f964bb4bf
GSM2405216_9878820140_R04C02_Red.idat.gz	cb1d6374906fde7c361f07f63a7ab4e2
GSM2405217_9878820140_R05C02_Grn.idat.gz	8e5efc31d5c6c8a61fb3f1c83aec02f8
GSM2405217_9878820140_R05C02_Red.idat.gz	d5db6b3c2478368648d1ed206f0d7e7b
GSM2405218_9878820156_R04C01_Grn.idat.gz	43e8a9b21778171b5bc0a04c84f727a6
GSM2405218_9878820156_R04C01_Red.idat.gz	802611c1be80c55bbf414c15fb633cc4
GSM2405219_9878820156_R06C01_Grn.idat.gz	b29cdfebbe300824a10e9de60b95145b
GSM2405219_9878820156_R06C01_Red.idat.gz	8a865efd869a3ccb5cebade95ba872cd
GSM2405220_9980102125_R04C01_Grn.idat.gz	82b6a780961d02efa35d89629b823ced
GSM2405220_9980102125_R04C01_Red.idat.gz	36e8c7238ae30d6b9186f4326dc24357
GSM2405221_9980102125_R05C01_Grn.idat.gz	49d76145a3eb5f04ba66d1176bbd7baa
GSM2405221_9980102125_R05C01_Red.idat.gz	ed9eb22032c767bac7d84ff1d781764a
GSM2405222_9980102013_R01C01_Grn.idat.gz	3246c216741beb9b99e7dd027dba5cc2
GSM2405222_9980102013_R01C01_Red.idat.gz	7ecfd3f669c620a03230bcdd7894551a
GSM2405223_9980102032_R05C01_Grn.idat.gz	fc0d4b7eee3d12f64730f03a11af3dde
GSM2405223_9980102032_R05C01_Red.idat.gz	8376a02d5897f58928bdfb1f1f86a6ea
GSM2405224_9980102125_R01C02_Grn.idat.gz	067e1fd3f12765c5c8f61282e7959d3e
GSM2405224_9980102125_R01C02_Red.idat.gz	cfef646c09872b430d697da95f3b2513
GSM2405225_9980102125_R02C02_Grn.idat.gz	9eda38b0359637b44be6e8f1d6c1f7fa
GSM2405225_9980102125_R02C02_Red.idat.gz	9398611d2b6c483aa3fb7bc20224e8c6
GSM2405226_9980102125_R03C02_Grn.idat.gz	4e6c94c87f9b62d7465b6f8f2f471b81
GSM2405226_9980102125_R03C02_Red.idat.gz	8218c1a813bca0db10e0b4a5e1b096d9
GSM2405227_9878827210_R05C01_Grn.idat.gz	fec9b688319f1afbc54a5db1388406f3
GSM2405227_9878827210_R05C01_Red.idat.gz	8c51ac5721456b1434ad7750b75792c7
GSM2405228_9878827211_R02C01_Grn.idat.gz	d533c4b296bbd8a3e80063560667cb29
GSM2405228_9878827211_R02C01_Red.idat.gz	a0625ee281e51dcbca8db2e339aab443
GSM2405229_9878827214_R04C01_Grn.idat.gz	399e76635f0775c9576dfdcee7b68e62
GSM2405229_9878827214_R04C01_Red.idat.gz	5ff0a4513d1cf19196b54a0daf89cdbb
GSM2405230_9878827214_R05C01_Grn.idat.gz	42c4b4dced38d9a1ccf8f6dd6c393271
GSM2405230_9878827214_R05C01_Red.idat.gz	14c73f5ef6e8504777ee8d951caf3997
GSM2405231_9878827214_R06C01_Grn.idat.gz	5988d9fad5c02111ebd150e7adb30a63
GSM2405231_9878827214_R06C01_Red.idat.gz	9ca89e07a872cda752cf70060f796e07
GSM2405232_9878827214_R01C02_Grn.idat.gz	9e0405c80c6cc0f817f2626992ff01fa
GSM2405232_9878827214_R01C02_Red.idat.gz	84fd89b2c91fa2b01a2f928ef75536db
GSM2405233_9878827214_R02C02_Grn.idat.gz	d5a3b7985c772a7bc7bc0b8fada6d900
GSM2405233_9878827214_R02C02_Red.idat.gz	262f99e690c3400d5143a05ed63a2934
GSM2405234_9878827214_R03C02_Grn.idat.gz	e84312e28114d1cbfecec69b60c95533
GSM2405234_9878827214_R03C02_Red.idat.gz	7f69237ca557cf8d8390ef407501ceb7
GSM2405235_9878827214_R04C02_Grn.idat.gz	7e20d358cb73f4972b3e1fb87957105d
GSM2405235_9878827214_R04C02_Red.idat.gz	84c178d789b64f91cbb1ed88faea2459
GSM2405236_9878827214_R05C02_Grn.idat.gz	d0571a00c15985a6da93a74a7ceb3696
GSM2405236_9878827214_R05C02_Red.idat.gz	c01f27d9c5c949f6b6e5c581f7e13c6d
GSM2405237_9878827214_R06C02_Grn.idat.gz	858b2ecd322544d4c579f944a8de923f
GSM2405237_9878827214_R06C02_Red.idat.gz	3632bb8365cc16335170542173bb7cfd
GSM2405238_9878827214_R02C01_Grn.idat.gz	1c3553fb34356dd3c73460704a213bce
GSM2405238_9878827214_R02C01_Red.idat.gz	a148a54c5829b4b69ee34d0798161a65
GSM2405239_9878827214_R03C01_Grn.idat.gz	87412db5064de8594b12d02a748ffe02
GSM2405239_9878827214_R03C01_Red.idat.gz	fc10f7c92e6aa9d9cf03a783381679dd
GSM2405240_9878827220_R02C01_Grn.idat.gz	db6377790e7a9f770865da08c52a111f
GSM2405240_9878827220_R02C01_Red.idat.gz	893b1e1ec69f1e34036b7ed43d9ae493
GSM2405241_9878827220_R04C01_Grn.idat.gz	3286ecccb21e49f369889474a2ed3317
GSM2405241_9878827220_R04C01_Red.idat.gz	0f6053e66d476f4fcf448b69b6fd75a3
GSM2405242_9878827221_R05C01_Grn.idat.gz	555cf4978b6c0c58a32a89e283762aa0
GSM2405242_9878827221_R05C01_Red.idat.gz	2d117af9c93cd989103791d0153b4bed
GSM2405243_9878827221_R01C02_Grn.idat.gz	979b927ab2bff7056bb5791420cc2e03
GSM2405243_9878827221_R01C02_Red.idat.gz	32fefa20bb5600593b82d43728b037fb
GSM2405244_9878827221_R02C02_Grn.idat.gz	4aebf344d5b451e5286716c57ce4ed83
GSM2405244_9878827221_R02C02_Red.idat.gz	7e3df190c4a709bf27cd3e8baee7ceb5
GSM2405245_9878827221_R05C02_Grn.idat.gz	ed1d199e604212dd1da68497330c904d
GSM2405245_9878827221_R05C02_Red.idat.gz	3419e27fd363283c549a9c1456e26086
GSM2405246_9878827225_R02C01_Grn.idat.gz	041dcb2f23e5b361eee0d86bc34560f2
GSM2405246_9878827225_R02C01_Red.idat.gz	66429056ced13ad515d44a77ef38b371
GSM2405247_9878827225_R03C01_Grn.idat.gz	c18a46c44ff9c3dca8a82e2a013c08ae
GSM2405247_9878827225_R03C01_Red.idat.gz	10a4d6292cde018939268eea3f98c096
GSM2405248_9878827225_R02C02_Grn.idat.gz	2a069260dcf6bd95644a1010f63902ca
GSM2405248_9878827225_R02C02_Red.idat.gz	332cc80da18083d508cb1af3d812d0aa
GSM2405249_9878827225_R04C02_Grn.idat.gz	7dcbeee99c2ad3a1a5bf88d4e17d8743
GSM2405249_9878827225_R04C02_Red.idat.gz	bd58ce9c4f173ebe6b852ea7cc8c816f
GSM2405250_9878827227_R03C01_Grn.idat.gz	73e121bab5c18713d3af0efa2ee5191d
GSM2405250_9878827227_R03C01_Red.idat.gz	44ad65e6573ab76138af224ea17845e6
GSM2405251_9878827227_R04C01_Grn.idat.gz	94357889103e4cc7bbab132655dfd2e6
GSM2405251_9878827227_R04C01_Red.idat.gz	a5bfff1484932e01b2e76200b1bab94d
GSM2405252_9878827227_R01C02_Grn.idat.gz	51ba3dc99c1894f8b1a1eadd8f5be272
GSM2405252_9878827227_R01C02_Red.idat.gz	bf889c45ae49a7937287ae6a405679d0
GSM2405253_9878827229_R01C01_Grn.idat.gz	6bf4ad7383305ec394d4b880bc4cc75a
GSM2405253_9878827229_R01C01_Red.idat.gz	c474aa5e640c2bb9f1c05b7cccddc51e
GSM2405254_10006823005_R01C01_Grn.idat.gz	53eb756b659c573895eb5b78a884369f
GSM2405254_10006823005_R01C01_Red.idat.gz	f9bb3b90480697775f4a5201f883884e
GSM2405255_10006823005_R02C01_Grn.idat.gz	0a643dea12005454756afb5272736c5f
GSM2405255_10006823005_R02C01_Red.idat.gz	de7577c0c2a8908db4d27472c0951816
GSM2405256_10006823005_R03C01_Grn.idat.gz	edba2cc880e698141eb7c6e2af44abd4
GSM2405256_10006823005_R03C01_Red.idat.gz	59db548b1e16aa4f495dd202b3a60d54
GSM2405257_10006823005_R04C01_Grn.idat.gz	1a0c50cccfab03381d012b65a42a4c31
GSM2405257_10006823005_R04C01_Red.idat.gz	9ef15a1aff81bb60e6e09f95738030c1
GSM2405258_10006823005_R05C01_Grn.idat.gz	edc8217e365dcaf181fcb08914e48196
GSM2405258_10006823005_R05C01_Red.idat.gz	fdd55e58d136c6269598a37ced0bf674
GSM2405259_9878827235_R02C01_Grn.idat.gz	a9389775f7a9997da3c4b4166fe178e3
GSM2405259_9878827235_R02C01_Red.idat.gz	914dd2dd4ac2d50154ddd242556ad889
GSM2405260_9878827235_R04C01_Grn.idat.gz	14ea13822d11863442ac71bf020d33f2
GSM2405260_9878827235_R04C01_Red.idat.gz	91cb833d2f5d8676576152fd9453f42f
GSM2405261_9878827235_R05C01_Grn.idat.gz	6b4c893c828f332f21a87e39ca3979c6
GSM2405261_9878827235_R05C01_Red.idat.gz	14332d0bee9bb5eeb9c7ea2769e0d570
GSM2405262_9878827235_R06C01_Grn.idat.gz	d6ff69cc811f0afdbe6e5aad28fedd95
GSM2405262_9878827235_R06C01_Red.idat.gz	f772b1db3fe894907ae41be1c8535b47
GSM2405263_9878827235_R01C02_Grn.idat.gz	0ef014fc2627b81a41568fcbda3c1e2f
GSM2405263_9878827235_R01C02_Red.idat.gz	719c447e1edc277b72e3a13e5bbd919e
GSM2405264_9878827235_R03C02_Grn.idat.gz	562d0b2ff6505ceecec6d6dd4fdcd10d
GSM2405264_9878827235_R03C02_Red.idat.gz	d967afef57dd3593184475379ae12aa1
GSM2405265_9878827235_R05C02_Grn.idat.gz	56d50f5b90df078c464a88ea8295293e
GSM2405265_9878827235_R05C02_Red.idat.gz	25e65a1240c6f8cf977832f781e5a810
GSM2405266_9878827239_R04C02_Grn.idat.gz	791cd6251bffd353b2f840a8c3786511
GSM2405266_9878827239_R04C02_Red.idat.gz	8dff3e26ac2c80ffeb031fff51efe2c9
GSM2405267_9878827240_R03C01_Grn.idat.gz	10dac511e716e1bbbd4c3dea9c462b2f
GSM2405267_9878827240_R03C01_Red.idat.gz	826d12427a018f99a9b96a00473635fd
GSM2405268_9878827240_R04C01_Grn.idat.gz	13454b24edbcf09bb19039d5dd59f95e
GSM2405268_9878827240_R04C01_Red.idat.gz	11c2b9ea4055a8477ac2600dc7d80299
GSM2405269_10006823022_R06C01_Grn.idat.gz	9d88d29dc36b39bc5fb3eda5bf3c924d
GSM2405269_10006823022_R06C01_Red.idat.gz	af3e00c2ba50bf1bbe9b4db39bfab9f1
GSM2405270_10006823022_R03C02_Grn.idat.gz	79f1e4d921a446365aae721c0394e32b
GSM2405270_10006823022_R03C02_Red.idat.gz	8e601cece2a6365364ec8dfb63031a9f
GSM2405271_10006823024_R05C01_Grn.idat.gz	af435061be9796b77de3f4db6651e06d
GSM2405271_10006823024_R05C01_Red.idat.gz	0638872ee22040b00668617955e4bf72
GSM2405272_10006823069_R02C01_Grn.idat.gz	f1013dc942185212b0d8d120eada51fd
GSM2405272_10006823069_R02C01_Red.idat.gz	d5621c8d34db2862276c9cff0016486e
GSM2405273_10006823069_R04C02_Grn.idat.gz	af3343f0c46748a55ce969f312f6e793
GSM2405273_10006823069_R04C02_Red.idat.gz	9f6985736bb7f6d65835ddee817e4e64
GSM2405274_10006823069_R06C02_Grn.idat.gz	a65eec84a833ba2fadec3bd9443a305c
GSM2405274_10006823069_R06C02_Red.idat.gz	2b1f8c517dc3a39c2349da7f327b7dcc
GSM2405275_10006823133_R05C01_Grn.idat.gz	1591318b7607ed30dced35b12a13f9a4
GSM2405275_10006823133_R05C01_Red.idat.gz	cccc54ca215d9550023ea1e82cc7ed6d
GSM2405276_10006823133_R01C02_Grn.idat.gz	26b4c8c15e29a95367791d87b3c37b73
GSM2405276_10006823133_R01C02_Red.idat.gz	5e81a8ca17107e345de498b58962fe31
GSM2405277_10006823143_R03C02_Grn.idat.gz	1662e22c6fbb8db823213627965ba824
GSM2405277_10006823143_R03C02_Red.idat.gz	3a6ee65604eb36b64c38ee28f88398a1
GSM2405278_10006823143_R04C02_Grn.idat.gz	3f60e2cbd8dfa1454a76dad3ad567bc3
GSM2405278_10006823143_R04C02_Red.idat.gz	4a673f67c9fb2f15fe31d7e1c8b19cf9
GSM2405279_10006823122_R03C02_Grn.idat.gz	2466d006ca4ead1cb5016bd711dc2d01
GSM2405279_10006823122_R03C02_Red.idat.gz	f3f4c8c25f5c2e63ebd81690655e437f
GSM2405280_10006823122_R05C02_Grn.idat.gz	0e01727ae94fd4a014e3c34a007e8cc0
GSM2405280_10006823122_R05C02_Red.idat.gz	fa24da65d7145fc13d0d98c9f997569c
GSM2405281_10006823123_R02C01_Grn.idat.gz	fdbc036eb7dee28d4b469479b9518b70
GSM2405281_10006823123_R02C01_Red.idat.gz	7e78534ceec8a2fc9202e62f729554bb
GSM2405282_10006823123_R05C01_Grn.idat.gz	891aa7c8e78bc58359d84b2559fa6fa1
GSM2405282_10006823123_R05C01_Red.idat.gz	906eeff5abff2f892d7860c15c913578
GSM2405283_10006823123_R06C02_Grn.idat.gz	dbb3f8284444f3406d26af09299e1f87
GSM2405283_10006823123_R06C02_Red.idat.gz	bd7bf8d554ba921ab86b44176274f388
GSM2405284_10006823130_R02C01_Grn.idat.gz	6999a9a9b6db892d5eb788379bd3a178
GSM2405284_10006823130_R02C01_Red.idat.gz	e8b7a7b89f903efbb452a0c7457a8f1b
GSM2405285_10006823130_R03C01_Grn.idat.gz	985a0cd8e3c95b9c682cb0dad7b4dc6a
GSM2405285_10006823130_R03C01_Red.idat.gz	0bc557414f7a0f7745dab93ae589407e
GSM2405286_10006823130_R04C01_Grn.idat.gz	b2b41b279204e55add71417dc47959c1
GSM2405286_10006823130_R04C01_Red.idat.gz	bdada1fbae7a589824f52a59d2cd63b7
GSM2405287_10006823130_R05C01_Grn.idat.gz	4fffa8dbfad1b8d24299842754bad300
GSM2405287_10006823130_R05C01_Red.idat.gz	ba1766b72dac2662cdb99b4b58a27be0
GSM2405288_10006823141_R01C01_Grn.idat.gz	274f5479a241f9a2ca4cfb077bba4aed
GSM2405288_10006823141_R01C01_Red.idat.gz	faf7c4470bf853dd37e3b182094166b3
GSM2405289_10006823141_R05C01_Grn.idat.gz	43c49d312d02c692bec09e61b2c36bb7
GSM2405289_10006823141_R05C01_Red.idat.gz	68e1bcaebfd5aab288cc306c895d80ee
GSM2405290_10006823141_R01C02_Grn.idat.gz	e90a84d0c192de21af32c0646f8894ba
GSM2405290_10006823141_R01C02_Red.idat.gz	d58f3b227d4d0ddf61207ae742287a94
GSM2405291_10006823141_R02C02_Grn.idat.gz	6e486b0f0382a43eba3453989859e9a1
GSM2405291_10006823141_R02C02_Red.idat.gz	89afc45601ef89fb1e96e94a1541601b
GSM2405292_10006823141_R03C02_Grn.idat.gz	11e0560a2bba129317fcd210104f55b0
GSM2405292_10006823141_R03C02_Red.idat.gz	a91360c9ab392d51d196f31599e6296f
GSM2405293_10006823165_R01C01_Grn.idat.gz	2052596f8bc43675fd883446694f6a10
GSM2405293_10006823165_R01C01_Red.idat.gz	3944dedea1eb30cf324657bcafbc8c29
GSM2405294_10006823165_R02C01_Grn.idat.gz	33049d17d8a2be412168dbd3391ed3c5
GSM2405294_10006823165_R02C01_Red.idat.gz	3bc9c8714e7b277927c55e94e162f0ea
GSM2405295_10006823165_R04C01_Grn.idat.gz	51ed6130f018e3359b5e8f17c8495de1
GSM2405295_10006823165_R04C01_Red.idat.gz	ecc3993a18766ab79603acd301e6ca9b
GSM2405296_3999875055_R02C01_Grn.idat.gz	b163f5463e689ee29204b9dfbabeb069
GSM2405296_3999875055_R02C01_Red.idat.gz	117d9b9a51b197489b5e7bb9c413122e
GSM2405297_3999875055_R01C02_Grn.idat.gz	7d4c76fa3e6be060f0b6e2fea34d5bb5
GSM2405297_3999875055_R01C02_Red.idat.gz	861b2a41ab1d2a841ace36431da79e50
GSM2405298_3999875055_R02C02_Grn.idat.gz	897ceace73f84418cec2106f7b73fe7a
GSM2405298_3999875055_R02C02_Red.idat.gz	5ad8827a533b7cd501ae9823046beb2b
GSM2405299_3999875055_R03C02_Grn.idat.gz	2be35e212f62c54b5a66940a334a5496
GSM2405299_3999875055_R03C02_Red.idat.gz	d8cb317bce92bdcc1165acee7bced169
GSM2405300_3999875055_R04C02_Grn.idat.gz	6b35f3e969c136654a1625351b515d81
GSM2405300_3999875055_R04C02_Red.idat.gz	1ac15092c815cda82bd6718d9cad484b
GSM2405301_3999875055_R05C02_Grn.idat.gz	6876bffd90a739835c20278801abae22
GSM2405301_3999875055_R05C02_Red.idat.gz	140d149c3d8df36a7b4c40dc3ee239f0
GSM2405302_3999875056_R04C01_Grn.idat.gz	e7d9d74ec9ed02064555f21f812175ab
GSM2405302_3999875056_R04C01_Red.idat.gz	f0737e997535fbacf66ab7da3d0eacf6
GSM2405303_3999875056_R05C01_Grn.idat.gz	b4136eb066d1e38143b6c3dd0e0b638b
GSM2405303_3999875056_R05C01_Red.idat.gz	8d0b2d78d1b6c80b9df99e127eb71642
GSM2405304_3999875056_R06C02_Grn.idat.gz	fe20b267aad4fe30a0e9590cf67c2530
GSM2405304_3999875056_R06C02_Red.idat.gz	2e90f0974686eaaff60554e13fde7166
GSM2405305_3999875057_R04C01_Grn.idat.gz	b55abb101489bed457f2164614255aab
GSM2405305_3999875057_R04C01_Red.idat.gz	2af8ac1bbea79a427a22dc50bf962328
GSM2405306_3999875057_R05C01_Grn.idat.gz	703c7938334cd732feb35cf2acda704b
GSM2405306_3999875057_R05C01_Red.idat.gz	0f01ebd9bc9026e74d02841bafbe5c13
GSM2405307_3999875057_R06C01_Grn.idat.gz	e8d1e2cb3f53b2c33d0381eb4a7e4088
GSM2405307_3999875057_R06C01_Red.idat.gz	a5c573b46a7e2bfc3ceb3d36b61f229f
GSM2405308_3999875057_R01C02_Grn.idat.gz	44c3e799d6c0e52554e9fd01caf4ce8b
GSM2405308_3999875057_R01C02_Red.idat.gz	8566ac69134507f749084ee5df4808b3
GSM2405309_10003886259_R03C01_Grn.idat.gz	18538dc165e0cb4fd33475b0b21b1ff9
GSM2405309_10003886259_R03C01_Red.idat.gz	9a14b65d9e8bc8c0eb901fe7da1816b4
GSM2405310_10003886259_R03C02_Grn.idat.gz	ad4095b96c701e0ca856599bf62d5e3a
GSM2405310_10003886259_R03C02_Red.idat.gz	103e6e2c6db47b55a5e2f66c0d238488
GSM2405311_10003886258_R06C01_Grn.idat.gz	623b8aa8184d891865aecf4ff1395f1b
GSM2405311_10003886258_R06C01_Red.idat.gz	aeab50b5405a2e0f8d50065d480ceb11
GSM2405312_10003886252_R03C02_Grn.idat.gz	255823008fae6c2c695968c9a250d2c0
GSM2405312_10003886252_R03C02_Red.idat.gz	28a1e73872554c3dfb1501c063a6ac7e
GSM2405313_10003886252_R04C02_Grn.idat.gz	0be6d29dc413f0913426941bb518d668
GSM2405313_10003886252_R04C02_Red.idat.gz	80eb1204e048d4269d1c473c626199e1
GSM2405314_10003886253_R03C01_Grn.idat.gz	0c57a42a51e2c5440562d8378b367403
GSM2405314_10003886253_R03C01_Red.idat.gz	12786a089615a3c4fba557c8cc62cdd0
GSM2405315_10003886253_R05C02_Grn.idat.gz	6d6112ca7b98fea10251e8def9cac6f6
GSM2405315_10003886253_R05C02_Red.idat.gz	a9223b37060b03090c1457232d953586
GSM2405316_10003886253_R06C02_Grn.idat.gz	8abc7597fdc3cd93760aac030484ce32
GSM2405316_10003886253_R06C02_Red.idat.gz	db8520c3bda489c003ea296650412c55
GSM2405317_10003886256_R01C02_Grn.idat.gz	8bdcc0d7c740e5602d536d31f4909f75
GSM2405317_10003886256_R01C02_Red.idat.gz	09515c70dbffda19edc6bb7149073c19
GSM2405318_10003886259_R02C01_Grn.idat.gz	a7c8c77303aff0e6f13cedccbc366d1c
GSM2405318_10003886259_R02C01_Red.idat.gz	a2be4434344c39a09cbf7fcd1d2713f1
GSM2405319_10003886258_R02C01_Grn.idat.gz	97041ad17390f0680ab6f5524fed94c0
GSM2405319_10003886258_R02C01_Red.idat.gz	1d623a79d470920a4cf3e69d3dcc7c21
GSM2405320_10003886258_R02C02_Grn.idat.gz	33f6c15109afd7c576aea437365da89e
GSM2405320_10003886258_R02C02_Red.idat.gz	1849eff8e930b6be45a73f1618f11a87
GSM2405321_10003886258_R05C02_Grn.idat.gz	81d0be3e718bef0916ad397234704ce1
GSM2405321_10003886258_R05C02_Red.idat.gz	6a4c40768cda5d5193fbe158073738fe
GSM2405322_10005839017_R06C01_Grn.idat.gz	e35a720075b177740e1290e4d288250a
GSM2405322_10005839017_R06C01_Red.idat.gz	26f4e3171b2b30bdd52564b66f0bbf0f
GSM2405323_10006823132_R06C02_Grn.idat.gz	bf766b76af5b26e2858cb9246aa12027
GSM2405323_10006823132_R06C02_Red.idat.gz	25571798c263144427b183c3624f20c1
GSM2405324_10006823144_R02C01_Grn.idat.gz	1e1572a97d781a4440cb1e5eab066dc0
GSM2405324_10006823144_R02C01_Red.idat.gz	fd5bd550ba589638a0d5d1e0cb9dbc4f
GSM2405325_10006823144_R01C02_Grn.idat.gz	5fbad4b504da3f23b8b8671a62e19487
GSM2405325_10006823144_R01C02_Red.idat.gz	977fa14a43adb56b554a300e54c16b38
GSM2405326_10006823144_R06C02_Grn.idat.gz	f293af88f416e01b06057ee6215fb2e3
GSM2405326_10006823144_R06C02_Red.idat.gz	c4c2400b476af275abe936bde68f166a
GSM2405327_10006823155_R02C02_Grn.idat.gz	6c3f446d8b1d163764f05403fb7cad35
GSM2405327_10006823155_R02C02_Red.idat.gz	495908969ab6b145febf353f5c268f7e
GSM2405328_10006823155_R03C02_Grn.idat.gz	9701bff323fec9754f47228343873784
GSM2405328_10006823155_R03C02_Red.idat.gz	86aa41721cbbda0c8bd78f6a96e6d5c0
GSM2405329_10006823155_R04C02_Grn.idat.gz	f0ae25fa6b792af6144b61a61383cc34
GSM2405329_10006823155_R04C02_Red.idat.gz	7d834af1c51e11e4d8940e477720faae
GSM2405330_10006823160_R05C01_Grn.idat.gz	1e2b57d320dc3fbe1a4222045104b916
GSM2405330_10006823160_R05C01_Red.idat.gz	ff4d6a72f846c8f054d7d52bf657c27b
GSM2405331_3999834021_R04C02_Grn.idat.gz	991e5288e89bf703142904f219a6f8c3
GSM2405331_3999834021_R04C02_Red.idat.gz	41f2bffc2c4d30b0d76be75f73637ca7
GSM2405332_3999834021_R06C02_Grn.idat.gz	52aebacd4cc8e506761a4551924fda5a
GSM2405332_3999834021_R06C02_Red.idat.gz	a24d95f482fa6a4794d45fc5b8b439bf
GSM2405333_3999834021_R05C01_Grn.idat.gz	0e24346dc694b168c3e1c73563251d1b
GSM2405333_3999834021_R05C01_Red.idat.gz	de1dea9a4dac2e5defb12425f09bf101
GSM2405334_3999834001_R02C01_Grn.idat.gz	bc33e35df961504b6b15564aa6a86274
GSM2405334_3999834001_R02C01_Red.idat.gz	7f658944bceee7f89ecfa0ed05358427
GSM2405335_3999834002_R02C02_Grn.idat.gz	146622eac963c7e28a91e304a0b0e4ee
GSM2405335_3999834002_R02C02_Red.idat.gz	fd99132d1f2d7ade88fa4fde6a1efb7e
GSM2405336_3999834003_R01C01_Grn.idat.gz	46d0c87299b39d4017ae8b5132c8bb48
GSM2405336_3999834003_R01C01_Red.idat.gz	ca141e0f607695def8f25a0bc25fab6c
GSM2405337_3999834003_R02C01_Grn.idat.gz	0996d436a7d485ffc61f21321b36a35b
GSM2405337_3999834003_R02C01_Red.idat.gz	0831e3f92167560ae6502262faa14d3d
GSM2405338_3999834003_R03C01_Grn.idat.gz	0b43ba260cb2c71b34c388f5811e9a0a
GSM2405338_3999834003_R03C01_Red.idat.gz	984f56726971cd0b9fac472cbb0c1138
GSM2405339_3999834003_R05C01_Grn.idat.gz	f9fdb8ad275e8150704c8c205bacf5a1
GSM2405339_3999834003_R05C01_Red.idat.gz	5c265f95b9774554a0d0c895f2cab092
GSM2405340_3999834003_R06C01_Grn.idat.gz	1e60c9ba3d78da642db0ccc8eefba1f1
GSM2405340_3999834003_R06C01_Red.idat.gz	cdfd85d96779a48c96a139e48d0637b4
GSM2405341_3999834003_R03C02_Grn.idat.gz	53257c32c9e8d3bb2cb93ec1f3b54475
GSM2405341_3999834003_R03C02_Red.idat.gz	43ba749a61c7ce934ea037392bd3923b
GSM2405342_3999834021_R02C01_Grn.idat.gz	96d3a2bbee20020c3c5d1c116d78884f
GSM2405342_3999834021_R02C01_Red.idat.gz	b09eb5e757e1097f88ba1595dadd002e
GSM2405343_3999834045_R02C01_Grn.idat.gz	7436abc7087998fd7a5e38dced2d6025
GSM2405343_3999834045_R02C01_Red.idat.gz	54fe3157b2ab21eab7385afa1e64ce65
GSM2405344_3999834045_R03C01_Grn.idat.gz	070e49c66942c92abd55af07a232d24c
GSM2405344_3999834045_R03C01_Red.idat.gz	d03e79edbb2826272ff350c5fdfd968b
GSM2405345_3999834045_R04C01_Grn.idat.gz	49b71ea02f77fe9b138caf284698980d
GSM2405345_3999834045_R04C01_Red.idat.gz	0f4592cf3d9f35c7f617a2a57fc6c6d2
GSM2405346_3999834045_R05C01_Grn.idat.gz	3f8fa5ca33fd2060cacfdd3e98fc299a
GSM2405346_3999834045_R05C01_Red.idat.gz	c143c17efaa069e2744df0cbe1aeed11
GSM2405347_3999834045_R06C01_Grn.idat.gz	c6f53a9d52ce44c74a69d08751ece3fb
GSM2405347_3999834045_R06C01_Red.idat.gz	36dd2583b3469e129838793e44fa1621
GSM2405348_3999834045_R01C02_Grn.idat.gz	da617db0c689d89824d64447af6cc157
GSM2405348_3999834045_R01C02_Red.idat.gz	19fe7dd49105b4fc463cc78b9fef4b57
GSM2405349_3999834045_R02C02_Grn.idat.gz	6b4aa5da1e3192327a5b8a1f351c375e
GSM2405349_3999834045_R02C02_Red.idat.gz	07f9b6c18b0c5589ee428a9d8a92d66f
GSM2405350_3999834036_R05C02_Grn.idat.gz	fbacb71a4dca28ed3348384044cb9765
GSM2405350_3999834036_R05C02_Red.idat.gz	19eda7a34690f325f869027d818a5627
GSM2405351_3999834036_R06C02_Grn.idat.gz	45b9a0bd786afd8fa4e56fdd8f6e1263
GSM2405351_3999834036_R06C02_Red.idat.gz	bb150e8411c6586742cbfcafbe4fe26d
GSM2405352_3999834045_R03C02_Grn.idat.gz	bb6f513aa04018620bc22400d58fe741
GSM2405352_3999834045_R03C02_Red.idat.gz	3be1f570baa9f8ab9d5cd353e7212c5e
GSM2405353_3999834045_R04C02_Grn.idat.gz	8ca99ef347bdd24fd3327e42a5c0f615
GSM2405353_3999834045_R04C02_Red.idat.gz	10c5cc08e5b46db390b0c014fdbcdfe1
GSM2405354_3999834045_R05C02_Grn.idat.gz	1df7bdad533f578ea21ca2435a9d572f
GSM2405354_3999834045_R05C02_Red.idat.gz	fa6198712d24589beb46499d40540c69
GSM2405355_3999834036_R01C01_Grn.idat.gz	999246a572e1ab6f1f9f6dcf326462cb
GSM2405355_3999834036_R01C01_Red.idat.gz	74a68524063b0137fb8287c6a1aa7fb2
GSM2405356_3999834036_R02C01_Grn.idat.gz	c0e415555835b07ef509b7e8a86e6f61
GSM2405356_3999834036_R02C01_Red.idat.gz	8a2261336fe743b73275420f28fe3083
GSM2405357_3999834036_R03C01_Grn.idat.gz	2a7af91cb83c5c24c1e7529be114e333
GSM2405357_3999834036_R03C01_Red.idat.gz	427eab9e45d661e9eb705a05c0211710
GSM2405358_3999834036_R04C01_Grn.idat.gz	6700ee64997e3737b3e0164c45fa4154
GSM2405358_3999834036_R04C01_Red.idat.gz	19f074f16c279db5300b867ae05a127f
GSM2405359_3999834036_R05C01_Grn.idat.gz	8accbef6b8758c734aaa1169cae37aa1
GSM2405359_3999834036_R05C01_Red.idat.gz	c84637835ff8332f3ac734ffe3af85dc
GSM2405360_3999834036_R06C01_Grn.idat.gz	47bc376aa648d051dae46dcf7062ccd5
GSM2405360_3999834036_R06C01_Red.idat.gz	6062df279531e9ce0d8ef55b1ff53d66
GSM2405361_3999834036_R01C02_Grn.idat.gz	9d2bac0615d3d996c0312cb4c691b833
GSM2405361_3999834036_R01C02_Red.idat.gz	3c87087f6e0320a25fe8727cf1ad0e7f
GSM2405362_3999834036_R02C02_Grn.idat.gz	b3fd764fdf13887913653da439d70045
GSM2405362_3999834036_R02C02_Red.idat.gz	e458b70095e63e01f42297305bffefd9
GSM2405363_3999834036_R03C02_Grn.idat.gz	10810897ffaedee67fe51f0965420489
GSM2405363_3999834036_R03C02_Red.idat.gz	5a2b47d1b3b738ae32bc70fb6b5c6ce1
GSM2405364_3999834055_R06C02_Grn.idat.gz	fe5d6477a50666e28d27c487c6c6daa7
GSM2405364_3999834055_R06C02_Red.idat.gz	cab31fee097f1ee3f68e27af6b4daa79
GSM2405365_3999834062_R03C01_Grn.idat.gz	42ccc29875a5da5b7fe8a66f6241ca7f
GSM2405365_3999834062_R03C01_Red.idat.gz	8e9c74b32c3516a6784b62b0c445d18c
GSM2405366_3999834062_R05C01_Grn.idat.gz	88bf28294c9660d6d4708f761812171c
GSM2405366_3999834062_R05C01_Red.idat.gz	06e5fc4836601e4e2d705e24176f5ae4
GSM2405367_3999834062_R06C01_Grn.idat.gz	09100d874b018cb90e8274872ca02a39
GSM2405367_3999834062_R06C01_Red.idat.gz	0d23c1aed03107f9fdbc54edd3b7d3a1
GSM2405368_3999834062_R01C02_Grn.idat.gz	eb57bc36e3c161723872cc03ed056fe4
GSM2405368_3999834062_R01C02_Red.idat.gz	dae5bb150777e1c4cb08fdda99840282
GSM2405369_3999834062_R04C02_Grn.idat.gz	d5fddaa7320af8a6a1af123c3a277672
GSM2405369_3999834062_R04C02_Red.idat.gz	f81bb93fdb6e4481044d4a87a85df6ff
GSM2405370_3999834063_R02C01_Grn.idat.gz	a31972c766f9f14400cf3461ed83ec71
GSM2405370_3999834063_R02C01_Red.idat.gz	0d26351f85dde763aadbd7a85b3ae6d0
GSM2405371_3999834063_R04C01_Grn.idat.gz	eb0fb1b2a1ad3fd0e18d8be984d0e99c
GSM2405371_3999834063_R04C01_Red.idat.gz	93af0a83ced081ea651a8ceacb32b26e
GSM2405372_3999834063_R02C02_Grn.idat.gz	b2bd291589c2e36f3caa7469d7a8dd27
GSM2405372_3999834063_R02C02_Red.idat.gz	0578afc6edbb66635cdcf3b47d222767
GSM2405373_3999834063_R05C02_Grn.idat.gz	505d50e3e8b012bda06f450b7dce5594
GSM2405373_3999834063_R05C02_Red.idat.gz	5497d408f84cf2d4add7250c310405b6
GSM2405374_3999834067_R06C02_Grn.idat.gz	76da8f0486b839b9888a47636d80e6d6
GSM2405374_3999834067_R06C02_Red.idat.gz	607baede71d2ddf5dfec3dce48206373
GSM2405375_3999834068_R03C02_Grn.idat.gz	cc5bde0095e2dc54704ba6d0f5c3d2c1
GSM2405375_3999834068_R03C02_Red.idat.gz	a71fec1ebc7834a9451000dfe88bf5b5
GSM2405376_3999834070_R01C01_Grn.idat.gz	e82b26617c3f4ea9ac2af422b58e4f42
GSM2405376_3999834070_R01C01_Red.idat.gz	45468d5a4dffd7b2d58dbd013d6640e8
GSM2405377_3999834070_R01C02_Grn.idat.gz	86c9fd95997e4357e654c7e8df8bb535
GSM2405377_3999834070_R01C02_Red.idat.gz	e00a21e6fc19243ad841591f96d561f8
GSM2405378_10011071031_R05C01_Grn.idat.gz	bd4c84c451bc6fc3079152768fa95a63
GSM2405378_10011071031_R05C01_Red.idat.gz	cc5addd846251786f5a0f734caf1b118
GSM2405379_3999834073_R04C02_Grn.idat.gz	e22f347eca2dcd51ab69b20d31caa459
GSM2405379_3999834073_R04C02_Red.idat.gz	b060be2494634d62bfe98345de879881
GSM2405380_3999834089_R06C01_Grn.idat.gz	e6d6d3c133bc29a9f344fb12ab8ee8b4
GSM2405380_3999834089_R06C01_Red.idat.gz	dcf243cb2fe8866951de1554e8d1d760
GSM2405381_3999834089_R03C02_Grn.idat.gz	7af4fdb978537a773e56501afe0c66f2
GSM2405381_3999834089_R03C02_Red.idat.gz	f10231d7bcbf03da1e7d87ea46d6fe46
GSM2405382_3999834089_R04C02_Grn.idat.gz	7b9efccb2017b3ce54d668111d06a15b
GSM2405382_3999834089_R04C02_Red.idat.gz	e57a5e8413cd35d11fb68f117fb77d8b
GSM2405383_3999834092_R06C02_Grn.idat.gz	b8b2b735defa08ad41b2a6984bef6d84
GSM2405383_3999834092_R06C02_Red.idat.gz	ff52471154ea7b794776361ef905b7d7
GSM2405384_3999834093_R01C01_Grn.idat.gz	eb51e0c90eb37edcf0df90ff282d9ba4
GSM2405384_3999834093_R01C01_Red.idat.gz	9295ba8e7f78b08362b69172f5abf313
GSM2405385_3999834093_R01C02_Grn.idat.gz	b9eef3f837b5d1fe0d4cf1be9610c206
GSM2405385_3999834093_R01C02_Red.idat.gz	b86a3b7d8706e2535c9ad0eedbdd422a
GSM2405386_3999834093_R02C02_Grn.idat.gz	4d0b4f61153f157190421183fea72d1a
GSM2405386_3999834093_R02C02_Red.idat.gz	1d332ee9ece3e7e79b4e0cd8539342f6
GSM2405387_3999834093_R04C02_Grn.idat.gz	f1a54d8f024c090b27c852a962016ffb
GSM2405387_3999834093_R04C02_Red.idat.gz	586cdd0b23653f8560b231ad2fc982fa
GSM2405388_3999834094_R04C01_Grn.idat.gz	fa0dc8fc31eb968ea81f490e9f1cd37b
GSM2405388_3999834094_R04C01_Red.idat.gz	a4fdf4e4e2aa947312cbfa1c84f50a9d
GSM2405389_3999834094_R05C01_Grn.idat.gz	44ede414ddd360d6a927c247c79bf79f
GSM2405389_3999834094_R05C01_Red.idat.gz	0a5196b179d227d6f965fa3e14700448
GSM2405390_3999834094_R05C02_Grn.idat.gz	e5459ce4fbecaf9d484cc70d9d865bcb
GSM2405390_3999834094_R05C02_Red.idat.gz	b780859329a06f6a0c06e719131509c9
GSM2405391_3999834095_R02C01_Grn.idat.gz	f2490743fe835fec0b6fa334fa6fc2e6
GSM2405391_3999834095_R02C01_Red.idat.gz	80f3763919b08c27ab8f5bba1e2e2311
GSM2405392_3999834095_R03C01_Grn.idat.gz	f1e42a7be84be62a64944c70b06cdb94
GSM2405392_3999834095_R03C01_Red.idat.gz	09cec78d35af203faee206a706a0ae46
GSM2405393_3999834095_R04C01_Grn.idat.gz	a6f0dfcfc868e4cd796c4555dad49bd4
GSM2405393_3999834095_R04C01_Red.idat.gz	08af03a810adec70a8f55a31cb5a1312
GSM2405394_3999834095_R06C01_Grn.idat.gz	88343670ea35777f15670ea81f80d042
GSM2405394_3999834095_R06C01_Red.idat.gz	52913d8ead1874c3ab918038619ee927
GSM2405395_3999834095_R01C02_Grn.idat.gz	c69a78d0a544497231b687b1cbde1c06
GSM2405395_3999834095_R01C02_Red.idat.gz	1785ed0cef0c4b2c01d17fbfd1d8a4bc
GSM2405396_3999834095_R02C02_Grn.idat.gz	f93f07d0dba05b55bfa3567060cdf5b2
GSM2405396_3999834095_R02C02_Red.idat.gz	9fcf68c83dd5d29216c2c1f35538def6
GSM2405397_3999834095_R03C02_Grn.idat.gz	56277005dc9e59fb4e62336545e6e3fe
GSM2405397_3999834095_R03C02_Red.idat.gz	2ae2bc04837b1f94807ec4c251dc6632
GSM2405398_3999834095_R06C02_Grn.idat.gz	c58fcee7222ecb445b142e69addea4e0
GSM2405398_3999834095_R06C02_Red.idat.gz	a417e5710ebc6b69f88a89f749655cc4
GSM2405399_3999834096_R01C01_Grn.idat.gz	d0471f1c4857c50aad723b101030173e
GSM2405399_3999834096_R01C01_Red.idat.gz	cbf00daaf522f6df9f80194060ccbd26
GSM2405400_3999834096_R02C01_Grn.idat.gz	9e69a9cb4c517d57a5425df6d2edfd50
GSM2405400_3999834096_R02C01_Red.idat.gz	bdd6c7a1702e01e0d8caf5c950ecbf26
GSM2405401_3999834096_R03C01_Grn.idat.gz	575e56bd5e525bb3cade748a46db6b85
GSM2405401_3999834096_R03C01_Red.idat.gz	0cb9b384c00347b0761367972eb83b03
GSM2405402_3999834096_R04C01_Grn.idat.gz	92c49f85a41921dd044669afd07f7700
GSM2405402_3999834096_R04C01_Red.idat.gz	ab8bf7f0de66bf4bd699b35cce7eb6da
GSM2405403_3999834096_R06C01_Grn.idat.gz	264c1eb9cf58ba084b35fe8c01ac0d72
GSM2405403_3999834096_R06C01_Red.idat.gz	9b300f5ea80fcc7829ed409adf90c5db
GSM2405404_3999834096_R01C02_Grn.idat.gz	3af4b587f1e57da1820d9975256a1906
GSM2405404_3999834096_R01C02_Red.idat.gz	86b0893edd9094c4ee87daf632739224
GSM2405405_3999834096_R02C02_Grn.idat.gz	6a577eade6585777b9390db9ff1f2ea5
GSM2405405_3999834096_R02C02_Red.idat.gz	a1aceb7a027c561db04aef3ce1d927fc
GSM2405406_3999834096_R03C02_Grn.idat.gz	ac44c8360fcedd407c67b935a8505de8
GSM2405406_3999834096_R03C02_Red.idat.gz	1ad21b0c4ed7d0e9563dfb149ef87602
GSM2405407_3999834096_R04C02_Grn.idat.gz	ba9c96f87492ec81362e9a87f8373347
GSM2405407_3999834096_R04C02_Red.idat.gz	b84bb3e125fa6171fe11cb9cafc55edd
GSM2405408_3999834096_R05C02_Grn.idat.gz	f6353ffb4617a5285d90db8528becea9
GSM2405408_3999834096_R05C02_Red.idat.gz	05f0841c85be700b44adfae5fa7e902b
GSM2405409_9407210157_R03C01_Grn.idat.gz	5c1e8b48280e69f9fcbccff44023d648
GSM2405409_9407210157_R03C01_Red.idat.gz	b604535510b184f9fe7a6813ac91b90a
GSM2405410_9407210157_R04C01_Grn.idat.gz	0892904b1ba261dc960231147651678b
GSM2405410_9407210157_R04C01_Red.idat.gz	56b0b8c4b094d592f00994b54a241ab6
GSM2405411_9741950038_R06C01_Grn.idat.gz	52c4cc6e294ba5e2ee4b57630ec0ec31
GSM2405411_9741950038_R06C01_Red.idat.gz	abef07358b5ef5873ffd55514cca5d9c
GSM2405412_9741950038_R06C02_Grn.idat.gz	d553768159309232842e94c4f8013289
GSM2405412_9741950038_R06C02_Red.idat.gz	7274671fe39bd83921f01e66b3e41d50
GSM2405413_9741950039_R02C02_Grn.idat.gz	ab80d9fa8d499a59ff4e648481bdd3d5
GSM2405413_9741950039_R02C02_Red.idat.gz	8c5fee32ac6e4815197142095aa6f89a
GSM2405414_9741950054_R06C02_Grn.idat.gz	bd582fb3fbf62b7dc15054e452d4ea4d
GSM2405414_9741950054_R06C02_Red.idat.gz	87528d2433a604c0f47343f5da9317e3
GSM2405415_9741950056_R02C01_Grn.idat.gz	2a5c91471600700aaeae2a82947a16a3
GSM2405415_9741950056_R02C01_Red.idat.gz	406731d09202cd2bb98fd7cc4d9d7541
GSM2405416_9741950056_R02C02_Grn.idat.gz	17f9973eb44109f2383b137af7d1c78c
GSM2405416_9741950056_R02C02_Red.idat.gz	efcf19434a94a0d8727981cf4e03e6bd
GSM2405417_9741950074_R05C02_Grn.idat.gz	d919843d5c23b9da600800dd3a1713f8
GSM2405417_9741950074_R05C02_Red.idat.gz	aa08cb19c2bf51214dfe5616dcffd161
GSM2405418_9741950086_R05C02_Grn.idat.gz	d40e95d4dd64a35fdaec6b823b1a1bf5
GSM2405418_9741950086_R05C02_Red.idat.gz	eb74f228037cefb2759bb80a9a874acb
GSM2405419_9741950159_R05C01_Grn.idat.gz	a7260cad8390b01fc5f792fe9ab9714d
GSM2405419_9741950159_R05C01_Red.idat.gz	c6d93f469d4167981a9d432f7a208b0d
GSM2405420_9741950159_R06C01_Grn.idat.gz	15a805328096523d8737034e061855aa
GSM2405420_9741950159_R06C01_Red.idat.gz	fe5e7ff8ea71474aedccb6897da71ed3
GSM2405421_9741950159_R01C02_Grn.idat.gz	5ad63882b4aa4e022f07d372c49c96b1
GSM2405421_9741950159_R01C02_Red.idat.gz	6afa4ec142b216b49e4db8bb57f2bb5c
GSM2405422_9741950159_R03C02_Grn.idat.gz	15fe813a0e44e2f73d989ebcd5b4a253
GSM2405422_9741950159_R03C02_Red.idat.gz	d481278291414a25af0e15f8136efabb
GSM2405423_9741950173_R06C02_Grn.idat.gz	1006cdbe0d007ba1800372b60d60d3c7
GSM2405423_9741950173_R06C02_Red.idat.gz	c7af3e3c871c2d0b972215b5e4689ade
GSM2405424_9741950159_R01C01_Grn.idat.gz	a86c79e225de6633256071fe26820014
GSM2405424_9741950159_R01C01_Red.idat.gz	dea3676d2afd03c1591cd676513c9aff
GSM2405425_9741950158_R06C01_Grn.idat.gz	ce8016720e8ea9fe7ab14d7af78f8234
GSM2405425_9741950158_R06C01_Red.idat.gz	eaf8a77db29158a39152e2555dbc0e5e
GSM2405426_3999834100_R05C01_Grn.idat.gz	eb79b27d3e194c434cb9888d8942894a
GSM2405426_3999834100_R05C01_Red.idat.gz	25911dd2548d974f92fcb6eedf60590f
GSM2405427_3999834104_R04C01_Grn.idat.gz	91f121bca6280b92e46820d7e92cef52
GSM2405427_3999834104_R04C01_Red.idat.gz	1ec63e821c761de59bccc979654a111a
GSM2405428_3999834105_R02C01_Grn.idat.gz	71f00e9c13dbb6867cd4ea9bbeea6f1e
GSM2405428_3999834105_R02C01_Red.idat.gz	3d4177a9600e41ea337592f91f60e31c
GSM2405429_3999834115_R04C01_Grn.idat.gz	d484c1321fca0c0a608b1f94cf82ad55
GSM2405429_3999834115_R04C01_Red.idat.gz	cab1bd3470f11e60c213a9215f0d6b53
GSM2405430_3999834115_R06C01_Grn.idat.gz	3ed53e19c14110c6deb6edd8d4e71d34
GSM2405430_3999834115_R06C01_Red.idat.gz	cd2004c1f42fbaf54085b91691df12f8
GSM2405431_3999834115_R01C02_Grn.idat.gz	08fadf7d1af486c04f1023bd1a515563
GSM2405431_3999834115_R01C02_Red.idat.gz	26287e0952d41f6faf53b605887c15a1
GSM2405432_3999834115_R02C02_Grn.idat.gz	41e9a40080fa6ac7e6011f5dec99e6cd
GSM2405432_3999834115_R02C02_Red.idat.gz	190b8c444decc5b641f33055f504c911
GSM2405433_3999834118_R01C02_Grn.idat.gz	3ee9a57775e9e5425e5b5b23a5b692bc
GSM2405433_3999834118_R01C02_Red.idat.gz	f714a84ac51ef1f261ba467da7aca418
GSM2405434_3999834118_R06C02_Grn.idat.gz	8dd46566c811fcbbffd319411f9cfc0c
GSM2405434_3999834118_R06C02_Red.idat.gz	f215135180fe2ebed5b9c9ac75c30d54
GSM2405435_3999834121_R04C01_Grn.idat.gz	b73a9e470a9450afc22c7d5143f5c325
GSM2405435_3999834121_R04C01_Red.idat.gz	19f367100fd9689ba522ae61082e2ff7
GSM2405436_3999875052_R05C02_Grn.idat.gz	e264dbc1fb5ba56ff2d2a4c089da947d
GSM2405436_3999875052_R05C02_Red.idat.gz	9f71ae4d51cecc59d6c3d3028d8e391c
GSM2405437_3999875071_R01C01_Grn.idat.gz	e3ab5a04e6a593cadf53a4e406f465ad
GSM2405437_3999875071_R01C01_Red.idat.gz	638fcf939926d46e07a90f3d1beb6f59
GSM2405438_3999875073_R01C01_Grn.idat.gz	dcad8566b9784942f2772d2615e4400d
GSM2405438_3999875073_R01C01_Red.idat.gz	d50e03dcb2b4e8c778113878d57b4551
GSM2405439_3999875073_R02C01_Grn.idat.gz	dc349c11c45baaa440dd50cc5da56ea9
GSM2405439_3999875073_R02C01_Red.idat.gz	bcf8d4df1d53b2701c5014f23f9b88bc
GSM2405440_3999875073_R05C01_Grn.idat.gz	46a6872e0513dac3c865e21b3a685621
GSM2405440_3999875073_R05C01_Red.idat.gz	0edef1104cb3d9c0f9111c5229c61ff5
GSM2405441_3999875073_R03C02_Grn.idat.gz	8f0090597eaad0ac6b0dde9abc2dd0aa
GSM2405441_3999875073_R03C02_Red.idat.gz	238d77590bd1ca99ea3ba0b919152237
GSM2405442_3999875073_R04C02_Grn.idat.gz	ed7830171a6cbf5ae2bc063d03817683
GSM2405442_3999875073_R04C02_Red.idat.gz	c6f0c6ee3332721dd70d28d789270914
GSM2405443_3999875076_R06C01_Grn.idat.gz	e800979dd355e92a58a1eb7df5973361
GSM2405443_3999875076_R06C01_Red.idat.gz	c9eddb58061175f2697f2aba26d4ef5a
GSM2405444_3999875115_R01C01_Grn.idat.gz	fd65daebfd8c607565137c3ce25fb8fb
GSM2405444_3999875115_R01C01_Red.idat.gz	a61e2a89f343af9df901421166488d18
GSM2405445_3999875115_R02C01_Grn.idat.gz	af300bb84397bfd4e74c5329b11de23b
GSM2405445_3999875115_R02C01_Red.idat.gz	dcc2da8752079c866028732d9d3a3baf
GSM2405446_3999875115_R01C02_Grn.idat.gz	10943d12696cc5545bb6585af672cce7
GSM2405446_3999875115_R01C02_Red.idat.gz	e71383a3b13c8b87a908342f8b53a526
GSM2405447_3999875115_R02C02_Grn.idat.gz	686899d3af30ae3c6d3e2f294ce5b285
GSM2405447_3999875115_R02C02_Red.idat.gz	16e1ad2aa55ad51e8d5b0beef43298c5
GSM2405448_3999875052_R05C01_Grn.idat.gz	a7a45db2e2ae4b73151072e472e0bbca
GSM2405448_3999875052_R05C01_Red.idat.gz	c49961b2572261060ee2e05d65291d61
GSM2405449_3999875052_R01C02_Grn.idat.gz	6f6b6cfcf6a6eeea18812f86872f4da0
GSM2405449_3999875052_R01C02_Red.idat.gz	5bd4d37b2ddcea7d1b0c66ed79ec29de
GSM2405450_3999875052_R02C02_Grn.idat.gz	15620b84757dc6d5d96181b93b3cd67e
GSM2405450_3999875052_R02C02_Red.idat.gz	45ce261e8b0ae93fa04a167d81f6314d
GSM2405451_3999543042_R02C01_Grn.idat.gz	0e65366be0c98d908d7319f11175359e
GSM2405451_3999543042_R02C01_Red.idat.gz	f0cceabe949af33bfcc9b40bf3d695f0
GSM2405452_3999543050_R01C02_Grn.idat.gz	4888c369aa83160823f8c9fb2a7b40ed
GSM2405452_3999543050_R01C02_Red.idat.gz	7c0c6f6f64192936110b37139cf93323
GSM2405453_3999543050_R02C02_Grn.idat.gz	c3886ce458d9d9955979f15945551114
GSM2405453_3999543050_R02C02_Red.idat.gz	ab178a0c3c4099e85611331d20a54b68
GSM2405454_3999543051_R05C01_Grn.idat.gz	57d59e66fe3296e1bfae78afb343393a
GSM2405454_3999543051_R05C01_Red.idat.gz	59ed69f6b246d6dd4e90b7d3ac7bbabc
GSM2405455_3999543051_R02C02_Grn.idat.gz	d9d0abd62f8f7995a465eb5d640672ec
GSM2405455_3999543051_R02C02_Red.idat.gz	0f797903173fda7cad8a25251f3f1160
GSM2405456_3999543051_R03C02_Grn.idat.gz	380ef80c626368293db0204500b84623
GSM2405456_3999543051_R03C02_Red.idat.gz	38c3eee2a8a2d3124672023730b2a56e
GSM2405457_3999547142_R02C02_Grn.idat.gz	0a4cdaff20b900609ed557f4e895514f
GSM2405457_3999547142_R02C02_Red.idat.gz	a59d5920fe979cef9047b719b2d2756c
GSM2405458_3999100031_R03C01_Grn.idat.gz	c714799861c8d82d3fc96e4800fb7a46
GSM2405458_3999100031_R03C01_Red.idat.gz	79c63cb334814e782674a03bfd328389
GSM2405459_3999100031_R01C02_Grn.idat.gz	be334c73f23b23d26de9f9da58a23955
GSM2405459_3999100031_R01C02_Red.idat.gz	44a9fcfecf83c25276cd84e22bf10f10
GSM2405460_3999100031_R03C02_Grn.idat.gz	f13c15b1e1c7dd95a8111ebca0055fbb
GSM2405460_3999100031_R03C02_Red.idat.gz	be44f23c1ef379b8dd5a8c1900a9a95c
GSM2405461_3999100031_R04C02_Grn.idat.gz	c1989fb80d0b1925a005d790a3f6e399
GSM2405461_3999100031_R04C02_Red.idat.gz	dcb8e6e140a555f5cc95d2c2254c66bf
GSM2405462_3999100031_R06C02_Grn.idat.gz	2e187517d264f19d228a168926127a0c
GSM2405462_3999100031_R06C02_Red.idat.gz	d8749e7318ea2b45cc4a981b85f2f951
GSM2405463_3999100033_R01C01_Grn.idat.gz	fd3c28dfe10c23e74397eac89306adf1
GSM2405463_3999100033_R01C01_Red.idat.gz	99f5f6203e16ef5c964ba41252128e51
GSM2405464_3999100033_R02C02_Grn.idat.gz	d6dda188683c8d7f265969ca3e1efeba
GSM2405464_3999100033_R02C02_Red.idat.gz	7e5f0cbfb1ade58e96384f30e6f86965
GSM2405465_3999100033_R06C02_Grn.idat.gz	2c3901b6967f25ad3a92b5d7b85fe385
GSM2405465_3999100033_R06C02_Red.idat.gz	ad3820d526906fe9384ce8e69947e139
GSM2405466_3999100034_R06C01_Grn.idat.gz	30904c7877850d21a456214859f172e3
GSM2405466_3999100034_R06C01_Red.idat.gz	9001e7d7b35599106542325644c34170
GSM2405467_3999100034_R03C02_Grn.idat.gz	94ea3506a1d2b28ea3efdbbc3ecf39dd
GSM2405467_3999100034_R03C02_Red.idat.gz	2fa6120a9287211c7c6df00e955cea4c
GSM2405468_3999100047_R06C01_Grn.idat.gz	92ab9939d650ec24c07de090d255d12b
GSM2405468_3999100047_R06C01_Red.idat.gz	a5be8dd1dbf3706b8a7d316e974432fa
GSM2405469_3999100047_R01C02_Grn.idat.gz	851f566c5d544156c828ff7b0eadfc2d
GSM2405469_3999100047_R01C02_Red.idat.gz	9bf9e81ecc706e63de37012f569f83e0
GSM2405470_3999100065_R06C02_Grn.idat.gz	6b9464b8371a238c550bf4d92d8374f6
GSM2405470_3999100065_R06C02_Red.idat.gz	db7701d4b70743de45170915a9c2b2a2
GSM2405471_3999112130_R04C01_Grn.idat.gz	b0cc977ea48784f7a1d2e9349ca94d67
GSM2405471_3999112130_R04C01_Red.idat.gz	8736f69350154365f55447de9d2adb33
GSM2405472_3999112130_R01C02_Grn.idat.gz	b891fafa284864c0f261c115dfe2d6f8
GSM2405472_3999112130_R01C02_Red.idat.gz	319b6147f0cb1265c1c61eb2c11783dd
GSM2405473_3999112130_R02C02_Grn.idat.gz	0fbf2b502c8e19abcf043fe50a455726
GSM2405473_3999112130_R02C02_Red.idat.gz	3a89b400e207d516372ce20550430f1d
GSM2405474_3999112137_R03C01_Grn.idat.gz	a634f643c7d863108dba5834dde35288
GSM2405474_3999112137_R03C01_Red.idat.gz	c61bb7dfa67bb2240c682c7714bfaff5
GSM2405475_3999112131_R06C02_Grn.idat.gz	a7fd424b73bc1dcbef32a00bba878ee5
GSM2405475_3999112131_R06C02_Red.idat.gz	1c97e46fb97adf950114497d2d1aa534
GSM2405476_3999112136_R03C01_Grn.idat.gz	ce08ee5793a78b5ac32d1fd94c2b9cb0
GSM2405476_3999112136_R03C01_Red.idat.gz	21e68ecb7cb82e3a2026d76485ecb580
GSM2405477_3999112136_R06C02_Grn.idat.gz	85be14da38501e23163c5534394d1981
GSM2405477_3999112136_R06C02_Red.idat.gz	e479e8882df7422f4170386bae5ad612
GSM2405478_3999112137_R02C01_Grn.idat.gz	37e4da07c67c168f52989bfdbb06760a
GSM2405478_3999112137_R02C01_Red.idat.gz	cdef04f4e2edc8f9e8c0c510c7c09985
GSM2405479_3999112147_R03C02_Grn.idat.gz	470332b2b3b7573ce1c10cfcc07738a0
GSM2405479_3999112147_R03C02_Red.idat.gz	de9d382be1c283be1871807e8e426fa7
GSM2405480_3999112147_R06C02_Grn.idat.gz	ac5da90c811f40a9286700203deb974c
GSM2405480_3999112147_R06C02_Red.idat.gz	2e9021240b0e42329d81d699544cc657
GSM2405481_3999112155_R01C01_Grn.idat.gz	cd30faeaf78a80f732c5113236e4ec7b
GSM2405481_3999112155_R01C01_Red.idat.gz	d920c36541f17a9176c2598fc62c9a2d
GSM2405482_3999112155_R04C01_Grn.idat.gz	82deea22935c8804075259c223e24782
GSM2405482_3999112155_R04C01_Red.idat.gz	c2ce277834b08c146b571b3198b9fd57
GSM2405483_3999112155_R05C01_Grn.idat.gz	b32d2e6a1a652609a6cc53097ecaad7f
GSM2405483_3999112155_R05C01_Red.idat.gz	0834e7b3bda5252b19dc320c660d95a8
GSM2405484_3999112155_R06C01_Grn.idat.gz	bfdcee63a28979d05ba2658089e4506d
GSM2405484_3999112155_R06C01_Red.idat.gz	0a91310d4f7e3dc19f3118a7973dec41
GSM2405485_3999112155_R02C02_Grn.idat.gz	6b0cf170e73bf821a6e011451e4b5e94
GSM2405485_3999112155_R02C02_Red.idat.gz	a2eeb811c4b32b13ba1f31fbf1fe05d7
GSM2405486_3999112155_R03C02_Grn.idat.gz	11b503df828f68924967f88b4d64931c
GSM2405486_3999112155_R03C02_Red.idat.gz	6e722f6edf6ddc213be0d998788ae8ba
GSM2405487_3999308159_R04C01_Grn.idat.gz	f22f1036d6d41b3c05aad6edf1c55d4d
GSM2405487_3999308159_R04C01_Red.idat.gz	062f0a4b91acc523772212911e886391
GSM2405488_3999308159_R05C01_Grn.idat.gz	38300ee4aff7953d372a5e8417b79849
GSM2405488_3999308159_R05C01_Red.idat.gz	34282cd9f6872981669b8da19b0cb255
GSM2405489_3999308200_R01C01_Grn.idat.gz	6dca0bea33f421c98bba29d1791f6e12
GSM2405489_3999308200_R01C01_Red.idat.gz	f20f076cb2762cd41d3b0a0983e39bf7
GSM2405490_3999308200_R06C01_Grn.idat.gz	721ec1f63c6f34d356690f8cbb6290d6
GSM2405490_3999308200_R06C01_Red.idat.gz	90763343a6335a8615b54c0bbe1120c1
GSM2405491_3999308200_R02C02_Grn.idat.gz	ec15581243b8085607ee00fec9bff551
GSM2405491_3999308200_R02C02_Red.idat.gz	248f649147c11855225ac9763adf02d4
GSM2405492_3999308200_R03C02_Grn.idat.gz	d5d55b6bd049b8b2dcc8df78062900b5
GSM2405492_3999308200_R03C02_Red.idat.gz	89488a1335b34e1120dad7ddca65981b
GSM2405493_3999308203_R02C01_Grn.idat.gz	1cd7247635e68109278cb3f2f7ec05ae
GSM2405493_3999308203_R02C01_Red.idat.gz	cc71194e75a8d887bae1b45090c9b83a
GSM2405494_3999308203_R03C01_Grn.idat.gz	6e8e8966a978a9aca3d256b952b6d9fc
GSM2405494_3999308203_R03C01_Red.idat.gz	713e424f5d349782a31c9a3825d11144
GSM2405495_3999308203_R04C01_Grn.idat.gz	729bec385acde88fbcb1f3bb09d9432e
GSM2405495_3999308203_R04C01_Red.idat.gz	61c0b97e4d4724ed90f07a3fe7480af5
GSM2405496_3999308203_R05C01_Grn.idat.gz	25d34c6799874f51e36ded9fe99e315c
GSM2405496_3999308203_R05C01_Red.idat.gz	b25015a548f75fdf939abe6e00572a0f
GSM2405497_3999308203_R01C02_Grn.idat.gz	b41d177d2885e4fb7934781481a69aca
GSM2405497_3999308203_R01C02_Red.idat.gz	d1dd0391b6003451c49fbf85d069e72a
GSM2405498_3999308203_R02C02_Grn.idat.gz	7df15fb7827d20ca6ce91f4028008cad
GSM2405498_3999308203_R02C02_Red.idat.gz	997643bd12c229ac849e61ffbf7c0e4e
GSM2405499_3999308203_R05C02_Grn.idat.gz	24f6d94e0687522058d83fb6883e5144
GSM2405499_3999308203_R05C02_Red.idat.gz	21a7b50612ced2b2347ee3957d695240
GSM2405500_3999112158_R04C01_Grn.idat.gz	52a4acfaba1d373c9eb114095b5bd200
GSM2405500_3999112158_R04C01_Red.idat.gz	ee5d300562a09627513ee7bc3f8e7f79
GSM2405501_3999543047_R01C01_Grn.idat.gz	17c2d28bce7e39d9d9e704c8a8f09709
GSM2405501_3999543047_R01C01_Red.idat.gz	be3bd4b4e34d732876b0df86e8e396d7
GSM2405502_3999543047_R01C02_Grn.idat.gz	aefd7ddb1cf214e6d211a2c93c2237ea
GSM2405502_3999543047_R01C02_Red.idat.gz	759daeff2fc1a6309304113f295ae146
GSM2405503_3999543047_R05C02_Grn.idat.gz	a6605dfaf86ae630995f8f1ef61cbbbe
GSM2405503_3999543047_R05C02_Red.idat.gz	e441fa23587f64a00a9f5a7c1f7b2df2
GSM2405504_3999543047_R06C02_Grn.idat.gz	ddfaa33c32ea616ca56001ab68b28185
GSM2405504_3999543047_R06C02_Red.idat.gz	58b3b81451ff8c34ef99ce4493611cfc
GSM2405505_3999547085_R02C01_Grn.idat.gz	2aca2029a1acde78f00ffd3835273104
GSM2405505_3999547085_R02C01_Red.idat.gz	9ab9059558ee1f35a4219430d3822109
GSM2405506_3999547092_R06C02_Grn.idat.gz	11a1d7036492d74663b8f437105eec51
GSM2405506_3999547092_R06C02_Red.idat.gz	7583d0d1485ec55b2f22c56105ec67ee
GSM2405507_3999547123_R03C01_Grn.idat.gz	6e92fe5ef8207bbc6a61a8cb349c1bc1
GSM2405507_3999547123_R03C01_Red.idat.gz	172d429f9c44e95093c1dca13cefc2bc
GSM2405508_3999547123_R04C02_Grn.idat.gz	d90ccb3eb776704c52259ffffe78b25c
GSM2405508_3999547123_R04C02_Red.idat.gz	3f428ee33494d6b48a3a8de8018edf98
GSM2405509_3999547123_R05C02_Grn.idat.gz	eeaeeda02506a7d9ce7f6d3d65846106
GSM2405509_3999547123_R05C02_Red.idat.gz	c4ee570185d7029af0a66d42a90bd5b2
GSM2405510_3999547136_R02C02_Grn.idat.gz	d8022e117d2c9e6bbea014c8e160f025
GSM2405510_3999547136_R02C02_Red.idat.gz	c0dd1b3e17ea191022ab6828a93288cf
GSM2405511_3998909006_R01C02_Grn.idat.gz	676de4262836df074d667fcff8adced6
GSM2405511_3998909006_R01C02_Red.idat.gz	173c94bf0cf47f20df454533a84af4fd
GSM2405512_3998909006_R02C02_Grn.idat.gz	675f1e9414d352f13ba7a66f460131a5
GSM2405512_3998909006_R02C02_Red.idat.gz	df887c41ebe82eebc4b01dcf058e219c
GSM2405513_3998909006_R06C02_Grn.idat.gz	00793810f921caabd76f792c6c2d49f0
GSM2405513_3998909006_R06C02_Red.idat.gz	015475cbd1f0ad0243c3b23ac1b17f4a
GSM2405514_3998909013_R02C01_Grn.idat.gz	d875d4cc88dddb7d78e895dde16c82f0
GSM2405514_3998909013_R02C01_Red.idat.gz	fbe2436df504298f138684fe40827a48
GSM2405515_3998909013_R05C01_Grn.idat.gz	dddfac2f57f3de9356943d7d38ecee19
GSM2405515_3998909013_R05C01_Red.idat.gz	2733eeee04290b83d9a7509aeec18f3f
GSM2405516_3998909026_R03C01_Grn.idat.gz	d8e5dedd3cd17742321735d375aba1ea
GSM2405516_3998909026_R03C01_Red.idat.gz	e9af2d589d23eaf0b6cf149f7d7b4c8f
GSM2405517_3998909026_R02C02_Grn.idat.gz	0682d1905f5ec5b5781c75e354b4ae1e
GSM2405517_3998909026_R02C02_Red.idat.gz	09a278dc3b4b89154be1539e9b15032b
GSM2405518_3998909027_R01C01_Grn.idat.gz	004e88780d99628bbffcc6b6f5e8b052
GSM2405518_3998909027_R01C01_Red.idat.gz	24ef7fdcf3b1ffdfc81bdefe3404de39
GSM2405519_3998909027_R02C01_Grn.idat.gz	c44140b55ec031ef0022287d83e5ff0b
GSM2405519_3998909027_R02C01_Red.idat.gz	23097d53d82d16bddbbf61410b99d3ce
GSM2405520_3998909027_R02C02_Grn.idat.gz	4c7b3889a456e12be4f4d785bc6a6dd8
GSM2405520_3998909027_R02C02_Red.idat.gz	464a3289d725b0a07470e7f1f3e1ea7c
GSM2405521_3998909027_R03C02_Grn.idat.gz	2fa8ed49a164f53fe2ea6f88b3d90f38
GSM2405521_3998909027_R03C02_Red.idat.gz	af0d5c2d9809eaf144e93acb4efab6cd
GSM2405522_3998909027_R04C02_Grn.idat.gz	e12ed2662b41f0376087bfa05848655c
GSM2405522_3998909027_R04C02_Red.idat.gz	4776e3a35ee0beaa8147e04b05cae001
GSM2405523_3998909025_R02C01_Grn.idat.gz	da907426bcab82ec0fc226ca8b9163b3
GSM2405523_3998909025_R02C01_Red.idat.gz	9503c79b7c91ce23def64d80ddc45a01
GSM2405524_3998909025_R05C01_Grn.idat.gz	80cc10126a16061685065ab6a5a821a9
GSM2405524_3998909025_R05C01_Red.idat.gz	20af39abdb2b12a9bc60ebd4480ca11a
GSM2405525_3998909025_R01C02_Grn.idat.gz	17564a925d9ab448dcd02174d5a984ec
GSM2405525_3998909025_R01C02_Red.idat.gz	6da92484a7b31d77edee2cb5bc86c132
GSM2405526_3998909051_R02C02_Grn.idat.gz	101baae1a1c37558adcda4081ad4f03f
GSM2405526_3998909051_R02C02_Red.idat.gz	51ece93ae010c00b141e3f2eb518abdc
GSM2405527_3998909051_R03C02_Grn.idat.gz	b2c8ae9d5fd3f86c22b6ad8bfd4f9cb6
GSM2405527_3998909051_R03C02_Red.idat.gz	d4d45f7c4798113c3462bf0c3472fd3c
GSM2405528_3998909062_R03C02_Grn.idat.gz	4e2e77304d1483d5c208016d9a353229
GSM2405528_3998909062_R03C02_Red.idat.gz	7661020b591cf0cbd79e83a1e12f48cf
GSM2405529_3998909063_R01C01_Grn.idat.gz	7b62ca5b03ebda5d13b2e471b20024f9
GSM2405529_3998909063_R01C01_Red.idat.gz	85f625bf45157c36bfe288676aed31d6
GSM2405530_3998909063_R03C01_Grn.idat.gz	2d09ec66a4eabc562b751c150f06111b
GSM2405530_3998909063_R03C01_Red.idat.gz	a6ed0e15afe101fd6df3e501ea3c5577
GSM2405531_3998909063_R04C01_Grn.idat.gz	1db35d3907d6ccc22897c85a23fe9acb
GSM2405531_3998909063_R04C01_Red.idat.gz	1cc5b00685409246c414547ae08bc002
GSM2405532_3998909063_R05C01_Grn.idat.gz	b1877fcdba5fdae0886452c674913987
GSM2405532_3998909063_R05C01_Red.idat.gz	3ecc971a2ae45384b74ec2706432f02d
GSM2405533_3998909063_R06C01_Grn.idat.gz	7f1cf48d5d7879ef6294e777552f3dc0
GSM2405533_3998909063_R06C01_Red.idat.gz	069f94ce94693e4e1ff778609cfeab22
GSM2405534_3998909063_R03C02_Grn.idat.gz	0ae3cf18d61df7326697da3c6fa45e2f
GSM2405534_3998909063_R03C02_Red.idat.gz	2cce52c97e245c17abcccedf12e09a46
GSM2405535_9993943073_R04C01_Grn.idat.gz	1e7a4bf2e3aa377cbabb65d27d890fef
GSM2405535_9993943073_R04C01_Red.idat.gz	150b4474c0e86fe698277acdff593685
GSM2405536_9993943118_R02C02_Grn.idat.gz	093b448c27163b0fdbbd053ead007702
GSM2405536_9993943118_R02C02_Red.idat.gz	1223bb935c92ddb004e1aca889114c28
GSM2405537_10005771148_R01C02_Grn.idat.gz	61034874d1011a297abee001517eea34
GSM2405537_10005771148_R01C02_Red.idat.gz	948763da28ccf17cac63dea1e78e7cd5
GSM2405538_9741950039_R04C01_Grn.idat.gz	c319be69b9343000e7f44d0993fef35d
GSM2405538_9741950039_R04C01_Red.idat.gz	8cbbcf0987fa90d91810220f4450372f
GSM2405539_3998909070_R04C01_Grn.idat.gz	27b03b6fa215acc4bd46a74fe56ccbae
GSM2405539_3998909070_R04C01_Red.idat.gz	d2c2bd4ac72e90d869e087daacb1cf2b
GSM2405540_3998909071_R02C01_Grn.idat.gz	b732625d7cd0a562c9ffc65dee8888f5
GSM2405540_3998909071_R02C01_Red.idat.gz	3ef09be4e696c49f8b7389c1ed20965b
GSM2405541_3998909071_R02C02_Grn.idat.gz	4f95633496d4f9e8e3ca6c3c3b4c5f03
GSM2405541_3998909071_R02C02_Red.idat.gz	c604a1c5f29fc514519af8e3c11ff0c0
GSM2405542_3998909071_R03C02_Grn.idat.gz	623eecfa715530a4300fb2b8a5155fdb
GSM2405542_3998909071_R03C02_Red.idat.gz	f737d8dbfcb4409eb2028abfab21e8d0
GSM2405543_3998909072_R02C01_Grn.idat.gz	ba7dca7fd199ee8ffc6fc01c40db3748
GSM2405543_3998909072_R02C01_Red.idat.gz	f7ea478109bdeb8977baa8d04b98edcd
GSM2405544_3998909073_R04C01_Grn.idat.gz	a0549298ef9eec93467fa5768f922a92
GSM2405544_3998909073_R04C01_Red.idat.gz	60a90feb72bea616e5e3328df7f9db6b
GSM2405545_3998909200_R06C01_Grn.idat.gz	25ddba3577caf23155d25b4ff66124ee
GSM2405545_3998909200_R06C01_Red.idat.gz	f09e0095c474c589c41240516838a395
GSM2405546_3998909182_R04C01_Grn.idat.gz	24e78da92ed591e90a9eedce30d46868
GSM2405546_3998909182_R04C01_Red.idat.gz	c6fceff4ee687559b41a57e4b1b5f499
GSM2405547_3998909182_R06C01_Grn.idat.gz	d4fdd50a71b97c180661a27f7c53bb2d
GSM2405547_3998909182_R06C01_Red.idat.gz	ba3b7353f5c2837a7c56940f5e4b432c
GSM2405548_3998909182_R02C02_Grn.idat.gz	f939da6cea4635b45994dba3d6442f08
GSM2405548_3998909182_R02C02_Red.idat.gz	ebbbde3352881040f6a3297091c10fe1
GSM2405549_3998920095_R01C01_Grn.idat.gz	32915b8eb56ff475025944520eb23461
GSM2405549_3998920095_R01C01_Red.idat.gz	2954cf5c2d1220f7144d85d69f0f0853
GSM2405550_3998920095_R03C01_Grn.idat.gz	e563701f1c1a9747ce43a732e7f469ea
GSM2405550_3998920095_R03C01_Red.idat.gz	da37c9320ab1aeacc3d60bb67ca7f1d6
GSM2405551_3998920095_R05C01_Grn.idat.gz	0cde3a19eb1ccfd76de3d5d169f525a8
GSM2405551_3998920095_R05C01_Red.idat.gz	bc08f0a272ceefee1eead8d33f1a27d0
GSM2405552_3998920095_R01C02_Grn.idat.gz	573aeb5f8f0f28cd108733007679f845
GSM2405552_3998920095_R01C02_Red.idat.gz	b15701997d387bc21674b5ddfe8a53f4
GSM2405553_3998920095_R03C02_Grn.idat.gz	35dd9490bfadfc55374d1e77118c318a
GSM2405553_3998920095_R03C02_Red.idat.gz	69c5e3fc5b1ed25371d8a5c5a9505e7e
GSM2405554_3998920095_R05C02_Grn.idat.gz	e1431e9d055889ca97e0f913e1803192
GSM2405554_3998920095_R05C02_Red.idat.gz	6069f40b6aca2b88fbd91abbb832c00b
GSM2405555_3998920096_R01C01_Grn.idat.gz	3cd3fcffc963706ceb2089385c82c0f6
GSM2405555_3998920096_R01C01_Red.idat.gz	32ebf00733cd66dff29cd57d82657aff
GSM2405556_3998920096_R03C01_Grn.idat.gz	d3dad78790a94d1c45d8105a169bc224
GSM2405556_3998920096_R03C01_Red.idat.gz	48e5ed7d919046ead993b5e799d7b571
GSM2405557_3998920096_R05C01_Grn.idat.gz	738dc7ea9bbe94c42c16fd500efd88c1
GSM2405557_3998920096_R05C01_Red.idat.gz	dcce582839956556f14e5204c141218c
GSM2405558_3998920094_R03C01_Grn.idat.gz	ceb02af034c6c1a521c8d3f61d5b4068
GSM2405558_3998920094_R03C01_Red.idat.gz	863a088e82ba4b9fd6ca97492a750f9a
GSM2405559_3998952004_R02C01_Grn.idat.gz	07901131f1c40933d9108b588ad17ba3
GSM2405559_3998952004_R02C01_Red.idat.gz	e7bb6b192c536dfbc406f1dc6a171050
GSM2405560_3998952004_R02C02_Grn.idat.gz	fc1fc2ce16c8749a929f81fb419c41fe
GSM2405560_3998952004_R02C02_Red.idat.gz	3a835971c9dd2bb06714be0f14e430ad
GSM2405561_3998952003_R04C02_Grn.idat.gz	6282be1a6a30363b5ded2c68c637a40b
GSM2405561_3998952003_R04C02_Red.idat.gz	720f15575b378c4d746971b688c87c34
GSM2405562_3998920147_R01C01_Grn.idat.gz	5a5d051c6b7b03bd4b7a07bd039b1a85
GSM2405562_3998920147_R01C01_Red.idat.gz	98e5e2f66cc8019e9db751231557ba92
GSM2405563_3998920147_R03C01_Grn.idat.gz	a2a89349cbc3276b26b1a13dc03d95d0
GSM2405563_3998920147_R03C01_Red.idat.gz	b91c0e9b0959d0a20deb81aa0c22dad1
GSM2405564_3998920147_R05C01_Grn.idat.gz	10a195fbdaeebb150e0df8062a235e4b
GSM2405564_3998920147_R05C01_Red.idat.gz	ef799691038233cdb8edd7d3866c22e1
GSM2405565_3998920147_R06C01_Grn.idat.gz	6d14211eea647291a2c07177d94384c4
GSM2405565_3998920147_R06C01_Red.idat.gz	8fa742212fad9e6c90beec258b25e867
GSM2405566_3998998187_R01C02_Grn.idat.gz	ebe4bfa94b8cc1d8077da7357502c54c
GSM2405566_3998998187_R01C02_Red.idat.gz	6b9070c7d1ae7dac8a8eedf7f7359d87
GSM2405567_3998998187_R04C02_Grn.idat.gz	915e49a3160a2194e0b8a8b5b0f72f90
GSM2405567_3998998187_R04C02_Red.idat.gz	3d9420f9dc127daa241ae39e074463df
GSM2405568_3998998187_R06C02_Grn.idat.gz	cffff3cc0660235c45efee078c5ce5de
GSM2405568_3998998187_R06C02_Red.idat.gz	1ccd4dc63e0d694e2fa81fdb81129f89
GSM2405569_3998998189_R02C01_Grn.idat.gz	cd2083ce82466ab204dad2e81428a591
GSM2405569_3998998189_R02C01_Red.idat.gz	58fd216b7902651603f1061a30422fc6
GSM2405570_3998998189_R03C01_Grn.idat.gz	3bf8b556c7375299fbad4a944a071333
GSM2405570_3998998189_R03C01_Red.idat.gz	7655ff552b98177231b77926fc11a7b4
GSM2405571_3998998189_R04C01_Grn.idat.gz	724ed0eda303d81725632af9b92ad7a5
GSM2405571_3998998189_R04C01_Red.idat.gz	af390a184235079d5e0816afcb44933b
GSM2405572_3998998189_R06C01_Grn.idat.gz	ed7b2260ada3fc7a36b91e402605d6ac
GSM2405572_3998998189_R06C01_Red.idat.gz	9499f25ce976a2649d84530eb3a85a45
GSM2405573_3998998189_R01C02_Grn.idat.gz	6f9c68d5a5dba6d2bcdc4f5f843f48a4
GSM2405573_3998998189_R01C02_Red.idat.gz	797e25350b5cd30bd87022d644bbe1f7
GSM2405574_3999002043_R01C01_Grn.idat.gz	637d633a501b032f36700bd6d88676df
GSM2405574_3999002043_R01C01_Red.idat.gz	6c77448a7af0f91530c82b485c3a73fd
GSM2405575_3999002043_R04C01_Grn.idat.gz	00712e47a6b2aca3375138359e3dffd4
GSM2405575_3999002043_R04C01_Red.idat.gz	c7022698d3ff3bcc5fab38dcacc2215f
GSM2405576_3999002043_R05C01_Grn.idat.gz	4c300e0e06f05ba6db943798dd962975
GSM2405576_3999002043_R05C01_Red.idat.gz	091c3184c5212be6c376ad7e8dec5523
GSM2405577_3999002043_R05C02_Grn.idat.gz	6bccfe281d3869c86895794011718504
GSM2405577_3999002043_R05C02_Red.idat.gz	aad2654c55cb6ce0ff3fa9ca6506f89d
GSM2405578_3999002043_R06C02_Grn.idat.gz	20076b9fde8d27f3e1ce71ef1ef1028d
GSM2405578_3999002043_R06C02_Red.idat.gz	e082bd34abafafd0109fa49ac444a043
GSM2405579_3999002044_R01C01_Grn.idat.gz	126f3ba85fc2d0f30cc19d9accb176f5
GSM2405579_3999002044_R01C01_Red.idat.gz	782b3d01e4396ef45ec7c38160437827
GSM2405580_3999002049_R05C02_Grn.idat.gz	a4b8a7e6e46cd2276bae85b122696faa
GSM2405580_3999002049_R05C02_Red.idat.gz	68652efc75c6d8d3dfc242c4344b6f86
GSM2405581_3999002049_R06C02_Grn.idat.gz	f670d14be2520dc08bd96cded3bca628
GSM2405581_3999002049_R06C02_Red.idat.gz	1282855f7f353ff8ef1f829b3be1a4e5
GSM2405582_3999002051_R01C01_Grn.idat.gz	05e55b522ff9a3623142e016d3e043cc
GSM2405582_3999002051_R01C01_Red.idat.gz	7c50483be1057e0be7c1df7fd7a85e29
GSM2405583_3999002051_R04C01_Grn.idat.gz	c9b4e029a03341091f0e04782f1c2dcc
GSM2405583_3999002051_R04C01_Red.idat.gz	cc7077d762489eedb3103454fe016c98
GSM2405584_3999002051_R05C01_Grn.idat.gz	4b9271e84e622f69081c80d4f0999ad3
GSM2405584_3999002051_R05C01_Red.idat.gz	88bd01f947e457df73179b3cd78afc87
GSM2405585_3999078084_R05C02_Grn.idat.gz	9996c9f5046f31a720421f584c2bfa99
GSM2405585_3999078084_R05C02_Red.idat.gz	be0a768f0e1df2d4fbd828c7b6d8c73b
GSM2405586_3999078088_R01C01_Grn.idat.gz	e26c7951c9d547f05448776631ee7157
GSM2405586_3999078088_R01C01_Red.idat.gz	4fe7a8b70da4f97f4aef6c734f85bd2b
GSM2405587_3999078088_R03C01_Grn.idat.gz	80aca4be92066ac461cff7c3e9a01f6d
GSM2405587_3999078088_R03C01_Red.idat.gz	6fc19ecb1282bfe7746ae3926de2bb45
GSM2405588_3999078088_R05C01_Grn.idat.gz	0709a06ef4c73999b8b3c8996c5ca73f
GSM2405588_3999078088_R05C01_Red.idat.gz	3f1dac06af32bd6950fd94f1416c4059
GSM2405589_3999078088_R01C02_Grn.idat.gz	23ec85fcf4a5f36dad3aff044233224c
GSM2405589_3999078088_R01C02_Red.idat.gz	8d9bab456fbb25d9bf8c742180c90587
GSM2405590_3999078079_R02C01_Grn.idat.gz	40a3a808a78efe3d27c393234a822d41
GSM2405590_3999078079_R02C01_Red.idat.gz	158409b5947c4862e177ae75086a93e0
GSM2405591_3999078088_R06C02_Grn.idat.gz	58bf463d174008445e22ce474bc21525
GSM2405591_3999078088_R06C02_Red.idat.gz	298d83949b3069f84256d33671681d2a
GSM2405592_3999078079_R04C01_Grn.idat.gz	251d9d7603499409ef11072509c1296f
GSM2405592_3999078079_R04C01_Red.idat.gz	4e51e8f778cbbd7ef247f65609d1faab
GSM2405593_3999078080_R04C01_Grn.idat.gz	b9611cd03d2466610a87fe2a13e02c98
GSM2405593_3999078080_R04C01_Red.idat.gz	f81e2f76043a99a2abad6f5dfbe21002
GSM2405594_3999078080_R02C02_Grn.idat.gz	e4ce6f185e655c279437adafa7bc07b4
GSM2405594_3999078080_R02C02_Red.idat.gz	8cac87343ad8f4bc1c2aa0bca2945c15
GSM2405595_3999078120_R02C01_Grn.idat.gz	1e9824645c3bc3dc64b6cc9e60029b21
GSM2405595_3999078120_R02C01_Red.idat.gz	b7f1f449875bb8ac138b80f1650f754a
GSM2405596_9993943074_R01C01_Grn.idat.gz	df0dd3485fc5fec84656d7c372f40abd
GSM2405596_9993943074_R01C01_Red.idat.gz	d54415db7b26a9cbfde41e6842c99e56
GSM2405597_9993943074_R03C01_Grn.idat.gz	eb10133a802fc2512e9d8f38902eaf8e
GSM2405597_9993943074_R03C01_Red.idat.gz	95e31e843ce6b9531a30054e4fc9efe5
GSM2405598_9993943074_R05C01_Grn.idat.gz	37a3e153340fd891b4bc31f724332662
GSM2405598_9993943074_R05C01_Red.idat.gz	49bd3a4935425839dbe1a01aff648b38
GSM2405599_9993943074_R06C01_Grn.idat.gz	cd85dcff130de6a18aeef834deb2c45c
GSM2405599_9993943074_R06C01_Red.idat.gz	569cb1e6d560a4e59e250ea7a58da26e
GSM2405600_9993943074_R02C02_Grn.idat.gz	b4983e65afd9cbd831e50a6d65c28b9d
GSM2405600_9993943074_R02C02_Red.idat.gz	56948ec4aae4553fcf69c518749ea165
GSM2405601_9993943074_R04C02_Grn.idat.gz	918b4df2683e664eeaed6ea23c80679f
GSM2405601_9993943074_R04C02_Red.idat.gz	fcc04e3fbe87b04dcf8ce374786baa5e
GSM2405602_3999078159_R05C01_Grn.idat.gz	75d7a42c0e0ca6289293dad7b6375d7c
GSM2405602_3999078159_R05C01_Red.idat.gz	195e7793e257b20088a4a95e6b3e8aa4
GSM2405603_3999095103_R02C02_Grn.idat.gz	7dba5b7f49ecb8fcb4413a669216fadb
GSM2405603_3999095103_R02C02_Red.idat.gz	c6d721ffb9495730696746a1caef33dc
GSM2405604_3999095103_R03C02_Grn.idat.gz	9815c6e78703e57d4366463adf5b2edd
GSM2405604_3999095103_R03C02_Red.idat.gz	85a12bcc095b719d22c29dea3f9fcfa4
GSM2405605_3999095104_R05C01_Grn.idat.gz	d4434f77f654696b92da502f9f4ceced
GSM2405605_3999095104_R05C01_Red.idat.gz	081914fdfa4660f4d85dd4dc777c6260
GSM2405606_3998523003_R01C01_Grn.idat.gz	ca7bba5dbe974e7b1a98e089e171c762
GSM2405606_3998523003_R01C01_Red.idat.gz	83902dd9edb62b9a53f9366ca02927c3
GSM2405607_3998523003_R02C01_Grn.idat.gz	ff607e66b684647ed3b01a9148b65812
GSM2405607_3998523003_R02C01_Red.idat.gz	96ec803c3dd842b1ced5b9ba750dd885
GSM2405608_3998523003_R03C01_Grn.idat.gz	39f243c8c4286c25cc3a612192671af8
GSM2405608_3998523003_R03C01_Red.idat.gz	a881262d40eeee7e140d2c2190fe5d09
GSM2405609_3998523003_R04C01_Grn.idat.gz	f106f63fa86a264a57046280e9e16570
GSM2405609_3998523003_R04C01_Red.idat.gz	b552611a75fc595f91053cb48eb1facd
GSM2405610_3998523003_R05C01_Grn.idat.gz	66446452f1e1144d0f5c054c8ca2d482
GSM2405610_3998523003_R05C01_Red.idat.gz	23489c4fc91a56712cc1757b33ece3c8
GSM2405611_3998523003_R06C01_Grn.idat.gz	dbcbd08fa3e3aac13fe49ffd5c683443
GSM2405611_3998523003_R06C01_Red.idat.gz	dba7a1aa40608c3d8f9a1d320569de8b
GSM2405612_3998523003_R01C02_Grn.idat.gz	ea272418ecaf06fe3ad23dd1bec2940b
GSM2405612_3998523003_R01C02_Red.idat.gz	e1a7abaa94a4abe9cc6408180fd27019
GSM2405613_3998523003_R02C02_Grn.idat.gz	efb21c3dfe72443d45e35cce8128f0e4
GSM2405613_3998523003_R02C02_Red.idat.gz	40dac56ba24dd4011ad8a77312278089
GSM2405614_3998523003_R03C02_Grn.idat.gz	760095936e1dda7e930393a183505880
GSM2405614_3998523003_R03C02_Red.idat.gz	0835cf0642caf7a7c2c0b149187af7b8
GSM2405615_3999100092_R06C01_Grn.idat.gz	423d4ae42b306ed2eec6382ec6f6e259
GSM2405615_3999100092_R06C01_Red.idat.gz	b0e352199ad2f1208a50324370884eea
GSM2405616_3998523002_R03C02_Grn.idat.gz	570db5b6913e34e17189c2dba59d0d9f
GSM2405616_3998523002_R03C02_Red.idat.gz	86cdff67bbbcbb39be0ebfb45206c2c0
GSM2405617_3998523019_R04C02_Grn.idat.gz	941e1d4aa7820daf9c29d7e2eb116536
GSM2405617_3998523019_R04C02_Red.idat.gz	ccd9eaa01b6b2c1842d661f588afc170
GSM2405618_3998523019_R05C02_Grn.idat.gz	885dd01ec71d160fcbcc193a7296e91d
GSM2405618_3998523019_R05C02_Red.idat.gz	ba7cdfe69df9567ba27de23bc61bfc71
GSM2405619_3998523019_R06C02_Grn.idat.gz	ee9f325c888c5bda17e53e67887604bc
GSM2405619_3998523019_R06C02_Red.idat.gz	7dc5a675cb98e8103e61e2a17ae32d79
GSM2405620_3998523022_R01C01_Grn.idat.gz	3a22d9b1dbfb187f9957bce5677d5da8
GSM2405620_3998523022_R01C01_Red.idat.gz	0632f98501f29d0be3e9835d9410ac99
GSM2405621_3998523022_R02C01_Grn.idat.gz	55265d5c49bab67fe0d01f9463326425
GSM2405621_3998523022_R02C01_Red.idat.gz	a78fdfce230f26b6217eba623bd37b91
GSM2405622_3998523022_R03C01_Grn.idat.gz	45657c321632206c0424655ac4ed2afc
GSM2405622_3998523022_R03C01_Red.idat.gz	6c0cdf3ffc40c5160174f6aa1941ff4a
GSM2405623_3998523022_R04C01_Grn.idat.gz	036c5ea01d2dc1f8b0cd75506ad054e3
GSM2405623_3998523022_R04C01_Red.idat.gz	7327d924434ab16edb5534b2e58676b2
GSM2405624_3998523022_R05C01_Grn.idat.gz	2b2c3cb459b9045c8e6e565e3d68b6cc
GSM2405624_3998523022_R05C01_Red.idat.gz	d129f44db8c2c5e32b2be31deee59ab7
GSM2405625_3998523022_R06C01_Grn.idat.gz	9ad1c6a99d5220f4a6cd4a5f31c12877
GSM2405625_3998523022_R06C01_Red.idat.gz	6288401bd6399ce8008397d688f437db
GSM2405626_3998523022_R01C02_Grn.idat.gz	ded6807ede3b26a7d45e3650a172bf2e
GSM2405626_3998523022_R01C02_Red.idat.gz	516872193f5fb08bc5c876e4e858753b
GSM2405627_3998567085_R06C02_Grn.idat.gz	bdc3dd7d5462f88df756b2964a7b5945
GSM2405627_3998567085_R06C02_Red.idat.gz	0fe51612fe413327cde663190dd0b40b
GSM2405628_3998579150_R04C01_Grn.idat.gz	833dd2b419b86e5c403c6921431a5e12
GSM2405628_3998579150_R04C01_Red.idat.gz	532678b3ae6fe0a5ca43d520c3b89a6e
GSM2405629_3998579150_R01C02_Grn.idat.gz	f83aef7aa91a4f24b25e5134c7b5f79a
GSM2405629_3998579150_R01C02_Red.idat.gz	4d6f7770c1fcaf8ec5b233f78478bb88
GSM2405630_3998523077_R05C01_Grn.idat.gz	41f8d1b748678a6336b0a13ad6011002
GSM2405630_3998523077_R05C01_Red.idat.gz	cb2e0e3e77ec8d9de8431c51ad10d9e2
GSM2405631_3998579150_R01C01_Grn.idat.gz	2fdf9d2e1ef44a51216849c771f292ca
GSM2405631_3998579150_R01C01_Red.idat.gz	ecbf329c2359ecc836fdade8a4f94576
GSM2405632_3998568167_R05C01_Grn.idat.gz	614a311496314fe3d6bf718cab910d79
GSM2405632_3998568167_R05C01_Red.idat.gz	c81ce7824e01409e416203deba173ec5
GSM2405633_3998568129_R04C02_Grn.idat.gz	94e0f2f8819977a835de4fbc631bec12
GSM2405633_3998568129_R04C02_Red.idat.gz	008ed72ea152ba4c2a65c2cc8b0c5261
GSM2405634_3998568129_R05C02_Grn.idat.gz	689b0a6ea4c2956fb901e8809719b9b4
GSM2405634_3998568129_R05C02_Red.idat.gz	b679fd8bd19af2f2eb58ed233fe27e71
GSM2405635_3998568129_R06C02_Grn.idat.gz	3401041c67a048cc00d0f95de8e4f012
GSM2405635_3998568129_R06C02_Red.idat.gz	8fcdc8f98f66b38f6ddf04320363d2b0
GSM2405636_3998568089_R02C02_Grn.idat.gz	ed4644ef9634e2b8bae14fa3dc195935
GSM2405636_3998568089_R02C02_Red.idat.gz	30e82fc2168f89459af3e910627b54b7
GSM2405637_3998568167_R01C02_Grn.idat.gz	e4be9be86ec20f7d6bf25ffe2b321322
GSM2405637_3998568167_R01C02_Red.idat.gz	aaedf31ecd319bb8f59cea275d2fd661
GSM2405638_3998568167_R04C02_Grn.idat.gz	6d59014b54c998721dc291479cea1435
GSM2405638_3998568167_R04C02_Red.idat.gz	1190eaab8f87a4c868977842f342fb40
GSM2405639_3998568099_R04C01_Grn.idat.gz	b7cbf481a084b580ecf62179242a7482
GSM2405639_3998568099_R04C01_Red.idat.gz	08f049f90fb3869dc0d820afdd79b9c2
GSM2405640_3998568066_R04C02_Grn.idat.gz	f5cf323bcdc50f34ae6c83f01079df76
GSM2405640_3998568066_R04C02_Red.idat.gz	b8a3f0ef23631813313da2576ef7b5bd
GSM2405641_101231000014_R01C02_Grn.idat.gz	a87703cba992c2a8c4190068c5e023d2
GSM2405641_101231000014_R01C02_Red.idat.gz	a7430b633adc44cdbb1e2e6f26a3d92b
GSM2405642_101231000030_R03C02_Grn.idat.gz	4497f633f39e48ea709965af183e6f84
GSM2405642_101231000030_R03C02_Red.idat.gz	681562ba728875fe4a34f28d1356d131
GSM2405643_101178130118_R06C01_Grn.idat.gz	59d8092cbbe2753a05c1ba1cf23c78c6
GSM2405643_101178130118_R06C01_Red.idat.gz	7841133b6e0dd46da6ab7e1b27f72a4c
GSM2405644_200091640050_R05C02_Grn.idat.gz	c56f8dd170041f90caad4651f1720f56
GSM2405644_200091640050_R05C02_Red.idat.gz	b647e3cfac96e05f751ace8eafe4d102
GSM2405645_200091640051_R01C01_Grn.idat.gz	180fb2fd42b42742bec29b0e81baca0f
GSM2405645_200091640051_R01C01_Red.idat.gz	2001510dce5c5114e919e9cbc19b7c39
GSM2405646_200091640051_R03C01_Grn.idat.gz	bbe6dfdc441e19eb3722a51a4ef9e6de
GSM2405646_200091640051_R03C01_Red.idat.gz	f8f17cb0506ac559c36e66fc5f3832d1
GSM2405647_200091640051_R06C01_Grn.idat.gz	2eaf1b3ba35d9522bcaa687a58849e96
GSM2405647_200091640051_R06C01_Red.idat.gz	a4c2d0074377bb9b0a159eb48bd153a0
GSM2405648_200091640051_R01C02_Grn.idat.gz	dcbf9578f494b29060617dbb4ccc67e5
GSM2405648_200091640051_R01C02_Red.idat.gz	a1d8179da22fbd9d0385a9890bd7c1f9
GSM2405649_200091640051_R03C02_Grn.idat.gz	5d577be01b4e4c1041f10f47cceb785d
GSM2405649_200091640051_R03C02_Red.idat.gz	447309c75da0796fe3f6f98e05e68d23
GSM2405650_200091640051_R04C02_Grn.idat.gz	fc3ed663c614881450a8320bb93e4d2b
GSM2405650_200091640051_R04C02_Red.idat.gz	5eff8b11de2c2d5898d58834f91c5057
GSM2405651_200091640051_R06C02_Grn.idat.gz	18e3582467f487706747c62c9ce07f0c
GSM2405651_200091640051_R06C02_Red.idat.gz	783797ede8bbf3454a6a3f30849989ac
GSM2405652_200091640059_R02C01_Grn.idat.gz	2e86d9d5b2b898d34915116acb609ba0
GSM2405652_200091640059_R02C01_Red.idat.gz	e16cd3cdda22e8b9f446533b6fc531ee
GSM2405653_200078650174_R03C01_Grn.idat.gz	55963d33b5389ec6a27613ef7863bde7
GSM2405653_200078650174_R03C01_Red.idat.gz	5068804ea2734cbd078c9c81a6b1f957
GSM2405654_200275560089_R06C02_Grn.idat.gz	c9afaaf8fc55a290b2af5a2beb087e69
GSM2405654_200275560089_R06C02_Red.idat.gz	123988752c30fde8da1a1f08b58a1097
GSM2405655_200275560098_R02C02_Grn.idat.gz	9dac3652ea2a484ad0eebe20a80182dc
GSM2405655_200275560098_R02C02_Red.idat.gz	b1658bf042fffaa13d39e3383761f907
GSM2405656_200275560113_R05C02_Grn.idat.gz	09f50331268d5006ebfdde0671e490e0
GSM2405656_200275560113_R05C02_Red.idat.gz	6df8aa0e142221c8665ef5a91a731be1
GSM2405657_200277210073_R05C01_Grn.idat.gz	5cfa9e504ff59a9f57f3009bf8e73d10
GSM2405657_200277210073_R05C01_Red.idat.gz	d776c10492a11e431c08a847f0561e8f
