col	Probe_ID
44	cg00002033
69	cg00002837
77	cg00003287
78	cg00003298
84	cg00003625
96	cg00004072
120	cg00004883
124	cg00004996
221	cg00009292
258	cg00010954
276	cg00011616
278	cg00011740
283	cg00011924
336	cg00014104
337	cg00014112
362	cg00014830
367	cg00014998
394	cg00016481
424	cg00017461
430	cg00017826
438	cg00018128
448	cg00018606
451	cg00018828
496	cg00020474
560	cg00023001
582	cg00023919
597	cg00024494
616	cg00025591
619	cg00025647
644	cg00026412
663	cg00027081
689	cg00028135
717	cg00028935
738	cg00029922
770	cg00031063
776	cg00031256
817	cg00032912
836	cg00033666
877	cg00035316
887	cg00035636
938	cg00037457
994	cg00040312
1026	cg00041270
1107	cg00044796
1127	cg00045762
1174	cg00048697
1182	cg00049047
1193	cg00049440
1198	cg00049664
1205	cg00049892
1216	cg00050294
1220	cg00050402
1260	cg00052588
1292	cg00054210
1302	cg00054525
1308	cg00054741
1313	cg00054971
1330	cg00055764
1396	cg00058879
1412	cg00059399
1430	cg00060320
1431	cg00060374
1439	cg00060649
1442	cg00060800
1449	cg00061031
1500	cg00063471
1555	cg00066239
1606	cg00067824
1608	cg00068038
1618	cg00068428
1654	cg00070383
1691	cg00071984
1702	cg00072711
1707	cg00073003
1713	cg00073460
1721	cg00073794
1723	cg00074086
1724	cg00074145
1874	cg00081714
1947	cg00084432
2012	cg00087368
2049	cg00088688
2084	cg00089823
2140	cg00091953
2151	cg00092518
2211	cg00094744
2229	cg00095326
2230	cg00095333
2259	cg00096418
2264	cg00096603
2278	cg00097146
2326	cg00098799
2342	cg00099427
2394	cg00102183
2435	cg00104608
2501	cg00107772
2562	cg00110654
2578	cg00111335
2607	cg00112309
2645	cg00114160
2650	cg00114478
2666	cg00115178
2685	cg00116092
2752	cg00119127
2829	cg00122944
2845	cg00123478
2856	cg00124045
2872	cg00124993
2884	cg00125601
2903	cg00126889
2935	cg00128386
2938	cg00128482
2945	cg00128695
2975	cg00130181
3011	cg00131983
3048	cg00134210
3050	cg00134295
3055	cg00134602
3087	cg00136405
3096	cg00136968
3139	cg00139244
3231	cg00144425
3248	cg00145352
3301	cg00147244
3303	cg00147286
3324	cg00148223
3336	cg00148862
3353	cg00149716
3387	cg00151370
3457	cg00154455
3468	cg00154957
3501	cg00156118
3504	cg00156230
3538	cg00157572
3540	cg00157656
3543	cg00157796
3550	cg00158122
3565	cg00158789
3593	cg00160262
3619	cg00161124
3620	cg00161225
3635	cg00161955
3692	cg00164235
3703	cg00164678
3709	cg00164941
3710	cg00164949
3726	cg00165994
3760	cg00167820
3807	cg00169897
3811	cg00170003
3818	cg00170295
3911	cg00174508
3942	cg00175895
3978	cg00177388
3990	cg00177797
4015	cg00178864
4017	cg00178897
4076	cg00182639
4098	cg00183684
4112	cg00184452
4113	cg00184457
4152	cg00186909
4174	cg00187692
4177	cg00187933
4214	cg00190412
4256	cg00193283
4259	cg00193613
4268	cg00194126
4304	cg00196827
4334	cg00199007
4359	cg00200734
4497	cg00208274
4500	cg00208504
4506	cg00209038
4535	cg00210271
4538	cg00210562
4605	cg00214012
4623	cg00214970
4634	cg00215432
4637	cg00215587
4648	cg00216138
4650	cg00216305
4675	cg00217795
4689	cg00218447
4703	cg00219151
4704	cg00219169
4705	cg00219210
4720	cg00219816
4728	cg00220294
4755	cg00221382
4757	cg00221494
4764	cg00221709
4765	cg00221718
4768	cg00221747
4781	cg00222472
4824	cg00224471
4876	cg00227156
4961	cg00231728
5026	cg00234613
5045	cg00235508
5074	cg00237391
5091	cg00238213
5112	cg00238818
5124	cg00239117
5147	cg00239988
5159	cg00240719
5204	cg00242627
5228	cg00244001
5257	cg00245075
5282	cg00246386
5304	cg00247571
5382	cg00251716
5397	cg00252418
5428	cg00253379
5432	cg00253658
5456	cg00254681
5516	cg00257271
5570	cg00259834
5639	cg00262621
5694	cg00265826
5731	cg00267694
5823	cg00273464
5842	cg00274965
5871	cg00276799
5901	cg00278392
5904	cg00278547
5916	cg00279790
5963	cg00282510
6003	cg00284708
6009	cg00285343
6085	cg00289254
6109	cg00290607
6159	cg00292701
6173	cg00293245
6181	cg00293644
6228	cg00295572
6233	cg00295794
6271	cg00297721
6277	cg00297876
6286	cg00298324
6304	cg00299070
6321	cg00299943
6328	cg00300298
6351	cg00301396
6355	cg00301660
6362	cg00301795
6409	cg00303982
6462	cg00306523
6503	cg00308440
6554	cg00310940
6583	cg00312921
6617	cg00314622
6663	cg00316839
6672	cg00317626
6677	cg00317879
6702	cg00318756
6722	cg00319595
6767	cg00321478
6809	cg00323305
6857	cg00325866
6905	cg00327947
6946	cg00329300
6954	cg00329697
6959	cg00330059
7005	cg00332153
7024	cg00332937
7042	cg00333679
7054	cg00334063
7055	cg00334177
7064	cg00334507
7088	cg00335715
7163	cg00339300
7174	cg00339682
7209	cg00341204
7227	cg00342358
7239	cg00343127
7243	cg00343305
7286	cg00345443
7323	cg00346985
7336	cg00347563
7346	cg00347757
7391	cg00349608
7398	cg00349943
7406	cg00350296
7433	cg00351119
7467	cg00352576
7468	cg00352652
7580	cg00357958
7615	cg00359590
7641	cg00360794
7666	cg00362381
7692	cg00364016
7697	cg00364304
7753	cg00366917
7773	cg00367962
7871	cg00372375
7937	cg00375146
7947	cg00375608
7956	cg00376022
7974	cg00376979
7984	cg00377344
8011	cg00378510
8013	cg00378658
8035	cg00379648
8059	cg00380924
8077	cg00381684
8080	cg00381755
8102	cg00383136
8132	cg00385194
8139	cg00385863
8151	cg00386405
8188	cg00387964
8236	cg00390259
8318	cg00394180
8320	cg00394221
8323	cg00394316
8336	cg00394823
8426	cg00399027
8448	cg00399951
8459	cg00400259
8464	cg00400448
8466	cg00400532
8476	cg00400832
8481	cg00400992
8494	cg00401552
8538	cg00403616
8579	cg00405699
8586	cg00405939
8591	cg00406211
8672	cg00409917
8684	cg00410600
8695	cg00411072
8717	cg00412294
8733	cg00413089
8757	cg00414384
8765	cg00414898
8778	cg00415665
8868	cg00419092
8917	cg00420911
8925	cg00421164
8973	cg00423068
8976	cg00423153
8984	cg00423453
9019	cg00424967
9032	cg00425843
9084	cg00428457
9118	cg00430542
9138	cg00431699
9173	cg00433709
9175	cg00433861
9179	cg00433917
9187	cg00434573
9196	cg00435173
9211	cg00435752
9223	cg00436476
9225	cg00436496
9395	cg00446235
9398	cg00446414
9414	cg00447052
9432	cg00447817
9449	cg00448761
9458	cg00449067
9494	cg00450651
9497	cg00450784
9528	cg00452133
9529	cg00452199
9596	cg00455424
9677	cg00458878
9701	cg00459617
9702	cg00459623
9763	cg00461753
9773	cg00462107
9820	cg00463859
9834	cg00464757
9841	cg00464946
9867	cg00466136
9869	cg00466249
9894	cg00467296
9910	cg00468228
9913	cg00468380
9929	cg00469380
9936	cg00469602
9945	cg00469897
9947	cg00470007
9995	cg00472029
9998	cg00472277
10037	cg00473416
10057	cg00474080
10103	cg00475973
10108	cg00476243
10207	cg00481216
10212	cg00481350
10221	cg00481644
10241	cg00483304
10294	cg00486259
10296	cg00486340
10310	cg00487187
10319	cg00487737
10335	cg00488692
10355	cg00489485
10362	cg00489795
10387	cg00490976
10394	cg00491255
10415	cg00491927
10441	cg00492979
10460	cg00493716
10483	cg00495201
10552	cg00497905
10562	cg00498211
10572	cg00498591
10606	cg00499822
10608	cg00499837
10634	cg00500522
10665	cg00501869
10678	cg00502190
10692	cg00502597
10706	cg00503298
10707	cg00503302
10710	cg00503383
10722	cg00503840
10745	cg00504705
10797	cg00507154
10834	cg00508855
10837	cg00508975
10845	cg00509207
10857	cg00509766
10863	cg00509996
10879	cg00510507
10902	cg00511596
10940	cg00513564
10984	cg00515814
10986	cg00515954
10990	cg00516067
11021	cg00517787
11037	cg00518857
11043	cg00519069
11054	cg00519537
11073	cg00520612
11077	cg00520933
11100	cg00522048
11103	cg00522231
11143	cg00524220
11158	cg00524708
11171	cg00525277
11183	cg00525823
11213	cg00527440
11285	cg00531137
11290	cg00531453
11357	cg00534274
11401	cg00536910
11451	cg00539347
11452	cg00539360
11454	cg00539386
11476	cg00540540
11485	cg00540828
11493	cg00541104
11503	cg00541683
11549	cg00543976
11556	cg00544436
11581	cg00545886
11600	cg00546932
11631	cg00548098
11642	cg00548708
11717	cg00551679
11753	cg00553527
11848	cg00557872
11849	cg00557947
11867	cg00558702
11915	cg00561194
11965	cg00563229
11973	cg00563678
11978	cg00563824
12021	cg00565688
12024	cg00565882
12035	cg00566369
12063	cg00567703
12084	cg00568910
12124	cg00570666
12182	cg00573352
12193	cg00573835
12292	cg00577449
12334	cg00579036
12343	cg00579423
12358	cg00579868
12388	cg00581422
12455	cg00584026
12460	cg00584422
12461	cg00584450
12542	cg00587613
12560	cg00588517
12588	cg00589520
12604	cg00590029
12615	cg00590260
12627	cg00590761
12671	cg00592643
12695	cg00593773
12723	cg00594854
12824	cg00599564
12846	cg00600916
12849	cg00601042
12857	cg00601450
12859	cg00601648
12865	cg00601836
12877	cg00602693
12907	cg00604202
12912	cg00604454
12969	cg00607755
12973	cg00607989
13014	cg00610360
13017	cg00610577
13054	cg00612595
13055	cg00612625
13088	cg00614392
13167	cg00618626
13190	cg00619561
13224	cg00621247
13292	cg00624589
13337	cg00626702
13339	cg00626856
13380	cg00629427
13422	cg00631329
13423	cg00631482
13441	cg00632486
13480	cg00634968
13594	cg00640719
13612	cg00642042
13647	cg00643814
13667	cg00644823
13716	cg00647217
13727	cg00647658
13732	cg00647820
13746	cg00648184
13775	cg00650176
13796	cg00651087
13820	cg00652274
13827	cg00652846
13862	cg00655094
13891	cg00656603
13902	cg00657094
13920	cg00658082
13938	cg00658743
13954	cg00659931
13989	cg00661320
13991	cg00661399
14023	cg00663077
14024	cg00663183
14059	cg00664697
14060	cg00664723
14116	cg00667298
14118	cg00667343
14126	cg00667789
14128	cg00667862
14138	cg00668150
14164	cg00669330
14212	cg00672333
14234	cg00673286
14235	cg00673290
14258	cg00674679
14265	cg00675121
14267	cg00675156
14270	cg00675229
14286	cg00675891
14290	cg00676085
14300	cg00676711
14312	cg00677217
14340	cg00678709
14360	cg00679731
14412	cg00682734
14417	cg00683329
14433	cg00684125
14444	cg00684790
14456	cg00685614
14474	cg00686404
14491	cg00687073
14495	cg00687252
14553	cg00689340
14557	cg00689580
14558	cg00689612
14559	cg00689651
14562	cg00689835
14596	cg00691586
14628	cg00692774
14694	cg00695799
14738	cg00697672
14746	cg00697992
14756	cg00698413
14764	cg00698688
14776	cg00699392
14801	cg00700041
14803	cg00700239
14811	cg00700485
14845	cg00702126
14874	cg00703120
14886	cg00703822
14903	cg00704626
14924	cg00705280
14934	cg00705808
14960	cg00706994
14976	cg00707881
14986	cg00708598
14987	cg00708603
15006	cg00709979
15008	cg00710180
15027	cg00711072
15032	cg00711291
15095	cg00713400
15099	cg00713567
15105	cg00713939
15123	cg00714725
15135	cg00715197
15140	cg00715343
15153	cg00716083
15204	cg00718400
15252	cg00720047
15266	cg00720747
15282	cg00721530
15328	cg00723994
15350	cg00725401
15366	cg00726615
15410	cg00729275
15424	cg00729885
15439	cg00730670
15450	cg00731232
15452	cg00731304
15542	cg00734931
15623	cg00738934
15655	cg00740547
15671	cg00741410
15689	cg00741954
15703	cg00742851
15731	cg00744351
15764	cg00745693
15775	cg00746143
15780	cg00746446
15815	cg00747944
15828	cg00748494
15840	cg00749118
15978	cg00756032
16031	cg00758854
16032	cg00758881
16050	cg00759741
16114	cg00762678
16120	cg00762830
16158	cg00764796
16165	cg00765233
16174	cg00765705
16206	cg00767058
16217	cg00767581
16234	cg00768409
16242	cg00768993
16309	cg00772192
16312	cg00772407
16423	cg00777315
16458	cg00779056
16469	cg00779313
16501	cg00781110
16506	cg00781388
16548	cg00783104
16556	cg00783553
16595	cg00785738
16620	cg00786909
16687	cg00790020
16690	cg00790098
16720	cg00791430
16726	cg00791851
16733	cg00792053
16766	cg00793543
16771	cg00793719
16796	cg00794673
16946	cg00802728
16953	cg00803453
16971	cg00804179
17004	cg00805619
17007	cg00805880
17014	cg00806214
17022	cg00806319
17033	cg00806680
17034	cg00806704
17036	cg00806826
17059	cg00807959
17062	cg00808086
17067	cg00808305
17088	cg00809164
17105	cg00810208
17125	cg00810971
17132	cg00811132
17146	cg00812096
17150	cg00812299
17207	cg00814751
17249	cg00816406
17260	cg00817100
17263	cg00817367
17272	cg00817765
17318	cg00820405
17345	cg00821731
17438	cg00827210
17499	cg00830252
17501	cg00830285
17509	cg00830492
17525	cg00831222
17545	cg00832105
17605	cg00834924
17622	cg00835825
17680	cg00838919
17689	cg00839584
17701	cg00840332
17706	cg00840694
17727	cg00841988
17732	cg00842231
17791	cg00845204
17851	cg00847857
17856	cg00848167
17869	cg00848945
17881	cg00849610
17965	cg00852964
17983	cg00853940
18071	cg00858840
18184	cg00863893
18185	cg00863913
18202	cg00864474
18204	cg00864551
18233	cg00865849
18255	cg00866556
18281	cg00867510
18301	cg00868875
18326	cg00870242
18328	cg00870269
18349	cg00871371
18355	cg00871560
18357	cg00871610
18362	cg00871787
18383	cg00872683
18385	cg00872726
18389	cg00872984
18441	cg00875272
18451	cg00875805
18468	cg00876273
18482	cg00876757
18489	cg00877329
18536	cg00879840
18539	cg00880018
18540	cg00880074
18576	cg00882235
18687	cg00888758
18726	cg00890916
18754	cg00892353
18775	cg00893471
18777	cg00893493
18810	cg00895196
18857	cg00898374
18858	cg00898447
18867	cg00899160
18886	cg00900231
18926	cg00902153
18960	cg00903371
18964	cg00903577
18996	cg00905220
19037	cg00907008
19046	cg00907283
19061	cg00907810
19081	cg00908427
19121	cg00910015
19182	cg00912247
19190	cg00912573
19205	cg00913283
19208	cg00913360
19219	cg00913949
19229	cg00914222
19237	cg00914726
19273	cg00916884
19290	cg00917569
19299	cg00918181
19301	cg00918522
19322	cg00919591
19335	cg00920139
19344	cg00920395
19365	cg00921160
19385	cg00922281
19391	cg00922420
19400	cg00922841
19406	cg00923481
19421	cg00924017
19454	cg00925616
19467	cg00926215
19508	cg00928397
19529	cg00929523
19562	cg00930833
19582	cg00931874
19609	cg00933411
19620	cg00933835
19634	cg00934355
19711	cg00937681
19746	cg00939432
19756	cg00939682
19776	cg00940502
19787	cg00940941
19794	cg00941258
19827	cg00943382
19836	cg00944163
19844	cg00944421
19865	cg00945234
19912	cg00947599
19915	cg00947782
19930	cg00948520
19934	cg00948856
19938	cg00948881
19967	cg00950265
19978	cg00950706
19992	cg00951395
20020	cg00953154
20030	cg00953355
20117	cg00957641
20129	cg00958225
20204	cg00961325
20214	cg00961640
20217	cg00961866
20233	cg00962755
20237	cg00962903
20246	cg00963378
20275	cg00964997
20276	cg00965023
20315	cg00966763
20360	cg00968638
20395	cg00970313
20396	cg00970325
20397	cg00970361
20403	cg00970752
20440	cg00972313
20451	cg00973309
20520	cg00976453
20561	cg00978570
20583	cg00979260
20664	cg00982521
20674	cg00982919
20695	cg00983948
20697	cg00984060
20756	cg00987246
20762	cg00987461
20771	cg00988037
20772	cg00988050
20776	cg00988175
20803	cg00989229
20807	cg00989315
20815	cg00989853
20830	cg00990613
20857	cg00991875
20866	cg00992145
20927	cg00994629
20943	cg00995141
20948	cg00995253
20954	cg00995520
20963	cg00995893
20965	cg00995986
20981	cg00996764
20983	cg00996827
20984	cg00996847
21026	cg00998372
21031	cg00998438
21032	cg00998451
21035	cg00998744
21054	cg00999988
21127	cg01003448
21179	cg01005968
21190	cg01006802
21191	cg01006880
21245	cg01009664
21253	cg01010211
21286	cg01011769
21304	cg01012445
21345	cg01014190
21376	cg01015663
21385	cg01016119
21388	cg01016191
21418	cg01017395
21433	cg01018110
21451	cg01019188
21468	cg01019875
21480	cg01020413
21481	cg01020421
21501	cg01021196
21515	cg01021631
21531	cg01022200
21605	cg01025233
21617	cg01025800
21624	cg01025954
21643	cg01027010
21660	cg01027750
21668	cg01028017
21734	cg01031101
21742	cg01031400
21774	cg01033356
21821	cg01035261
21860	cg01037496
21881	cg01038597
21891	cg01039355
22072	cg01047613
22073	cg01047631
22102	cg01048962
22110	cg01049205
22122	cg01049782
22155	cg01051545
22223	cg01054755
22253	cg01055824
22325	cg01059100
22338	cg01059704
22422	cg01063579
22434	cg01064265
22468	cg01065679
22469	cg01065697
22494	cg01066472
22497	cg01066602
22505	cg01067151
22535	cg01068808
22590	cg01071185
22595	cg01071314
22599	cg01071459
22645	cg01073837
22691	cg01075918
22715	cg01076971
22718	cg01077058
22775	cg01079515
22799	cg01080560
22807	cg01080927
22873	cg01083633
22883	cg01084189
22906	cg01084990
22907	cg01085125
22918	cg01085362
22952	cg01087239
22996	cg01089319
23001	cg01089498
23010	cg01089834
23040	cg01091261
23054	cg01092293
23068	cg01093088
23069	cg01093138
23083	cg01093696
23084	cg01093786
23126	cg01096199
23146	cg01097384
23189	cg01099220
23213	cg01100175
23267	cg01102073
23312	cg01104306
23323	cg01104724
23335	cg01105362
23363	cg01106572
23371	cg01106926
23385	cg01107874
23396	cg01108370
23418	cg01109169
23454	cg01110759
23487	cg01112778
23518	cg01114033
23521	cg01114124
23562	cg01116137
23619	cg01119452
23636	cg01120132
23657	cg01121022
23675	cg01122302
23686	cg01123186
23720	cg01125141
23767	cg01128460
23769	cg01128482
23821	cg01131038
23827	cg01131388
23848	cg01132502
23852	cg01132579
23858	cg01132893
23871	cg01133779
23911	cg01135754
24014	cg01140247
24017	cg01140416
24031	cg01141339
24043	cg01141838
24060	cg01142475
24100	cg01144053
24154	cg01146063
24175	cg01147352
24198	cg01148731
24227	cg01150411
24228	cg01150433
24239	cg01151135
24253	cg01152019
24254	cg01152025
24275	cg01152897
24327	cg01154966
24361	cg01156747
24417	cg01159194
24457	cg01161811
24465	cg01162093
24499	cg01163842
24501	cg01163931
24507	cg01164141
24531	cg01165362
24563	cg01166876
24564	cg01166892
24579	cg01167615
24601	cg01168833
24607	cg01169021
24616	cg01169559
24627	cg01170045
24657	cg01171786
24730	cg01175020
24757	cg01176363
24759	cg01176433
24809	cg01178680
24817	cg01178971
24845	cg01180552
24846	cg01180628
24866	cg01181817
24940	cg01185502
24945	cg01185626
24948	cg01185754
24962	cg01186595
25103	cg01193293
25112	cg01193769
25174	cg01196858
25266	cg01202150
25274	cg01202519
25317	cg01204606
25325	cg01204927
25336	cg01205267
25362	cg01206723
25384	cg01207684
25395	cg01208318
25406	cg01208908
25459	cg01211852
25490	cg01213381
25493	cg01213447
25495	cg01213519
25513	cg01214340
25516	cg01214458
25559	cg01216438
25601	cg01218619
25631	cg01220192
25684	cg01223086
25711	cg01224520
25801	cg01229787
25806	cg01229943
25831	cg01231009
25832	cg01231108
25848	cg01232037
25864	cg01232748
25900	cg01234420
25901	cg01234517
25904	cg01234610
25913	cg01235000
25928	cg01235820
25946	cg01236751
25984	cg01239651
25995	cg01240056
26001	cg01240444
26008	cg01240795
26128	cg01246617
26160	cg01248080
26162	cg01248385
26183	cg01249360
26200	cg01250212
26208	cg01250603
26234	cg01251835
26270	cg01254264
26271	cg01254303
26272	cg01254322
26290	cg01255417
26301	cg01255894
26341	cg01257975
26366	cg01259156
26389	cg01260308
26434	cg01263386
26436	cg01263532
26448	cg01263942
26484	cg01266390
26508	cg01267797
26552	cg01270001
26577	cg01271695
26581	cg01271812
26633	cg01274660
26636	cg01274753
26646	cg01275038
26676	cg01276497
26716	cg01278873
26748	cg01281040
26758	cg01281450
26776	cg01282174
26808	cg01283834
26843	cg01285706
26848	cg01285926
26849	cg01286133
26858	cg01286685
26923	cg01289352
26925	cg01289541
26937	cg01290009
26949	cg01290565
26998	cg01292299
27040	cg01294283
27042	cg01294327
27050	cg01294808
27058	cg01295339
27060	cg01295399
27069	cg01295782
27070	cg01295785
27073	cg01295999
27082	cg01296532
27129	cg01298120
27134	cg01298514
27143	cg01298945
27191	cg01301282
27203	cg01301803
27213	cg01302240
27217	cg01302436
27228	cg01302853
27235	cg01303141
27282	cg01305625
27296	cg01306183
27330	cg01307684
27341	cg01308202
27346	cg01308409
27354	cg01308827
27426	cg01311802
27451	cg01313176
27542	cg01318461
27543	cg01318557
27569	cg01320579
27579	cg01321088
27588	cg01321673
27589	cg01321816
27615	cg01323381
27696	cg01328473
27729	cg01330060
27730	cg01330096
27763	cg01331810
27765	cg01332054
27775	cg01332683
27780	cg01333011
27786	cg01333242
27823	cg01335127
27828	cg01335367
27839	cg01335980
27864	cg01337207
27876	cg01337813
27928	cg01340542
27945	cg01341751
27986	cg01344171
27990	cg01344452
28019	cg01346152
28024	cg01346596
28042	cg01347682
28136	cg01352090
28157	cg01353448
28175	cg01354088
28196	cg01355392
28228	cg01357135
28235	cg01357370
28246	cg01357846
28308	cg01361068
28309	cg01361248
28312	cg01361351
28322	cg01362243
28338	cg01363198
28352	cg01363714
28364	cg01364478
28418	cg01367328
28453	cg01368900
28540	cg01373189
28598	cg01376079
28616	cg01377268
28619	cg01377459
28654	cg01379240
28761	cg01383890
28814	cg01386424
28817	cg01386678
28859	cg01388889
28921	cg01392313
28941	cg01393632
28972	cg01394884
29033	cg01397141
29107	cg01400924
29124	cg01401641
29167	cg01403655
29189	cg01404893
29192	cg01405040
29242	cg01407254
29266	cg01408363
29285	cg01409343
29328	cg01410746
29342	cg01411652
29352	cg01411921
29362	cg01412419
29380	cg01413054
29392	cg01413481
29396	cg01413522
29400	cg01413582
29410	cg01414185
29429	cg01414882
29447	cg01415937
29464	cg01416891
29473	cg01417364
29482	cg01417625
29489	cg01418124
29504	cg01418539
29511	cg01418856
29515	cg01418951
29529	cg01419713
29533	cg01419831
29549	cg01420492
29598	cg01422797
29608	cg01423389
29634	cg01424624
29638	cg01424997
29639	cg01425021
29686	cg01427458
29687	cg01427471
29689	cg01427575
29706	cg01428378
29730	cg01429449
29737	cg01429933
29748	cg01430344
29765	cg01431140
29769	cg01431482
29783	cg01432329
29825	cg01434160
29832	cg01434559
29833	cg01434562
29837	cg01434649
29862	cg01435643
29864	cg01435766
29865	cg01435791
29892	cg01437161
29906	cg01437917
29914	cg01438365
29916	cg01438467
29996	cg01442068
30048	cg01443852
30052	cg01444051
30159	cg01448115
30164	cg01448276
30231	cg01451203
30244	cg01452169
30249	cg01452452
30257	cg01453052
30281	cg01454215
30306	cg01455398
30317	cg01456151
30321	cg01456368
30327	cg01456609
30346	cg01457883
30348	cg01458054
30386	cg01459807
30397	cg01460430
30399	cg01460436
30418	cg01461514
30428	cg01461856
30436	cg01462453
30446	cg01462856
30480	cg01465169
30485	cg01465364
30515	cg01466615
30549	cg01468514
30551	cg01468567
30614	cg01471713
30693	cg01475952
30702	cg01476568
30704	cg01476678
30727	cg01477835
30758	cg01480180
30821	cg01484686
30825	cg01484915
30890	cg01487803
30907	cg01488770
30916	cg01489441
30957	cg01492330
30976	cg01493297
31000	cg01494399
31019	cg01495509
31057	cg01497747
31066	cg01498231
31095	cg01499815
31132	cg01501760
31190	cg01505148
31195	cg01505406
31236	cg01508045
31254	cg01509330
31269	cg01510388
31333	cg01513307
31334	cg01513392
31349	cg01514272
31352	cg01514356
31359	cg01514538
31373	cg01515155
31395	cg01516005
31408	cg01516851
31424	cg01517431
31432	cg01517740
31438	cg01517968
31515	cg01520924
31527	cg01521220
31591	cg01524860
31620	cg01526748
31641	cg01528028
31678	cg01530101
31780	cg01535312
31791	cg01535838
31810	cg01536979
31812	cg01536987
31863	cg01539510
31896	cg01541645
31902	cg01541867
31919	cg01543184
31924	cg01543583
31934	cg01544351
31947	cg01544903
31967	cg01546430
31997	cg01547915
32001	cg01548300
32004	cg01548463
32009	cg01548889
32081	cg01552711
32083	cg01552748
32128	cg01554437
32140	cg01554963
32217	cg01557951
32224	cg01558212
32242	cg01558916
32243	cg01558923
32244	cg01558931
32245	cg01558960
32263	cg01559770
32282	cg01560554
32293	cg01560934
32301	cg01561259
32319	cg01561916
32323	cg01562356
32329	cg01562537
32363	cg01564640
32399	cg01565918
32410	cg01566213
32477	cg01568522
32529	cg01571001
32542	cg01571722
32560	cg01572696
32647	cg01576275
32661	cg01577083
32668	cg01577414
32669	cg01577475
32701	cg01578875
32731	cg01579950
32767	cg01581974
32779	cg01582937
32808	cg01584389
32844	cg01586116
32845	cg01586208
32854	cg01586851
32868	cg01587682
32885	cg01588475
32902	cg01589353
32916	cg01590338
33009	cg01595325
33017	cg01595717
33021	cg01595870
33022	cg01595951
33104	cg01600222
33147	cg01602621
33150	cg01602730
33176	cg01603973
33192	cg01604429
33250	cg01607625
33281	cg01609275
33291	cg01610165
33306	cg01610979
33315	cg01611622
33334	cg01612140
33335	cg01612158
33381	cg01614101
33382	cg01614102
33384	cg01614237
33409	cg01614915
33420	cg01615704
33473	cg01618151
33488	cg01618923
33506	cg01619929
33509	cg01620164
33555	cg01622006
33561	cg01622416
33599	cg01624173
33610	cg01624637
33612	cg01624768
33634	cg01626493
33636	cg01626681
33660	cg01627823
33676	cg01629007
33686	cg01629716
33692	cg01630032
33727	cg01632188
33737	cg01632562
33769	cg01634544
33788	cg01635555
33839	cg01638185
33906	cg01641792
33920	cg01642521
33970	cg01645295
33980	cg01645998
34009	cg01647724
34042	cg01649611
34089	cg01652476
34110	cg01653532
34130	cg01654862
34143	cg01655667
34156	cg01656244
34173	cg01657186
34187	cg01657761
34189	cg01657995
34265	cg01663018
34277	cg01663603
34287	cg01663968
34319	cg01665555
34337	cg01666796
34348	cg01667493
34364	cg01668352
34412	cg01671895
34464	cg01676105
34489	cg01677628
34547	cg01680674
34573	cg01682285
34594	cg01683794
34687	cg01689438
34742	cg01692639
34763	cg01693350
34788	cg01695225
34809	cg01696784
34818	cg01697719
34921	cg01703205
34942	cg01704198
34947	cg01704474
34968	cg01705131
34993	cg01706566
35021	cg01708273
35025	cg01708411
35031	cg01708636
35052	cg01709518
35056	cg01709589
35124	cg01713348
35154	cg01714811
35173	cg01715525
35295	cg01719832
35319	cg01720920
35321	cg01720945
35368	cg01723706
35373	cg01723892
35397	cg01725531
35416	cg01726775
35431	cg01727408
35551	cg01734062
35564	cg01735082
35572	cg01735398
35580	cg01736164
35629	cg01739354
35634	cg01739725
35695	cg01743846
35713	cg01744822
35734	cg01745789
35752	cg01747222
35789	cg01749436
35799	cg01749702
35831	cg01751134
35886	cg01753966
35900	cg01754756
35954	cg01757168
36004	cg01759218
36020	cg01759909
36059	cg01762581
36067	cg01763090
36104	cg01764559
36122	cg01765416
36167	cg01767885
36203	cg01769344
36225	cg01770296
36242	cg01771213
36291	cg01773858
36321	cg01775245
36323	cg01775265
36342	cg01776188
36366	cg01777121
36407	cg01778994
36477	cg01782059
36483	cg01782247
36555	cg01785568
36562	cg01786048
36581	cg01786994
36616	cg01788773
36626	cg01789501
36636	cg01790002
36727	cg01794103
36728	cg01794156
36787	cg01796800
36800	cg01797371
36823	cg01798266
36884	cg01800926
36923	cg01802532
37023	cg01806382
37043	cg01807131
37047	cg01807313
37049	cg01807377
37062	cg01807748
37065	cg01807820
37127	cg01810471
37172	cg01812400
37219	cg01814191
37256	cg01815783
37297	cg01817364
37300	cg01817521
37342	cg01819759
37386	cg01821452
37418	cg01822600
37423	cg01822827
37436	cg01823510
37462	cg01824603
37472	cg01824933
37480	cg01825213
37482	cg01825295
37571	cg01830023
37608	cg01832036
37618	cg01832586
37630	cg01833057
37641	cg01833485
37687	cg01835506
37739	cg01837657
37747	cg01838004
37758	cg01838728
37783	cg01839898
37790	cg01840183
37839	cg01843189
37940	cg01850449
37966	cg01851968
37998	cg01853561
38017	cg01854776
38027	cg01855070
38057	cg01856645
38059	cg01856752
38065	cg01857019
38094	cg01858698
38129	cg01860370
38141	cg01860805
38175	cg01862363
38184	cg01863042
38194	cg01863596
38293	cg01868869
38313	cg01869548
38356	cg01871427
38375	cg01872216
38409	cg01874183
38438	cg01875838
38523	cg01879723
38566	cg01881464
38586	cg01882058
38588	cg01882113
38648	cg01884681
38651	cg01884917
38660	cg01885503
38704	cg01887995
38724	cg01889025
38729	cg01889143
38736	cg01889574
38755	cg01890836
38757	cg01890858
38762	cg01891252
38801	cg01893695
38813	cg01894366
38814	cg01894498
38852	cg01896761
38881	cg01898377
38894	cg01899130
38904	cg01899581
38908	cg01899676
38924	cg01900413
38936	cg01901107
38943	cg01901466
38951	cg01901788
38973	cg01903420
38995	cg01904410
39023	cg01905690
39032	cg01906054
39056	cg01906944
39119	cg01909856
39173	cg01912298
39211	cg01914455
39227	cg01915516
39243	cg01916237
39289	cg01919011
39371	cg01922613
39397	cg01923516
39425	cg01924596
39436	cg01924952
39446	cg01925594
39451	cg01925738
39459	cg01926238
39484	cg01927745
39521	cg01929615
39552	cg01931222
39565	cg01931994
39587	cg01932823
39600	cg01933308
39625	cg01934626
39641	cg01935096
39668	cg01936287
39695	cg01937780
39771	cg01940753
39777	cg01940964
39804	cg01942106
39809	cg01942318
39826	cg01942863
39832	cg01943029
39850	cg01943766
39856	cg01943874
39895	cg01946191
39942	cg01948202
39973	cg01949993
39992	cg01950845
39999	cg01951459
40023	cg01952313
40057	cg01953658
40066	cg01954305
40117	cg01957585
40121	cg01957732
40180	cg01960096
40201	cg01961086
40212	cg01961447
40260	cg01963134
40275	cg01963623
40278	cg01963696
40285	cg01963906
40299	cg01964562
40322	cg01965552
40323	cg01965636
40335	cg01966160
40354	cg01966756
40360	cg01966891
40361	cg01966922
40385	cg01968402
40389	cg01968525
40407	cg01969558
40426	cg01970427
40448	cg01971137
40450	cg01971160
40490	cg01972751
40519	cg01973778
40538	cg01974478
40584	cg01977079
40597	cg01977762
40598	cg01977798
40611	cg01978669
40650	cg01980854
40665	cg01981433
40674	cg01981762
40694	cg01983216
40704	cg01983682
40711	cg01984304
40720	cg01984854
40730	cg01985390
40784	cg01987925
40832	cg01990593
40839	cg01990910
40860	cg01992382
40881	cg01993468
40883	cg01993552
40898	cg01994216
40901	cg01994275
40937	cg01996116
40944	cg01996567
40953	cg01997006
40959	cg01997272
40965	cg01997590
40971	cg01997813
40977	cg01998089
40991	cg01998806
41004	cg01999333
41024	cg02000275
41025	cg02000318
41075	cg02003183
41076	cg02003184
41192	cg02008818
41199	cg02009088
41201	cg02009103
41215	cg02009794
41225	cg02010342
41236	cg02010738
41293	cg02013146
41304	cg02013918
41343	cg02015741
41348	cg02015909
41355	cg02016419
41356	cg02016467
41401	cg02018326
41402	cg02018337
41450	cg02020829
41488	cg02022491
41493	cg02022733
41500	cg02023167
41542	cg02025737
41547	cg02025879
41649	cg02030908
41683	cg02032299
41705	cg02033258
41726	cg02034689
41761	cg02036261
41764	cg02036387
41773	cg02037307
41776	cg02037475
41781	cg02037794
41836	cg02041805
41877	cg02043679
41926	cg02046143
41937	cg02046552
41950	cg02047211
41954	cg02047300
41958	cg02047547
41968	cg02048220
41990	cg02049210
42011	cg02049938
42015	cg02049979
42043	cg02051616
42047	cg02051806
42072	cg02052774
42108	cg02054252
42109	cg02054358
42125	cg02054792
42142	cg02056062
42153	cg02056794
42169	cg02057305
42183	cg02057755
42188	cg02057912
42199	cg02058408
42204	cg02058624
42285	cg02061229
42311	cg02062409
42335	cg02063759
42340	cg02063846
42393	cg02066277
42414	cg02067022
42479	cg02069721
42486	cg02070077
42509	cg02071243
42528	cg02071712
42550	cg02072495
42617	cg02075410
42623	cg02075791
42633	cg02076607
42679	cg02078520
42684	cg02078690
42706	cg02079700
42708	cg02079831
42730	cg02081019
42736	cg02081198
42737	cg02081266
42760	cg02082273
42825	cg02085119
42867	cg02086801
42875	cg02087067
42896	cg02088237
42930	cg02090418
42937	cg02090762
42947	cg02091185
42962	cg02092102
42982	cg02093006
43005	cg02094273
43040	cg02096194
43100	cg02098752
43106	cg02099194
43120	cg02099878
43146	cg02101203
43168	cg02102075
43176	cg02102533
43204	cg02103924
43212	cg02104392
43292	cg02108015
43319	cg02109484
43320	cg02109507
43340	cg02110776
43358	cg02111748
43388	cg02113604
43424	cg02115818
43451	cg02116953
43489	cg02118886
43506	cg02119840
43509	cg02119938
43522	cg02120658
43536	cg02121529
43604	cg02125316
43605	cg02125365
43668	cg02128244
43727	cg02131465
43743	cg02132284
43778	cg02133557
43846	cg02137183
43892	cg02140384
43948	cg02144924
43969	cg02145916
44005	cg02147681
44024	cg02148426
44031	cg02148787
44059	cg02150077
44068	cg02150354
44125	cg02152475
44127	cg02152631
44184	cg02155398
44197	cg02155884
44211	cg02156723
44290	cg02160738
44315	cg02161900
44321	cg02162286
44351	cg02164046
44378	cg02165692
44391	cg02166450
44450	cg02169391
44473	cg02170525
44490	cg02171859
44544	cg02174092
44612	cg02178763
44623	cg02179455
44671	cg02182210
44703	cg02184008
44718	cg02184673
44734	cg02185666
44809	cg02190211
44811	cg02190350
44837	cg02191862
44844	cg02192228
44888	cg02194243
44896	cg02194789
44918	cg02196592
44965	cg02198701
45010	cg02202246
45054	cg02204442
45087	cg02206767
45142	cg02210151
45151	cg02210934
45190	cg02213103
45204	cg02213684
45257	cg02216731
45289	cg02218506
45318	cg02220125
45323	cg02220365
45324	cg02220418
45355	cg02222066
45498	cg02229135
45541	cg02231404
45547	cg02231813
45569	cg02232839
45611	cg02235041
45614	cg02235249
45621	cg02235659
45639	cg02236679
45647	cg02236949
45661	cg02237629
45680	cg02238549
45751	cg02242572
45752	cg02242681
45790	cg02244431
45799	cg02245004
45832	cg02246426
45840	cg02246725
45842	cg02246800
45853	cg02247178
45892	cg02249292
45941	cg02251315
45984	cg02254407
46030	cg02256049
46035	cg02256384
46093	cg02259047
46109	cg02259934
46117	cg02260430
46129	cg02261047
46191	cg02264229
46249	cg02267483
46259	cg02268156
46290	cg02269388
46312	cg02270689
46317	cg02271139
46323	cg02271560
46360	cg02272993
46361	cg02273041
46369	cg02273436
46379	cg02273827
46381	cg02273889
46391	cg02274336
46393	cg02274366
46400	cg02274869
46416	cg02275396
46417	cg02275418
46474	cg02277965
46506	cg02279108
46538	cg02280532
46575	cg02282631
46610	cg02284273
46638	cg02285920
46642	cg02286091
46688	cg02287693
46695	cg02288088
46769	cg02291365
46777	cg02291556
46804	cg02293118
46864	cg02295872
46872	cg02296478
46884	cg02297063
46902	cg02298116
46909	cg02298472
46929	cg02299497
46953	cg02300652
46961	cg02301019
46989	cg02301978
47005	cg02303016
47035	cg02304092
47040	cg02304222
47041	cg02304226
47084	cg02305765
47153	cg02309230
47194	cg02311193
47217	cg02312175
47228	cg02312706
47233	cg02313013
47266	cg02314782
47275	cg02315271
47309	cg02317299
47326	cg02318139
47340	cg02318784
47372	cg02319990
47383	cg02320543
47476	cg02326058
47478	cg02326224
47484	cg02326500
47493	cg02326949
47543	cg02329205
47556	cg02329886
47576	cg02330500
47609	cg02331830
47612	cg02331910
47628	cg02332696
47649	cg02333706
47693	cg02335656
47696	cg02335804
47739	cg02337614
47754	cg02338271
47786	cg02339793
47795	cg02340083
47895	cg02344527
47907	cg02344868
47923	cg02345321
47924	cg02345399
47925	cg02345417
47933	cg02345961
47940	cg02346141
47946	cg02346492
47990	cg02348751
48034	cg02351277
48048	cg02351804
48054	cg02352240
48114	cg02355558
48127	cg02356551
48175	cg02358755
48193	cg02359511
48209	cg02360367
48246	cg02362103
48272	cg02363526
48277	cg02363677
48286	cg02364236
48352	cg02366931
48365	cg02367696
48371	cg02367850
48380	cg02368058
48429	cg02370232
48439	cg02370667
48443	cg02370770
48449	cg02370877
48566	cg02377021
48580	cg02378006
48620	cg02380334
48622	cg02380531
48654	cg02381898
48684	cg02383626
48689	cg02383785
48708	cg02384859
48714	cg02385153
48774	cg02387639
48780	cg02387803
48781	cg02387843
48786	cg02388150
48791	cg02388378
48805	cg02388865
48831	cg02389851
48846	cg02390319
48874	cg02391713
48890	cg02392634
48937	cg02394249
48981	cg02395846
48983	cg02395917
48993	cg02396224
49027	cg02397720
49056	cg02399249
49140	cg02402630
49142	cg02402706
49144	cg02402843
49209	cg02407048
49214	cg02407342
49236	cg02408775
49260	cg02410887
49292	cg02413040
49345	cg02415992
49358	cg02417033
49412	cg02421172
49455	cg02423618
49504	cg02426623
49532	cg02428792
49581	cg02431972
49603	cg02433266
49672	cg02437766
49678	cg02438481
49690	cg02439266
49703	cg02440562
49723	cg02441647
49728	cg02441833
49753	cg02443306
49758	cg02443626
49767	cg02444156
49826	cg02447304
49860	cg02449166
49881	cg02450064
49929	cg02452944
49930	cg02452966
49987	cg02455706
50022	cg02457623
50070	cg02459415
50094	cg02460251
50107	cg02461114
50205	cg02466246
50210	cg02466572
50211	cg02466588
50218	cg02466830
50245	cg02467956
50251	cg02468250
50276	cg02469838
50277	cg02469871
50278	cg02469909
50349	cg02472998
50385	cg02474542
50446	cg02477603
50476	cg02478907
50494	cg02479842
50502	cg02480199
50539	cg02481714
50559	cg02482460
50582	cg02483449
50589	cg02483593
50594	cg02483735
50601	cg02484127
50628	cg02485092
50631	cg02485328
50642	cg02485642
50674	cg02486855
50680	cg02487130
50697	cg02487987
50702	cg02488299
50714	cg02488942
50747	cg02490460
50796	cg02492708
50825	cg02493798
50894	cg02497558
50952	cg02500231
50964	cg02500883
50985	cg02501746
50996	cg02502233
51002	cg02502704
51023	cg02503981
51068	cg02505827
51072	cg02506008
51076	cg02506248
51115	cg02508204
51165	cg02511456
51180	cg02512286
51237	cg02515217
51241	cg02515422
51254	cg02516134
51292	cg02517632
51301	cg02518245
51304	cg02518546
51333	cg02520020
51336	cg02520212
51390	cg02523270
51397	cg02523640
51407	cg02524099
51488	cg02527886
51527	cg02530022
51551	cg02531277
51576	cg02532293
51580	cg02532538
51586	cg02532824
51603	cg02533289
51623	cg02534659
51630	cg02535060
51716	cg02539083
51756	cg02540781
51811	cg02544031
51812	cg02544037
51825	cg02544614
51873	cg02547426
51878	cg02548132
51941	cg02551095
51952	cg02551743
51964	cg02552250
51983	cg02553516
52013	cg02555243
52020	cg02555772
52028	cg02556071
52047	cg02556940
52060	cg02557652
52067	cg02558026
52100	cg02560081
52178	cg02564259
52214	cg02566259
52217	cg02566391
52247	cg02567879
52339	cg02571816
52372	cg02573468
52377	cg02573566
52444	cg02576468
52455	cg02577046
52460	cg02577122
52468	cg02577433
52474	cg02577773
52479	cg02577896
52482	cg02577963
52486	cg02578070
52487	cg02578087
52529	cg02580005
52551	cg02580923
52578	cg02582213
52592	cg02582848
52597	cg02582957
52623	cg02583618
52627	cg02583740
52701	cg02587120
52715	cg02587648
52754	cg02590060
52755	cg02590088
52762	cg02590401
52782	cg02592062
52795	cg02592525
52796	cg02592586
52843	cg02595219
52858	cg02595823
52865	cg02596153
52918	cg02598872
52932	cg02599464
52936	cg02599587
52947	cg02600349
52948	cg02600394
53000	cg02602550
53039	cg02604730
53059	cg02605601
53069	cg02606058
53088	cg02607059
53104	cg02607810
53106	cg02607972
53182	cg02611848
53194	cg02612270
53207	cg02613034
53233	cg02614016
53292	cg02616947
53402	cg02622133
53425	cg02623200
53428	cg02623400
53455	cg02624701
53458	cg02624770
53491	cg02626129
53517	cg02627405
53518	cg02627455
53521	cg02627657
53590	cg02630214
53595	cg02630477
53613	cg02631126
53671	cg02633371
53684	cg02633817
53686	cg02633924
53692	cg02634222
53714	cg02634861
53736	cg02635726
53742	cg02635875
53743	cg02635932
53753	cg02636348
53782	cg02637318
53793	cg02637537
53821	cg02639108
53831	cg02639540
53837	cg02639634
53849	cg02640104
53859	cg02640497
53876	cg02641517
53890	cg02642123
53899	cg02642549
54083	cg02652072
54125	cg02654940
54150	cg02656594
54157	cg02656871
54159	cg02656891
54176	cg02657611
54206	cg02658690
54254	cg02661079
54318	cg02665102
54377	cg02667677
54382	cg02668055
54404	cg02669055
54418	cg02670123
54447	cg02671880
54458	cg02672332
54489	cg02673850
54546	cg02676262
54554	cg02676602
54561	cg02677198
54587	cg02679012
54645	cg02683197
54646	cg02683307
54659	cg02683759
54666	cg02684104
54683	cg02685896
54693	cg02686793
54698	cg02687288
54701	cg02687418
54792	cg02692785
54793	cg02692808
54801	cg02693033
54807	cg02693127
54835	cg02694427
54864	cg02695609
54915	cg02697649
54927	cg02698580
54946	cg02699218
54976	cg02700360
54992	cg02700891
54997	cg02701080
55043	cg02703870
55046	cg02704103
55117	cg02707357
55126	cg02707840
55191	cg02710534
55214	cg02711479
55232	cg02712036
55257	cg02712949
55284	cg02714303
55341	cg02716776
55381	cg02718825
55450	cg02722672
55461	cg02723395
55474	cg02723904
55505	cg02725269
55545	cg02726819
55548	cg02726898
55550	cg02726930
55564	cg02727484
55608	cg02729822
55622	cg02730865
55656	cg02732915
55665	cg02733444
55676	cg02733994
55683	cg02734358
55720	cg02735829
55727	cg02736228
55751	cg02737268
55851	cg02741882
55898	cg02744046
55934	cg02745847
55942	cg02746340
55976	cg02747412
55987	cg02748089
56006	cg02749735
56022	cg02750262
56071	cg02753187
56186	cg02758612
56262	cg02762546
56279	cg02763409
56302	cg02764346
56369	cg02767613
56372	cg02767665
56412	cg02769477
56441	cg02770672
56446	cg02770751
56451	cg02770857
56460	cg02771142
56466	cg02771336
56498	cg02772619
56524	cg02773433
56557	cg02774542
56559	cg02774705
56608	cg02776659
56609	cg02776664
56624	cg02778237
56670	cg02780919
56687	cg02782426
56721	cg02784464
56726	cg02784823
56757	cg02786966
56763	cg02787387
56774	cg02787917
56776	cg02787980
56796	cg02788637
56848	cg02792168
56871	cg02793162
56881	cg02793828
56891	cg02794451
56962	cg02798181
56968	cg02798576
56979	cg02799411
56988	cg02799880
57061	cg02803819
57097	cg02805665
57113	cg02806322
57128	cg02807008
57172	cg02809746
57209	cg02812142
57236	cg02813916
57279	cg02816429
57300	cg02817932
57340	cg02820413
57356	cg02821342
57375	cg02822788
57391	cg02823783
57413	cg02824888
57460	cg02827278
57499	cg02829688
57502	cg02829712
57503	cg02829743
57509	cg02830202
57536	cg02831419
57580	cg02833614
57620	cg02835823
57648	cg02836864
57667	cg02837600
57719	cg02840025
57723	cg02840179
57745	cg02841651
57792	cg02844545
57829	cg02846841
57855	cg02848074
57870	cg02848750
57874	cg02848961
57878	cg02849309
57880	cg02849507
57895	cg02849956
57950	cg02852327
57960	cg02852670
57964	cg02852791
57975	cg02853152
58008	cg02854229
58010	cg02854313
58045	cg02855850
58047	cg02855924
58049	cg02855983
58055	cg02856132
58057	cg02856338
58069	cg02856768
58086	cg02857760
58092	cg02858118
58105	cg02858512
58143	cg02860281
58163	cg02861178
58204	cg02863073
58215	cg02863489
58228	cg02864619
58275	cg02867145
58310	cg02869163
58328	cg02870147
58336	cg02870741
58343	cg02870946
58359	cg02871827
58375	cg02872545
58389	cg02873315
58408	cg02873991
58419	cg02874569
58425	cg02874942
58492	cg02878439
58501	cg02878891
58555	cg02881274
58576	cg02882375
58596	cg02883147
58647	cg02886033
58656	cg02886375
58664	cg02886578
58767	cg02891314
58814	cg02893180
58817	cg02893231
58845	cg02894374
58874	cg02896073
58898	cg02896970
58903	cg02897230
58906	cg02897366
58919	cg02897989
58930	cg02898293
58941	cg02898915
58953	cg02899346
58969	cg02900213
58979	cg02900757
58980	cg02900760
58997	cg02901431
59030	cg02902865
59075	cg02904800
59077	cg02904918
59085	cg02905198
59167	cg02909298
59173	cg02909446
59190	cg02910054
59218	cg02911509
59226	cg02912007
59292	cg02915225
59316	cg02916102
59346	cg02917321
59393	cg02919615
59470	cg02922817
59487	cg02923485
59525	cg02925229
59535	cg02925601
59566	cg02926868
59583	cg02927679
59603	cg02928476
59606	cg02928699
59657	cg02930888
59661	cg02930996
59742	cg02934719
59829	cg02938651
59850	cg02939659
59866	cg02940362
59904	cg02942766
59961	cg02945385
59972	cg02946294
60007	cg02948476
60102	cg02952816
60283	cg02959939
60291	cg02960418
60314	cg02961385
60319	cg02961707
60338	cg02962903
60339	cg02962944
60340	cg02962952
60379	cg02964287
60473	cg02969141
60485	cg02969500
60580	cg02974085
60605	cg02975107
60624	cg02976309
60640	cg02976723
60781	cg02983451
60797	cg02984314
60831	cg02986494
60865	cg02987928
60885	cg02988775
60890	cg02988947
61040	cg02995791
61054	cg02996413
61055	cg02996471
61061	cg02996801
61074	cg02997560
61106	cg02998620
61119	cg02999385
61149	cg03001143
61154	cg03001333
61168	cg03001942
61182	cg03002688
61236	cg03004860
61247	cg03005261
61292	cg03008515
61307	cg03009158
61308	cg03009240
61317	cg03010009
61335	cg03010887
61342	cg03011535
61361	cg03012544
61366	cg03012726
61394	cg03014241
61407	cg03014934
61408	cg03014957
61410	cg03014997
61418	cg03015498
61451	cg03017520
61459	cg03018058
61462	cg03018256
61499	cg03020554
61518	cg03021329
61539	cg03022680
61550	cg03023089
61551	cg03023152
61592	cg03025082
61683	cg03030267
61718	cg03031932
61731	cg03032264
61734	cg03032497
61749	cg03033111
61787	cg03035213
61799	cg03035849
61820	cg03036592
61884	cg03039843
61960	cg03043296
61971	cg03043804
62051	cg03046886
62063	cg03047400
62080	cg03048083
62088	cg03048372
62089	cg03048432
62091	cg03048488
62093	cg03048654
62109	cg03049691
62112	cg03049782
62117	cg03050022
62139	cg03051384
62161	cg03052128
62234	cg03055065
62345	cg03060590
62352	cg03061122
62356	cg03061518
62387	cg03062944
62401	cg03063658
62423	cg03064626
62462	cg03066050
62548	cg03070741
62597	cg03073218
62612	cg03074188
62634	cg03075156
62697	cg03078520
62698	cg03078551
62716	cg03079497
62732	cg03080147
62752	cg03081478
62756	cg03081691
62782	cg03083517
62807	cg03084949
62811	cg03085170
62820	cg03085712
62874	cg03089475
62896	cg03090940
62919	cg03092482
62948	cg03094193
62956	cg03094555
63005	cg03096975
63008	cg03097134
63012	cg03097389
63123	cg03104083
63126	cg03104309
63172	cg03107235
63173	cg03107310
63187	cg03108070
63189	cg03108139
63295	cg03113867
63297	cg03113878
63320	cg03115048
63329	cg03115558
63414	cg03119897
63426	cg03120555
63474	cg03123541
63483	cg03124139
63490	cg03124510
63492	cg03124636
63506	cg03125427
63518	cg03126058
63526	cg03126579
63533	cg03126821
63536	cg03127034
63560	cg03128011
63601	cg03129884
63623	cg03130910
63683	cg03133868
63693	cg03134230
63732	cg03137071
63764	cg03139053
63785	cg03140135
63790	cg03140421
63810	cg03141298
63817	cg03141780
63851	cg03143164
63884	cg03144922
63959	cg03147691
63973	cg03148231
63993	cg03149128
64015	cg03149958
64038	cg03151258
64069	cg03152880
64101	cg03155271
64117	cg03156170
64123	cg03156477
64130	cg03157027
64141	cg03157509
64236	cg03162164
64254	cg03163184
64317	cg03166566
64318	cg03166753
64351	cg03168029
64391	cg03170013
64411	cg03171003
64418	cg03171465
64419	cg03171478
64425	cg03171770
64456	cg03173528
64497	cg03175771
64499	cg03175975
64517	cg03176971
64529	cg03177551
64555	cg03178838
64560	cg03179291
64564	cg03179435
64583	cg03180486
64606	cg03181524
64685	cg03185704
64698	cg03186333
64748	cg03188948
64766	cg03189821
64773	cg03190219
64820	cg03192897
64863	cg03196097
64871	cg03196364
64900	cg03198010
64936	cg03199745
64947	cg03200166
64956	cg03200786
65057	cg03207151
65088	cg03208426
65112	cg03209412
65119	cg03209642
65179	cg03212674
65189	cg03213374
65234	cg03215152
65249	cg03215895
65270	cg03216846
65295	cg03217729
65317	cg03218460
65332	cg03219658
65343	cg03219968
65349	cg03220363
65352	cg03220455
65369	cg03221366
65382	cg03221837
65383	cg03221914
65401	cg03222834
65457	cg03225476
65463	cg03225617
65489	cg03226958
65511	cg03228132
65549	cg03229627
65563	cg03230711
65586	cg03232342
65590	cg03232620
65627	cg03234813
65664	cg03237218
65727	cg03240301
65765	cg03242471
65768	cg03242698
65805	cg03244411
65919	cg03251454
65943	cg03252829
65970	cg03254465
65981	cg03255182
66027	cg03257608
66031	cg03257743
66065	cg03259564
66072	cg03260021
66079	cg03260530
66110	cg03261929
66145	cg03263514
66164	cg03264526
66186	cg03265671
66192	cg03265991
66228	cg03267697
66239	cg03268697
66249	cg03269218
66269	cg03270619
66270	cg03270710
66370	cg03276408
66383	cg03277049
66413	cg03278726
66423	cg03279206
66444	cg03280622
66450	cg03281139
66464	cg03281981
66490	cg03283080
66492	cg03283235
66493	cg03283282
66521	cg03284866
66531	cg03285577
66559	cg03287111
66580	cg03287936
66625	cg03290530
66663	cg03292377
66675	cg03293308
66687	cg03293883
66700	cg03294458
66712	cg03295083
66725	cg03295928
66729	cg03296204
66730	cg03296248
66738	cg03296797
66843	cg03301582
66876	cg03303585
66877	cg03303633
66912	cg03305587
66920	cg03306024
66927	cg03306486
66936	cg03307103
67007	cg03310087
67010	cg03310242
67022	cg03310838
67026	cg03310937
67068	cg03312958
67097	cg03314029
67116	cg03315007
67149	cg03316101
67185	cg03317820
67196	cg03318573
67207	cg03318990
67282	cg03322979
67290	cg03323462
67348	cg03326215
67368	cg03327263
67370	cg03327325
67371	cg03327327
67433	cg03330058
67443	cg03330485
67444	cg03330490
67448	cg03330558
67450	cg03330678
67490	cg03332546
67524	cg03334072
67543	cg03335246
67570	cg03337057
67653	cg03340606
67670	cg03341413
67704	cg03343063
67712	cg03343571
67755	cg03345116
67762	cg03345454
67780	cg03346415
67811	cg03347632
67826	cg03348161
67843	cg03349020
67873	cg03350299
67883	cg03350900
67903	cg03352106
67934	cg03353445
67962	cg03354616
67973	cg03354992
67988	cg03355690
67992	cg03355998
67998	cg03356172
68014	cg03357006
68041	cg03358588
68066	cg03359964
68084	cg03361102
68085	cg03361164
68088	cg03361379
68131	cg03363478
68133	cg03363565
68143	cg03364108
68150	cg03364486
68154	cg03364683
68177	cg03365751
68218	cg03368634
68247	cg03369965
68255	cg03370270
68265	cg03370951
68380	cg03377610
68416	cg03380518
68419	cg03380744
68440	cg03381704
68461	cg03383006
68492	cg03384552
68509	cg03385495
68544	cg03387092
68552	cg03387289
68579	cg03388786
68580	cg03388789
68628	cg03391464
68674	cg03393769
68690	cg03394422
68712	cg03396151
68732	cg03397307
68735	cg03397442
68778	cg03400060
68799	cg03400623
68806	cg03400849
68902	cg03404566
68912	cg03405128
68915	cg03405260
68927	cg03405909
68943	cg03407184
68955	cg03407747
68975	cg03408904
69028	cg03411938
69039	cg03412497
69051	cg03413253
69084	cg03415617
69097	cg03416521
69141	cg03419014
69151	cg03419646
69173	cg03420998
69177	cg03421195
69251	cg03424844
69259	cg03425412
69270	cg03426023
69292	cg03427298
69295	cg03427330
69343	cg03430116
69371	cg03431741
69380	cg03432176
69431	cg03434384
69587	cg03441452
69659	cg03444722
69668	cg03445151
69689	cg03446062
69696	cg03446244
69710	cg03446876
69725	cg03447554
69732	cg03447880
69757	cg03448915
69784	cg03450180
69788	cg03450635
69799	cg03451204
69811	cg03452174
69838	cg03454017
69842	cg03454225
69844	cg03454250
69858	cg03454775
69894	cg03456560
69928	cg03458172
69979	cg03461110
70034	cg03463799
70058	cg03464655
70067	cg03465049
70111	cg03466587
70145	cg03467825
70295	cg03475665
70320	cg03476864
70393	cg03480337
70434	cg03482973
70444	cg03483626
70456	cg03484438
70487	cg03486379
70491	cg03486485
70499	cg03486986
70501	cg03487027
70525	cg03488456
70569	cg03491109
70584	cg03492136
70585	cg03492327
70611	cg03493774
70631	cg03495053
70633	cg03495084
70673	cg03497652
70681	cg03498081
70714	cg03499808
70757	cg03502791
70761	cg03502982
70770	cg03503516
70786	cg03504039
70797	cg03505117
70832	cg03506656
70846	cg03507241
70849	cg03507326
70908	cg03510186
70922	cg03510732
70949	cg03512172
70953	cg03512256
71020	cg03515494
71023	cg03515656
71024	cg03515663
71041	cg03516335
71060	cg03517160
71073	cg03517837
71092	cg03518729
71104	cg03519481
71128	cg03520624
71130	cg03520683
71134	cg03520938
71153	cg03521696
71157	cg03521774
71247	cg03525385
71278	cg03526902
71292	cg03527802
71341	cg03530074
71368	cg03531247
71435	cg03533858
71438	cg03534031
71446	cg03534360
71450	cg03534481
71488	cg03536289
71523	cg03537591
71587	cg03540175
71598	cg03540794
71746	cg03548062
71779	cg03549503
71822	cg03551401
71840	cg03552293
71860	cg03553278
71882	cg03553786
71927	cg03555276
71934	cg03555502
71946	cg03556243
71978	cg03558408
71982	cg03558688
72068	cg03562911
72116	cg03565081
72172	cg03567939
72173	cg03568017
72231	cg03571277
72252	cg03572680
72322	cg03575641
72335	cg03576411
72340	cg03576469
72356	cg03577157
72361	cg03577486
72382	cg03578473
72414	cg03579904
72424	cg03580292
72450	cg03581797
72454	cg03582285
72457	cg03582371
72471	cg03583111
72490	cg03584351
72513	cg03585263
72569	cg03587907
72570	cg03587925
72594	cg03589296
72623	cg03591467
72669	cg03593550
72697	cg03595018
72730	cg03596034
72751	cg03597159
72764	cg03597976
72770	cg03598159
72784	cg03598731
72812	cg03599978
72835	cg03601372
72843	cg03601797
72847	cg03601920
72862	cg03602500
72881	cg03603211
72906	cg03604073
72912	cg03604322
72914	cg03604367
72949	cg03605542
72951	cg03605610
73029	cg03609088
73058	cg03610228
73074	cg03610852
73089	cg03611487
73119	cg03612522
73151	cg03614193
73153	cg03614381
73181	cg03616148
73266	cg03622314
73298	cg03624195
73340	cg03626186
73387	cg03628274
73418	cg03630088
73424	cg03630413
73436	cg03630821
73534	cg03636532
73576	cg03638905
73593	cg03639671
73749	cg03647861
73789	cg03649589
73796	cg03650119
73801	cg03650282
73810	cg03650674
73817	cg03651054
73835	cg03651886
73846	cg03652525
73864	cg03653518
73869	cg03653726
73921	cg03655683
73933	cg03656099
73936	cg03656290
74032	cg03661324
74043	cg03661817
74054	cg03662398
74074	cg03663556
74124	cg03666203
74149	cg03667317
74199	cg03669590
74201	cg03669698
74202	cg03669782
74217	cg03670369
74219	cg03670393
74222	cg03670452
74230	cg03671052
74255	cg03672274
74287	cg03673965
74299	cg03674563
74305	cg03675047
74344	cg03678062
74348	cg03678146
74365	cg03679394
74366	cg03679398
74367	cg03679456
74376	cg03679755
74377	cg03680032
74423	cg03682719
74450	cg03684807
74465	cg03685774
74489	cg03687070
74498	cg03687532
74518	cg03688699
74537	cg03689324
74672	cg03696974
74692	cg03698144
74710	cg03699074
74719	cg03699566
74722	cg03699623
74735	cg03700135
74737	cg03700171
74742	cg03700287
74778	cg03702236
74803	cg03703733
74829	cg03704673
74849	cg03705558
74853	cg03705784
74881	cg03707183
74883	cg03707308
74919	cg03709307
74923	cg03709475
74951	cg03711129
74955	cg03711485
75014	cg03714110
75021	cg03714619
75062	cg03716852
75063	cg03716908
75067	cg03716984
75068	cg03716999
75095	cg03718012
75185	cg03721454
75216	cg03722909
75224	cg03723270
75242	cg03724006
75250	cg03724368
75258	cg03724752
75297	cg03726785
75307	cg03727202
75398	cg03731303
75443	cg03733219
75535	cg03737787
75540	cg03738025
75554	cg03738669
75555	cg03738707
75584	cg03740167
75597	cg03740978
75604	cg03741458
75612	cg03741824
75624	cg03742273
75663	cg03744332
75683	cg03745372
75689	cg03745493
75738	cg03748376
75744	cg03748603
75745	cg03748857
75842	cg03753942
75844	cg03754044
75860	cg03754403
75869	cg03755052
75929	cg03758467
75933	cg03758633
75966	cg03760457
75967	cg03760483
75980	cg03761113
76046	cg03763796
76165	cg03769939
76184	cg03770907
76207	cg03771840
76211	cg03771939
76235	cg03773198
76256	cg03774463
76268	cg03774803
76312	cg03776878
76328	cg03778029
76378	cg03780561
76381	cg03780701
76383	cg03780851
76397	cg03781727
76398	cg03781731
76403	cg03782157
76424	cg03783110
76431	cg03783663
76503	cg03787864
76579	cg03791955
76582	cg03792162
76632	cg03795378
76645	cg03796321
76652	cg03796729
76692	cg03799283
76695	cg03799405
76721	cg03800922
76785	cg03803818
76788	cg03804083
76795	cg03804240
76823	cg03805618
76833	cg03806095
76850	cg03807316
76873	cg03808351
76956	cg03814093
76992	cg03816707
77009	cg03817911
77031	cg03819134
77077	cg03822198
77126	cg03825234
77150	cg03826463
77163	cg03827118
77166	cg03827327
77181	cg03828193
77211	cg03830061
77218	cg03830329
77257	cg03832522
77298	cg03834286
77300	cg03834411
77375	cg03839199
77427	cg03841627
77504	cg03846641
77508	cg03846881
77607	cg03851159
77618	cg03851835
77637	cg03852656
77647	cg03853208
77686	cg03854796
77707	cg03856044
77748	cg03858673
77775	cg03859929
77792	cg03860768
77819	cg03861703
77837	cg03862787
77838	cg03862854
77892	cg03866600
77905	cg03867465
78001	cg03872783
78021	cg03874137
78027	cg03874471
78037	cg03874868
78071	cg03876697
78086	cg03877420
78092	cg03877829
78129	cg03880173
78177	cg03882612
78186	cg03883256
78189	cg03883331
78195	cg03883572
78208	cg03884543
78236	cg03885646
78300	cg03889013
78323	cg03890368
78326	cg03890628
78330	cg03890691
78394	cg03893446
78435	cg03895392
78436	cg03895404
78506	cg03899054
78514	cg03899412
78519	cg03899643
78609	cg03904042
78648	cg03905867
78651	cg03906014
78660	cg03906434
78698	cg03908927
78718	cg03909863
78734	cg03910652
78832	cg03917138
78834	cg03917297
78843	cg03917666
78851	cg03918198
78863	cg03918530
78866	cg03918756
78892	cg03920522
78923	cg03922381
78946	cg03923640
78960	cg03924566
78977	cg03925642
79041	cg03929570
79056	cg03930209
79087	cg03931865
79106	cg03932904
79110	cg03933131
79135	cg03934354
79137	cg03934392
79155	cg03935116
79193	cg03936663
79302	cg03943115
79330	cg03944444
79361	cg03946297
79367	cg03946671
79386	cg03947651
79459	cg03951603
79481	cg03953088
79492	cg03953626
79493	cg03953660
79495	cg03953704
79508	cg03954144
79547	cg03955683
79579	cg03957481
79619	cg03959306
79666	cg03961510
79688	cg03962421
79701	cg03962809
79775	cg03966685
79777	cg03966751
79813	cg03969260
79875	cg03972071
79888	cg03972665
79890	cg03972751
79902	cg03973705
79918	cg03974889
79934	cg03975755
79936	cg03975815
79964	cg03977089
80010	cg03979241
80032	cg03980370
80034	cg03980424
80038	cg03980745
80051	cg03981685
80055	cg03981954
80072	cg03982831
80084	cg03983398
80215	cg03989125
80223	cg03989480
80224	cg03989507
80234	cg03989758
80258	cg03991106
80274	cg03991547
80307	cg03993109
80335	cg03994820
80347	cg03995300
80365	cg03995968
80373	cg03996398
80379	cg03996822
80380	cg03996861
80414	cg03998338
80426	cg03998719
80447	cg03999941
80464	cg04001333
80493	cg04002454
80513	cg04003582
80561	cg04005969
80564	cg04006061
80581	cg04006718
80591	cg04007303
80601	cg04007987
80626	cg04009492
80675	cg04011474
80691	cg04012053
80701	cg04012535
80709	cg04012797
80718	cg04012931
80787	cg04016621
80788	cg04016660
80801	cg04017131
80804	cg04017276
80818	cg04018164
80825	cg04018474
80840	cg04019164
80855	cg04020590
80869	cg04021363
80870	cg04021372
80886	cg04021697
80907	cg04022561
80956	cg04025150
80987	cg04026887
80993	cg04027043
81002	cg04027548
81038	cg04029159
81061	cg04030615
81101	cg04033390
81121	cg04034967
81145	cg04036049
81152	cg04036329
81163	cg04037038
81167	cg04037236
81176	cg04037970
81203	cg04039799
81226	cg04041960
81266	cg04044188
81291	cg04045327
81301	cg04046669
81325	cg04048250
81334	cg04048740
81373	cg04050941
81382	cg04051565
81392	cg04052235
81394	cg04052466
81400	cg04052934
81412	cg04053571
81464	cg04056576
81494	cg04057956
81529	cg04059568
81543	cg04060128
81550	cg04060356
81647	cg04065086
81663	cg04065767
81667	cg04065885
81671	cg04066021
81681	cg04066453
81697	cg04067517
81814	cg04073934
81817	cg04074004
81825	cg04074321
81872	cg04076766
81913	cg04078644
81916	cg04078732
81922	cg04079139
81929	cg04079301
81934	cg04079760
81954	cg04080530
81983	cg04082769
82010	cg04084173
82029	cg04085339
82038	cg04085768
82052	cg04086239
82061	cg04086531
82076	cg04087740
82093	cg04088817
82104	cg04089426
82146	cg04091702
82171	cg04092800
82187	cg04093633
82200	cg04094178
82211	cg04094641
82283	cg04098052
82287	cg04098263
82293	cg04098547
82298	cg04098866
82370	cg04101755
82383	cg04102325
82387	cg04102510
82398	cg04102894
82442	cg04104966
82448	cg04105250
82450	cg04105342
82456	cg04105511
82476	cg04106390
82538	cg04109382
82546	cg04109822
82588	cg04111789
82589	cg04111992
82622	cg04113075
82645	cg04114276
82667	cg04115544
82672	cg04115680
82713	cg04117530
82752	cg04118910
82756	cg04119462
82797	cg04121415
82804	cg04121771
82827	cg04122815
82829	cg04122873
82835	cg04123310
82849	cg04123776
82861	cg04124457
82865	cg04124626
82928	cg04127998
82957	cg04129469
82976	cg04130549
82977	cg04130557
83004	cg04131792
83006	cg04131890
83010	cg04131969
83019	cg04132236
83024	cg04132407
83026	cg04132452
83058	cg04134048
83086	cg04135106
83113	cg04136369
83150	cg04138112
83159	cg04138376
83161	cg04138492
83171	cg04139007
83205	cg04140663
83241	cg04141796
83262	cg04142864
83282	cg04143876
83313	cg04145264
83317	cg04145522
83338	cg04146573
83339	cg04146745
83352	cg04147593
83409	cg04150136
83470	cg04153551
83476	cg04153740
83484	cg04154027
83497	cg04154653
83531	cg04156293
83542	cg04156729
83566	cg04157658
83580	cg04158367
83594	cg04159215
83670	cg04164048
83671	cg04164058
83713	cg04166042
83719	cg04166294
83734	cg04166812
83832	cg04171808
83840	cg04172166
83864	cg04173396
83872	cg04173586
83902	cg04175027
83922	cg04176169
83936	cg04176995
83967	cg04178634
83968	cg04178787
84040	cg04181892
84063	cg04184019
84075	cg04184297
84090	cg04185123
84143	cg04188920
84193	cg04191989
84211	cg04192879
84217	cg04193143
84227	cg04193820
84230	cg04193905
84234	cg04193970
84244	cg04194341
84249	cg04194494
84253	cg04194674
84297	cg04197086
84344	cg04199354
84372	cg04200627
84400	cg04202620
84405	cg04202892
84410	cg04203238
84421	cg04203702
84434	cg04204221
84477	cg04206484
84481	cg04206637
84493	cg04207084
84496	cg04207218
84527	cg04208750
84631	cg04213746
84637	cg04213900
84677	cg04215800
84686	cg04216070
84703	cg04216858
84721	cg04217706
84748	cg04218880
84749	cg04218899
84790	cg04220636
84805	cg04221521
84866	cg04224064
84872	cg04224786
84883	cg04225368
84949	cg04227892
84950	cg04227922
84952	cg04227961
84969	cg04228742
84974	cg04228935
85008	cg04230891
85058	cg04233421
85092	cg04234923
85121	cg04236639
85140	cg04237608
85188	cg04239994
85237	cg04242499
85257	cg04243822
85258	cg04243827
85273	cg04244849
85280	cg04244985
85282	cg04245026
85314	cg04246138
85326	cg04246763
85353	cg04248271
85377	cg04249541
85378	cg04249559
85451	cg04253465
85483	cg04255230
85512	cg04256834
85513	cg04256864
85529	cg04257388
85540	cg04257913
85548	cg04258133
85552	cg04258219
85574	cg04259358
85653	cg04263436
85699	cg04265672
85704	cg04265961
85734	cg04267345
85751	cg04268254
85759	cg04268624
85764	cg04269043
85788	cg04270085
85794	cg04270401
85831	cg04272355
85868	cg04274356
85895	cg04275695
85914	cg04276301
85921	cg04276508
85945	cg04277327
85951	cg04277677
85975	cg04279411
86026	cg04282298
86082	cg04285033
86100	cg04285666
86156	cg04288999
86158	cg04289036
86186	cg04290346
86204	cg04290835
86241	cg04293085
86252	cg04293460
86276	cg04294437
86289	cg04295144
86307	cg04296203
86315	cg04296699
86364	cg04299200
86369	cg04299439
86381	cg04300684
86398	cg04301754
86424	cg04303382
86545	cg04308185
86566	cg04309214
86648	cg04313756
86664	cg04314308
86665	cg04314361
86703	cg04316624
86707	cg04316905
86735	cg04317962
86773	cg04319873
86792	cg04320635
86823	cg04322202
86833	cg04322572
86834	cg04322596
86870	cg04324821
86914	cg04328477
86925	cg04329125
86931	cg04329382
86935	cg04329454
86960	cg04330597
87007	cg04333575
87090	cg04337594
87099	cg04337828
87126	cg04338863
87159	cg04340567
87198	cg04342594
87211	cg04343101
87222	cg04343690
87274	cg04346283
87343	cg04349021
87344	cg04349084
87418	cg04352272
87420	cg04352304
87425	cg04352505
87440	cg04353164
87461	cg04354077
87509	cg04357789
87519	cg04358463
87534	cg04359418
87541	cg04359828
87560	cg04360793
87589	cg04362586
87692	cg04367503
87737	cg04369957
87746	cg04370314
87772	cg04371726
87786	cg04372674
87799	cg04373435
87821	cg04374711
87851	cg04376709
87857	cg04376887
87870	cg04377609
87895	cg04379348
87905	cg04380107
87946	cg04381957
87953	cg04382396
87956	cg04382470
87959	cg04382643
87982	cg04383979
87985	cg04384112
87994	cg04384626
88051	cg04387835
88118	cg04391313
88128	cg04391718
88143	cg04392284
88172	cg04393837
88180	cg04394267
88206	cg04395377
88257	cg04397433
88269	cg04398180
88278	cg04398526
88306	cg04399631
88341	cg04401067
88350	cg04401986
88356	cg04402122
88394	cg04404381
88400	cg04404694
88405	cg04405075
88420	cg04406111
88459	cg04407470
88472	cg04408104
88544	cg04411625
88555	cg04412234
88571	cg04413153
88645	cg04415798
88648	cg04416111
88669	cg04417773
88673	cg04418091
88693	cg04419610
88706	cg04420309
88757	cg04422256
88769	cg04422990
88793	cg04424119
88830	cg04425920
88834	cg04426031
88871	cg04428320
88895	cg04430582
88951	cg04433322
88987	cg04436207
89046	cg04438525
89053	cg04438997
89058	cg04439215
89059	cg04439218
89152	cg04444771
89177	cg04446455
89199	cg04447362
89281	cg04452896
89331	cg04455137
89351	cg04456238
89392	cg04458368
89409	cg04459091
89416	cg04459499
89445	cg04460984
89453	cg04461228
89522	cg04465078
89543	cg04466840
89579	cg04468543
89585	cg04468741
89595	cg04469219
89608	cg04470060
89610	cg04470072
89641	cg04471919
89733	cg04477010
89757	cg04478428
89818	cg04481779
89822	cg04481923
89826	cg04482110
89837	cg04482798
89851	cg04483289
89874	cg04484334
89878	cg04484550
89904	cg04486019
89920	cg04486778
89924	cg04486886
89926	cg04486940
89934	cg04487296
89967	cg04489012
89994	cg04490211
90022	cg04492228
90026	cg04492459
90042	cg04493169
90078	cg04494873
90087	cg04495336
90098	cg04495993
90152	cg04498153
90181	cg04499514
90187	cg04499792
90225	cg04502814
90226	cg04502852
90229	cg04502985
90239	cg04503457
90245	cg04503600
90249	cg04503968
90255	cg04504066
90288	cg04505845
90337	cg04508482
90344	cg04508701
90356	cg04509221
90387	cg04510874
90389	cg04511041
90401	cg04511728
90417	cg04513006
90422	cg04513185
90428	cg04513422
90436	cg04513912
90457	cg04515001
90460	cg04515200
90472	cg04515667
90508	cg04517524
90513	cg04517738
90525	cg04518342
90544	cg04519487
90555	cg04520078
90595	cg04522310
90619	cg04522984
90624	cg04523291
90629	cg04523661
90665	cg04525441
90706	cg04527220
90724	cg04528060
90738	cg04528477
90775	cg04530028
90800	cg04531704
90900	cg04537567
90925	cg04539503
90937	cg04540383
90939	cg04540442
90954	cg04541368
90960	cg04541670
90985	cg04543233
90992	cg04543516
91010	cg04544533
91026	cg04545556
91040	cg04546205
91042	cg04546413
91069	cg04547675
91093	cg04548856
91102	cg04549333
91107	cg04549679
91130	cg04550823
91132	cg04550950
91142	cg04551318
91149	cg04551776
91163	cg04552470
91174	cg04552852
91209	cg04554613
91225	cg04555220
91242	cg04556126
91253	cg04556519
91263	cg04557018
91271	cg04557197
91320	cg04559779
91331	cg04560213
91332	cg04560225
91343	cg04560689
91346	cg04560810
91368	cg04561883
91384	cg04562683
91413	cg04564000
91450	cg04566037
91452	cg04566159
91457	cg04566512
91466	cg04566826
91486	cg04567731
91558	cg04570910
91582	cg04571941
91583	cg04571951
91584	cg04571965
91606	cg04573397
91611	cg04573550
91624	cg04574034
91656	cg04575202
91738	cg04578935
91749	cg04579398
91751	cg04579493
91795	cg04582254
91797	cg04582294
91821	cg04583232
91848	cg04585378
91881	cg04586579
91909	cg04588380
91926	cg04589062
91999	cg04592706
92051	cg04596071
92103	cg04599341
92106	cg04599403
92121	cg04600027
92148	cg04601228
92166	cg04602939
92170	cg04603130
92199	cg04604708
92214	cg04605590
92245	cg04606779
92263	cg04607334
92290	cg04608582
92314	cg04609640
92343	cg04610718
92354	cg04611395
92381	cg04612667
92394	cg04613313
92437	cg04615865
92454	cg04617001
92468	cg04617936
92496	cg04619381
92537	cg04621893
92541	cg04622001
92542	cg04622024
92548	cg04622200
92571	cg04623297
92575	cg04623837
92581	cg04624228
92592	cg04625338
92602	cg04625975
92638	cg04628369
92691	cg04631458
92718	cg04633683
92740	cg04635642
92757	cg04636402
92780	cg04637478
92790	cg04638014
92791	cg04638150
92811	cg04639421
92825	cg04640675
92838	cg04640920
92839	cg04640971
92870	cg04643145
92896	cg04645039
92898	cg04645050
92900	cg04645070
92912	cg04645545
92937	cg04646987
92963	cg04648480
92970	cg04649215
92985	cg04650238
92991	cg04650653
92994	cg04650676
93003	cg04651137
93006	cg04651548
93009	cg04651603
93022	cg04652496
93064	cg04654429
93067	cg04654530
93080	cg04655481
93116	cg04657325
93133	cg04658027
93147	cg04658679
93153	cg04658841
93169	cg04659689
93277	cg04665204
93311	cg04667538
93390	cg04672506
93395	cg04672750
93424	cg04674201
93437	cg04674529
93438	cg04674568
93445	cg04674956
93456	cg04675502
93475	cg04676766
93493	cg04677581
93507	cg04678315
93535	cg04679530
93547	cg04680436
93568	cg04681810
93603	cg04683210
93635	cg04685170
93660	cg04685962
93688	cg04687515
93700	cg04688351
93717	cg04689080
93721	cg04689178
93819	cg04695077
93847	cg04697148
93850	cg04697262
93854	cg04697454
93864	cg04697946
93900	cg04700474
93911	cg04701034
93921	cg04701618
93938	cg04702872
93948	cg04703476
93953	cg04703620
93978	cg04704531
93982	cg04704856
93991	cg04705318
94017	cg04706655
94026	cg04707217
94031	cg04707332
94034	cg04707408
94035	cg04707519
94097	cg04710830
94146	cg04714787
94157	cg04715649
94166	cg04716530
94179	cg04717485
94204	cg04718447
94228	cg04719903
94250	cg04721098
94281	cg04722511
94305	cg04723401
94307	cg04723449
94309	cg04723534
94334	cg04724556
94343	cg04724873
94345	cg04725041
94395	cg04727521
94406	cg04728310
94418	cg04729004
94444	cg04730372
94454	cg04730794
94457	cg04730850
94469	cg04731544
94498	cg04733624
94564	cg04737124
94605	cg04738464
94634	cg04739880
94645	cg04740359
94654	cg04740898
94732	cg04744409
94743	cg04745064
94789	cg04747619
94859	cg04751089
94861	cg04751149
94862	cg04751276
94891	cg04752871
94893	cg04752945
94915	cg04754315
94921	cg04754683
94932	cg04755386
94941	cg04755771
94985	cg04757991
95025	cg04761722
95029	cg04761824
95039	cg04762412
95055	cg04763558
95101	cg04766371
95121	cg04767756
95133	cg04768368
95142	cg04768602
95153	cg04768935
95166	cg04769798
95172	cg04770088
95216	cg04772025
95232	cg04772947
95272	cg04774597
95280	cg04774930
95295	cg04775710
95307	cg04776357
95371	cg04779720
95379	cg04780086
95450	cg04783764
95455	cg04784101
95467	cg04784471
95508	cg04786142
95512	cg04786287
95519	cg04786857
95521	cg04787024
95579	cg04789475
95683	cg04793813
95700	cg04794430
95704	cg04794662
95733	cg04796525
95757	cg04797936
95760	cg04798016
95798	cg04799722
95805	cg04799980
95813	cg04800503
95849	cg04802386
95884	cg04804542
95899	cg04804877
95912	cg04806150
95922	cg04806887
95931	cg04807106
95936	cg04807470
95982	cg04810284
95999	cg04811540
96023	cg04812644
96041	cg04813834
96044	cg04813880
96050	cg04814450
96063	cg04815577
96123	cg04819351
96129	cg04819580
96133	cg04819760
96137	cg04820159
96161	cg04821248
96164	cg04821520
96165	cg04821708
96298	cg04829509
96341	cg04831505
96364	cg04832466
96374	cg04833011
96377	cg04833050
96507	cg04839131
96510	cg04839259
96518	cg04839664
96586	cg04842880
96635	cg04844574
96657	cg04845579
96661	cg04845649
96678	cg04846432
96712	cg04847825
96716	cg04848046
96777	cg04850731
96779	cg04850779
96784	cg04850999
96795	cg04851505
96824	cg04852972
96851	cg04854328
96880	cg04855961
96921	cg04857926
96957	cg04859826
96972	cg04860563
96992	cg04861869
97017	cg04863005
97019	cg04863197
97055	cg04864755
97056	cg04864807
97063	cg04865113
97078	cg04865531
97093	cg04866029
97115	cg04867652
97157	cg04870212
97159	cg04870460
97177	cg04871498
97198	cg04872593
97215	cg04873098
97253	cg04874782
97267	cg04875128
97284	cg04876028
97319	cg04878000
97336	cg04878826
97344	cg04879211
97363	cg04879832
97369	cg04880091
97427	cg04882394
97439	cg04883026
97467	cg04884318
97483	cg04885072
97510	cg04886060
97527	cg04886846
97548	cg04887494
97553	cg04887807
97605	cg04890607
97609	cg04890851
97714	cg04896115
97726	cg04896832
97748	cg04897900
97755	cg04898130
97765	cg04898695
97780	cg04899446
97785	cg04899656
97788	cg04899753
97805	cg04900877
97878	cg04904099
97880	cg04904276
97881	cg04904318
97884	cg04904385
97893	cg04904609
97914	cg04905719
97945	cg04907244
97946	cg04907257
97954	cg04907738
97966	cg04908380
97980	cg04909257
98007	cg04910591
98060	cg04913114
98077	cg04913934
98079	cg04913979
98083	cg04914126
98132	cg04916802
98139	cg04917181
98201	cg04920214
98226	cg04921068
98229	cg04921315
98259	cg04922681
98333	cg04926361
98335	cg04926380
98374	cg04928338
98396	cg04929703
98412	cg04930661
98432	cg04931256
98474	cg04934382
98478	cg04934595
98493	cg04935434
98529	cg04937184
98532	cg04937416
98555	cg04938549
98586	cg04940251
98621	cg04942251
98626	cg04942516
98658	cg04944090
98670	cg04944536
98714	cg04946274
98768	cg04948763
98810	cg04951371
98860	cg04954559
98893	cg04956511
98916	cg04957757
98980	cg04961235
98987	cg04961582
99016	cg04963424
99017	cg04963480
99063	cg04965987
99084	cg04967410
99109	cg04968806
99116	cg04969331
99123	cg04969878
99135	cg04970434
99137	cg04970570
99160	cg04972348
99163	cg04972436
99190	cg04973802
99254	cg04976780
99264	cg04977528
99281	cg04978078
99318	cg04980590
99322	cg04980849
99333	cg04981208
99362	cg04982308
99366	cg04982488
99378	cg04983276
99450	cg04986504
99457	cg04986675
99479	cg04987499
99492	cg04988098
99506	cg04988514
99514	cg04988917
99518	cg04989070
99522	cg04989278
99531	cg04990190
99558	cg04992191
99580	cg04992974
99587	cg04993112
99592	cg04993279
99607	cg04994217
99610	cg04994456
99615	cg04994795
99644	cg04996195
99699	cg04999352
99719	cg05000331
99727	cg05000761
99730	cg05000860
99732	cg05000994
99796	cg05004142
99815	cg05005073
100011	cg05014727
100038	cg05016408
100041	cg05016746
100047	cg05017199
100055	cg05017639
100083	cg05019221
100096	cg05019826
100124	cg05021643
100126	cg05021743
100232	cg05027713
100334	cg05032957
100342	cg05033333
100367	cg05034446
100426	cg05037033
100458	cg05038268
100469	cg05038881
100472	cg05039004
100478	cg05039241
100492	cg05040232
100524	cg05041596
100530	cg05042034
100542	cg05042743
100600	cg05045335
100617	cg05045981
100629	cg05046589
100671	cg05048624
100679	cg05048976
100695	cg05049576
100714	cg05050657
100772	cg05053562
100798	cg05054998
100825	cg05056497
100827	cg05056638
100846	cg05057720
100852	cg05057910
100906	cg05060175
100922	cg05060949
100940	cg05061886
101031	cg05065507
101078	cg05068206
101084	cg05068452
101099	cg05068987
101100	cg05069228
101150	cg05072470
101220	cg05076820
101230	cg05078019
101242	cg05079049
101323	cg05083067
101386	cg05087008
101451	cg05090759
101469	cg05091736
101476	cg05092308
101479	cg05092362
101590	cg05098566
101623	cg05100070
101634	cg05100432
101652	cg05101437
101657	cg05101821
101676	cg05103064
101753	cg05107535
101799	cg05111645
101829	cg05113927
101841	cg05114861
101851	cg05115375
101857	cg05115862
101900	cg05118916
101902	cg05119057
101919	cg05119686
101946	cg05120944
101948	cg05121006
101954	cg05121480
102052	cg05127221
102067	cg05127995
102077	cg05128414
102123	cg05130482
102144	cg05131488
102193	cg05133853
102250	cg05136263
102257	cg05136531
102260	cg05136737
102312	cg05139187
102317	cg05139515
102324	cg05139788
102338	cg05140648
102345	cg05141014
102381	cg05142520
102383	cg05142617
102386	cg05142765
102408	cg05143694
102410	cg05143735
102420	cg05144259
102421	cg05144285
102460	cg05146536
102461	cg05146544
102496	cg05148180
102532	cg05150077
102547	cg05151360
102611	cg05154546
102654	cg05156901
102693	cg05158146
102710	cg05159188
102739	cg05160563
102742	cg05160879
102758	cg05161795
102772	cg05162306
102776	cg05162523
102797	cg05163330
102824	cg05164634
102853	cg05165862
102855	cg05165940
102860	cg05166022
102878	cg05166871
102893	cg05167973
102920	cg05169099
102929	cg05169846
102951	cg05170706
102963	cg05171197
102979	cg05172122
103027	cg05175020
103154	cg05181941
103170	cg05183271
103176	cg05183668
103179	cg05183931
103206	cg05185038
103233	cg05186666
103324	cg05192538
103353	cg05194346
103356	cg05194426
103364	cg05194636
103392	cg05196076
103406	cg05196969
103425	cg05198244
103432	cg05198900
103444	cg05200037
103467	cg05201300
103507	cg05203217
103523	cg05204104
103538	cg05205239
103543	cg05205532
103550	cg05205842
103591	cg05207834
103627	cg05209514
103645	cg05210266
103661	cg05210671
103664	cg05210804
103684	cg05211768
103685	cg05211790
103704	cg05212706
103711	cg05213296
103718	cg05213896
103723	cg05214130
103735	cg05214676
103795	cg05218245
103823	cg05219726
103855	cg05221664
103875	cg05222982
103911	cg05224659
103942	cg05225684
104008	cg05228359
104037	cg05229528
104038	cg05229598
104121	cg05233310
104139	cg05233946
104142	cg05234121
104211	cg05237641
104224	cg05238517
104238	cg05238917
104277	cg05240760
104307	cg05241828
104319	cg05242371
104324	cg05242526
104343	cg05243700
104392	cg05246303
104461	cg05250932
104484	cg05252264
104495	cg05253110
104529	cg05255095
104562	cg05256420
104590	cg05257528
104687	cg05262436
104788	cg05266497
104805	cg05267394
104846	cg05269632
104879	cg05270922
104880	cg05270938
104898	cg05272349
104913	cg05273302
104997	cg05278650
105045	cg05280814
105050	cg05281206
105134	cg05286280
105164	cg05288172
105194	cg05290058
105197	cg05290300
105234	cg05292082
105348	cg05297666
105352	cg05297854
105360	cg05298458
105377	cg05299387
105395	cg05300248
105419	cg05301383
105431	cg05301866
105452	cg05302542
105471	cg05303524
105489	cg05304361
105494	cg05304507
105500	cg05304729
105542	cg05306310
105545	cg05306472
105556	cg05307141
105575	cg05308117
105582	cg05308317
105588	cg05308504
105594	cg05308656
105619	cg05309989
105633	cg05310764
105667	cg05312960
105668	cg05312962
105686	cg05313918
105703	cg05314679
105712	cg05315321
105730	cg05316415
105736	cg05316627
105747	cg05317096
105758	cg05317714
105793	cg05320424
105798	cg05320842
105809	cg05321361
105826	cg05322332
105835	cg05322931
105846	cg05323533
105872	cg05324789
105912	cg05327835
105924	cg05328630
105963	cg05330708
106030	cg05334656
106070	cg05336982
106186	cg05341539
106192	cg05341781
106211	cg05342835
106222	cg05343289
106226	cg05343480
106237	cg05343811
106241	cg05344176
106256	cg05345154
106268	cg05345876
106294	cg05346878
106299	cg05347108
106316	cg05347845
106319	cg05347898
106325	cg05347965
106350	cg05348875
106368	cg05349245
106420	cg05351827
106450	cg05353571
106455	cg05353869
106456	cg05353872
106457	cg05353884
106483	cg05355225
106485	cg05355311
106518	cg05357131
106571	cg05359249
106589	cg05360477
106613	cg05361489
106662	cg05363903
106674	cg05364307
106696	cg05365033
106744	cg05367028
106777	cg05368740
106781	cg05368966
106788	cg05369327
106793	cg05369553
106834	cg05371552
106839	cg05371688
106872	cg05372828
106877	cg05373251
106892	cg05373863
106894	cg05373877
106943	cg05375811
106950	cg05376185
106958	cg05376465
106995	cg05377576
107016	cg05378938
107028	cg05379541
107031	cg05379634
107059	cg05380821
107132	cg05384646
107157	cg05385260
107164	cg05385434
107171	cg05385718
107196	cg05387146
107240	cg05389236
107256	cg05389970
107321	cg05393025
107355	cg05394663
107362	cg05395187
107386	cg05396212
107388	cg05396243
107438	cg05398903
107467	cg05400075
107483	cg05401069
107486	cg05401364
107492	cg05401764
107539	cg05404698
107544	cg05404847
107589	cg05407714
107603	cg05408649
107649	cg05411679
107673	cg05412788
107682	cg05413061
107689	cg05413325
107696	cg05413872
107723	cg05415285
107760	cg05417409
107803	cg05419671
107805	cg05419752
107843	cg05422029
107845	cg05422096
107878	cg05423712
107951	cg05429448
107957	cg05429895
107964	cg05430997
107976	cg05431842
108054	cg05437692
108100	cg05441830
108146	cg05445291
108151	cg05445490
108162	cg05446322
108177	cg05447100
108196	cg05448404
108205	cg05449136
108209	cg05449257
108234	cg05451210
108238	cg05451498
108249	cg05452066
108255	cg05452406
108273	cg05453358
108294	cg05454501
108310	cg05455720
108337	cg05457480
108391	cg05461140
108418	cg05462446
108435	cg05463589
108470	cg05465955
108493	cg05467676
108536	cg05469885
108551	cg05470554
108562	cg05471169
108611	cg05473536
108616	cg05473987
108623	cg05474265
108628	cg05474726
108646	cg05475524
108655	cg05475934
108681	cg05477405
108683	cg05477457
108690	cg05477834
108723	cg05479556
108776	cg05482942
108779	cg05483021
108784	cg05483176
108785	cg05483184
108792	cg05483505
108799	cg05483731
108811	cg05484458
108822	cg05484949
108826	cg05485137
108831	cg05485250
108844	cg05486035
108888	cg05488168
108929	cg05490591
108943	cg05491166
108959	cg05491858
108965	cg05492170
108981	cg05492818
109001	cg05493580
109008	cg05493841
109041	cg05495478
109045	cg05495790
109051	cg05496203
109064	cg05497175
109106	cg05499367
109122	cg05500575
109127	cg05500919
109138	cg05501509
109154	cg05501996
109261	cg05507459
109281	cg05508296
109312	cg05509609
109313	cg05509659
109355	cg05511872
109363	cg05512111
109403	cg05514256
109415	cg05514909
109451	cg05516505
109474	cg05517610
109587	cg05524246
109588	cg05524354
109596	cg05525106
109610	cg05526015
109632	cg05527185
109666	cg05528899
109771	cg05534148
109887	cg05542646
109889	cg05542681
109912	cg05544396
109935	cg05545777
109942	cg05545914
109955	cg05546863
109974	cg05547902
109988	cg05548555
110011	cg05550339
110035	cg05552183
110036	cg05552184
110092	cg05555396
110180	cg05561386
110199	cg05563033
110207	cg05563385
110212	cg05563558
110276	cg05567440
110353	cg05571310
110399	cg05573381
110466	cg05576845
110471	cg05576992
110492	cg05578056
110504	cg05578840
110535	cg05580655
110560	cg05582340
110586	cg05583831
110623	cg05585742
110637	cg05586457
110658	cg05587394
110678	cg05588903
110684	cg05589454
110685	cg05589489
110690	cg05589784
110727	cg05591447
110738	cg05592035
110744	cg05592245
110779	cg05593707
110780	cg05593715
110787	cg05593887
110790	cg05594286
110845	cg05597181
110856	cg05597836
110876	cg05598678
110896	cg05599531
110931	cg05601917
110959	cg05603512
110960	cg05603527
110970	cg05603896
110976	cg05604079
111014	cg05606455
111017	cg05606799
111022	cg05607053
111060	cg05608844
111066	cg05609218
111160	cg05614735
111165	cg05615150
111193	cg05616858
111196	cg05616969
111197	cg05616995
111198	cg05616999
111218	cg05617873
111222	cg05617980
111230	cg05618401
111236	cg05618683
111240	cg05618934
111248	cg05619598
111257	cg05619945
111280	cg05620980
111301	cg05622124
111332	cg05624199
111346	cg05624582
111353	cg05624954
111358	cg05625284
111380	cg05626259
111383	cg05626376
111384	cg05626536
111391	cg05626927
111431	cg05628549
111453	cg05629781
111454	cg05629821
111493	cg05632631
111514	cg05634149
111519	cg05634428
111542	cg05635754
111544	cg05635923
111548	cg05636047
111576	cg05637536
111593	cg05638439
111601	cg05638689
111673	cg05642379
111676	cg05642546
111717	cg05644767
111718	cg05644921
111781	cg05648614
111791	cg05649108
111805	cg05650260
111815	cg05650674
111816	cg05650680
111838	cg05651778
111843	cg05651995
111895	cg05654304
111927	cg05655534
111948	cg05656374
111993	cg05658236
112009	cg05658887
112087	cg05663278
112127	cg05666036
112151	cg05667107
112157	cg05667348
112171	cg05668342
112181	cg05668703
112233	cg05671386
112244	cg05671968
112277	cg05673882
112311	cg05675373
112331	cg05676622
112375	cg05679108
112433	cg05683630
112452	cg05684715
112462	cg05685483
112465	cg05685741
112484	cg05687091
112500	cg05687719
112520	cg05689208
112535	cg05690644
112540	cg05691054
112561	cg05692746
112608	cg05694921
112633	cg05696153
112644	cg05696811
112651	cg05697249
112655	cg05697539
112658	cg05697695
112666	cg05697835
112668	cg05697866
112705	cg05700616
112737	cg05702747
112748	cg05703211
112806	cg05706898
112855	cg05709578
112858	cg05709657
112861	cg05709782
112876	cg05710562
112980	cg05715828
112987	cg05716270
112988	cg05716278
113010	cg05717871
113038	cg05719164
113115	cg05722981
113148	cg05725404
113170	cg05726274
113173	cg05726600
113174	cg05726661
113179	cg05726764
113276	cg05732832
113288	cg05733285
113292	cg05733463
113305	cg05734456
113318	cg05735639
113343	cg05737153
113355	cg05738240
113381	cg05740045
113383	cg05740106
113419	cg05741611
113458	cg05744675
113472	cg05745631
113477	cg05746014
113582	cg05753693
113643	cg05756489
113649	cg05756780
113668	cg05757757
113707	cg05760937
113742	cg05763097
113770	cg05764839
113773	cg05765011
113798	cg05766489
113844	cg05768427
113872	cg05769889
113910	cg05772125
113911	cg05772155
113924	cg05773155
113941	cg05774229
114014	cg05777919
114107	cg05782377
114130	cg05783384
114161	cg05785155
114222	cg05787209
114259	cg05789595
114280	cg05790451
114296	cg05791173
114327	cg05793013
114351	cg05794117
114360	cg05794556
114378	cg05795849
114390	cg05796704
114432	cg05798318
114494	cg05801246
114531	cg05803296
114625	cg05809668
114634	cg05810170
114635	cg05810177
114646	cg05810886
114664	cg05812582
114679	cg05813297
114730	cg05816193
114773	cg05818685
114798	cg05820087
114841	cg05823493
114883	cg05825244
114916	cg05827089
114932	cg05828005
115002	cg05833067
115007	cg05833351
115016	cg05833946
115029	cg05834805
115036	cg05835105
115041	cg05835276
115043	cg05835346
115078	cg05837435
115158	cg05842420
115239	cg05846166
115246	cg05846633
115279	cg05848579
115297	cg05849612
115338	cg05852143
115340	cg05852231
115342	cg05852395
115350	cg05852568
115381	cg05854694
115415	cg05856321
115433	cg05857758
115436	cg05857941
115489	cg05860723
115503	cg05861512
115551	cg05864140
115554	cg05864326
115562	cg05865011
115566	cg05865280
115586	cg05866021
115606	cg05867245
115678	cg05870479
115679	cg05870586
115682	cg05870739
115770	cg05875066
115779	cg05875410
115785	cg05875700
115829	cg05877497
115852	cg05878390
115927	cg05882699
115942	cg05883690
115963	cg05884705
115967	cg05884870
116003	cg05886546
116011	cg05886811
116050	cg05888583
116051	cg05888643
116054	cg05888872
116088	cg05890484
116099	cg05890855
116129	cg05892425
116207	cg05896377
116214	cg05896714
116223	cg05897122
116256	cg05898591
116321	cg05901765
116361	cg05903720
116362	cg05903736
116383	cg05904716
116407	cg05905731
116409	cg05905844
116448	cg05907933
116544	cg05914150
116560	cg05915139
116563	cg05915293
116613	cg05917748
116614	cg05917797
116622	cg05918327
116633	cg05919202
116675	cg05921260
116706	cg05922610
116725	cg05923197
116758	cg05924540
116771	cg05925327
116797	cg05926722
116810	cg05927190
116813	cg05927401
116821	cg05927714
116830	cg05928053
116849	cg05928904
116852	cg05929019
116868	cg05929675
116903	cg05931423
116932	cg05933037
116968	cg05934682
116973	cg05934824
117012	cg05936516
117023	cg05937292
117053	cg05938607
117068	cg05939149
117076	cg05939560
117090	cg05940231
117173	cg05943655
117183	cg05944137
117212	cg05945608
117235	cg05946694
117335	cg05951576
117338	cg05951776
117446	cg05957190
117455	cg05957544
117464	cg05958050
117503	cg05959932
117615	cg05965387
117624	cg05965745
117673	cg05968369
117674	cg05968601
117708	cg05970317
117722	cg05970874
117748	cg05971934
117749	cg05971966
117753	cg05972059
117769	cg05972871
117776	cg05973305
117782	cg05973414
117784	cg05973455
117788	cg05973555
117798	cg05974154
117802	cg05974274
117849	cg05977002
117864	cg05977462
117898	cg05979241
117904	cg05979457
117928	cg05981034
117958	cg05982460
117973	cg05983231
117994	cg05984244
117996	cg05984317
118012	cg05985303
118053	cg05986933
118070	cg05987823
118175	cg05992600
118244	cg05996512
118251	cg05996795
118264	cg05997362
118323	cg06000330
118334	cg06000878
118361	cg06002288
118368	cg06002516
118385	cg06003187
118387	cg06003267
118395	cg06003986
118420	cg06005876
118436	cg06007282
118464	cg06008480
118476	cg06008926
118501	cg06010390
118577	cg06014958
118603	cg06016427
118616	cg06017143
118669	cg06020207
118671	cg06020335
118697	cg06022179
118708	cg06022832
118734	cg06023994
118765	cg06025774
118771	cg06026136
118813	cg06029308
118866	cg06033387
118872	cg06033659
118874	cg06033721
118894	cg06034527
118898	cg06034711
118964	cg06038470
118998	cg06040882
119015	cg06041677
119047	cg06043159
119065	cg06044105
119082	cg06045337
119095	cg06046430
119144	cg06048910
119145	cg06048973
119175	cg06051159
119182	cg06051411
119222	cg06053959
119241	cg06055392
119303	cg06059056
119304	cg06059069
119320	cg06060137
119353	cg06061536
119418	cg06065125
119434	cg06066088
119506	cg06070263
119519	cg06070625
119528	cg06071058
119598	cg06075311
119705	cg06081371
119773	cg06085204
119781	cg06085713
119826	cg06087623
119840	cg06088427
119845	cg06088745
119857	cg06089606
119890	cg06091535
119895	cg06091881
119901	cg06092178
119904	cg06092310
119918	cg06093039
119924	cg06093355
120014	cg06097659
120022	cg06097994
120028	cg06098276
120053	cg06099303
120091	cg06100756
120094	cg06100807
120140	cg06103243
120146	cg06103397
120150	cg06103642
120174	cg06105699
120211	cg06107816
120271	cg06112171
120280	cg06112654
120282	cg06112727
120287	cg06112894
120301	cg06113789
120302	cg06113801
120328	cg06116009
120368	cg06118384
120382	cg06119137
120415	cg06120945
120446	cg06122871
120601	cg06132069
120610	cg06132620
120612	cg06132727
120613	cg06132803
120623	cg06133205
120641	cg06134790
120659	cg06135689
120674	cg06136573
120684	cg06137852
120753	cg06142122
120756	cg06142324
120759	cg06142351
120815	cg06145435
120841	cg06147196
120842	cg06147210
120865	cg06148736
120867	cg06148812
120947	cg06153893
120948	cg06153925
120969	cg06154903
120982	cg06155771
121044	cg06159340
121050	cg06159404
121058	cg06159896
121100	cg06162185
121161	cg06166427
121163	cg06166523
121165	cg06166767
121173	cg06167221
121253	cg06173395
121264	cg06173663
121278	cg06174407
121308	cg06175955
121349	cg06178055
121374	cg06179011
121395	cg06179765
121439	cg06182274
121461	cg06183338
121464	cg06183559
121473	cg06184325
121529	cg06187103
121551	cg06188367
121567	cg06189394
121644	cg06193520
121647	cg06193628
121675	cg06195280
121784	cg06201680
121794	cg06202276
121846	cg06204948
121871	cg06206670
121882	cg06207120
121980	cg06212263
122007	cg06213317
122041	cg06214997
122050	cg06215569
122058	cg06215939
122080	cg06216883
122115	cg06218338
122122	cg06218688
122141	cg06219624
122166	cg06221087
122175	cg06221449
122218	cg06223539
122231	cg06224587
122269	cg06226630
122330	cg06231581
122338	cg06232130
122355	cg06233202
122365	cg06233517
122379	cg06234051
122405	cg06235429
122431	cg06237220
122446	cg06238004
122478	cg06239616
122485	cg06240200
122503	cg06241292
122514	cg06241901
122564	cg06245037
122583	cg06246357
122612	cg06248560
122615	cg06248767
122622	cg06249604
122628	cg06250127
122665	cg06252276
122680	cg06253058
122698	cg06254440
122714	cg06255601
122735	cg06257052
122772	cg06259025
122785	cg06259612
122800	cg06260709
122830	cg06263178
122864	cg06264984
122895	cg06267200
122899	cg06267617
122918	cg06268875
122948	cg06270545
122958	cg06270993
122968	cg06271387
122996	cg06273075
123009	cg06274159
123020	cg06275635
123029	cg06276088
123064	cg06279276
123087	cg06281297
123110	cg06282596
123128	cg06284231
123152	cg06285590
123169	cg06286521
123214	cg06288788
123215	cg06288821
123217	cg06288900
123218	cg06289138
123228	cg06289824
123250	cg06291314
123277	cg06292709
123316	cg06294475
123322	cg06294700
123334	cg06295238
123452	cg06301555
123454	cg06301726
123466	cg06302690
123514	cg06306636
123523	cg06307212
123559	cg06310131
123571	cg06310816
123577	cg06311422
123582	cg06311863
123606	cg06312846
123608	cg06312985
123630	cg06314333
123727	cg06320828
123732	cg06321213
123762	cg06323023
123789	cg06324373
123830	cg06327150
123866	cg06329392
123874	cg06329735
123880	cg06330323
123913	cg06332304
123924	cg06332859
123968	cg06335867
124015	cg06339275
124049	cg06341027
124135	cg06346388
124137	cg06346667
124154	cg06347698
124174	cg06348773
124183	cg06349450
124185	cg06349628
124250	cg06352750
124268	cg06353345
124280	cg06354193
124367	cg06359703
124428	cg06363129
124467	cg06365270
124470	cg06365535
124521	cg06368184
124527	cg06368558
124529	cg06368590
124559	cg06369992
124562	cg06370094
124570	cg06370771
124588	cg06371502
124600	cg06372145
124668	cg06374811
124671	cg06374962
124692	cg06375949
124693	cg06375967
124719	cg06377106
124766	cg06379435
124779	cg06380072
124825	cg06382344
124829	cg06382559
124847	cg06383241
124878	cg06385087
124882	cg06385187
124917	cg06387496
124926	cg06388363
124931	cg06388730
124949	cg06390077
124984	cg06391932
125005	cg06393098
125048	cg06395414
125128	cg06399905
125156	cg06401414
125206	cg06405186
125256	cg06408053
125272	cg06409153
125312	cg06411879
125320	cg06412358
125371	cg06416110
125424	cg06418871
125448	cg06419750
125453	cg06419850
125483	cg06422039
125499	cg06422678
125505	cg06422883
125524	cg06424065
125563	cg06427054
125570	cg06427611
125593	cg06429214
125607	cg06430465
125614	cg06430753
125615	cg06430772
125654	cg06433467
125689	cg06435511
125697	cg06436185
125709	cg06436854
125722	cg06437396
125724	cg06437430
125779	cg06440087
125795	cg06440665
125827	cg06442684
125845	cg06443644
125860	cg06444282
125875	cg06445016
125891	cg06446408
125959	cg06451739
125961	cg06451822
125970	cg06452129
126034	cg06456031
126038	cg06456154
126049	cg06456738
126085	cg06458557
126097	cg06459104
126126	cg06460587
126134	cg06460983
126237	cg06466782
126255	cg06468072
126279	cg06469229
126309	cg06470951
126320	cg06471596
126346	cg06473276
126353	cg06473608
126381	cg06475541
126405	cg06476693
126431	cg06478504
126464	cg06480353
126470	cg06480736
126491	cg06482019
126499	cg06482498
126503	cg06482716
126534	cg06484274
126539	cg06484415
126553	cg06485308
126572	cg06486409
126598	cg06488150
126600	cg06488256
126617	cg06489037
126635	cg06489728
126684	cg06492283
126688	cg06492521
126693	cg06492744
126757	cg06495763
126793	cg06497848
126826	cg06499778
126854	cg06501366
126895	cg06503907
126922	cg06505273
126955	cg06507244
126970	cg06508320
126982	cg06508886
126999	cg06510261
127014	cg06511312
127110	cg06517181
127131	cg06518618
127157	cg06520134
127164	cg06520331
127168	cg06520521
127193	cg06521550
127196	cg06521615
127233	cg06523224
127305	cg06526721
127311	cg06526872
127329	cg06527318
127438	cg06531916
127445	cg06532184
127450	cg06532379
127460	cg06532779
127472	cg06533319
127488	cg06534197
127512	cg06535115
127545	cg06536868
127570	cg06537894
127590	cg06538870
127620	cg06540458
127674	cg06543615
127677	cg06543974
127691	cg06544405
127703	cg06545019
127725	cg06545761
127773	cg06548214
127828	cg06550984
127852	cg06551997
127864	cg06552563
127883	cg06553513
127893	cg06554090
127894	cg06554120
127917	cg06555404
127934	cg06556702
127952	cg06557644
128037	cg06563089
128042	cg06563450
128088	cg06565975
128167	cg06570432
128180	cg06571407
128203	cg06573143
128306	cg06578434
128353	cg06580966
128374	cg06582394
128383	cg06582782
128394	cg06583576
128404	cg06584218
128424	cg06585233
128430	cg06585708
128435	cg06585907
128455	cg06587187
128471	cg06588201
128480	cg06588605
128483	cg06588782
128526	cg06591973
128534	cg06592167
128565	cg06594404
128610	cg06596991
128617	cg06597462
128649	cg06599209
128682	cg06600936
128690	cg06601581
128705	cg06602545
128739	cg06604589
128758	cg06606199
128760	cg06606213
128800	cg06609094
128816	cg06609496
128834	cg06610484
128853	cg06611426
128864	cg06611922
128874	cg06612355
128886	cg06613286
128900	cg06614044
128938	cg06615659
128983	cg06617202
128995	cg06617636
129040	cg06619621
129059	cg06620390
129075	cg06621027
129094	cg06621691
129105	cg06622151
129145	cg06623698
129146	cg06623778
129151	cg06623935
129217	cg06626599
129219	cg06626750
129231	cg06627334
129243	cg06628109
129261	cg06629644
129287	cg06631184
129307	cg06632207
129339	cg06633543
129364	cg06634717
129372	cg06634914
129391	cg06635722
129394	cg06635832
129404	cg06636195
129436	cg06637330
129437	cg06637517
129440	cg06637774
129463	cg06638795
129469	cg06638935
129470	cg06638966
129488	cg06639544
129507	cg06640279
129513	cg06640593
129537	cg06641366
129553	cg06642219
129580	cg06643622
129612	cg06645033
129623	cg06645921
129655	cg06647007
129657	cg06647068
129669	cg06647751
129722	cg06650246
129768	cg06652313
129808	cg06654431
129812	cg06654537
129848	cg06655810
129891	cg06658391
129892	cg06658404
129935	cg06660332
129947	cg06661242
129957	cg06661812
129974	cg06663149
129977	cg06663310
130008	cg06665391
130017	cg06666008
130018	cg06666025
130022	cg06666175
130023	cg06666194
130049	cg06668065
130069	cg06669374
130077	cg06670039
130114	cg06672160
130158	cg06675144
130181	cg06676049
130234	cg06679087
130249	cg06679494
130250	cg06679534
130256	cg06679694
130316	cg06683458
130319	cg06683487
130413	cg06688763
130441	cg06690548
130450	cg06690831
130459	cg06691343
130462	cg06691520
130483	cg06692929
130510	cg06694561
130514	cg06694734
130515	cg06694826
130557	cg06697471
130656	cg06702880
130689	cg06704573
130706	cg06705265
130717	cg06705862
130781	cg06708634
130794	cg06709297
130804	cg06710082
130809	cg06710195
130811	cg06710259
130813	cg06710328
130821	cg06710672
130880	cg06713116
130957	cg06717221
130962	cg06717565
130982	cg06718763
130995	cg06719604
131043	cg06721601
131044	cg06721712
131093	cg06723829
131094	cg06723863
131132	cg06726490
131137	cg06726820
131207	cg06730438
131237	cg06732228
131240	cg06732439
131253	cg06733155
131279	cg06734406
131355	cg06738887
131437	cg06742493
131472	cg06745030
131473	cg06745083
131523	cg06746997
131529	cg06747330
131531	cg06747432
131538	cg06747888
131541	cg06747919
131547	cg06748147
131581	cg06749789
131604	cg06750897
131609	cg06751243
131613	cg06751446
131622	cg06751920
131624	cg06752054
131657	cg06753439
131709	cg06755555
131723	cg06756211
131725	cg06756227
131772	cg06758255
131778	cg06758448
131823	cg06759874
131824	cg06759890
131839	cg06760423
131840	cg06760467
131908	cg06764239
131921	cg06765022
131924	cg06765217
131925	cg06765219
131937	cg06765552
131945	cg06766016
131961	cg06766960
132000	cg06768670
132010	cg06769116
132015	cg06769296
132050	cg06770878
132087	cg06772717
132133	cg06775073
132137	cg06775523
132145	cg06776146
132148	cg06776201
132154	cg06776644
132169	cg06777194
132192	cg06778183
132218	cg06779449
132258	cg06781608
132344	cg06786153
132352	cg06786372
132356	cg06786600
132392	cg06788355
132400	cg06788764
132402	cg06788790
132432	cg06790197
132474	cg06792065
132518	cg06793974
132545	cg06795233
132555	cg06795768
132578	cg06796713
132609	cg06797880
132624	cg06798642
132668	cg06800962
132680	cg06801852
132692	cg06802522
132696	cg06802630
132726	cg06804177
132735	cg06804564
132808	cg06807928
132812	cg06807993
132831	cg06809074
132918	cg06813578
133075	cg06819935
133089	cg06820621
133110	cg06821269
133124	cg06821999
133136	cg06822689
133145	cg06823034
133146	cg06823060
133197	cg06825415
133200	cg06825512
133205	cg06825878
133209	cg06826120
133259	cg06828505
133278	cg06829538
133282	cg06829686
133307	cg06830450
133308	cg06830500
133312	cg06830692
133350	cg06832449
133361	cg06832898
133375	cg06833564
133392	cg06834177
133406	cg06834637
133418	cg06834998
133431	cg06835628
133475	cg06837568
133485	cg06837799
133518	cg06839388
133543	cg06840243
133568	cg06841648
133578	cg06842071
133589	cg06842800
133593	cg06842954
133611	cg06844165
133648	cg06846010
133682	cg06847624
133718	cg06849504
133721	cg06849723
133729	cg06850005
133783	cg06852240
133831	cg06854306
133873	cg06856687
133874	cg06856720
133875	cg06856735
133886	cg06857304
133982	cg06862374
134019	cg06864789
134022	cg06864895
134064	cg06866712
134067	cg06866827
134085	cg06867623
134128	cg06869212
134193	cg06872172
134252	cg06874323
134256	cg06874403
134311	cg06876892
134357	cg06879222
134361	cg06879394
134397	cg06880923
134412	cg06881647
134435	cg06882926
134437	cg06883089
134438	cg06883126
134450	cg06883956
134521	cg06888094
134557	cg06889535
134580	cg06890522
134582	cg06890610
134584	cg06890747
134598	cg06891458
134634	cg06892868
134646	cg06893273
134648	cg06893296
134709	cg06895831
134717	cg06896529
134727	cg06896987
134737	cg06897478
134755	cg06898306
134774	cg06899313
134794	cg06899985
134802	cg06900355
134808	cg06900571
134836	cg06902071
134887	cg06904667
134900	cg06905679
134966	cg06908618
134968	cg06908739
135030	cg06911744
135060	cg06912966
135128	cg06916059
135158	cg06917763
135166	cg06918474
135242	cg06922635
135285	cg06925855
135286	cg06925882
135288	cg06925984
135293	cg06926314
135335	cg06928346
135368	cg06930722
135380	cg06931444
135416	cg06933370
135418	cg06933574
135431	cg06933965
135435	cg06934038
135476	cg06935979
135479	cg06936155
135484	cg06936290
135514	cg06937459
135526	cg06937717
135550	cg06938878
135563	cg06939851
135651	cg06943420
135654	cg06943467
135690	cg06945634
135713	cg06946838
135742	cg06948492
135748	cg06948737
135767	cg06949778
135806	cg06951626
135816	cg06952099
135836	cg06952660
135841	cg06952752
135850	cg06953130
135870	cg06954535
135887	cg06955484
135926	cg06957447
135960	cg06959251
135970	cg06959664
135977	cg06960356
135980	cg06960461
135989	cg06960794
136024	cg06962177
136047	cg06962918
136048	cg06962944
136051	cg06963109
136058	cg06963308
136090	cg06965072
136109	cg06966113
136120	cg06966811
136163	cg06968912
136195	cg06970451
136205	cg06970884
136231	cg06972019
136242	cg06972578
136262	cg06973595
136263	cg06973615
136306	cg06975979
136310	cg06976144
136314	cg06976250
136358	cg06978604
136392	cg06980547
136400	cg06981033
136406	cg06981309
136421	cg06982473
136454	cg06984848
136456	cg06984903
136517	cg06989253
136521	cg06989693
136555	cg06992285
136561	cg06992846
136591	cg06994420
136655	cg06997226
136682	cg06998965
136738	cg07001856
136786	cg07004386
136800	cg07005055
136801	cg07005067
136842	cg07006673
136843	cg07006718
136848	cg07006935
136854	cg07007118
136940	cg07011029
136962	cg07011913
136991	cg07013148
137013	cg07014438
137016	cg07014673
137051	cg07015803
137061	cg07016276
137127	cg07018580
137136	cg07018964
137150	cg07019438
137204	cg07022477
137232	cg07023704
137312	cg07028396
137329	cg07029002
137346	cg07029873
137351	cg07030277
137369	cg07031408
137410	cg07033624
137421	cg07034004
137461	cg07035659
137469	cg07036370
137480	cg07036914
137484	cg07037019
137488	cg07037112
137536	cg07040303
137562	cg07042007
137563	cg07042014
137579	cg07042729
137602	cg07044422
137609	cg07044708
137627	cg07045891
137629	cg07046030
137637	cg07046426
137641	cg07046818
137683	cg07048608
137720	cg07050616
137723	cg07050692
137761	cg07052568
137781	cg07053697
137783	cg07053727
137800	cg07054292
137807	cg07054641
137846	cg07056644
137874	cg07058109
137898	cg07059402
137916	cg07060233
137920	cg07060505
137925	cg07060794
137934	cg07061260
138018	cg07064711
138024	cg07065220
138055	cg07066898
138080	cg07067993
138099	cg07068768
138187	cg07072704
138203	cg07073960
138231	cg07075307
138232	cg07075347
138243	cg07076109
138274	cg07077965
138280	cg07078225
138295	cg07078958
138323	cg07080231
138330	cg07080653
138338	cg07081061
138348	cg07081633
138352	cg07081759
138431	cg07086492
138471	cg07088882
138520	cg07091346
138537	cg07091758
138548	cg07092135
138607	cg07094915
138614	cg07095230
138698	cg07099161
138703	cg07099331
138745	cg07101841
138823	cg07105478
138835	cg07106394
138861	cg07107453
138867	cg07107916
138871	cg07108118
138887	cg07109115
138918	cg07110488
138949	cg07112337
138954	cg07112562
138981	cg07114422
139007	cg07115626
139032	cg07116712
139046	cg07117219
139076	cg07118895
139093	cg07119434
139097	cg07119829
139124	cg07121421
139137	cg07121856
139161	cg07123038
139182	cg07124117
139200	cg07124687
139257	cg07126783
139297	cg07128900
139308	cg07129523
139314	cg07129769
139342	cg07131274
139358	cg07132068
139409	cg07134316
139424	cg07135032
139437	cg07135614
139463	cg07136646
139502	cg07138399
139503	cg07138437
139526	cg07139284
139527	cg07139301
139538	cg07139509
139570	cg07141002
139583	cg07141605
139591	cg07142010
139603	cg07142667
139626	cg07143451
139629	cg07143470
139669	cg07145284
139687	cg07146104
139777	cg07149609
139785	cg07150038
139787	cg07150062
139796	cg07150473
139841	cg07152216
139871	cg07153588
139872	cg07153665
139881	cg07153966
139902	cg07155223
139949	cg07157107
139974	cg07158434
140023	cg07160420
140030	cg07160746
140036	cg07160932
140064	cg07162000
140070	cg07162198
140073	cg07162320
140105	cg07163991
140127	cg07164791
140131	cg07165066
140136	cg07165260
140137	cg07165288
140150	cg07166171
140178	cg07167423
140294	cg07173635
140303	cg07173972
140315	cg07174665
140327	cg07175288
140354	cg07176561
140375	cg07177437
140377	cg07177661
140383	cg07177852
140398	cg07178278
140435	cg07179669
140488	cg07181702
140533	cg07184578
140549	cg07185131
140563	cg07185843
140566	cg07185983
140612	cg07188513
140649	cg07190763
140747	cg07195851
140762	cg07196462
140767	cg07196577
140774	cg07196992
140789	cg07197785
140830	cg07200348
140857	cg07201717
140894	cg07203423
140969	cg07207099
141016	cg07209009
141017	cg07209034
141038	cg07209987
141057	cg07210840
141060	cg07211044
141063	cg07211140
141065	cg07211212
141069	cg07211259
141098	cg07212543
141120	cg07213181
141136	cg07213780
141140	cg07214164
141159	cg07215504
141174	cg07216112
141175	cg07216133
141206	cg07217824
141250	cg07220149
141251	cg07220152
141275	cg07221298
141314	cg07223106
141320	cg07223253
141369	cg07225966
141433	cg07230359
141448	cg07231005
141558	cg07236691
141582	cg07237830
141603	cg07238926
141615	cg07239716
141640	cg07241457
141738	cg07246713
141781	cg07249433
141785	cg07249730
141795	cg07250128
141803	cg07250758
141863	cg07254413
141880	cg07255841
141913	cg07258300
141963	cg07260592
141990	cg07262247
142000	cg07262620
142023	cg07263981
142043	cg07264666
142078	cg07266412
142092	cg07267550
142096	cg07267782
142109	cg07268332
142177	cg07273003
142210	cg07274716
142288	cg07279157
142373	cg07283816
142402	cg07285181
142454	cg07287949
142462	cg07288447
142505	cg07291601
142522	cg07292773
142530	cg07293445
142534	cg07293736
142550	cg07294785
142582	cg07296835
142593	cg07297242
142642	cg07300060
142663	cg07300846
142689	cg07302677
142723	cg07304175
142762	cg07306253
142775	cg07307078
142792	cg07308243
142830	cg07310661
142860	cg07312051
142868	cg07312357
142885	cg07312880
142900	cg07313523
142933	cg07314983
142937	cg07315010
142974	cg07316846
142997	cg07317983
143008	cg07318204
143021	cg07318609
143028	cg07318983
143057	cg07320630
143093	cg07323141
143150	cg07326586
143157	cg07327178
143168	cg07327468
143176	cg07328317
143184	cg07328579
143263	cg07333715
143301	cg07336123
143303	cg07336350
143361	cg07339138
143369	cg07339783
143371	cg07339864
143398	cg07341290
143458	cg07344172
143488	cg07345999
143507	cg07347092
143548	cg07349208
143572	cg07350470
143583	cg07351143
143592	cg07351675
143598	cg07352054
143653	cg07354679
143668	cg07355507
143681	cg07356011
143686	cg07356283
143725	cg07357781
143726	cg07357827
143787	cg07362328
143797	cg07363131
143798	cg07363137
143802	cg07363212
143804	cg07363270
143810	cg07363657
143812	cg07363697
143834	cg07364729
143840	cg07365071
143841	cg07365127
143853	cg07365960
143860	cg07366506
143886	cg07368069
143949	cg07371413
143991	cg07374224
144011	cg07375700
144026	cg07376282
144030	cg07376381
144050	cg07377422
144073	cg07378350
144113	cg07380095
144115	cg07380200
144156	cg07382039
144165	cg07382347
144176	cg07382920
144177	cg07382923
144178	cg07382943
144181	cg07383092
144204	cg07384708
144223	cg07385694
144259	cg07388018
144322	cg07391913
144363	cg07393734
144387	cg07394914
144395	cg07395354
144488	cg07400503
144539	cg07404106
144560	cg07405182
144575	cg07405810
144585	cg07406897
144607	cg07409200
144650	cg07412315
144659	cg07413467
144679	cg07414525
144701	cg07416237
144716	cg07416664
144769	cg07419975
144772	cg07420163
144863	cg07424912
144870	cg07425204
144877	cg07425646
144923	cg07428491
144984	cg07431888
144988	cg07432111
145086	cg07437546
145090	cg07437908
145142	cg07440775
145156	cg07441518
145201	cg07444408
145216	cg07445838
145236	cg07447742
145286	cg07450037
145304	cg07450849
145332	cg07452312
145372	cg07454620
145388	cg07455757
145390	cg07455790
145441	cg07458308
145454	cg07459019
145471	cg07460010
145526	cg07462756
145543	cg07463445
145580	cg07464977
145619	cg07466807
145692	cg07470207
145702	cg07470512
145712	cg07470968
145731	cg07471948
145749	cg07472704
145815	cg07475394
145845	cg07476923
145876	cg07478240
145880	cg07478392
145933	cg07480647
145949	cg07481320
145960	cg07482202
145984	cg07483086
146009	cg07484220
146028	cg07485198
146054	cg07486252
146055	cg07486383
146065	cg07487572
146066	cg07487731
146107	cg07490070
146141	cg07492045
146151	cg07492590
146157	cg07492924
146199	cg07495027
146236	cg07497520
146254	cg07498426
146287	cg07500325
146306	cg07501233
146316	cg07501955
146334	cg07502829
146336	cg07502874
146378	cg07505018
146438	cg07507686
146475	cg07509935
146517	cg07512290
146521	cg07512361
146574	cg07515422
146593	cg07516445
146659	cg07520163
146666	cg07520687
146695	cg07522516
146701	cg07522913
146727	cg07524348
146739	cg07525077
146745	cg07525299
146781	cg07527126
146811	cg07529122
146825	cg07529715
146828	cg07529754
146834	cg07530063
146846	cg07530656
146863	cg07531268
146865	cg07531343
146876	cg07532183
146921	cg07534448
146925	cg07534843
146968	cg07537095
146977	cg07537417
147077	cg07542748
147087	cg07543830
147089	cg07543967
147105	cg07544796
147114	cg07545306
147126	cg07545858
147140	cg07546360
147146	cg07546654
147152	cg07546943
147161	cg07547765
147170	cg07548282
147292	cg07554771
147406	cg07560510
147434	cg07561747
147458	cg07562888
147592	cg07569216
147599	cg07569575
147617	cg07570394
147651	cg07571734
147672	cg07572773
147739	cg07576033
147740	cg07576074
147749	cg07576363
147768	cg07577267
147786	cg07578108
147796	cg07578695
147838	cg07581462
147841	cg07581623
147862	cg07582655
147870	cg07582923
147895	cg07584066
147901	cg07584237
147924	cg07585257
147937	cg07586026
148087	cg07592361
148093	cg07592723
148100	cg07592963
148103	cg07593205
148156	cg07595602
148158	cg07595776
148198	cg07597892
148219	cg07598561
148239	cg07599881
148241	cg07599979
148271	cg07601542
148399	cg07608565
148444	cg07611658
148445	cg07611666
148534	cg07616374
148539	cg07616828
148541	cg07616879
148555	cg07617338
148573	cg07618435
148588	cg07619142
148625	cg07621224
148636	cg07621758
148653	cg07622521
148661	cg07622833
148714	cg07626033
148730	cg07627452
148786	cg07629965
148811	cg07631407
148812	cg07631435
148836	cg07633317
148874	cg07635623
148887	cg07636194
148928	cg07638450
149037	cg07644125
149064	cg07645761
149066	cg07645844
149100	cg07648238
149109	cg07648740
149197	cg07654934
149207	cg07655487
149215	cg07655948
149244	cg07658280
149249	cg07658449
149264	cg07659054
149287	cg07660671
149338	cg07663732
149348	cg07664029
149351	cg07664183
149384	cg07665487
149430	cg07668501
149438	cg07668993
149493	cg07672238
149508	cg07673080
149522	cg07673740
149523	cg07673807
149555	cg07675477
149563	cg07675998
149571	cg07676300
149575	cg07676361
149576	cg07676517
149599	cg07678518
149626	cg07679948
149648	cg07681579
149680	cg07683388
149734	cg07686872
149742	cg07687172
149781	cg07689252
149807	cg07690768
149810	cg07690882
149858	cg07694025
149864	cg07694424
149885	cg07695566
149902	cg07696354
149912	cg07696842
149924	cg07697227
149989	cg07700233
150007	cg07700925
150070	cg07703462
150077	cg07703756
150101	cg07704934
150112	cg07705739
150123	cg07706053
150172	cg07708286
150320	cg07716663
150361	cg07718903
150363	cg07719096
150395	cg07720334
150417	cg07721569
150430	cg07722358
150458	cg07723659
150473	cg07724623
150536	cg07727170
150540	cg07727358
150572	cg07729527
150575	cg07729842
150697	cg07737063
150711	cg07737644
150727	cg07738730
150772	cg07741162
150879	cg07746960
150882	cg07747133
150935	cg07749442
150974	cg07751277
150980	cg07751331
150999	cg07752409
151015	cg07753583
151060	cg07756434
151097	cg07758738
151164	cg07763047
151176	cg07763768
151180	cg07764113
151211	cg07766572
151251	cg07769588
151303	cg07773186
151307	cg07773510
151349	cg07776049
151382	cg07777694
151384	cg07777790
151394	cg07778819
151400	cg07779313
151427	cg07780543
151462	cg07781736
151492	cg07783282
151519	cg07784872
151530	cg07785717
151532	cg07785737
151553	cg07787543
151557	cg07787666
151570	cg07788369
151571	cg07788437
151575	cg07788537
151627	cg07791578
151642	cg07792345
151646	cg07792478
151658	cg07793033
151681	cg07794384
151722	cg07796335
151797	cg07800208
151832	cg07802401
151837	cg07802710
151841	cg07802949
151867	cg07804276
151868	cg07804289
151878	cg07804711
151889	cg07805064
151900	cg07805542
151908	cg07805777
151936	cg07807165
151938	cg07807210
151985	cg07809831
151989	cg07810039
152009	cg07810726
152012	cg07810884
152020	cg07811110
152059	cg07813142
152065	cg07813265
152070	cg07813377
152086	cg07814289
152113	cg07815131
152214	cg07820742
152218	cg07820868
152260	cg07823492
152296	cg07824824
152314	cg07825681
152347	cg07828024
152387	cg07830160
152413	cg07831351
152421	cg07832006
152446	cg07833262
152454	cg07833467
152456	cg07833554
152477	cg07834574
152482	cg07834841
152498	cg07835424
152521	cg07836815
152548	cg07838270
152574	cg07839926
152685	cg07846737
152702	cg07847863
152722	cg07849384
152726	cg07849581
152732	cg07849944
152773	cg07851675
152787	cg07852840
152816	cg07855083
152819	cg07855242
152827	cg07855465
152831	cg07855572
152841	cg07856155
152874	cg07857792
152878	cg07858195
152885	cg07858908
152900	cg07860213
152903	cg07860833
152926	cg07862461
152927	cg07862488
152939	cg07863022
152955	cg07864297
152964	cg07864976
152971	cg07865418
153022	cg07869023
153047	cg07870237
153063	cg07870914
153109	cg07873178
153112	cg07873320
153160	cg07875993
153202	cg07878514
153248	cg07881032
153258	cg07881405
153380	cg07889505
153393	cg07890238
153398	cg07890553
153413	cg07891179
153415	cg07891271
153424	cg07891531
153425	cg07891533
153448	cg07892785
153473	cg07894352
153498	cg07895437
153568	cg07899016
153587	cg07899997
153628	cg07902749
153660	cg07904475
153691	cg07906046
153712	cg07906632
153722	cg07907386
153743	cg07908237
153749	cg07908679
153780	cg07910075
153788	cg07910560
153789	cg07910680
153810	cg07911664
153816	cg07911905
153818	cg07911961
153847	cg07913197
153861	cg07914200
153872	cg07914866
153879	cg07915206
153882	cg07915282
153886	cg07915434
153913	cg07916654
153924	cg07917269
154006	cg07920525
154021	cg07921371
154022	cg07921384
154046	cg07922606
154051	cg07922843
154159	cg07928086
154190	cg07929646
154220	cg07931391
154242	cg07933035
154317	cg07936672
154322	cg07936950
154327	cg07937271
154331	cg07937453
154347	cg07938743
154357	cg07939499
154387	cg07941927
154398	cg07942479
154447	cg07944936
154467	cg07946277
154478	cg07947016
154488	cg07947705
154520	cg07949720
154550	cg07951355
154584	cg07953201
154592	cg07953935
154599	cg07954414
154635	cg07955995
154657	cg07957471
154679	cg07959068
154717	cg07960624
154744	cg07961887
154809	cg07964754
154811	cg07964848
154849	cg07967254
154860	cg07967679
154865	cg07968031
154898	cg07969684
154906	cg07970146
154952	cg07972322
154967	cg07973095
154977	cg07973435
154984	cg07973709
154997	cg07974511
155060	cg07979034
155142	cg07983363
155163	cg07984515
155182	cg07985890
155216	cg07988171
155257	cg07990556
155263	cg07990843
155293	cg07992457
155302	cg07992659
155313	cg07993367
155339	cg07995570
155357	cg07996594
155381	cg07997877
155390	cg07998277
155399	cg07998554
155411	cg07999415
155488	cg08004278
155491	cg08004525
155522	cg08006625
155524	cg08006672
155527	cg08006956
155529	cg08007074
155585	cg08010094
155595	cg08011119
155637	cg08013331
155638	cg08013557
155674	cg08015801
155680	cg08016257
155731	cg08019384
155760	cg08021564
155775	cg08022244
155779	cg08022436
155781	cg08022524
155821	cg08024887
155841	cg08026493
155882	cg08028974
155896	cg08029969
155933	cg08032476
155940	cg08032924
155987	cg08035151
155988	cg08035195
155990	cg08035234
156012	cg08036309
156062	cg08038219
156118	cg08040824
156127	cg08041350
156129	cg08041408
156130	cg08041448
156139	cg08042220
156150	cg08042538
156229	cg08047457
156246	cg08048268
156298	cg08051604
156332	cg08054070
156396	cg08058160
156520	cg08065122
156542	cg08066129
156557	cg08066673
156639	cg08071609
156741	cg08076266
156749	cg08076830
156753	cg08076955
156762	cg08077671
156763	cg08077673
156769	cg08078058
156771	cg08078204
156801	cg08079908
156808	cg08080145
156810	cg08080195
156811	cg08080213
156833	cg08081390
156862	cg08082788
156865	cg08082810
156875	cg08083251
156880	cg08083599
156921	cg08085639
156935	cg08086720
156957	cg08087868
156964	cg08088390
156967	cg08088566
156985	cg08089518
156989	cg08089567
157007	cg08090407
157012	cg08090640
157020	cg08091192
157059	cg08093097
157067	cg08093568
157110	cg08096367
157111	cg08096381
157178	cg08099797
157207	cg08101303
157209	cg08101375
157250	cg08103988
157282	cg08105378
157284	cg08105471
157291	cg08105834
157303	cg08106279
157372	cg08109646
157385	cg08110272
157395	cg08110688
157424	cg08111960
157427	cg08112248
157437	cg08112737
157500	cg08115732
157510	cg08116462
157535	cg08118159
157604	cg08121041
157624	cg08121925
157669	cg08123444
157689	cg08124446
157742	cg08126875
157764	cg08128274
157782	cg08129092
157790	cg08129331
157797	cg08129583
157868	cg08132940
157915	cg08134678
157932	cg08135379
157933	cg08135406
157962	cg08136809
157978	cg08137716
157981	cg08137948
158006	cg08139247
158092	cg08143343
158113	cg08144675
158191	cg08149193
158201	cg08149747
158221	cg08151292
158223	cg08151370
158229	cg08151612
158230	cg08151623
158281	cg08154437
158294	cg08155116
158298	cg08155325
158300	cg08155347
158322	cg08156531
158372	cg08159033
158417	cg08160970
158433	cg08161666
158459	cg08162803
158467	cg08163199
158483	cg08164191
158529	cg08166272
158565	cg08167951
158571	cg08168400
158593	cg08169827
158618	cg08170787
158631	cg08171351
158675	cg08173692
158713	cg08176140
158737	cg08177681
158741	cg08177833
158780	cg08180229
158860	cg08184792
158864	cg08185075
158909	cg08187779
158942	cg08189198
158946	cg08189615
158959	cg08190298
158962	cg08190450
158969	cg08190858
158971	cg08190928
159010	cg08193650
159011	cg08193681
159046	cg08195491
159057	cg08195943
159059	cg08195983
159068	cg08196553
159078	cg08196968
159088	cg08197569
159144	cg08199758
159152	cg08200420
159172	cg08201451
159192	cg08202494
159236	cg08204402
159255	cg08205639
159258	cg08205700
159269	cg08206318
159319	cg08209473
159345	cg08210507
159362	cg08211145
159400	cg08213590
159417	cg08214423
159454	cg08216021
159465	cg08216684
159466	cg08216768
159513	cg08219218
159523	cg08219700
159574	cg08222513
159587	cg08223225
159619	cg08224682
159626	cg08224920
159654	cg08227353
159665	cg08228249
159720	cg08230483
159749	cg08231710
159751	cg08231870
159775	cg08233811
159787	cg08234354
159795	cg08234689
159796	cg08234878
159801	cg08235161
159864	cg08238215
159878	cg08239282
159889	cg08239858
159922	cg08241360
159966	cg08243728
159976	cg08244156
159980	cg08244262
160016	cg08246090
160043	cg08247587
160046	cg08247612
160072	cg08248579
160112	cg08250787
160132	cg08251449
160153	cg08252804
160237	cg08258494
160263	cg08259514
160267	cg08259810
160272	cg08260052
160273	cg08260245
160360	cg08264481
160370	cg08264805
160389	cg08265551
160403	cg08266202
160415	cg08266712
160432	cg08267250
160488	cg08269974
160524	cg08271366
160548	cg08272572
160558	cg08273233
160592	cg08274637
160618	cg08276062
160638	cg08276755
160679	cg08278554
160736	cg08281415
160743	cg08282037
160771	cg08283941
160777	cg08284213
160785	cg08284496
160805	cg08285289
160818	cg08285677
160847	cg08287334
160859	cg08288016
160873	cg08288561
160885	cg08289130
160900	cg08289567
160960	cg08292467
161017	cg08295410
161036	cg08296680
161053	cg08297751
161056	cg08298091
161080	cg08299521
161118	cg08301503
161182	cg08305551
161195	cg08305942
161235	cg08308477
161239	cg08308801
161257	cg08309809
161271	cg08310581
161293	cg08311935
161321	cg08313420
161323	cg08313539
161334	cg08314176
161375	cg08316083
161403	cg08317694
161426	cg08318726
161438	cg08319294
161454	cg08320164
161462	cg08320659
161476	cg08321382
161493	cg08322234
161552	cg08325813
161555	cg08325845
161585	cg08327394
161594	cg08327744
161606	cg08328513
161611	cg08328777
161643	cg08330690
161658	cg08331733
161674	cg08332594
161703	cg08333858
161706	cg08334034
161798	cg08341079
161817	cg08342332
161870	cg08345211
161909	cg08347500
161967	cg08351100
161979	cg08351536
162001	cg08352920
162026	cg08354372
162091	cg08357627
162112	cg08358803
162146	cg08360726
162172	cg08362592
162198	cg08364137
162202	cg08364561
162224	cg08365738
162279	cg08369014
162286	cg08369368
162293	cg08369872
162296	cg08370077
162325	cg08371391
162326	cg08371532
162333	cg08371772
162342	cg08372212
162385	cg08374890
162387	cg08375234
162391	cg08375658
162457	cg08379029
162469	cg08379897
162470	cg08379987
162513	cg08382235
162531	cg08383160
162559	cg08385173
162594	cg08387463
162634	cg08390172
162635	cg08390209
162646	cg08390877
162648	cg08390979
162655	cg08391415
162705	cg08394412
162782	cg08400124
162805	cg08401628
162807	cg08401703
162808	cg08401725
162818	cg08402246
162844	cg08403885
162846	cg08404009
162850	cg08404225
162885	cg08407014
162915	cg08409113
162929	cg08409642
162952	cg08410996
162956	cg08411235
162975	cg08412885
162987	cg08413419
163028	cg08415849
163038	cg08416194
163073	cg08418111
163100	cg08419873
163155	cg08423533
163156	cg08423562
163162	cg08423879
163182	cg08424981
163283	cg08431536
163296	cg08431931
163301	cg08432383
163391	cg08438435
163392	cg08438529
163400	cg08439109
163453	cg08441839
163480	cg08443563
163489	cg08444004
163513	cg08445802
163537	cg08447324
163539	cg08447373
163552	cg08447739
163652	cg08452456
163658	cg08452802
163665	cg08453036
163673	cg08453458
163685	cg08454053
163691	cg08454455
163705	cg08455099
163738	cg08456859
163743	cg08457178
163749	cg08457421
163762	cg08458121
163775	cg08458637
163782	cg08458745
163814	cg08460435
163831	cg08461097
163847	cg08461752
163855	cg08461949
163885	cg08462988
163890	cg08463280
163912	cg08464177
163939	cg08465346
163965	cg08466792
164015	cg08469215
164099	cg08473660
164113	cg08474478
164114	cg08474521
164121	cg08474859
164149	cg08476055
164169	cg08477106
164194	cg08478151
164269	cg08481873
164287	cg08482926
164309	cg08484265
164310	cg08484337
164318	cg08484671
164338	cg08485649
164377	cg08488841
164392	cg08489674
164394	cg08489883
164444	cg08492173
164467	cg08493294
164475	cg08493776
164498	cg08494871
164517	cg08495813
164586	cg08499046
164593	cg08499756
164609	cg08500417
164610	cg08500510
164662	cg08504583
164686	cg08506113
164708	cg08506931
164722	cg08507975
164728	cg08508337
164761	cg08510178
164778	cg08511651
164839	cg08515442
164848	cg08515989
164863	cg08516817
164902	cg08519905
164919	cg08520746
164936	cg08521684
164954	cg08522426
164968	cg08523384
164970	cg08523456
165007	cg08525314
165019	cg08525922
165067	cg08528604
165076	cg08529019
165083	cg08529269
165086	cg08529333
165087	cg08529345
165100	cg08529931
165125	cg08530838
165177	cg08533745
165212	cg08535474
165218	cg08535928
165237	cg08536999
165255	cg08538032
165266	cg08538682
165288	cg08539965
165299	cg08540745
165349	cg08542865
165352	cg08543028
165371	cg08544331
165412	cg08546690
165431	cg08547691
165444	cg08548284
165446	cg08548396
165449	cg08548444
165470	cg08549390
165475	cg08549605
165513	cg08551047
165519	cg08551532
165529	cg08552042
165532	cg08552167
165535	cg08552214
165563	cg08553601
165576	cg08554257
165600	cg08555653
165686	cg08561732
165751	cg08567279
165789	cg08569678
165794	cg08569979
165796	cg08570034
165837	cg08572513
165858	cg08573315
165860	cg08573435
165866	cg08573687
165881	cg08574629
165884	cg08574915
165885	cg08574978
165931	cg08577046
165936	cg08577293
165976	cg08578703
166085	cg08584759
166146	cg08589077
166222	cg08594554
166255	cg08596486
166256	cg08596532
166281	cg08597733
166286	cg08597799
166298	cg08598654
166313	cg08599437
166314	cg08599448
166330	cg08600430
166337	cg08601357
166358	cg08602346
166370	cg08602861
166385	cg08604097
166387	cg08604223
166396	cg08604785
166403	cg08605301
166428	cg08607018
166486	cg08610426
166493	cg08610862
166543	cg08613144
166564	cg08614290
166578	cg08614871
166581	cg08615333
166594	cg08616061
166613	cg08617135
166614	cg08617160
166622	cg08617683
166645	cg08619378
166702	cg08621778
166723	cg08622757
166736	cg08623277
166762	cg08624472
166768	cg08624915
166793	cg08625990
166816	cg08626932
166835	cg08627624
166864	cg08629379
166883	cg08630923
166913	cg08632909
166934	cg08633959
166943	cg08634318
166988	cg08636620
166997	cg08637438
167018	cg08638514
167056	cg08640619
167062	cg08640923
167071	cg08641278
167085	cg08641881
167101	cg08642342
167105	cg08642716
167208	cg08647912
167216	cg08648317
167222	cg08648568
167246	cg08650132
167295	cg08652487
167323	cg08654915
167324	cg08654960
167342	cg08655871
167407	cg08659421
167429	cg08660915
167431	cg08660959
167446	cg08661469
167455	cg08662052
167525	cg08666915
167526	cg08666956
167537	cg08667740
167545	cg08668199
167594	cg08671647
167600	cg08672140
167659	cg08676425
167660	cg08676438
167662	cg08676510
167693	cg08678154
167695	cg08678256
167722	cg08680048
167773	cg08682532
167799	cg08683938
167804	cg08684511
167808	cg08684580
167822	cg08685040
167918	cg08690859
167921	cg08690999
167934	cg08691567
167938	cg08691775
167967	cg08693172
167975	cg08693490
168000	cg08694699
168013	cg08695357
168026	cg08695855
168035	cg08696316
168039	cg08696640
168055	cg08697503
168058	cg08697732
168091	cg08699206
168100	cg08699631
168118	cg08700454
168146	cg08701843
168178	cg08703540
168187	cg08703857
168199	cg08704536
168201	cg08704562
168244	cg08707471
168257	cg08707988
168308	cg08710921
168348	cg08713073
168359	cg08713568
168379	cg08714996
168395	cg08715595
168433	cg08717880
168449	cg08718490
168451	cg08718880
168580	cg08726338
168651	cg08729810
168670	cg08730743
168688	cg08732300
168695	cg08732466
168777	cg08736638
168788	cg08737189
168852	cg08740698
168865	cg08741898
168874	cg08742262
168894	cg08743751
168913	cg08745288
168916	cg08745451
168943	cg08747557
168957	cg08748170
168995	cg08750280
169004	cg08750504
169060	cg08754149
169078	cg08755224
169091	cg08756033
169128	cg08757862
169234	cg08763705
169239	cg08764162
169352	cg08772028
169365	cg08772789
169376	cg08773462
169399	cg08775137
169431	cg08777316
169455	cg08779649
169469	cg08780398
169471	cg08780680
169476	cg08781140
169482	cg08781365
169489	cg08781710
169490	cg08781728
169537	cg08784129
169563	cg08785784
169568	cg08786026
169570	cg08786077
169606	cg08788681
169640	cg08790676
169647	cg08791347
169675	cg08792812
169678	cg08792995
169685	cg08793877
169702	cg08794940
169741	cg08797444
169776	cg08799305
169813	cg08801479
169816	cg08801795
169833	cg08802533
169840	cg08802841
169871	cg08804892
169878	cg08805241
169909	cg08806779
169920	cg08808042
169975	cg08811259
169994	cg08812266
169997	cg08812555
170004	cg08812889
170014	cg08813349
170021	cg08813925
170023	cg08813944
170043	cg08815081
170048	cg08815306
170077	cg08816590
170099	cg08817867
170165	cg08821738
170200	cg08822897
170205	cg08823110
170209	cg08823209
170246	cg08825075
170258	cg08825645
170324	cg08828819
170327	cg08829007
170334	cg08829299
170346	cg08830492
170355	cg08830672
170366	cg08831348
170386	cg08832220
170387	cg08832227
170392	cg08832603
170393	cg08832624
170403	cg08832906
170463	cg08835992
170506	cg08838671
170583	cg08843064
170592	cg08843517
170597	cg08843756
170610	cg08844365
170613	cg08844501
170640	cg08845486
170644	cg08845722
170670	cg08847173
170679	cg08847614
170742	cg08850461
170744	cg08850641
170793	cg08853572
170804	cg08854266
170816	cg08854834
170825	cg08855449
170842	cg08856033
170869	cg08857063
170887	cg08857729
170901	cg08858201
170929	cg08859159
170973	cg08861404
171008	cg08862890
171018	cg08863830
171022	cg08863953
171037	cg08864645
171044	cg08865099
171072	cg08866665
171083	cg08867241
171101	cg08867825
171114	cg08868915
171172	cg08871545
171174	cg08871608
171183	cg08871964
171201	cg08872590
171206	cg08872722
171220	cg08873424
171240	cg08874512
171276	cg08876434
171303	cg08877322
171327	cg08878368
171336	cg08878744
171346	cg08879365
171350	cg08879470
171377	cg08880849
171388	cg08881680
171407	cg08882472
171431	cg08883853
171435	cg08884074
171488	cg08886020
171502	cg08886711
171506	cg08886823
171521	cg08887400
171552	cg08889009
171571	cg08889797
171628	cg08892613
171645	cg08893692
171649	cg08893839
171689	cg08895590
171705	cg08896939
171713	cg08897188
171730	cg08898155
171737	cg08898515
171788	cg08900821
171802	cg08901339
171808	cg08901662
171811	cg08901867
171817	cg08902205
171844	cg08903619
171848	cg08903855
171919	cg08908131
171924	cg08908264
171953	cg08910558
172018	cg08915171
172033	cg08916461
172068	cg08918576
172077	cg08918985
172095	cg08920174
172099	cg08920252
172127	cg08922547
172142	cg08923271
172191	cg08926365
172231	cg08929002
172253	cg08930131
172263	cg08930881
172265	cg08930904
172279	cg08931647
172282	cg08931835
172378	cg08936897
172411	cg08938793
172428	cg08939850
172445	cg08940570
172448	cg08940787
172483	cg08942527
172535	cg08944940
172540	cg08945340
172562	cg08946601
172598	cg08948808
172618	cg08949655
172650	cg08951273
172655	cg08951891
172684	cg08954277
172690	cg08954601
172730	cg08957127
172734	cg08957484
172742	cg08958251
172745	cg08958549
172798	cg08961664
172867	cg08965888
172928	cg08969344
172937	cg08969855
172942	cg08969950
172958	cg08970655
172974	cg08971667
172983	cg08972081
172997	cg08972954
173013	cg08973950
173032	cg08975445
173103	cg08979319
173132	cg08980987
173207	cg08985785
173211	cg08985968
173212	cg08985979
173293	cg08991643
173294	cg08991742
173335	cg08994060
173337	cg08994082
173339	cg08994384
173365	cg08996445
173380	cg08996805
173397	cg08998189
173443	cg09001028
173457	cg09001939
173465	cg09002358
173477	cg09003057
173482	cg09003509
173512	cg09005971
173559	cg09009070
173580	cg09010067
173639	cg09012594
173652	cg09013220
173659	cg09013655
173674	cg09014626
173685	cg09015433
173690	cg09015774
173705	cg09016797
173706	cg09016806
173710	cg09016968
173759	cg09019648
173795	cg09022230
173811	cg09022993
173818	cg09023624
173850	cg09025501
173881	cg09027601
173890	cg09028204
173918	cg09029902
173969	cg09033333
173992	cg09034795
174012	cg09035925
174070	cg09038971
174102	cg09040942
174114	cg09041678
174121	cg09042277
174231	cg09048251
174234	cg09048500
174260	cg09050331
174261	cg09050372
174299	cg09053081
174308	cg09053907
174431	cg09061684
174447	cg09062638
174452	cg09062970
174457	cg09063173
174465	cg09063683
174472	cg09063936
174500	cg09065714
174508	cg09066361
174511	cg09066883
174515	cg09067029
174540	cg09068286
174611	cg09072162
174634	cg09073493
174641	cg09074113
174653	cg09074856
174669	cg09075558
174684	cg09076337
174701	cg09077126
174703	cg09077319
174710	cg09077752
174712	cg09077934
174735	cg09079909
174757	cg09081266
174786	cg09083279
174788	cg09083359
174797	cg09084106
174804	cg09084391
174823	cg09085501
174848	cg09086835
174868	cg09088153
174875	cg09088406
174943	cg09093150
174975	cg09094964
174993	cg09095892
175000	cg09096087
175007	cg09096555
175160	cg09107161
175164	cg09107315
175181	cg09108394
175187	cg09109383
175212	cg09111071
175217	cg09111482
175247	cg09113483
175283	cg09115646
175296	cg09116618
175304	cg09117448
175344	cg09119854
175396	cg09122096
175506	cg09127170
175510	cg09127400
175512	cg09127448
175564	cg09131339
175588	cg09132607
175590	cg09132634
175592	cg09132790
175640	cg09134794
175653	cg09135343
175660	cg09135656
175663	cg09135754
175680	cg09137125
175688	cg09137630
175690	cg09137696
175708	cg09138865
175742	cg09140778
175778	cg09142313
175807	cg09143673
175838	cg09145147
175851	cg09146183
175870	cg09146903
175873	cg09147068
175899	cg09148417
175926	cg09149894
175931	cg09150064
176052	cg09156097
176068	cg09157302
176080	cg09158314
176098	cg09159285
176110	cg09160020
176117	cg09160231
176139	cg09161446
176154	cg09162518
176179	cg09163745
176194	cg09164580
176214	cg09165842
176215	cg09165893
176223	cg09166519
176239	cg09167632
176272	cg09169320
176283	cg09169617
176290	cg09169779
176291	cg09169796
176293	cg09169874
176332	cg09172244
176337	cg09172548
176358	cg09173768
176370	cg09174411
176373	cg09174502
176374	cg09174555
176406	cg09175834
176407	cg09175843
176447	cg09177567
176483	cg09179845
176490	cg09180171
176498	cg09180564
176502	cg09180702
176571	cg09184832
176614	cg09187007
176622	cg09187505
176666	cg09190051
176713	cg09192801
176715	cg09192940
176743	cg09195389
176775	cg09197492
176787	cg09198138
176796	cg09198782
176808	cg09199330
176902	cg09207762
176922	cg09210135
176941	cg09211763
177070	cg09219877
177149	cg09224689
177165	cg09225457
177238	cg09229492
177243	cg09229893
177245	cg09229918
177306	cg09232478
177329	cg09233651
177335	cg09233791
177359	cg09234616
177381	cg09235562
177382	cg09235583
177403	cg09236434
177407	cg09236658
177412	cg09237133
177420	cg09237846
177432	cg09238332
177468	cg09240693
177470	cg09240763
177571	cg09246479
177649	cg09249588
177663	cg09250149
177678	cg09250933
177688	cg09251362
177695	cg09251600
177721	cg09252999
177805	cg09256964
177816	cg09257456
177819	cg09257635
177868	cg09259772
177905	cg09261816
177922	cg09262666
177927	cg09263024
177939	cg09263516
177950	cg09264231
177959	cg09264782
177975	cg09265586
177983	cg09266087
178011	cg09267427
178014	cg09267483
178023	cg09267815
178032	cg09268718
178067	cg09270346
178112	cg09273054
178163	cg09275704
178164	cg09275783
178169	cg09275956
178174	cg09276108
178180	cg09276445
178241	cg09279736
178254	cg09280800
178270	cg09281979
178272	cg09282201
178273	cg09282258
178278	cg09282497
178315	cg09284949
178329	cg09285851
178336	cg09286367
178351	cg09287190
178360	cg09287629
178368	cg09288218
178384	cg09289202
178458	cg09293718
178472	cg09294095
178487	cg09295050
178504	cg09296270
178530	cg09297903
178536	cg09298313
178547	cg09299053
178548	cg09299055
178555	cg09299388
178563	cg09300114
178675	cg09305883
178707	cg09307788
178720	cg09308580
178724	cg09308639
178733	cg09309024
178737	cg09309261
178738	cg09309269
178750	cg09310092
178782	cg09312576
178803	cg09313482
178810	cg09313745
178815	cg09313931
178869	cg09316607
178886	cg09317554
178897	cg09318066
178900	cg09318122
178947	cg09320190
178977	cg09321403
178992	cg09322259
178997	cg09322513
179014	cg09323395
179020	cg09323727
179041	cg09324608
179064	cg09325404
179076	cg09326135
179108	cg09327714
179121	cg09328012
179163	cg09330834
179166	cg09330923
179175	cg09331409
179192	cg09332484
179200	cg09332960
179231	cg09334514
179239	cg09334776
179250	cg09335713
179262	cg09336406
179278	cg09337254
179292	cg09338032
179300	cg09338302
179302	cg09338489
179325	cg09340205
179328	cg09340279
179352	cg09342225
179354	cg09342325
179420	cg09347176
179475	cg09351315
179495	cg09352518
179514	cg09353985
179520	cg09354241
179588	cg09357462
179601	cg09357935
179619	cg09359064
179622	cg09359114
179702	cg09363587
179707	cg09363735
179753	cg09366312
179761	cg09366587
179784	cg09367545
179804	cg09368188
179845	cg09370594
179854	cg09370982
179857	cg09371059
179889	cg09372692
179913	cg09373676
179930	cg09374673
179952	cg09375907
179961	cg09376835
179995	cg09378783
180003	cg09379385
180019	cg09380409
180047	cg09382096
180049	cg09382127
180073	cg09383907
180100	cg09386050
180152	cg09388920
180169	cg09390414
180175	cg09391066
180191	cg09391949
180204	cg09392827
180207	cg09393254
180237	cg09395195
180242	cg09395443
180275	cg09397246
180311	cg09399225
180314	cg09399281
180344	cg09401099
180347	cg09401639
180364	cg09403559
180377	cg09404376
180411	cg09406004
180464	cg09408768
180504	cg09410389
180532	cg09411730
180569	cg09413529
180593	cg09414673
180703	cg09420319
180704	cg09420412
180732	cg09422450
180747	cg09423283
180760	cg09424006
180864	cg09430223
180883	cg09430957
180904	cg09432376
180957	cg09435411
180994	cg09437162
181000	cg09437479
181005	cg09437808
181042	cg09439722
181064	cg09440788
181083	cg09441736
181093	cg09442403
181210	cg09448616
181250	cg09450352
181265	cg09451235
181267	cg09451320
181273	cg09451457
181276	cg09451574
181294	cg09452728
181338	cg09455513
181347	cg09456094
181388	cg09458272
181425	cg09460229
181432	cg09460553
181461	cg09462350
181467	cg09462576
181476	cg09462924
181487	cg09463466
181497	cg09463917
181500	cg09464028
181505	cg09464206
181558	cg09467944
181583	cg09469566
181588	cg09469667
181596	cg09470010
181650	cg09473207
181656	cg09473359
181665	cg09473613
181718	cg09476130
181729	cg09476611
181742	cg09477407
181778	cg09479650
181785	cg09480047
181786	cg09480054
181788	cg09480190
181809	cg09481404
181844	cg09484032
181875	cg09486778
181882	cg09487101
181888	cg09487449
181901	cg09488203
181937	cg09490603
181965	cg09492451
181969	cg09492887
181972	cg09493150
181975	cg09493290
182013	cg09495643
182021	cg09495977
182058	cg09498572
182085	cg09500171
182095	cg09500443
182117	cg09501509
182128	cg09502015
182143	cg09502809
182157	cg09503596
182201	cg09506001
182209	cg09506473
182262	cg09508730
182271	cg09509183
182293	cg09510077
182325	cg09511427
182334	cg09511896
182353	cg09513276
182365	cg09513990
182400	cg09515953
182459	cg09518670
182498	cg09521647
182499	cg09521703
182505	cg09522018
182545	cg09524396
182549	cg09524639
182554	cg09524946
182582	cg09526712
182604	cg09527680
182636	cg09529437
182687	cg09533168
182691	cg09533293
182697	cg09533708
182700	cg09533845
182701	cg09533868
182723	cg09535924
182757	cg09537620
182858	cg09544149
182887	cg09545984
182906	cg09547025
182944	cg09548718
182945	cg09548780
182970	cg09550083
182982	cg09550810
182983	cg09550909
183029	cg09553242
183038	cg09553651
183046	cg09553982
183048	cg09554077
183108	cg09556826
183120	cg09557313
183124	cg09557462
183156	cg09559189
183171	cg09559882
183225	cg09562563
183250	cg09563846
183259	cg09564361
183303	cg09566995
183309	cg09567197
183316	cg09567511
183342	cg09568647
183347	cg09569097
183373	cg09570682
183385	cg09571376
183418	cg09573795
183450	cg09576074
183467	cg09577228
183471	cg09577324
183507	cg09578794
183510	cg09578937
183532	cg09579869
183544	cg09580284
183545	cg09580336
183562	cg09581060
183568	cg09581226
183597	cg09583024
183648	cg09586459
183671	cg09588360
183686	cg09589443
183690	cg09590068
183695	cg09590377
183710	cg09591524
183719	cg09592121
183771	cg09595384
183774	cg09595479
183790	cg09596614
183792	cg09596674
183800	cg09597022
183801	cg09597070
183833	cg09599130
183841	cg09599843
183873	cg09601912
183874	cg09601923
183876	cg09602020
183879	cg09602288
183892	cg09602803
183904	cg09603829
183974	cg09607488
184019	cg09610558
184029	cg09610767
184039	cg09611490
184098	cg09614653
184192	cg09619624
184204	cg09620689
184209	cg09621330
184218	cg09621708
184220	cg09621958
184238	cg09622982
184254	cg09623773
184255	cg09623845
184286	cg09626054
184297	cg09626867
184298	cg09626894
184350	cg09630706
184366	cg09631909
184370	cg09632136
184374	cg09632273
184381	cg09632907
184384	cg09633081
184395	cg09634019
184405	cg09634455
184437	cg09636245
184457	cg09637273
184491	cg09639151
184549	cg09642378
184551	cg09642408
184567	cg09643136
184573	cg09643312
184605	cg09645138
184619	cg09645993
184623	cg09646197
184661	cg09648454
184696	cg09650488
184711	cg09651522
184748	cg09654300
184768	cg09655403
184773	cg09655666
184789	cg09656389
184865	cg09660970
184878	cg09661951
184909	cg09662920
184915	cg09663111
184933	cg09663836
184938	cg09664215
184965	cg09665332
185000	cg09667289
185031	cg09668627
185040	cg09669354
185075	cg09671258
185085	cg09671951
185093	cg09672187
185102	cg09672448
185140	cg09675196
185149	cg09675853
185160	cg09676606
185166	cg09676794
185210	cg09679746
185219	cg09680055
185222	cg09680447
185235	cg09681300
185236	cg09681335
185245	cg09682051
185250	cg09682213
185267	cg09683350
185272	cg09683562
185280	cg09684112
185291	cg09684429
185324	cg09686390
185345	cg09687907
185392	cg09690597
185436	cg09693588
185474	cg09696091
185477	cg09696121
185478	cg09696159
185505	cg09697697
185518	cg09698465
185530	cg09699056
185546	cg09699787
185567	cg09701102
185572	cg09701582
185599	cg09703679
185609	cg09704116
185649	cg09706122
185725	cg09712464
185731	cg09712756
185756	cg09714458
185763	cg09715009
185764	cg09715059
185779	cg09716613
185796	cg09717927
185799	cg09718037
185939	cg09727050
185956	cg09728333
186010	cg09730801
186072	cg09734418
186121	cg09737197
186122	cg09737314
186188	cg09741519
186196	cg09741912
186228	cg09744051
186252	cg09745430
186274	cg09746992
186293	cg09748960
186295	cg09748975
186355	cg09753772
186432	cg09758204
186459	cg09759446
186478	cg09760574
186550	cg09763790
186594	cg09766510
186620	cg09767822
186639	cg09769134
186666	cg09771226
186680	cg09772792
186717	cg09774842
186719	cg09774917
186744	cg09776463
186762	cg09777775
186767	cg09778357
186793	cg09780180
186794	cg09780231
186807	cg09781307
186824	cg09782097
186828	cg09782560
186859	cg09784307
186896	cg09786269
186922	cg09787504
186938	cg09788586
186944	cg09788843
186963	cg09789768
186970	cg09790270
186990	cg09791440
186994	cg09791621
187020	cg09792881
187043	cg09793883
187075	cg09795809
187084	cg09796170
187109	cg09797337
187124	cg09798023
187153	cg09799585
187154	cg09799633
187163	cg09799983
187174	cg09800974
187195	cg09802018
187213	cg09802835
187219	cg09803262
187241	cg09804503
187245	cg09804649
187258	cg09805254
187391	cg09813301
187440	cg09816218
187516	cg09820244
187610	cg09825309
187662	cg09827761
187665	cg09827833
187704	cg09829382
187733	cg09830866
187747	cg09831875
187749	cg09832102
187800	cg09834794
187841	cg09837656
187868	cg09839170
187918	cg09842118
187990	cg09846177
188018	cg09847882
188031	cg09848508
188064	cg09850478
188069	cg09850764
188080	cg09851465
188081	cg09851528
188089	cg09851951
188102	cg09852389
188108	cg09852619
188132	cg09853898
188150	cg09854734
188291	cg09861583
188298	cg09861917
188306	cg09862148
188317	cg09862711
188332	cg09863138
188360	cg09864227
188373	cg09865015
188421	cg09867290
188454	cg09868598
188457	cg09868780
188477	cg09869811
188559	cg09874333
188655	cg09881503
188688	cg09883650
188689	cg09883659
188703	cg09884146
188713	cg09884451
188750	cg09887059
188751	cg09887220
188759	cg09887589
188802	cg09889477
188826	cg09890339
188876	cg09893305
188884	cg09893871
188934	cg09896412
188977	cg09899173
188984	cg09899564
189027	cg09901951
189030	cg09902062
189032	cg09902229
189103	cg09906752
189109	cg09906991
189240	cg09914905
189309	cg09918318
189318	cg09918657
189342	cg09920172
189436	cg09926389
189478	cg09929238
189485	cg09929763
189530	cg09932747
189578	cg09935440
189635	cg09938213
189646	cg09938479
189655	cg09938881
189679	cg09940032
189701	cg09941363
189704	cg09941406
189740	cg09943716
189751	cg09944400
189776	cg09946870
189781	cg09947274
189783	cg09947611
189802	cg09948958
189819	cg09950256
189879	cg09954385
189895	cg09955645
189905	cg09956302
189918	cg09957864
189973	cg09962377
190030	cg09965996
190039	cg09966455
190070	cg09968723
190078	cg09969277
190081	cg09969528
190111	cg09971102
190120	cg09971646
190138	cg09972569
190157	cg09973514
190204	cg09976142
190235	cg09977852
190257	cg09978860
190267	cg09979641
190273	cg09980058
190274	cg09980085
190292	cg09981198
190319	cg09982773
190423	cg09988738
190472	cg09991306
190478	cg09991633
190519	cg09994035
190531	cg09994756
190605	cg09999194
190679	cg10002915
190709	cg10005224
190799	cg10010103
190838	cg10012059
190853	cg10012722
190856	cg10012920
190876	cg10014112
190883	cg10014470
190948	cg10018522
191006	cg10021633
191024	cg10022248
191067	cg10024484
191071	cg10024583
191077	cg10024909
191097	cg10026317
191121	cg10027723
191164	cg10030512
191169	cg10030648
191222	cg10034808
191266	cg10037049
191292	cg10038618
191319	cg10040116
191424	cg10046388
191427	cg10046620
191429	cg10046767
191438	cg10047181
191505	cg10052687
191523	cg10053622
191536	cg10054641
191582	cg10057033
191616	cg10058850
191706	cg10063663
191729	cg10064871
191734	cg10064922
191739	cg10065209
191791	cg10068417
191866	cg10071929
191870	cg10072168
191902	cg10074409
191909	cg10074727
191972	cg10078335
191973	cg10078415
192007	cg10080732
192009	cg10080966
192014	cg10081469
192017	cg10081626
192036	cg10082445
192040	cg10082647
192055	cg10083464
192096	cg10086659
192104	cg10087172
192113	cg10087754
192115	cg10087780
192156	cg10089801
192221	cg10092198
192237	cg10092607
192244	cg10092799
192286	cg10094994
192297	cg10095226
192312	cg10095954
192341	cg10096929
192360	cg10098021
192385	cg10099415
192482	cg10104252
192514	cg10105884
192523	cg10106284
192532	cg10106804
192557	cg10107890
192588	cg10109635
192589	cg10109731
192621	cg10111292
192640	cg10112017
192672	cg10113526
192677	cg10113760
192691	cg10114877
192697	cg10115203
192698	cg10115320
192727	cg10116675
192731	cg10116893
192765	cg10118717
192776	cg10119160
192806	cg10120897
192843	cg10122865
192854	cg10123421
192879	cg10124812
192895	cg10125636
192902	cg10126181
192903	cg10126205
192926	cg10127554
192931	cg10127921
192948	cg10129154
192981	cg10130564
192999	cg10131465
193011	cg10131972
193019	cg10132287
193038	cg10133465
193041	cg10133610
193062	cg10134799
193063	cg10134833
193068	cg10134963
193087	cg10135894
193101	cg10136560
193129	cg10138970
193157	cg10140240
193201	cg10142436
193204	cg10142520
193238	cg10143811
193243	cg10143960
193244	cg10144104
193248	cg10144400
193285	cg10146008
193324	cg10147462
193328	cg10147797
193371	cg10149870
193408	cg10152449
193446	cg10154780
193509	cg10157902
193522	cg10158280
193550	cg10159630
193557	cg10160276
193608	cg10163338
193626	cg10164367
193648	cg10165689
193657	cg10165952
193679	cg10167235
193680	cg10167266
193698	cg10168149
193733	cg10170049
193755	cg10171357
193775	cg10172432
193793	cg10173186
193798	cg10173475
193806	cg10173774
193827	cg10174683
193852	cg10176011
193882	cg10177359
193883	cg10177394
193954	cg10181192
193998	cg10183893
194016	cg10184983
194036	cg10186131
194051	cg10186733
194091	cg10188897
194106	cg10189763
194134	cg10191240
194155	cg10192198
194191	cg10194573
194195	cg10194729
194206	cg10195169
194224	cg10195901
194269	cg10197870
194308	cg10200388
194319	cg10201167
194368	cg10203211
194377	cg10203610
194381	cg10203922
194462	cg10207362
194535	cg10210594
194598	cg10213875
194625	cg10215401
194667	cg10218000
194671	cg10218347
194681	cg10218605
194692	cg10219157
194704	cg10219850
194781	cg10224600
194785	cg10224806
194800	cg10225865
194825	cg10227331
194834	cg10227830
194851	cg10228857
194855	cg10229594
194861	cg10230190
194867	cg10230427
194873	cg10230673
194896	cg10231746
194903	cg10232198
194904	cg10232265
194917	cg10233401
194919	cg10233454
194931	cg10233913
194941	cg10234511
194984	cg10236778
195016	cg10238725
195024	cg10239163
195044	cg10240139
195097	cg10242602
195117	cg10243348
195126	cg10243939
195133	cg10244340
195141	cg10244666
195144	cg10244976
195150	cg10245273
195167	cg10246081
195225	cg10249506
195233	cg10249734
195255	cg10251229
195268	cg10251973
195287	cg10253639
195289	cg10253847
195290	cg10253929
195341	cg10257049
195346	cg10257302
195359	cg10257870
195392	cg10259735
195435	cg10262387
195453	cg10263682
195458	cg10264012
195464	cg10264687
195488	cg10266211
195516	cg10268509
195525	cg10269365
195542	cg10270306
195557	cg10271408
195573	cg10272601
195586	cg10273135
195599	cg10274022
195620	cg10275766
195638	cg10276465
195649	cg10276869
195678	cg10278213
195713	cg10280339
195720	cg10280963
195743	cg10282330
195751	cg10282807
195774	cg10284006
195786	cg10284755
195793	cg10285466
195807	cg10286219
195810	cg10286380
195846	cg10288578
195861	cg10289744
195871	cg10290504
195897	cg10292154
195914	cg10293403
195930	cg10294820
195945	cg10295858
195957	cg10296410
195961	cg10296548
195963	cg10296718
196007	cg10299383
196035	cg10300895
196040	cg10301258
196074	cg10303842
196096	cg10305797
196147	cg10308629
196149	cg10308673
196158	cg10308906
196188	cg10310310
196241	cg10313047
196255	cg10313385
196308	cg10316490
196319	cg10316899
196341	cg10317717
196360	cg10318368
196379	cg10319331
196390	cg10319870
196394	cg10319942
196414	cg10321156
196417	cg10321236
196435	cg10322254
196442	cg10322504
196465	cg10323841
196565	cg10329345
196591	cg10330950
196597	cg10331100
196651	cg10333416
196791	cg10342016
196822	cg10343901
196826	cg10344369
196868	cg10347335
196883	cg10348193
196923	cg10350536
196946	cg10351829
196959	cg10353539
197018	cg10356767
197022	cg10357060
197056	cg10359157
197086	cg10361095
197178	cg10365984
197184	cg10366093
197185	cg10366178
197192	cg10366797
197213	cg10368049
197218	cg10368447
197233	cg10369242
197245	cg10369688
197281	cg10372121
197288	cg10372421
197306	cg10373147
197335	cg10374564
197344	cg10375078
197384	cg10377153
197394	cg10377582
197411	cg10378521
197445	cg10380328
197473	cg10381813
197499	cg10383568
197520	cg10385101
197527	cg10385382
197541	cg10386298
197587	cg10389771
197601	cg10390536
197646	cg10393811
197662	cg10395448
197672	cg10396171
197703	cg10397932
197720	cg10399005
197732	cg10399850
197747	cg10400652
197788	cg10403394
197814	cg10405729
197823	cg10406360
197827	cg10406526
197855	cg10408284
197868	cg10409253
197884	cg10409981
197940	cg10414350
197946	cg10414946
197947	cg10414975
197948	cg10414985
197976	cg10416846
197992	cg10418162
198002	cg10418626
198021	cg10419849
198029	cg10420161
198031	cg10420310
198090	cg10423771
198099	cg10424417
198114	cg10425245
198121	cg10425754
198123	cg10425861
198136	cg10426370
198138	cg10426464
198166	cg10428536
198178	cg10429508
198213	cg10431713
198226	cg10432422
198248	cg10433327
198311	cg10436410
198354	cg10438589
198363	cg10439246
198391	cg10440696
198431	cg10442735
198467	cg10444491
198484	cg10445449
198533	cg10448724
198566	cg10450692
198573	cg10451116
198595	cg10452531
198600	cg10452704
198613	cg10453419
198642	cg10454529
198678	cg10456990
198759	cg10461547
198763	cg10461878
198823	cg10466548
198842	cg10467989
198879	cg10469980
198943	cg10473842
198955	cg10474712
198986	cg10476584
199025	cg10479082
199028	cg10479234
199129	cg10485411
199185	cg10488685
199189	cg10489124
199261	cg10493186
199267	cg10493436
199276	cg10494028
199308	cg10495572
199393	cg10500084
199395	cg10500147
199431	cg10501210
199447	cg10502118
199457	cg10502244
199459	cg10502324
199511	cg10504000
199532	cg10504751
199540	cg10505257
199546	cg10505580
199547	cg10505610
199560	cg10505973
199593	cg10507482
199623	cg10508760
199649	cg10510159
199665	cg10511186
199685	cg10511988
199695	cg10512376
199702	cg10512745
199787	cg10516886
199847	cg10519368
199870	cg10520099
199880	cg10520672
199898	cg10521480
199938	cg10523198
199946	cg10523671
199977	cg10525432
199988	cg10526277
200009	cg10527300
200062	cg10530568
200092	cg10531918
200104	cg10532489
200114	cg10533103
200187	cg10536898
200262	cg10540626
200315	cg10543450
200333	cg10544251
200355	cg10546048
200372	cg10546817
200390	cg10547761
200410	cg10548805
200426	cg10549831
200460	cg10551804
200471	cg10552446
200489	cg10553204
200517	cg10555307
200583	cg10559585
200587	cg10559948
200646	cg10565216
200728	cg10571987
200735	cg10572355
200744	cg10572943
200773	cg10574376
200778	cg10574494
200793	cg10575219
200798	cg10575376
200815	cg10576245
200847	cg10578007
200893	cg10580513
200964	cg10583414
201075	cg10588696
201082	cg10588962
201102	cg10589745
201144	cg10591771
201158	cg10592478
201168	cg10592734
201171	cg10592926
201173	cg10593047
201185	cg10593713
201199	cg10594510
201223	cg10596451
201224	cg10596483
201359	cg10603757
201369	cg10604373
201371	cg10604476
201376	cg10604851
201401	cg10606127
201417	cg10606834
201474	cg10610428
201477	cg10610648
201485	cg10611331
201497	cg10612096
201506	cg10612452
201511	cg10612692
201526	cg10613701
201544	cg10615150
201575	cg10616974
201617	cg10620434
201646	cg10622019
201653	cg10622174
201658	cg10622551
201660	cg10622644
201666	cg10623198
201683	cg10624054
201685	cg10624122
201689	cg10624395
201743	cg10626515
201755	cg10626816
201777	cg10627839
201783	cg10628201
201791	cg10628699
201797	cg10629004
201826	cg10631356
201857	cg10632395
201859	cg10632507
201958	cg10636760
201984	cg10638734
202016	cg10640333
202027	cg10640845
202062	cg10643493
202069	cg10643982
202100	cg10646145
202126	cg10647739
202140	cg10648543
202145	cg10648670
202165	cg10650018
202223	cg10653926
202253	cg10656128
202283	cg10658307
202308	cg10659805
202316	cg10660256
202332	cg10661191
202374	cg10663897
202377	cg10664112
202402	cg10665321
202416	cg10665961
202467	cg10668926
202470	cg10669058
202518	cg10672201
202545	cg10673740
202611	cg10678427
202630	cg10679688
202645	cg10680621
202675	cg10682957
202692	cg10683939
202745	cg10688297
202759	cg10689404
202785	cg10690919
202806	cg10692467
202837	cg10694598
202846	cg10695105
202856	cg10695848
202934	cg10700718
202989	cg10703826
202996	cg10704263
203002	cg10704680
203010	cg10705306
203011	cg10705379
203068	cg10708739
203089	cg10709593
203133	cg10712561
203144	cg10713002
203174	cg10715092
203270	cg10720000
203274	cg10720545
203301	cg10721782
203303	cg10721834
203314	cg10722444
203334	cg10723962
203421	cg10729196
203472	cg10732611
203488	cg10734044
203532	cg10737521
203543	cg10738025
203558	cg10739386
203596	cg10742523
203599	cg10742917
203628	cg10745499
203636	cg10746447
203642	cg10746936
203677	cg10749994
203683	cg10750464
203701	cg10752008
203706	cg10752406
203755	cg10755058
203758	cg10755235
203785	cg10757144
203844	cg10761315
203855	cg10761804
203875	cg10762626
203902	cg10764492
203911	cg10765212
203942	cg10767008
203959	cg10767420
203994	cg10769201
204012	cg10770023
204054	cg10773016
204082	cg10774282
204103	cg10775229
204124	cg10776230
204192	cg10779202
204237	cg10781408
204238	cg10781468
204292	cg10784273
204330	cg10785622
204399	cg10790429
204423	cg10791541
204433	cg10791959
204442	cg10792302
204468	cg10794086
204494	cg10795659
204514	cg10796749
204555	cg10799055
204564	cg10799668
204576	cg10800464
204623	cg10803098
204652	cg10804656
204680	cg10805850
204687	cg10806146
204706	cg10807105
204719	cg10808195
204744	cg10809560
204763	cg10810804
204765	cg10810847
204782	cg10811961
204785	cg10812186
204809	cg10813585
204823	cg10814646
204830	cg10815152
204912	cg10819238
204917	cg10819350
204953	cg10820936
204958	cg10821127
204969	cg10821845
204992	cg10822718
205013	cg10824259
205017	cg10824503
205024	cg10824810
205034	cg10825315
205086	cg10828127
205088	cg10828284
205111	cg10829621
205116	cg10830145
205117	cg10830219
205124	cg10830649
205128	cg10830822
205150	cg10832093
205176	cg10833066
205211	cg10835584
205226	cg10836101
205227	cg10836110
205249	cg10837110
205257	cg10837383
205295	cg10839291
205306	cg10839823
205392	cg10845886
205396	cg10846328
205415	cg10848272
205418	cg10848373
205465	cg10851739
205489	cg10852875
205507	cg10854092
205522	cg10855276
205524	cg10855395
205547	cg10856894
205569	cg10858103
205580	cg10858480
205590	cg10858791
205621	cg10860578
205634	cg10861390
205641	cg10861599
205656	cg10862567
205680	cg10864145
205708	cg10865238
205753	cg10869131
205764	cg10869879
205830	cg10875499
205889	cg10879397
205902	cg10880006
205994	cg10885151
206033	cg10888031
206038	cg10888242
206042	cg10888348
206045	cg10888461
206048	cg10888790
206052	cg10888900
206065	cg10890302
206103	cg10892950
206111	cg10893278
206118	cg10893986
206178	cg10897459
206208	cg10899293
206209	cg10899301
206212	cg10899547
206216	cg10899681
206235	cg10900641
206246	cg10901368
206284	cg10903132
206302	cg10904740
206304	cg10904854
206308	cg10904972
206309	cg10904986
206343	cg10906826
206349	cg10907237
206405	cg10911054
206412	cg10911287
206459	cg10914558
206468	cg10914899
206516	cg10919204
206524	cg10919664
206544	cg10921168
206579	cg10923561
206580	cg10923662
206634	cg10927449
206643	cg10927841
206655	cg10928466
206706	cg10932018
206722	cg10932939
206724	cg10933003
206735	cg10934032
206791	cg10938046
206796	cg10938374
206850	cg10941185
206858	cg10941566
206900	cg10943932
206919	cg10945079
206921	cg10945274
206952	cg10947408
206961	cg10947826
206971	cg10948359
206982	cg10948790
206990	cg10949113
207006	cg10949706
207028	cg10950661
207035	cg10951117
207036	cg10951120
207070	cg10953003
207078	cg10953436
207095	cg10954469
207171	cg10959651
207176	cg10959711
207213	cg10961323
207216	cg10961486
207220	cg10961733
207237	cg10962762
207265	cg10964385
207274	cg10964944
207278	cg10965131
207309	cg10967023
207336	cg10968631
207401	cg10972873
207408	cg10973146
207487	cg10978355
207573	cg10982364
207576	cg10982443
207626	cg10984625
207641	cg10985347
207674	cg10987071
207719	cg10989214
207760	cg10991475
207805	cg10994149
207829	cg10994944
207849	cg10996039
207867	cg10996596
207879	cg10997479
207885	cg10997718
207954	cg11002258
207959	cg11002698
207991	cg11004890
208001	cg11005692
208012	cg11006453
208044	cg11008003
208068	cg11009736
208089	cg11011512
208103	cg11012412
208114	cg11013298
208118	cg11013544
208182	cg11017086
208220	cg11019430
208311	cg11024728
208333	cg11026333
208337	cg11026555
208368	cg11028201
208409	cg11030264
208414	cg11030811
208452	cg11032810
208477	cg11034781
208534	cg11037979
208538	cg11038231
208543	cg11038340
208560	cg11039476
208580	cg11041161
208598	cg11042561
208610	cg11043571
208641	cg11046030
208725	cg11052143
208726	cg11052202
208748	cg11053632
208815	cg11058951
208816	cg11059159
208858	cg11061422
208865	cg11061975
208874	cg11062417
208877	cg11062466
208881	cg11062778
208910	cg11064537
208958	cg11067179
208971	cg11067786
208994	cg11069071
209003	cg11069748
209046	cg11071682
209087	cg11073813
209119	cg11075234
209131	cg11075693
209143	cg11076306
209153	cg11076814
209174	cg11078084
209192	cg11079129
209289	cg11084266
209292	cg11084334
209304	cg11085282
209307	cg11085304
209325	cg11086421
209335	cg11086764
209362	cg11088422
209366	cg11088682
209412	cg11092157
209414	cg11092416
209474	cg11097249
209485	cg11098493
209489	cg11099006
209511	cg11100157
209520	cg11100465
209537	cg11101117
209545	cg11101926
209562	cg11103390
209569	cg11104088
209572	cg11104416
209576	cg11104474
209581	cg11104828
209585	cg11105292
209696	cg11113216
209697	cg11113363
209708	cg11113759
209749	cg11116086
209776	cg11117460
209799	cg11118422
209852	cg11122009
209869	cg11122944
209890	cg11124080
209921	cg11126134
209933	cg11126767
209945	cg11127915
209950	cg11128216
209959	cg11128956
209985	cg11131384
209987	cg11131532
210015	cg11133226
210032	cg11134430
210036	cg11134801
210053	cg11136205
210085	cg11138095
210102	cg11139044
210109	cg11139248
210163	cg11142506
210241	cg11146691
210244	cg11146916
210266	cg11147878
210292	cg11149658
210343	cg11152384
210353	cg11152829
210412	cg11155489
210482	cg11159090
210492	cg11159604
210497	cg11160408
210498	cg11160572
210509	cg11161417
210513	cg11161597
210524	cg11162118
210553	cg11164506
210580	cg11165752
210590	cg11166167
210624	cg11168433
210625	cg11168614
210629	cg11169363
210633	cg11169641
210634	cg11169848
210660	cg11171466
210667	cg11171825
210676	cg11172629
210684	cg11173131
210692	cg11173579
210709	cg11174855
210733	cg11176481
210742	cg11176990
210758	cg11177858
210768	cg11178293
210771	cg11178337
210781	cg11179081
210791	cg11179621
210794	cg11179695
210820	cg11181763
210825	cg11182199
210831	cg11182874
210872	cg11185549
210892	cg11186282
210936	cg11188666
210952	cg11189357
210968	cg11190278
210986	cg11191368
210999	cg11192169
211007	cg11192688
211049	cg11195065
211054	cg11195363
211061	cg11195797
211077	cg11196848
211082	cg11197061
211129	cg11199639
211141	cg11200136
211186	cg11201869
211213	cg11203293
211220	cg11203512
211236	cg11204212
211252	cg11205006
211254	cg11205173
211296	cg11207515
211340	cg11209832
211373	cg11211563
211387	cg11212329
211388	cg11212451
211409	cg11213520
211410	cg11213574
211412	cg11213690
211456	cg11216554
211460	cg11216777
211481	cg11218091
211501	cg11219400
211552	cg11222127
211554	cg11222217
211622	cg11225405
211626	cg11225528
211630	cg11225751
211680	cg11228250
211701	cg11229273
211713	cg11229513
211715	cg11229543
211728	cg11229864
211738	cg11230112
211745	cg11230435
211767	cg11231751
211827	cg11235391
211840	cg11235787
211848	cg11236311
211890	cg11238542
211915	cg11239720
211916	cg11239749
211936	cg11241151
211943	cg11241541
211945	cg11241627
211998	cg11245181
212008	cg11245681
212016	cg11246222
212026	cg11246938
212058	cg11248812
212061	cg11248896
212117	cg11251728
212118	cg11251827
212139	cg11253122
212153	cg11253913
212160	cg11254361
212161	cg11254426
212169	cg11254700
212185	cg11255590
212202	cg11256956
212248	cg11260046
212281	cg11262850
212303	cg11264098
212318	cg11264935
212332	cg11265749
212341	cg11265958
212374	cg11267955
212377	cg11268280
212389	cg11269103
212433	cg11271546
212435	cg11271605
212448	cg11272491
212465	cg11273947
212471	cg11274314
212484	cg11275049
212490	cg11275630
212518	cg11277143
212561	cg11279838
212602	cg11282676
212614	cg11283427
212639	cg11284959
212649	cg11285912
212673	cg11287077
212682	cg11287647
212699	cg11288686
212724	cg11290182
212804	cg11295724
212815	cg11296498
212871	cg11299854
212982	cg11306735
213067	cg11311053
213082	cg11312353
213121	cg11314598
213161	cg11316904
213179	cg11318054
213180	cg11318087
213195	cg11319389
213251	cg11322464
213254	cg11322797
213271	cg11323506
213278	cg11323985
213296	cg11324957
213310	cg11325950
213363	cg11329058
213372	cg11329853
213394	cg11331445
213405	cg11332236
213425	cg11333375
213439	cg11334165
213443	cg11334644
213562	cg11341086
213583	cg11342198
213602	cg11342821
213609	cg11343211
213622	cg11343894
213631	cg11344121
213660	cg11345505
213672	cg11346248
213682	cg11346837
213690	cg11347411
213692	cg11347582
213703	cg11348249
213713	cg11348442
213768	cg11351987
213800	cg11354105
213816	cg11355217
213849	cg11357369
213855	cg11357746
213864	cg11358405
213879	cg11359720
213948	cg11363444
213952	cg11363527
213975	cg11365710
214023	cg11368643
214061	cg11371231
214078	cg11372436
214126	cg11375458
214135	cg11376198
214159	cg11377642
214181	cg11379081
214237	cg11382477
214246	cg11382963
214279	cg11384744
214294	cg11385536
214307	cg11386098
214328	cg11387340
214363	cg11390073
214389	cg11391335
214397	cg11391732
214450	cg11395388
214459	cg11395799
214475	cg11396473
214496	cg11397581
214498	cg11397854
214527	cg11399319
214576	cg11401794
214607	cg11403823
214611	cg11403907
214627	cg11404544
214633	cg11405200
214665	cg11407507
214710	cg11409350
214712	cg11409510
214767	cg11412466
214777	cg11412853
214782	cg11413133
214819	cg11414821
214820	cg11414913
214821	cg11414921
214870	cg11417259
214888	cg11418177
214901	cg11418681
214927	cg11420192
214972	cg11423130
214979	cg11423556
215007	cg11424776
215027	cg11426170
215047	cg11427534
215058	cg11428546
215081	cg11430259
215130	cg11433622
215158	cg11435506
215185	cg11437253
215187	cg11437331
215200	cg11438310
215219	cg11439596
215226	cg11440009
215244	cg11441693
215254	cg11442173
215270	cg11443683
215292	cg11445109
215380	cg11452043
215385	cg11452329
215395	cg11453076
215396	cg11453079
215406	cg11453712
215444	cg11457640
215508	cg11462099
215509	cg11462165
215627	cg11469061
215662	cg11471802
215672	cg11472521
215721	cg11476737
215784	cg11480962
215792	cg11481582
215812	cg11484115
215839	cg11486078
215886	cg11490805
215889	cg11490944
215894	cg11491002
215929	cg11493223
216008	cg11498228
216015	cg11498607
216039	cg11500788
216041	cg11500797
216097	cg11504740
216103	cg11505037
216105	cg11505113
216114	cg11505661
216132	cg11507770
216142	cg11508406
216183	cg11510999
216192	cg11511777
216206	cg11512608
216240	cg11516161
216257	cg11517269
216279	cg11518509
216289	cg11518945
216368	cg11523350
216391	cg11524446
216457	cg11528176
216459	cg11528328
216579	cg11536474
216585	cg11536940
216633	cg11540016
216646	cg11540705
216678	cg11542394
216689	cg11543397
216829	cg11552585
216835	cg11552868
216836	cg11552903
216839	cg11553066
216854	cg11553687
216869	cg11554335
216872	cg11554507
216875	cg11554566
216910	cg11556846
216925	cg11557932
216931	cg11558212
216974	cg11560600
216990	cg11562153
216998	cg11562502
217011	cg11563680
217019	cg11564275
217045	cg11565786
217052	cg11566154
217094	cg11569159
217100	cg11569486
217118	cg11570575
217134	cg11571702
217142	cg11572080
217167	cg11573566
217218	cg11576424
217239	cg11577716
217241	cg11577898
217246	cg11578532
217315	cg11582717
217336	cg11584101
217377	cg11586330
217436	cg11589287
217470	cg11590974
217530	cg11594731
217532	cg11594811
217559	cg11596090
217574	cg11597131
217604	cg11598935
217621	cg11599718
217625	cg11599864
217626	cg11599887
217649	cg11601252
217659	cg11601663
217700	cg11605577
217738	cg11608150
217741	cg11608390
217766	cg11609571
217787	cg11610925
217815	cg11612617
217840	cg11613741
217888	cg11616651
217894	cg11617006
217940	cg11620672
217962	cg11622324
217994	cg11625005
218020	cg11626785
218025	cg11627823
218061	cg11630135
218065	cg11630169
218077	cg11630939
218095	cg11631547
218097	cg11631592
218099	cg11631644
218140	cg11634297
218190	cg11637695
218206	cg11638399
218219	cg11639130
218278	cg11642106
218323	cg11644370
218329	cg11644585
218389	cg11647681
218428	cg11649821
218443	cg11650648
218452	cg11650987
218456	cg11651220
218495	cg11653466
218509	cg11654011
218529	cg11654900
218558	cg11656547
218603	cg11659361
218644	cg11661281
218712	cg11664987
218724	cg11665991
218726	cg11666040
218738	cg11666770
218745	cg11667086
218761	cg11668133
218767	cg11668419
218790	cg11669516
218817	cg11671265
218826	cg11671688
218828	cg11671913
218842	cg11672740
218864	cg11674355
218953	cg11679455
219000	cg11682724
219044	cg11685316
219069	cg11687036
219088	cg11688548
219113	cg11689813
219158	cg11692070
219163	cg11692191
219180	cg11693424
219199	cg11694519
219235	cg11697038
219258	cg11697978
219271	cg11698647
219286	cg11699334
219336	cg11702085
219344	cg11702456
219373	cg11704005
219393	cg11705167
219409	cg11705975
219439	cg11707067
219451	cg11708116
219493	cg11710851
219495	cg11710912
219535	cg11713619
219599	cg11717507
219616	cg11718135
219635	cg11719157
219671	cg11721194
219706	cg11723077
219717	cg11723801
219726	cg11724135
219745	cg11724750
219755	cg11725182
219811	cg11728747
219828	cg11729679
219851	cg11731300
219857	cg11731626
219858	cg11731671
219929	cg11735846
219931	cg11735997
219970	cg11737757
219986	cg11738485
220023	cg11740103
220029	cg11740348
220058	cg11742202
220125	cg11746651
220130	cg11746924
220134	cg11747081
220140	cg11747462
220176	cg11749010
220186	cg11749828
220207	cg11750883
220252	cg11753158
220289	cg11754828
220298	cg11755201
220317	cg11756095
220344	cg11757417
220370	cg11759172
220415	cg11762346
220435	cg11763830
220445	cg11764900
220508	cg11770080
220515	cg11770663
220519	cg11770816
220585	cg11775488
220587	cg11775521
220600	cg11776014
220622	cg11777870
220640	cg11778840
220697	cg11782714
220698	cg11782729
220709	cg11783497
220713	cg11783834
220720	cg11784243
220735	cg11784799
220744	cg11785425
220780	cg11786870
220835	cg11789534
220837	cg11789612
220844	cg11789804
220868	cg11791144
220892	cg11792186
220923	cg11793699
220955	cg11795276
220965	cg11795854
220968	cg11795975
220971	cg11796219
220976	cg11796442
220977	cg11796455
220993	cg11797226
221038	cg11799387
221040	cg11799511
221083	cg11801524
221089	cg11801842
221103	cg11802583
221135	cg11803843
221152	cg11804725
221178	cg11805669
221185	cg11806178
221191	cg11806439
221211	cg11807040
221242	cg11808677
221243	cg11808699
221272	cg11810135
221441	cg11818841
221477	cg11820840
221505	cg11822175
221541	cg11823729
221561	cg11824826
221569	cg11825059
221623	cg11827514
221631	cg11827925
221679	cg11830096
221725	cg11832722
221737	cg11833293
221744	cg11833968
221793	cg11836236
221831	cg11838152
221834	cg11838237
221838	cg11838439
221846	cg11838827
221850	cg11839020
221878	cg11840197
221884	cg11840968
221897	cg11841394
221901	cg11841529
221991	cg11845785
222031	cg11847956
222038	cg11848173
222054	cg11849086
222087	cg11850943
222106	cg11851804
222109	cg11851910
222120	cg11852579
222169	cg11854981
222171	cg11855117
222180	cg11855615
222196	cg11856078
222217	cg11856932
222223	cg11857093
222225	cg11857142
222231	cg11857320
222244	cg11857704
222246	cg11857794
222318	cg11861562
222327	cg11861905
222337	cg11862551
222342	cg11862714
222360	cg11863609
222369	cg11864201
222393	cg11865553
222441	cg11868041
222518	cg11872231
222565	cg11875085
222581	cg11876013
222586	cg11876492
222620	cg11878331
222628	cg11878712
222631	cg11878955
222670	cg11881754
222701	cg11884030
222760	cg11887376
222768	cg11887884
222790	cg11888982
222799	cg11889692
222830	cg11891591
222855	cg11893698
222858	cg11893951
222865	cg11894504
222878	cg11895696
222881	cg11895835
222917	cg11898009
222923	cg11898431
222924	cg11898486
222925	cg11898646
222977	cg11902543
222990	cg11903057
223002	cg11903920
223015	cg11904906
223019	cg11905061
223026	cg11905488
223039	cg11906021
223067	cg11907797
223090	cg11909137
223097	cg11909574
223101	cg11909912
223114	cg11910782
223121	cg11911305
223140	cg11912202
223142	cg11912239
223189	cg11915388
223205	cg11916478
223217	cg11917579
223268	cg11921736
223287	cg11923631
223339	cg11926776
223360	cg11928275
223388	cg11930554
223422	cg11932113
223480	cg11935248
223510	cg11936643
223570	cg11940285
223614	cg11942503
223654	cg11944462
223697	cg11946503
223713	cg11947493
223731	cg11948367
223746	cg11949175
223749	cg11949262
223751	cg11949335
223771	cg11950754
223784	cg11951427
223791	cg11951818
223797	cg11951974
223836	cg11953749
223852	cg11954479
223892	cg11956953
223898	cg11957331
223961	cg11960708
223969	cg11961243
223982	cg11961845
224014	cg11963912
224021	cg11964308
224047	cg11965881
224048	cg11965913
224057	cg11966450
224072	cg11967480
224099	cg11968804
224119	cg11969813
224129	cg11970204
224130	cg11970252
224137	cg11970679
224141	cg11970797
224207	cg11974346
224221	cg11975397
224227	cg11975793
224275	cg11978884
224353	cg11984463
224389	cg11986760
224391	cg11986813
224416	cg11988036
224435	cg11989330
224454	cg11990562
224456	cg11990630
224476	cg11991903
224482	cg11992241
224493	cg11992783
224521	cg11994229
224576	cg11998141
224578	cg11998200
224596	cg11999571
224609	cg12000932
224630	cg12002303
224643	cg12003064
224658	cg12004276
224695	cg12007596
224721	cg12009872
224732	cg12011136
224735	cg12011299
224773	cg12014052
224783	cg12014818
224819	cg12017745
224824	cg12017911
224827	cg12018098
224846	cg12019475
224848	cg12019520
224850	cg12019614
224890	cg12021814
224912	cg12023693
224976	cg12026992
225073	cg12032648
225107	cg12034118
225190	cg12038696
225200	cg12039422
225203	cg12039583
225210	cg12039766
225212	cg12039970
225246	cg12042203
225260	cg12042952
225302	cg12044828
225347	cg12046837
225365	cg12047941
225399	cg12049992
225403	cg12050271
225444	cg12052765
225455	cg12053155
225474	cg12054453
225497	cg12055515
225503	cg12055993
225530	cg12057576
225544	cg12058390
225575	cg12060123
225582	cg12060499
225588	cg12060877
225618	cg12062220
225663	cg12064276
225664	cg12064372
225674	cg12065138
225687	cg12065616
225693	cg12065800
225717	cg12067292
225777	cg12070159
225802	cg12071888
225806	cg12072028
225825	cg12072740
225832	cg12072972
225854	cg12073754
225924	cg12076463
225953	cg12077685
225978	cg12078775
225997	cg12079381
226007	cg12079975
226038	cg12081372
226049	cg12081946
226064	cg12082609
226135	cg12086850
226158	cg12088314
226159	cg12088387
226208	cg12091498
226240	cg12093241
226241	cg12093371
226246	cg12093662
226247	cg12093775
226253	cg12094104
226265	cg12094892
226290	cg12096363
226291	cg12096447
226299	cg12096762
226308	cg12097330
226315	cg12097883
226445	cg12105077
226463	cg12105980
226479	cg12107018
226508	cg12108912
226582	cg12113013
226603	cg12114200
226626	cg12115748
226632	cg12115991
226638	cg12116288
226668	cg12118013
226734	cg12121643
226735	cg12121660
226777	cg12124094
226804	cg12125772
226815	cg12126686
226819	cg12126857
226820	cg12126859
226830	cg12127282
226894	cg12131208
226908	cg12131906
226944	cg12134633
226951	cg12135344
226963	cg12136256
227019	cg12139725
227022	cg12140144
227046	cg12141457
227058	cg12142354
227062	cg12142501
227082	cg12143789
227118	cg12145907
227154	cg12148515
227219	cg12152002
227276	cg12155547
227310	cg12157387
227336	cg12158737
227364	cg12159995
227396	cg12161887
227412	cg12162377
227415	cg12162530
227461	cg12164922
227477	cg12165758
227488	cg12166476
227493	cg12166610
227585	cg12172531
227603	cg12173661
227611	cg12174341
227616	cg12174804
227641	cg12176783
227642	cg12176793
227646	cg12177001
227661	cg12177546
227666	cg12177743
227679	cg12178237
227688	cg12178578
227694	cg12179011
227719	cg12180270
227730	cg12181083
227752	cg12182284
227756	cg12182453
227782	cg12183993
227799	cg12184886
227813	cg12186317
227820	cg12186839
227821	cg12186909
227834	cg12187394
227837	cg12187586
227847	cg12188416
227862	cg12189255
227876	cg12190322
227897	cg12191938
227919	cg12193289
227927	cg12193731
227929	cg12193833
227970	cg12196045
227982	cg12196692
228005	cg12198140
228010	cg12198334
228018	cg12198813
228020	cg12198841
228028	cg12199221
228041	cg12200038
228118	cg12205429
228134	cg12206199
228141	cg12206571
228171	cg12208848
228215	cg12211091
228223	cg12211867
228246	cg12213062
228268	cg12214451
228278	cg12214908
228293	cg12216208
228308	cg12217383
228381	cg12221087
228388	cg12221580
228428	cg12223582
228456	cg12225794
228465	cg12226028
228539	cg12230250
228545	cg12230728
228561	cg12232146
228564	cg12232308
228615	cg12235459
228626	cg12236088
228629	cg12236164
228646	cg12237784
228693	cg12242086
228749	cg12245236
228758	cg12245706
228767	cg12246165
228782	cg12247222
228795	cg12248614
228796	cg12248652
228816	cg12250049
228828	cg12250761
228850	cg12251895
228860	cg12252135
228869	cg12252865
228874	cg12253191
228895	cg12253931
228910	cg12254845
228976	cg12258785
229013	cg12261786
229016	cg12262181
229018	cg12262378
229039	cg12264626
229092	cg12268637
229100	cg12269161
229157	cg12273284
229196	cg12276123
229236	cg12278705
229249	cg12279419
229263	cg12280317
229274	cg12280901
229278	cg12281328
229286	cg12281657
229329	cg12284769
229330	cg12284789
229380	cg12287936
229396	cg12289045
229408	cg12290217
229422	cg12291059
229514	cg12297590
229533	cg12298268
229543	cg12298745
229621	cg12302982
229626	cg12303215
229652	cg12304663
229659	cg12305431
229666	cg12306057
229682	cg12307237
229683	cg12307306
229687	cg12307484
229694	cg12307787
229696	cg12307823
229720	cg12309360
229727	cg12309653
229746	cg12311002
229790	cg12313892
229800	cg12314682
229809	cg12315311
229812	cg12315391
229873	cg12320986
229910	cg12324970
229937	cg12328660
229984	cg12332674
229994	cg12333160
230013	cg12334871
230048	cg12337525
230062	cg12338417
230128	cg12343363
230138	cg12344107
230191	cg12347792
230195	cg12348588
230201	cg12349350
230222	cg12350325
230226	cg12350592
230238	cg12351433
230240	cg12351587
230249	cg12352124
230262	cg12352902
230297	cg12355172
230299	cg12355586
230304	cg12355835
230320	cg12356951
230348	cg12359381
230375	cg12361088
230395	cg12362478
230428	cg12364994
230489	cg12369353
230508	cg12371569
230516	cg12371933
230518	cg12372106
230549	cg12374353
230551	cg12374506
230612	cg12378867
230615	cg12378888
230666	cg12382846
230769	cg12389490
230784	cg12390344
230801	cg12391352
230805	cg12391643
230815	cg12392225
230936	cg12399700
231015	cg12404181
231042	cg12405258
231066	cg12406391
231104	cg12408601
231123	cg12409982
231190	cg12414557
231203	cg12415479
231204	cg12415569
231210	cg12415917
231233	cg12417466
231295	cg12420683
231315	cg12421755
231335	cg12423278
231362	cg12424534
231403	cg12426652
231436	cg12428447
231437	cg12428514
231454	cg12430062
231548	cg12434944
231552	cg12435074
231555	cg12435415
231557	cg12435551
231561	cg12435665
231565	cg12435792
231569	cg12436019
231571	cg12436377
231686	cg12442871
231718	cg12444411
231721	cg12444736
231758	cg12446613
231789	cg12448285
231790	cg12448298
231815	cg12449716
231835	cg12451099
231857	cg12452298
231887	cg12453631
231895	cg12454169
231953	cg12457909
231969	cg12458966
231987	cg12459904
232004	cg12460870
232035	cg12462705
232052	cg12463578
232057	cg12463851
232059	cg12464048
232068	cg12464638
232071	cg12464898
232093	cg12466610
232108	cg12467264
232129	cg12468478
232183	cg12472449
232185	cg12472483
232187	cg12472603
232230	cg12475142
232266	cg12477370
232306	cg12479674
232309	cg12479878
232367	cg12483545
232379	cg12483927
232412	cg12485185
232433	cg12486308
232436	cg12486498
232519	cg12491643
232531	cg12492087
232534	cg12492273
232537	cg12492345
232543	cg12492670
232546	cg12492885
232562	cg12493906
232589	cg12495559
232643	cg12497883
232645	cg12498088
232680	cg12500731
232684	cg12500879
232724	cg12502751
232771	cg12505170
232790	cg12506165
232801	cg12507030
232847	cg12510087
232871	cg12511214
232962	cg12516959
232963	cg12517027
232973	cg12517576
232981	cg12518146
232997	cg12519676
233007	cg12520549
233031	cg12522311
233044	cg12523526
233050	cg12523932
233061	cg12524725
233150	cg12529228
233186	cg12531838
233222	cg12534008
233223	cg12534147
233255	cg12536502
233322	cg12541454
233357	cg12544191
233358	cg12544243
233411	cg12547930
233416	cg12548057
233453	cg12550055
233482	cg12551557
233504	cg12552771
233507	cg12552889
233514	cg12553321
233591	cg12559208
233604	cg12560020
233605	cg12560128
233632	cg12561945
233633	cg12562076
233648	cg12563184
233659	cg12564012
233668	cg12564285
233699	cg12565681
233708	cg12566152
233714	cg12566756
233801	cg12573071
233812	cg12573705
233841	cg12575928
233855	cg12577010
233861	cg12577372
233868	cg12577850
233872	cg12578166
233878	cg12578486
233946	cg12582003
233949	cg12582028
233979	cg12583550
234031	cg12586386
234138	cg12591791
234145	cg12592359
234162	cg12593223
234170	cg12593511
234175	cg12593634
234177	cg12593746
234195	cg12594635
234209	cg12595281
234243	cg12597169
234247	cg12597309
234249	cg12597389
234255	cg12597983
234267	cg12598235
234348	cg12601909
234366	cg12602909
234379	cg12603632
234406	cg12605662
234421	cg12606911
234441	cg12608565
234445	cg12608692
234450	cg12608775
234453	cg12609052
234483	cg12610312
234492	cg12610832
234499	cg12611013
234507	cg12611448
234508	cg12611449
234509	cg12611488
234530	cg12612406
234549	cg12613618
234588	cg12615535
234591	cg12615761
234605	cg12616114
234643	cg12618270
234663	cg12619509
234695	cg12621303
234736	cg12623536
234791	cg12627071
234815	cg12628075
234841	cg12629515
234868	cg12630714
234901	cg12633154
234920	cg12634306
234926	cg12634932
234927	cg12634957
234938	cg12635602
234945	cg12635790
234990	cg12638731
235001	cg12639429
235062	cg12642815
235104	cg12645616
235116	cg12646227
235119	cg12646385
235125	cg12646649
235131	cg12646820
235148	cg12647574
235162	cg12648074
235244	cg12652953
235318	cg12656666
235358	cg12659114
235444	cg12664173
235509	cg12668043
235510	cg12668122
235512	cg12668216
235514	cg12668399
235541	cg12670347
235577	cg12673103
235583	cg12673726
235636	cg12678462
235641	cg12678695
235647	cg12679308
235661	cg12680205
235664	cg12680719
235718	cg12684052
235741	cg12686055
235751	cg12686441
235797	cg12688965
235812	cg12689670
235817	cg12689806
235824	cg12690127
235873	cg12693595
235910	cg12696488
235967	cg12700074
235980	cg12700788
235991	cg12701603
236004	cg12702981
236031	cg12705353
236037	cg12705762
236052	cg12707343
236065	cg12708336
236069	cg12708799
236117	cg12712184
236180	cg12716639
236205	cg12718582
236212	cg12719030
236267	cg12723985
236292	cg12726120
236345	cg12728606
236373	cg12730468
236379	cg12730853
236383	cg12731349
236416	cg12732998
236468	cg12736877
236502	cg12738347
236511	cg12738913
236516	cg12739419
236519	cg12739584
236560	cg12741994
236594	cg12743638
236604	cg12744031
236614	cg12744758
236619	cg12744859
236623	cg12745203
236645	cg12747056
236692	cg12749863
236741	cg12753606
236753	cg12754571
236758	cg12754854
236768	cg12755421
236778	cg12756504
236780	cg12756527
236786	cg12756897
236787	cg12757011
236794	cg12757676
236801	cg12758090
236838	cg12760508
236843	cg12760869
236885	cg12762862
236899	cg12763828
236904	cg12764034
236911	cg12764532
236967	cg12769118
236975	cg12769599
236988	cg12770539
237058	cg12776171
237102	cg12780678
237120	cg12782180
237176	cg12786452
237190	cg12787323
237198	cg12787836
237206	cg12788467
237293	cg12793753
237361	cg12797828
237370	cg12798157
237409	cg12799790
237470	cg12802570
237512	cg12804791
237543	cg12806613
237621	cg12810503
237642	cg12811449
237646	cg12811617
237669	cg12813239
237673	cg12813394
237679	cg12813724
237680	cg12813754
237736	cg12817782
237737	cg12817840
237762	cg12819431
237795	cg12821539
237802	cg12821804
237806	cg12822074
237855	cg12827530
237865	cg12828073
237881	cg12829360
237893	cg12830271
237909	cg12831208
237941	cg12833207
237980	cg12835736
237998	cg12836958
237999	cg12836959
238112	cg12845215
238114	cg12845268
238177	cg12848808
238191	cg12850078
238197	cg12850379
238243	cg12853633
238252	cg12854371
238279	cg12856183
238351	cg12860109
238357	cg12860635
238358	cg12860686
238406	cg12864721
238422	cg12865837
238423	cg12865888
238485	cg12869334
238552	cg12873903
238553	cg12873919
238556	cg12874035
238566	cg12874792
238595	cg12877039
238607	cg12877723
238664	cg12881363
238680	cg12882572
238701	cg12883629
238734	cg12885751
238741	cg12886494
238751	cg12887033
238784	cg12889538
238822	cg12892506
238847	cg12894371
238850	cg12894524
238858	cg12894883
238864	cg12895207
238866	cg12895304
238869	cg12895631
238881	cg12896421
238884	cg12896922
238946	cg12901182
238972	cg12902896
239007	cg12905085
239016	cg12905571
239062	cg12907959
239123	cg12911256
239145	cg12912663
239149	cg12912758
239185	cg12914733
239188	cg12914966
239210	cg12917153
239225	cg12918457
239232	cg12918895
239266	cg12921481
239281	cg12922751
239299	cg12924164
239306	cg12924430
239368	cg12928379
239409	cg12930714
239433	cg12931929
239460	cg12934258
239462	cg12934366
239481	cg12935170
239517	cg12937413
239518	cg12937434
239531	cg12938020
239579	cg12940747
239585	cg12940991
239616	cg12942878
239639	cg12944530
239659	cg12946440
239672	cg12947009
239762	cg12953249
239778	cg12954512
239800	cg12955441
239806	cg12955789
239827	cg12958020
239876	cg12961926
239880	cg12962191
239917	cg12964970
239935	cg12966367
239940	cg12966875
239948	cg12967137
239949	cg12967164
239953	cg12967327
239955	cg12967384
239979	cg12968752
240031	cg12972705
240044	cg12973904
240052	cg12974388
240058	cg12974637
240059	cg12974660
240064	cg12974832
240108	cg12977346
240115	cg12977772
240132	cg12978308
240140	cg12979234
240141	cg12979590
240220	cg12984729
240239	cg12986110
240266	cg12988424
240326	cg12991125
240356	cg12993163
240361	cg12993715
240379	cg12995090
240411	cg12997720
240429	cg12999267
240435	cg12999453
240493	cg13003178
240495	cg13003311
240550	cg13007843
240564	cg13008631
240568	cg13008977
240571	cg13009098
240675	cg13015908
240682	cg13016308
240683	cg13016314
240728	cg13019306
240729	cg13019491
240733	cg13019568
240736	cg13019868
240774	cg13022624
240793	cg13023646
240798	cg13023870
240825	cg13026370
240832	cg13026730
240833	cg13026754
240866	cg13028471
240870	cg13028700
240889	cg13030332
240906	cg13031251
240942	cg13033858
240962	cg13035268
240979	cg13036593
240982	cg13036656
241102	cg13045555
241183	cg13050240
241192	cg13050802
241223	cg13052638
241241	cg13053505
241259	cg13054358
241290	cg13056653
241310	cg13058453
241329	cg13060157
241377	cg13062913
241412	cg13064679
241435	cg13066043
241460	cg13067221
241465	cg13067635
241517	cg13071386
241520	cg13071569
241546	cg13073141
241556	cg13073773
241580	cg13074866
241596	cg13075942
241675	cg13080379
241683	cg13080721
241703	cg13081704
241781	cg13086983
241785	cg13087259
241830	cg13090007
241854	cg13092405
241861	cg13092806
241910	cg13096007
241928	cg13096701
241938	cg13097102
241946	cg13097800
241949	cg13098071
241956	cg13098379
241970	cg13099330
242044	cg13104274
242053	cg13104938
242068	cg13105904
242131	cg13110283
242133	cg13110334
242182	cg13114497
242219	cg13117164
242238	cg13118906
242269	cg13121428
242293	cg13123927
242310	cg13125506
242355	cg13128937
242364	cg13130022
242377	cg13130588
242430	cg13133961
242438	cg13134497
242472	cg13136220
242479	cg13136655
242496	cg13137809
242543	cg13141009
242554	cg13142184
242572	cg13144059
242578	cg13144783
242602	cg13146379
242635	cg13148544
242639	cg13148669
242654	cg13149442
242719	cg13152158
242730	cg13153009
242736	cg13153394
242737	cg13153466
242759	cg13154880
242824	cg13159361
242872	cg13163521
242886	cg13164309
242919	cg13166642
242923	cg13166875
242925	cg13166942
242949	cg13168221
242968	cg13169011
242977	cg13169484
243035	cg13172906
243092	cg13175830
243096	cg13176012
243103	cg13176454
243126	cg13178198
243169	cg13180678
243173	cg13180844
243232	cg13184723
243234	cg13184736
243240	cg13185005
243245	cg13185188
243249	cg13185413
243278	cg13187188
243298	cg13188382
243315	cg13189149
243316	cg13189207
243321	cg13189671
243345	cg13191508
243350	cg13191951
243364	cg13192898
243423	cg13197283
243440	cg13198321
243465	cg13200125
243479	cg13200838
243507	cg13202591
243517	cg13203394
243555	cg13205617
243578	cg13206735
243582	cg13206932
243583	cg13207180
243585	cg13207326
243640	cg13209762
243641	cg13209822
243680	cg13212283
243704	cg13213810
243719	cg13214295
243749	cg13216112
243785	cg13218710
243896	cg13224852
243902	cg13225166
243917	cg13225830
243931	cg13226457
243947	cg13227481
244006	cg13230606
244010	cg13231302
244020	cg13231954
244048	cg13234110
244070	cg13235366
244078	cg13235891
244089	cg13236409
244163	cg13242000
244221	cg13245264
244235	cg13246026
244238	cg13246235
244254	cg13247581
244261	cg13247967
244283	cg13249593
244336	cg13252700
244407	cg13257371
244451	cg13259925
244467	cg13261106
244479	cg13261971
244505	cg13263576
244543	cg13265740
244636	cg13272743
244648	cg13273340
244665	cg13274077
244716	cg13278004
244724	cg13278267
244727	cg13278353
244755	cg13279673
244772	cg13280108
244782	cg13280788
244813	cg13282971
244815	cg13283153
244820	cg13283765
244826	cg13283952
244863	cg13285846
244877	cg13286614
244939	cg13291208
245000	cg13294846
245010	cg13295463
245053	cg13298199
245070	cg13298859
245083	cg13299698
245097	cg13300273
245107	cg13300670
245156	cg13303358
245172	cg13304265
245208	cg13306815
245221	cg13307880
245234	cg13308964
245343	cg13315923
245367	cg13316619
245368	cg13316625
245388	cg13318241
245390	cg13318279
245457	cg13321077
245497	cg13323489
245510	cg13324103
245534	cg13325208
245547	cg13325904
245575	cg13327545
245604	cg13329912
245619	cg13331196
245661	cg13332807
245771	cg13339791
245772	cg13339825
245776	cg13340126
245807	cg13341668
245812	cg13341982
245842	cg13343687
245844	cg13344095
245853	cg13344757
245896	cg13347257
245907	cg13347970
245917	cg13348574
245952	cg13351249
246003	cg13353999
246018	cg13354988
246036	cg13355874
246037	cg13356117
246053	cg13356884
246054	cg13356896
246056	cg13357229
246062	cg13357416
246099	cg13359998
246122	cg13361185
246154	cg13362546
246181	cg13364038
246217	cg13365822
246238	cg13367169
246275	cg13369325
246347	cg13372811
246376	cg13374432
246379	cg13374528
246389	cg13375248
246482	cg13379822
246483	cg13379827
246500	cg13380612
246523	cg13381984
246575	cg13384501
246642	cg13388983
246658	cg13389944
246673	cg13390388
246679	cg13390630
246684	cg13390867
246694	cg13391381
246709	cg13391935
246724	cg13392422
246732	cg13392793
246739	cg13393001
246806	cg13396068
246858	cg13398346
246860	cg13398440
246912	cg13401079
246934	cg13401893
246996	cg13405226
247015	cg13406145
247026	cg13406893
247036	cg13407335
247053	cg13408344
247066	cg13408795
247079	cg13409439
247120	cg13411784
247146	cg13412754
247166	cg13414270
247215	cg13417420
247221	cg13417862
247269	cg13420320
247279	cg13420744
247282	cg13420845
247290	cg13421062
247307	cg13422004
247327	cg13422850
247354	cg13424029
247373	cg13424940
247381	cg13425335
247401	cg13426351
247426	cg13427748
247437	cg13428086
247439	cg13428213
247458	cg13429168
247497	cg13430755
247519	cg13431678
247539	cg13432294
247546	cg13432682
247554	cg13432945
247589	cg13434411
247591	cg13434489
247629	cg13435834
247634	cg13436155
247721	cg13440652
247794	cg13443627
247873	cg13446474
247914	cg13448197
247933	cg13448968
247934	cg13448978
247935	cg13449257
247957	cg13450266
248041	cg13453847
248048	cg13454226
248079	cg13455717
248099	cg13457165
248147	cg13459217
248156	cg13459498
248177	cg13460556
248201	cg13461447
248218	cg13462129
248245	cg13463203
248319	cg13466383
248321	cg13466456
248338	cg13466988
248398	cg13469396
248400	cg13469457
248405	cg13469595
248415	cg13470069
248442	cg13471188
248451	cg13471599
248462	cg13472192
248537	cg13475578
248538	cg13475583
248558	cg13476133
248574	cg13476950
248633	cg13480738
248653	cg13481969
248664	cg13482308
248728	cg13485320
248760	cg13486532
248778	cg13487183
248785	cg13487312
248795	cg13487666
248819	cg13488570
248823	cg13488811
248852	cg13490235
248858	cg13490575
248892	cg13491724
248920	cg13492692
248978	cg13495235
248991	cg13496041
249010	cg13496662
249047	cg13498757
249063	cg13499395
249073	cg13500072
249119	cg13502125
249122	cg13502252
249157	cg13504059
249163	cg13504346
249166	cg13504434
249184	cg13505608
249202	cg13506354
249212	cg13507084
249215	cg13507224
249224	cg13507560
249232	cg13508175
249236	cg13508402
249247	cg13509195
249401	cg13518195
249430	cg13518992
249436	cg13519373
249446	cg13519902
249447	cg13519918
249470	cg13521002
249474	cg13521077
249485	cg13521620
249507	cg13522114
249521	cg13522891
249533	cg13523386
249558	cg13524328
249567	cg13524919
249570	cg13525013
249575	cg13525071
249579	cg13525276
249583	cg13525448
249603	cg13526469
249609	cg13526642
249683	cg13530474
249690	cg13530938
249786	cg13535489
249821	cg13537353
249867	cg13539545
249893	cg13540960
249970	cg13545212
249971	cg13545297
249991	cg13546414
249999	cg13546935
250001	cg13546977
250005	cg13547132
250020	cg13547644
250069	cg13549940
250107	cg13551535
250119	cg13552373
250133	cg13552867
250157	cg13554018
250163	cg13554136
250312	cg13560452
250352	cg13562122
250408	cg13564459
250413	cg13564588
250420	cg13564825
250522	cg13569431
250535	cg13570101
250543	cg13570656
250562	cg13571479
250566	cg13571576
250635	cg13574488
250650	cg13575217
250663	cg13575925
250672	cg13576330
250704	cg13577556
250705	cg13577628
250728	cg13578408
250771	cg13580286
250784	cg13580755
250798	cg13581155
250800	cg13581422
250806	cg13581527
250844	cg13582950
250864	cg13583664
250880	cg13584693
250883	cg13584882
250949	cg13588403
250951	cg13588517
250998	cg13591352
251008	cg13591783
251026	cg13592931
251035	cg13593391
251051	cg13594138
251073	cg13595212
251077	cg13595495
251100	cg13596833
251108	cg13597317
251125	cg13598010
251138	cg13598480
251152	cg13599092
251158	cg13599477
251217	cg13601855
251218	cg13601936
251227	cg13602343
251230	cg13602461
251251	cg13603508
251274	cg13604553
251289	cg13605398
251318	cg13606889
251347	cg13608171
251355	cg13608733
251443	cg13613044
251452	cg13613439
251463	cg13613965
251473	cg13614181
251478	cg13614409
251509	cg13615592
251547	cg13617591
251591	cg13619074
251598	cg13619408
251619	cg13620051
251630	cg13620631
251653	cg13621679
251723	cg13625631
251763	cg13628006
251775	cg13628577
251803	cg13630043
251827	cg13631192
251857	cg13633270
251882	cg13634242
251898	cg13635007
251914	cg13636189
251931	cg13636952
251950	cg13638229
251970	cg13639451
252006	cg13641185
252023	cg13641903
252101	cg13645530
252112	cg13646020
252125	cg13647052
252137	cg13647536
252138	cg13647601
252229	cg13651876
252292	cg13654797
252313	cg13655615
252316	cg13655674
252326	cg13656062
252331	cg13656404
252343	cg13656878
252435	cg13661519
252475	cg13663644
252478	cg13663738
252542	cg13666648
252554	cg13667243
252568	cg13668207
252569	cg13668306
252578	cg13668544
252600	cg13670288
252639	cg13672106
252672	cg13673514
252690	cg13674411
252742	cg13676449
252765	cg13677149
252811	cg13679303
252815	cg13679679
252852	cg13681081
252883	cg13682333
252915	cg13683667
253034	cg13688966
253053	cg13689560
253058	cg13689699
253069	cg13690280
253096	cg13691247
253126	cg13692446
253154	cg13694281
253165	cg13694680
253188	cg13695746
253208	cg13696436
253218	cg13696743
253254	cg13698883
253258	cg13699009
253268	cg13699414
253284	cg13700197
253332	cg13702536
253333	cg13702629
253359	cg13703737
253388	cg13705556
253403	cg13706058
253441	cg13707793
253446	cg13707951
253466	cg13708995
253480	cg13709618
253492	cg13709982
253496	cg13710279
253507	cg13710662
253522	cg13711375
253523	cg13711394
253524	cg13711424
253525	cg13711457
253563	cg13713830
253621	cg13716443
253623	cg13716585
253633	cg13716880
253645	cg13717446
253660	cg13718100
253667	cg13718418
253668	cg13718539
253674	cg13718729
253694	cg13719746
253711	cg13720581
253723	cg13721134
253750	cg13722431
253754	cg13722619
253783	cg13724238
253822	cg13725899
253853	cg13727089
253871	cg13728069
253878	cg13728131
253907	cg13729816
253911	cg13730105
253960	cg13732582
254015	cg13735697
254035	cg13736514
254093	cg13740598
254102	cg13740929
254104	cg13740985
254114	cg13741394
254134	cg13742526
254159	cg13744172
254178	cg13745489
254186	cg13745832
254201	cg13746740
254206	cg13746919
254244	cg13748799
254258	cg13749379
254274	cg13750214
254340	cg13753488
254364	cg13754720
254392	cg13755873
254395	cg13756251
254404	cg13757081
254412	cg13757826
254421	cg13758331
254423	cg13758543
254445	cg13759674
254453	cg13759905
254679	cg13772742
254747	cg13776158
254749	cg13776285
254820	cg13779868
254834	cg13780614
254885	cg13782781
254908	cg13783653
254918	cg13784235
254961	cg13786023
254967	cg13786171
254978	cg13786863
255015	cg13788625
255117	cg13793157
255129	cg13793681
255211	cg13797425
255219	cg13797825
255263	cg13799671
255295	cg13800828
255300	cg13801193
255331	cg13802583
255362	cg13803765
255402	cg13805761
255405	cg13805951
255426	cg13806939
255430	cg13807056
255485	cg13809236
255549	cg13812230
255554	cg13812452
255561	cg13812927
255571	cg13813458
255603	cg13815684
255613	cg13816321
255650	cg13818127
255692	cg13820726
255712	cg13821914
255804	cg13826247
255809	cg13826452
255882	cg13829680
255958	cg13834146
256018	cg13837913
256039	cg13839457
256089	cg13842421
256119	cg13844402
256160	cg13846270
256215	cg13848989
256227	cg13849454
256249	cg13850606
256280	cg13852093
256292	cg13852775
256299	cg13853046
256340	cg13855435
256425	cg13859346
256438	cg13859847
256466	cg13861244
256482	cg13861904
256588	cg13868084
256625	cg13870102
256631	cg13870494
256633	cg13870520
256646	cg13871633
256648	cg13871708
256654	cg13872005
256673	cg13872898
256696	cg13874040
256699	cg13874070
256713	cg13874780
256719	cg13875012
256738	cg13876135
256743	cg13876325
256770	cg13877502
256794	cg13878677
256808	cg13879483
256845	cg13881108
256901	cg13883696
256902	cg13883721
256946	cg13885965
256952	cg13886334
256985	cg13888593
257000	cg13889415
257012	cg13890428
257022	cg13890972
257028	cg13891220
257034	cg13891702
257049	cg13892570
257063	cg13893358
257068	cg13893555
257105	cg13895343
257141	cg13897134
257168	cg13898318
257182	cg13898762
257197	cg13899478
257222	cg13900773
257234	cg13901526
257243	cg13902024
257260	cg13903070
257266	cg13903421
257301	cg13904968
257323	cg13906069
257330	cg13906377
257343	cg13906811
257346	cg13906860
257374	cg13908336
257375	cg13908359
257408	cg13909661
257456	cg13911501
257463	cg13911697
257487	cg13912311
257508	cg13912930
257518	cg13913247
257519	cg13913306
257560	cg13915576
257601	cg13916928
257617	cg13917273
257628	cg13917662
257630	cg13917863
257657	cg13918754
257733	cg13922021
257744	cg13922494
257760	cg13923371
257768	cg13923696
257782	cg13924715
257806	cg13925692
257814	cg13925975
257840	cg13927454
257863	cg13928417
257866	cg13928485
257869	cg13928566
257923	cg13930811
257924	cg13930892
257953	cg13932122
257963	cg13932501
257981	cg13933262
258019	cg13935009
258111	cg13939185
258120	cg13939462
258158	cg13941474
258192	cg13943217
258223	cg13944838
258231	cg13945224
258243	cg13945749
258250	cg13946341
258255	cg13946767
258265	cg13947088
258309	cg13948857
258353	cg13951272
258356	cg13951488
258358	cg13951491
258364	cg13951697
258407	cg13954067
258409	cg13954127
258412	cg13954206
258446	cg13956452
258458	cg13957126
258463	cg13957413
258466	cg13957558
258473	cg13957874
258481	cg13958389
258523	cg13960999
258548	cg13962347
258654	cg13968233
258671	cg13969327
258688	cg13970894
258783	cg13974838
258822	cg13976338
258826	cg13976375
258866	cg13977827
258885	cg13978566
258933	cg13980719
258971	cg13982366
259004	cg13983692
259014	cg13984040
259141	cg13989664
259150	cg13990092
259154	cg13990351
259155	cg13990355
259199	cg13992911
259203	cg13993183
259205	cg13993218
259275	cg13996453
259306	cg13997668
259314	cg13997975
259317	cg13998093
259338	cg13999143
259367	cg14001023
259438	cg14003978
259464	cg14005211
259477	cg14006096
259547	cg14008999
259550	cg14009098
259555	cg14009473
259575	cg14010305
259576	cg14010318
259582	cg14010405
259586	cg14010513
259600	cg14011229
259645	cg14012925
259648	cg14013080
259656	cg14013337
259665	cg14013695
259695	cg14014964
259706	cg14015441
259711	cg14015656
259736	cg14016554
259743	cg14016879
259765	cg14018079
259819	cg14020052
259832	cg14020762
259834	cg14020846
259864	cg14022022
259885	cg14022778
259899	cg14023291
259905	cg14023389
259921	cg14023999
259943	cg14024893
259949	cg14025053
259990	cg14027288
260003	cg14027957
260042	cg14029489
260047	cg14029686
260075	cg14030882
260086	cg14031365
260130	cg14033170
260135	cg14033514
260153	cg14034782
260157	cg14034968
260162	cg14035231
260195	cg14036776
260198	cg14036830
260236	cg14038058
260285	cg14040358
260328	cg14042143
260329	cg14042190
260379	cg14044461
260413	cg14046302
260445	cg14047630
260479	cg14050053
260510	cg14051662
260546	cg14053657
260556	cg14054275
260587	cg14055970
260603	cg14057041
260621	cg14058100
260624	cg14058329
260676	cg14060111
260713	cg14062002
260734	cg14063129
260762	cg14064526
260770	cg14065115
260785	cg14066075
260850	cg14069333
260880	cg14070755
260911	cg14072027
260932	cg14073497
260934	cg14073571
260946	cg14073924
260951	cg14074117
260957	cg14074285
260987	cg14075393
261041	cg14078100
261044	cg14078162
261069	cg14079333
261094	cg14080434
261120	cg14081667
261195	cg14084907
261221	cg14086599
261248	cg14087413
261260	cg14088142
261281	cg14089067
261299	cg14089881
261356	cg14092045
261391	cg14093715
261415	cg14094646
261454	cg14096207
261478	cg14097304
261503	cg14098847
261535	cg14100362
261542	cg14100946
261554	cg14101485
261564	cg14101940
261590	cg14102807
261593	cg14102880
261601	cg14103215
261618	cg14104626
261631	cg14105566
261648	cg14106308
261687	cg14108567
261693	cg14108909
261718	cg14110685
261719	cg14110709
261721	cg14110885
261746	cg14112754
261753	cg14113035
261797	cg14115182
261804	cg14115325
261810	cg14115756
261819	cg14116129
261822	cg14116153
261879	cg14118946
261905	cg14119936
261918	cg14120436
261920	cg14120534
261933	cg14121142
261936	cg14121282
261942	cg14121740
262030	cg14126466
262044	cg14127046
262080	cg14128735
262110	cg14130459
262131	cg14131824
262172	cg14133945
262198	cg14135596
262234	cg14137381
262240	cg14137698
262248	cg14138132
262253	cg14138312
262305	cg14141399
262351	cg14143574
262352	cg14143580
262362	cg14144229
262364	cg14144305
262477	cg14150727
262528	cg14153069
262578	cg14155196
262603	cg14156441
262605	cg14156498
262628	cg14157435
262646	cg14158558
262669	cg14159539
262671	cg14159672
262692	cg14160480
262693	cg14160518
262790	cg14165096
262798	cg14165660
262866	cg14168316
262928	cg14170999
262930	cg14171188
262932	cg14171369
262945	cg14171824
262950	cg14172108
262974	cg14173476
263038	cg14176930
263053	cg14177914
263060	cg14178043
263062	cg14178083
263071	cg14178348
263093	cg14178895
263110	cg14179581
263162	cg14181956
263189	cg14182974
263216	cg14184400
263230	cg14184890
263231	cg14184907
263253	cg14185918
263265	cg14186336
263275	cg14186816
263292	cg14187678
263309	cg14188346
263348	cg14189678
263352	cg14189782
263354	cg14189808
263417	cg14192401
263513	cg14197071
263589	cg14201291
263593	cg14201424
263629	cg14202850
263681	cg14204735
263739	cg14207539
263748	cg14207921
263795	cg14209784
263822	cg14210607
263884	cg14212850
263891	cg14212967
263910	cg14213590
263919	cg14214182
263921	cg14214257
263938	cg14214797
263944	cg14215082
263957	cg14215472
263987	cg14216734
264024	cg14218447
264056	cg14219543
264077	cg14220146
264140	cg14222656
264149	cg14223001
264154	cg14223293
264172	cg14224203
264231	cg14227486
264237	cg14227785
264241	cg14228029
264259	cg14228756
264317	cg14232082
264361	cg14234105
264389	cg14235574
264405	cg14236413
264458	cg14238986
264466	cg14239351
264470	cg14239494
264473	cg14239515
264479	cg14239655
264483	cg14240060
264491	cg14240353
264564	cg14244013
264587	cg14245228
264594	cg14245471
264603	cg14245947
264609	cg14246568
264615	cg14247008
264638	cg14248367
264648	cg14248715
264662	cg14249348
264665	cg14249564
264673	cg14250048
264689	cg14250833
264731	cg14252279
264733	cg14252486
264857	cg14258143
264859	cg14258236
264873	cg14258623
264891	cg14259556
264895	cg14259717
264901	cg14260073
264954	cg14262681
264967	cg14263222
264971	cg14263391
265007	cg14265043
265031	cg14266217
265035	cg14266287
265067	cg14267754
265069	cg14267780
265090	cg14269109
265091	cg14269191
265110	cg14270293
265122	cg14270687
265184	cg14274357
265201	cg14275354
265212	cg14275842
265216	cg14275952
265277	cg14279121
265278	cg14279151
265281	cg14279307
265321	cg14281144
265433	cg14285533
265450	cg14286320
265495	cg14288091
265504	cg14288335
265599	cg14293223
265645	cg14295611
265660	cg14296274
265692	cg14298457
265712	cg14299455
265715	cg14299483
265726	cg14299940
265732	cg14300347
265769	cg14302224
265777	cg14302904
265833	cg14305701
265841	cg14306058
265892	cg14308466
265952	cg14311362
265984	cg14312661
266022	cg14314744
266041	cg14315558
266062	cg14316629
266069	cg14316944
266084	cg14317639
266107	cg14319235
266147	cg14321245
266197	cg14323539
266199	cg14323675
266229	cg14325112
266240	cg14325778
266241	cg14325779
266257	cg14326472
266260	cg14326671
266285	cg14328115
266289	cg14328415
266290	cg14328457
266291	cg14328477
266298	cg14328676
266323	cg14329783
266325	cg14329860
266339	cg14330516
266421	cg14334258
266443	cg14335159
266491	cg14338114
266508	cg14338887
266606	cg14343414
266611	cg14343548
266651	cg14346046
266707	cg14349538
266709	cg14349667
266730	cg14350312
266741	cg14350800
266743	cg14350969
266810	cg14354671
266822	cg14355374
266824	cg14355482
266835	cg14355911
266852	cg14356799
266892	cg14359824
266907	cg14360663
266970	cg14364186
266974	cg14364472
266983	cg14364926
266996	cg14365570
267005	cg14366490
267026	cg14368473
267041	cg14369455
267054	cg14370595
267071	cg14371524
267076	cg14371731
267101	cg14372705
267115	cg14373403
267129	cg14373873
267182	cg14375923
267184	cg14375937
267221	cg14377594
267231	cg14377922
267237	cg14378039
267276	cg14380094
267279	cg14380230
267351	cg14383658
267358	cg14384158
267361	cg14384224
267364	cg14384283
267385	cg14385362
267395	cg14386126
267433	cg14388093
267483	cg14391016
267491	cg14391419
267519	cg14392804
267562	cg14395298
267564	cg14395444
267590	cg14396758
267597	cg14397171
267607	cg14397690
267633	cg14398860
267646	cg14399183
267649	cg14399369
267699	cg14401746
267717	cg14403090
267722	cg14403200
267727	cg14403574
267809	cg14408412
267818	cg14408738
267832	cg14409083
267842	cg14409810
267861	cg14410395
267862	cg14410476
267876	cg14411266
267893	cg14412023
267938	cg14414406
267948	cg14414865
267953	cg14414903
267976	cg14415816
268010	cg14417329
268023	cg14417784
268044	cg14418633
268047	cg14418693
268049	cg14418756
268050	cg14418802
268074	cg14420108
268139	cg14422827
268179	cg14424631
268193	cg14425564
268220	cg14426428
268221	cg14426449
268254	cg14428252
268319	cg14431024
268355	cg14432910
268366	cg14433497
268372	cg14434062
268388	cg14434755
268389	cg14434870
268400	cg14435498
268404	cg14435644
268409	cg14435720
268466	cg14439572
268467	cg14439622
268468	cg14439629
268484	cg14440640
268547	cg14443953
268594	cg14446712
268620	cg14448169
268635	cg14449180
268648	cg14449958
268668	cg14451276
268692	cg14452619
268706	cg14453174
268731	cg14454127
268746	cg14455170
268750	cg14455403
268757	cg14455592
268783	cg14457311
268792	cg14457782
268801	cg14458068
268814	cg14458783
268821	cg14458955
268871	cg14461582
268879	cg14461974
268890	cg14462402
268919	cg14463412
269000	cg14467654
269023	cg14468658
269056	cg14470479
269154	cg14474520
269223	cg14477868
269233	cg14478475
269250	cg14479301
269262	cg14479798
269264	cg14479837
269277	cg14480249
269283	cg14480446
269287	cg14480530
269300	cg14481208
269326	cg14482712
269327	cg14482741
269330	cg14482811
269334	cg14482968
269381	cg14485633
269394	cg14486338
269399	cg14486477
269405	cg14486905
269413	cg14487271
269414	cg14487292
269440	cg14488466
269442	cg14488592
269468	cg14489632
269495	cg14491284
269498	cg14491482
269505	cg14491820
269544	cg14494620
269546	cg14494721
269547	cg14494733
269584	cg14496753
269590	cg14497054
269632	cg14499058
269641	cg14499577
269686	cg14502484
269695	cg14502818
269730	cg14504259
269731	cg14504269
269734	cg14504440
269742	cg14504586
269779	cg14506657
269780	cg14506667
269792	cg14507088
269796	cg14507146
269799	cg14507337
269814	cg14508093
269817	cg14508358
269828	cg14508791
269844	cg14509403
269896	cg14511652
269899	cg14511677
269918	cg14512563
269988	cg14515791
269992	cg14515812
269993	cg14515996
270031	cg14517743
270044	cg14518261
270202	cg14523898
270222	cg14524975
270246	cg14526021
270260	cg14526718
270352	cg14530143
270356	cg14530275
270362	cg14530382
270396	cg14531663
270400	cg14531834
270421	cg14533068
270432	cg14533595
270443	cg14533992
270447	cg14534144
270450	cg14534279
270458	cg14534848
270466	cg14535068
270471	cg14535274
270479	cg14535980
270519	cg14537713
270529	cg14538085
270559	cg14539393
270602	cg14541801
270632	cg14543255
270637	cg14543508
270665	cg14544666
270672	cg14545305
270715	cg14547895
270722	cg14548272
270761	cg14549976
270859	cg14554468
270870	cg14554846
270871	cg14554869
270900	cg14556243
270901	cg14556256
270913	cg14556683
270925	cg14557185
270943	cg14557787
270955	cg14558358
270983	cg14559388
270990	cg14559725
271043	cg14561904
271073	cg14563196
271078	cg14563637
271087	cg14563954
271106	cg14564793
271109	cg14564939
271114	cg14565100
271131	cg14565725
271135	cg14565781
271157	cg14566901
271176	cg14567917
271205	cg14569771
271222	cg14570652
271225	cg14571004
271240	cg14571669
271246	cg14571813
271267	cg14572967
271283	cg14573817
271284	cg14573833
271289	cg14574066
271322	cg14575739
271348	cg14576824
271425	cg14580228
271481	cg14582501
271491	cg14582845
271521	cg14583973
271540	cg14584815
271603	cg14588406
271632	cg14590098
271651	cg14591123
271672	cg14592066
271673	cg14592072
271680	cg14592399
271715	cg14594187
271743	cg14595683
271769	cg14597214
271806	cg14598478
271819	cg14599091
271890	cg14602530
271911	cg14603420
271924	cg14604007
271926	cg14604066
271960	cg14605874
271971	cg14606256
271976	cg14606431
272068	cg14611455
272074	cg14611684
272173	cg14615927
272187	cg14616574
272199	cg14617041
272251	cg14620572
272263	cg14621217
272265	cg14621254
272301	cg14623715
272312	cg14624314
272326	cg14625040
272327	cg14625066
272339	cg14625731
272440	cg14631706
272442	cg14631834
272472	cg14633252
272529	cg14635659
272553	cg14637111
272586	cg14638840
272684	cg14643892
272710	cg14645017
272841	cg14651518
272855	cg14652131
272867	cg14652638
272871	cg14652773
272898	cg14654239
272900	cg14654324
272903	cg14654468
272906	cg14654533
272970	cg14657277
273001	cg14658867
273009	cg14659193
273016	cg14659662
273022	cg14659930
273085	cg14663264
273146	cg14666404
273181	cg14668747
273187	cg14668981
273194	cg14669361
273196	cg14669379
273221	cg14670938
273231	cg14671384
273240	cg14672084
273264	cg14673618
273272	cg14674124
273301	cg14676529
273307	cg14676825
273311	cg14677130
273337	cg14678774
273338	cg14678829
273347	cg14679607
273393	cg14683138
273416	cg14684709
273466	cg14687660
273482	cg14688579
273489	cg14688905
273491	cg14688962
273495	cg14689219
273502	cg14689479
273506	cg14689537
273534	cg14691529
273544	cg14691971
273628	cg14696870
273639	cg14697642
273651	cg14698448
273652	cg14698646
273682	cg14699932
273711	cg14701491
273715	cg14701643
273742	cg14703002
273765	cg14704669
273772	cg14704980
273773	cg14705010
273810	cg14707053
273828	cg14708218
273838	cg14708905
273840	cg14708990
273848	cg14709292
273852	cg14709479
273856	cg14709691
273871	cg14710529
273897	cg14711997
273905	cg14712531
273922	cg14713231
273940	cg14714797
273965	cg14716323
273968	cg14716686
273974	cg14716968
273982	cg14717557
274016	cg14719722
274042	cg14721506
274053	cg14722290
274072	cg14723977
274085	cg14724749
274119	cg14726583
274167	cg14730102
274247	cg14736058
274254	cg14736365
274270	cg14737484
274272	cg14737571
274290	cg14738670
274307	cg14740417
274350	cg14742445
274360	cg14742937
274378	cg14743812
274413	cg14746717
274422	cg14747086
274435	cg14748380
274461	cg14750367
274470	cg14750757
274474	cg14750948
274491	cg14752089
274511	cg14753070
274518	cg14753356
274523	cg14753631
274540	cg14754787
274589	cg14757661
274598	cg14758218
274599	cg14758359
274640	cg14761242
274663	cg14762784
274700	cg14765933
274701	cg14765959
274710	cg14766620
274732	cg14768245
274814	cg14773178
274836	cg14774086
274837	cg14774117
274852	cg14774585
274864	cg14775296
274875	cg14775958
274887	cg14776321
274891	cg14776578
274899	cg14776998
274978	cg14780466
274999	cg14781281
275100	cg14785609
275131	cg14787267
275175	cg14789818
275211	cg14791525
275226	cg14792081
275255	cg14793844
275344	cg14797899
275370	cg14799457
275395	cg14801669
275405	cg14802502
275588	cg14817655
275603	cg14818621
275679	cg14823851
275700	cg14824921
275708	cg14825340
275750	cg14826909
275767	cg14827832
275769	cg14827929
275791	cg14829516
275798	cg14829948
275810	cg14830485
275858	cg14832998
275892	cg14834675
275899	cg14834893
275928	cg14836522
276003	cg14840351
276011	cg14840612
276044	cg14842237
276052	cg14842820
276083	cg14844341
276104	cg14845282
276113	cg14845812
276196	cg14849798
276203	cg14850477
276251	cg14852082
276260	cg14852384
276261	cg14852394
276300	cg14854503
276312	cg14855334
276317	cg14855519
276335	cg14856585
276407	cg14861089
276427	cg14862395
276593	cg14871932
276609	cg14872952
276640	cg14875171
276641	cg14875327
276644	cg14875498
276668	cg14877461
276671	cg14877637
276672	cg14877718
276678	cg14877896
276703	cg14879397
276704	cg14879418
276710	cg14879760
276719	cg14880348
276746	cg14882311
276805	cg14886269
276871	cg14891209
276885	cg14892538
276899	cg14893857
276929	cg14896134
277052	cg14904363
277059	cg14904662
277065	cg14904908
277073	cg14905466
277080	cg14905634
277093	cg14906455
277100	cg14906690
277108	cg14906976
277127	cg14908513
277141	cg14909201
277181	cg14910684
277191	cg14911395
277195	cg14911521
277220	cg14913111
277246	cg14914532
277304	cg14918082
277352	cg14921271
277392	cg14924046
277411	cg14925024
277423	cg14925764
277444	cg14927126
277454	cg14927745
277539	cg14931854
277570	cg14934253
277624	cg14938419
277647	cg14939821
277664	cg14940898
277726	cg14945317
277746	cg14946515
277811	cg14950747
277865	cg14954582
277885	cg14955976
277893	cg14956836
277908	cg14957660
277932	cg14958635
277944	cg14959425
277986	cg14962032
277993	cg14962327
277997	cg14962509
278063	cg14966782
278091	cg14968732
278136	cg14971320
278138	cg14971327
278156	cg14972139
278159	cg14972155
278201	cg14974749
278220	cg14975347
278262	cg14977875
278308	cg14981253
278315	cg14981532
278330	cg14982276
278355	cg14983763
278358	cg14983838
278426	cg14987431
278449	cg14988680
278454	cg14989164
278457	cg14989226
278474	cg14989988
278508	cg14991769
278512	cg14992000
278548	cg14993491
278556	cg14993900
278613	cg14996783
278688	cg15001131
278714	cg15002250
278726	cg15002904
278756	cg15005368
278806	cg15007983
278808	cg15008124
278820	cg15009232
278843	cg15010372
278902	cg15013801
278923	cg15014975
278941	cg15015892
279007	cg15020568
279036	cg15022051
279062	cg15023513
279065	cg15023686
279082	cg15025103
279107	cg15026277
279127	cg15027294
279162	cg15029032
279175	cg15029935
279183	cg15030449
279261	cg15034300
279298	cg15035590
279299	cg15035705
279329	cg15037541
279334	cg15037663
279405	cg15043384
279419	cg15044041
279450	cg15046062
279499	cg15049101
279513	cg15050051
279562	cg15054274
279565	cg15054725
279599	cg15056288
279678	cg15059851
279775	cg15065877
279885	cg15071854
279922	cg15074033
279941	cg15075241
279953	cg15075897
279980	cg15077193
280004	cg15078681
280023	cg15079934
280038	cg15080870
280109	cg15084543
280162	cg15087178
280176	cg15087907
280203	cg15089370
280256	cg15092219
280259	cg15092343
280284	cg15094117
280290	cg15094605
280313	cg15095922
280340	cg15097489
280362	cg15099418
280366	cg15099666
280377	cg15100426
280389	cg15101245
280412	cg15102749
280458	cg15105326
280501	cg15107871
280515	cg15108553
280665	cg15117372
280676	cg15118447
280694	cg15119640
280724	cg15121267
280774	cg15123692
280806	cg15125053
280832	cg15126179
280837	cg15126544
280839	cg15126862
280843	cg15126975
280845	cg15127250
280856	cg15127791
280862	cg15128141
280893	cg15129506
280896	cg15129679
280933	cg15131789
280934	cg15131808
280941	cg15132165
280949	cg15132565
280954	cg15132673
280956	cg15132749
280996	cg15134787
280999	cg15135047
281046	cg15138125
281143	cg15143788
281165	cg15145296
281276	cg15152595
281322	cg15155209
281376	cg15158847
281383	cg15159060
281393	cg15159605
281401	cg15160263
281411	cg15160709
281435	cg15161959
281437	cg15162000
281443	cg15162392
281464	cg15164472
281467	cg15164708
281479	cg15165122
281486	cg15165927
281488	cg15166039
281530	cg15168615
281532	cg15168727
281556	cg15169940
281580	cg15171342
281584	cg15171911
281599	cg15172734
281619	cg15174117
281638	cg15174906
281685	cg15177855
281782	cg15186638
281808	cg15188398
281847	cg15191021
281858	cg15192103
281927	cg15197065
281964	cg15199622
281972	cg15199987
281976	cg15200418
282000	cg15202102
282025	cg15203271
282035	cg15203735
282040	cg15203905
282058	cg15205435
282059	cg15205441
282086	cg15207619
282119	cg15209277
282121	cg15209376
282124	cg15209566
282128	cg15209808
282177	cg15212455
282208	cg15214183
282231	cg15215978
282240	cg15217044
282297	cg15222899
282305	cg15223726
282357	cg15226275
282401	cg15229124
282403	cg15229245
282412	cg15229943
282413	cg15229994
282437	cg15231462
282484	cg15234271
282487	cg15234400
282513	cg15235999
282523	cg15236483
282526	cg15236528
282576	cg15239904
282601	cg15241501
282620	cg15242449
282634	cg15243542
282636	cg15243578
282641	cg15243856
282644	cg15244101
282653	cg15244778
282654	cg15244786
282668	cg15245625
282681	cg15246590
282687	cg15246805
282748	cg15249926
282790	cg15253604
282858	cg15258447
282876	cg15259904
282908	cg15261665
282912	cg15261861
282916	cg15262317
282929	cg15263021
282935	cg15264020
282938	cg15264162
282958	cg15265085
282987	cg15267232
283098	cg15275625
283104	cg15276256
283129	cg15278109
283145	cg15279308
283176	cg15281710
283239	cg15286206
283270	cg15288618
283272	cg15288800
283318	cg15292765
283395	cg15299388
283428	cg15301881
283505	cg15309264
283538	cg15311814
283551	cg15312943
283599	cg15316843
283614	cg15317815
283634	cg15318957
283639	cg15319126
283669	cg15320905
283705	cg15322801
283714	cg15323253
283743	cg15324917
283759	cg15325875
283813	cg15329876
283879	cg15334372
283909	cg15336765
283949	cg15339231
284039	cg15345477
284047	cg15346191
284064	cg15347342
284077	cg15348319
284120	cg15351950
284121	cg15351951
284125	cg15352315
284147	cg15354666
284167	cg15355952
284173	cg15356461
284197	cg15357945
284202	cg15358372
284205	cg15358549
284225	cg15359390
284235	cg15360478
284246	cg15361291
284301	cg15365028
284329	cg15367247
284342	cg15368264
284353	cg15368905
284365	cg15369821
284388	cg15371711
284425	cg15374435
284560	cg15382538
284574	cg15383276
284598	cg15384383
284603	cg15384589
284604	cg15384598
284632	cg15386434
284720	cg15391807
284755	cg15393025
284762	cg15393275
284768	cg15393490
284819	cg15396367
284840	cg15397593
284847	cg15398400
284899	cg15401418
284902	cg15401507
284913	cg15402095
284917	cg15402210
284923	cg15402627
284967	cg15406010
285009	cg15408497
285019	cg15409097
285020	cg15409133
285095	cg15414638
285103	cg15414975
285109	cg15415259
285111	cg15415452
285123	cg15416179
285126	cg15416279
285127	cg15416329
285142	cg15417244
285151	cg15417798
285161	cg15418499
285188	cg15420468
285215	cg15422005
285225	cg15422685
285269	cg15425811
285300	cg15428140
285320	cg15429214
285462	cg15440158
285471	cg15440688
285493	cg15442037
285511	cg15442737
285514	cg15442800
285516	cg15442888
285517	cg15442907
285563	cg15444648
285570	cg15445000
285594	cg15446845
285633	cg15448445
285653	cg15449217
285672	cg15450445
285760	cg15454820
285771	cg15455864
285838	cg15459780
285863	cg15460899
285933	cg15464821
285953	cg15465743
285957	cg15465878
286013	cg15469272
286021	cg15469709
286023	cg15469871
286046	cg15471501
286059	cg15472071
286140	cg15475840
286159	cg15476894
286168	cg15477247
286180	cg15478401
286219	cg15481172
286282	cg15484651
286339	cg15488570
286381	cg15491094
286409	cg15493035
286413	cg15493618
286425	cg15494558
286452	cg15496763
286456	cg15496956
286470	cg15498134
286473	cg15498306
286484	cg15499368
286526	cg15503081
286545	cg15504461
286565	cg15505615
286566	cg15505642
286580	cg15506587
286582	cg15506609
286616	cg15508809
286624	cg15509361
286632	cg15510249
286633	cg15510325
286653	cg15511801
286655	cg15511928
286683	cg15514380
286693	cg15515258
286711	cg15517113
286734	cg15518950
286741	cg15519474
286792	cg15524063
286829	cg15526954
286832	cg15527231
286841	cg15527674
286849	cg15528437
286856	cg15529155
286932	cg15534755
286977	cg15538193
286995	cg15539330
287028	cg15541088
287104	cg15545410
287112	cg15545772
287114	cg15545842
287144	cg15547825
287157	cg15548613
287185	cg15550100
287197	cg15550572
287212	cg15551687
287222	cg15552238
287232	cg15552843
287288	cg15555095
287293	cg15555527
287314	cg15556591
287315	cg15556599
287324	cg15556886
287375	cg15559674
287378	cg15559714
287442	cg15564098
287448	cg15564444
287479	cg15566554
287504	cg15568107
287528	cg15570148
287546	cg15571405
287554	cg15571730
287567	cg15572489
287576	cg15572907
287591	cg15573998
287625	cg15575538
287645	cg15576517
287649	cg15576730
287699	cg15579587
287720	cg15580417
287750	cg15582506
287772	cg15583330
287827	cg15586327
287874	cg15589689
287894	cg15590989
287927	cg15593510
287957	cg15595502
287958	cg15595525
287966	cg15595755
287988	cg15597364
288045	cg15600935
288071	cg15602037
288125	cg15604182
288150	cg15605096
288168	cg15605858
288211	cg15608301
288225	cg15609272
288264	cg15611336
288271	cg15611809
288306	cg15613420
288316	cg15613991
288353	cg15616257
288354	cg15616310
288355	cg15616358
288358	cg15616496
288370	cg15617019
288374	cg15617155
288385	cg15617609
288392	cg15617853
288426	cg15619820
288448	cg15621458
288471	cg15622619
288486	cg15623175
288514	cg15624376
288520	cg15624813
288563	cg15627089
288591	cg15628518
288596	cg15628917
288629	cg15630827
288638	cg15631458
288691	cg15634877
288746	cg15638292
288750	cg15638414
288778	cg15640140
288803	cg15641657
288828	cg15642854
288865	cg15645203
288878	cg15645660
288880	cg15645685
288893	cg15646382
289032	cg15653194
289048	cg15654025
289090	cg15656834
289115	cg15658426
289139	cg15659713
289148	cg15660353
289211	cg15664442
289239	cg15665928
289247	cg15666214
289316	cg15672768
289320	cg15673034
289344	cg15674432
289358	cg15675123
289375	cg15676292
289391	cg15676837
289432	cg15678844
289452	cg15679892
289456	cg15680288
289467	cg15680720
289490	cg15681626
289555	cg15685889
289572	cg15686474
289588	cg15687600
289601	cg15688324
289633	cg15690347
289634	cg15690379
289637	cg15690475
289663	cg15691862
289671	cg15692172
289684	cg15693066
289687	cg15693299
289767	cg15697476
289850	cg15701237
289866	cg15701794
289882	cg15703035
289980	cg15708127
290027	cg15711246
290029	cg15711288
290063	cg15713103
290093	cg15714846
290134	cg15717448
290143	cg15717840
290160	cg15718581
290186	cg15720089
290196	cg15720535
290273	cg15724945
290280	cg15725440
290323	cg15727287
290399	cg15731180
290403	cg15731655
290428	cg15732768
290431	cg15732851
290440	cg15733367
290449	cg15733882
290451	cg15733932
290479	cg15735417
290491	cg15736169
290510	cg15737177
290544	cg15739881
290568	cg15741433
290631	cg15745284
290667	cg15747595
290751	cg15754594
290754	cg15754752
290776	cg15756114
290782	cg15756507
290801	cg15757793
290818	cg15759721
290870	cg15764975
290880	cg15765502
290884	cg15765694
290925	cg15768443
290933	cg15768901
290963	cg15770446
291009	cg15772924
291016	cg15773230
291017	cg15773251
291091	cg15777760
291098	cg15778054
291099	cg15778089
291110	cg15778457
291126	cg15779837
291163	cg15782852
291190	cg15784997
291227	cg15787636
291240	cg15788537
291320	cg15795787
291375	cg15799267
291390	cg15800530
291439	cg15804426
291452	cg15805337
291487	cg15807314
291491	cg15807855
291538	cg15810758
291556	cg15812020
291570	cg15812753
291636	cg15816464
291637	cg15816503
291644	cg15817130
291657	cg15817769
291659	cg15817960
291758	cg15822765
291784	cg15824056
291800	cg15824741
291817	cg15825293
291820	cg15825321
291852	cg15826897
291881	cg15828364
291894	cg15829056
291898	cg15829088
291910	cg15829654
291954	cg15831998
291985	cg15833565
291996	cg15833843
292021	cg15835396
292027	cg15835620
292108	cg15839431
292125	cg15840151
292147	cg15841310
292156	cg15841728
292178	cg15843262
292200	cg15844374
292217	cg15844871
292237	cg15846434
292270	cg15847996
292272	cg15848031
292280	cg15848561
292341	cg15852352
292407	cg15855970
292439	cg15858166
292486	cg15861585
292516	cg15863826
292538	cg15865026
292567	cg15867428
292612	cg15870857
292639	cg15872458
292643	cg15873112
292688	cg15875654
292703	cg15876825
292723	cg15877915
292727	cg15878317
292734	cg15878670
292830	cg15885440
292831	cg15885628
292860	cg15888097
292868	cg15888472
292895	cg15889768
292907	cg15890143
292961	cg15893204
293011	cg15895690
293016	cg15896084
293020	cg15896157
293027	cg15896446
293034	cg15896696
293079	cg15899743
293127	cg15902390
293154	cg15903915
293162	cg15904283
293234	cg15908708
293246	cg15909132
293247	cg15909232
293258	cg15909933
293303	cg15912086
293325	cg15914316
293345	cg15915835
293348	cg15916160
293405	cg15920654
293410	cg15920750
293412	cg15920791
293416	cg15920975
293439	cg15921887
293446	cg15922174
293483	cg15924332
293497	cg15924868
293516	cg15925869
293580	cg15929363
293585	cg15929573
293612	cg15931673
293623	cg15932284
293652	cg15934004
293660	cg15934368
293663	cg15934634
293687	cg15936066
293726	cg15939287
293751	cg15941159
293768	cg15943038
293787	cg15944684
293790	cg15944766
293814	cg15946224
293867	cg15949044
293870	cg15949553
293911	cg15952487
293929	cg15954031
294019	cg15960924
294022	cg15961007
294041	cg15961904
294054	cg15962744
294058	cg15962969
294089	cg15964468
294188	cg15971010
294227	cg15973075
294232	cg15973314
294240	cg15973954
294253	cg15974673
294259	cg15975151
294276	cg15975806
294289	cg15976404
294291	cg15976539
294313	cg15977685
294331	cg15978561
294332	cg15978565
294378	cg15981734
294379	cg15981851
294423	cg15984596
294425	cg15984661
294436	cg15985184
294453	cg15985905
294458	cg15986251
294486	cg15988232
294524	cg15989926
294536	cg15990629
294573	cg15992535
294578	cg15992730
294624	cg15994604
294690	cg15998406
294707	cg15999165
294730	cg16000182
294756	cg16001165
294762	cg16001422
294773	cg16001811
294815	cg16003687
294856	cg16005939
294885	cg16007395
294916	cg16008979
294924	cg16009407
294934	cg16009877
294937	cg16010163
294956	cg16010911
295010	cg16014606
295029	cg16015593
295055	cg16016960
295057	cg16017089
295059	cg16017144
295114	cg16020346
295144	cg16022049
295165	cg16023304
295192	cg16024836
295273	cg16029260
295331	cg16032841
295347	cg16034060
295348	cg16034168
295380	cg16035780
295400	cg16037711
295404	cg16038003
295483	cg16043651
295558	cg16047471
295583	cg16048781
295624	cg16050897
295634	cg16051195
295648	cg16051656
295660	cg16052325
295698	cg16054907
295740	cg16057408
295743	cg16057587
295759	cg16058797
295772	cg16059943
295779	cg16060204
295794	cg16061228
295801	cg16061498
295820	cg16063018
295863	cg16065768
295873	cg16066354
295885	cg16067628
295896	cg16068263
295914	cg16069079
295924	cg16069986
295940	cg16071681
295958	cg16072777
295968	cg16073408
296031	cg16078649
296041	cg16079364
296059	cg16080552
296060	cg16080643
296094	cg16082877
296104	cg16083711
296143	cg16086373
296146	cg16086559
296178	cg16087826
296228	cg16091952
296243	cg16092829
296265	cg16094412
296303	cg16096766
296330	cg16098304
296347	cg16099107
296379	cg16101008
296428	cg16103712
296432	cg16103990
296449	cg16104915
296464	cg16105676
296506	cg16108230
296548	cg16110759
296562	cg16111737
296776	cg16124188
296803	cg16125816
296812	cg16126286
296864	cg16130857
296890	cg16133088
296903	cg16134191
296916	cg16134717
296919	cg16135090
296943	cg16136290
296976	cg16138458
296999	cg16139517
297005	cg16139912
297068	cg16143578
297095	cg16144864
297096	cg16144883
297147	cg16147932
297181	cg16149574
297223	cg16151651
297240	cg16153168
297279	cg16155858
297308	cg16158779
297343	cg16162536
297364	cg16163756
297426	cg16167524
297478	cg16170614
297480	cg16170708
297482	cg16170767
297502	cg16171838
297566	cg16175245
297568	cg16175263
297579	cg16175703
297620	cg16177481
297621	cg16177556
297628	cg16177732
297636	cg16178003
297647	cg16178603
297659	cg16179125
297713	cg16182447
297755	cg16185299
297784	cg16187635
297830	cg16190266
297873	cg16193203
297876	cg16193278
297895	cg16194588
297904	cg16195332
297960	cg16198468
297973	cg16199277
297978	cg16199747
297997	cg16200879
298016	cg16201883
298027	cg16202340
298043	cg16203203
298056	cg16203758
298067	cg16204205
298083	cg16204717
298085	cg16204818
298118	cg16206504
298126	cg16206813
298132	cg16207110
298182	cg16210088
298184	cg16210248
298185	cg16210324
298186	cg16210355
298191	cg16210461
298219	cg16212145
298222	cg16212298
298249	cg16214653
298391	cg16223546
298415	cg16225663
298443	cg16227623
298455	cg16228359
298483	cg16230626
298499	cg16231917
298502	cg16232126
298519	cg16233074
298538	cg16234557
298601	cg16237672
298624	cg16238993
298644	cg16240162
298657	cg16240755
298661	cg16241033
298693	cg16243019
298727	cg16244770
298736	cg16245261
298760	cg16246488
298761	cg16246489
298766	cg16246661
298774	cg16247183
298864	cg16252110
298934	cg16255631
298952	cg16256615
298990	cg16258223
298992	cg16258229
298993	cg16258337
299005	cg16259043
299031	cg16260298
299067	cg16262201
299073	cg16262559
299079	cg16262963
299096	cg16263848
299100	cg16264004
299115	cg16264595
299117	cg16264642
299118	cg16264705
299126	cg16264966
299132	cg16265542
299136	cg16265599
299173	cg16267322
299188	cg16268165
299206	cg16269048
299220	cg16269733
299230	cg16270222
299233	cg16270399
299252	cg16271437
299306	cg16274205
299336	cg16276063
299357	cg16277169
299387	cg16278877
299424	cg16281276
299461	cg16284238
299498	cg16286735
299513	cg16288089
299521	cg16288421
299535	cg16289210
299566	cg16290866
299577	cg16291699
299581	cg16291917
299610	cg16293118
299626	cg16293892
299659	cg16295725
299666	cg16296290
299671	cg16296442
299687	cg16297171
299749	cg16300637
299761	cg16301768
299765	cg16301924
299776	cg16302655
299779	cg16302916
299786	cg16303353
299791	cg16303742
299795	cg16303918
299797	cg16304215
299800	cg16304521
299802	cg16304656
299825	cg16306259
299842	cg16306978
299855	cg16307866
299879	cg16309319
299896	cg16310003
299905	cg16310415
299907	cg16310513
299927	cg16311536
299937	cg16312002
299945	cg16312514
299954	cg16312968
299961	cg16313343
299964	cg16313485
299978	cg16314254
299990	cg16314733
300047	cg16317457
300061	cg16318112
300132	cg16321280
300146	cg16321846
300173	cg16323293
300185	cg16324018
300191	cg16324409
300210	cg16325502
300287	cg16328896
300288	cg16328999
300291	cg16329197
300295	cg16329658
300357	cg16332610
300384	cg16334383
300412	cg16336436
300414	cg16336556
300461	cg16339238
300504	cg16342115
300520	cg16343134
300523	cg16343401
300530	cg16343924
300561	cg16345566
300583	cg16347123
300612	cg16348470
300636	cg16349819
300647	cg16350728
300661	cg16352085
300671	cg16352830
300673	cg16353006
300684	cg16353508
300690	cg16353632
300729	cg16355945
300744	cg16357179
300779	cg16358679
300797	cg16359424
300835	cg16361302
300871	cg16362603
300872	cg16362786
300933	cg16366355
300948	cg16366809
300957	cg16367168
300971	cg16368146
300972	cg16368147
301018	cg16371229
301040	cg16372520
301094	cg16374999
301099	cg16375290
301135	cg16377609
301143	cg16377880
301182	cg16379999
301206	cg16382030
301242	cg16384593
301298	cg16387254
301313	cg16388178
301336	cg16389901
301367	cg16391955
301368	cg16391973
301377	cg16392561
301408	cg16394018
301411	cg16394290
301439	cg16396284
301488	cg16398362
301504	cg16399136
301517	cg16399632
301541	cg16400631
301611	cg16404040
301617	cg16404157
301657	cg16405908
301677	cg16406967
301731	cg16409409
301746	cg16409977
301752	cg16410524
301811	cg16413687
301842	cg16415457
301847	cg16415819
301880	cg16417374
301932	cg16419441
301941	cg16419724
301971	cg16421411
302020	cg16424078
302054	cg16426293
302097	cg16428612
302113	cg16429505
302120	cg16429975
302141	cg16430819
302169	cg16431978
302191	cg16433737
302231	cg16435779
302270	cg16437908
302273	cg16438182
302288	cg16438688
302308	cg16440058
302327	cg16441388
302343	cg16442712
302353	cg16443148
302376	cg16444641
302379	cg16444909
302404	cg16446486
302440	cg16448636
302477	cg16450309
302522	cg16452651
302529	cg16452865
302530	cg16452866
302555	cg16454495
302604	cg16457842
302606	cg16457916
302613	cg16458436
302629	cg16459349
302645	cg16460383
302692	cg16463460
302718	cg16465280
302821	cg16471362
302822	cg16471481
302825	cg16471612
302833	cg16472050
302865	cg16474118
302875	cg16474696
302906	cg16476975
302907	cg16476991
302919	cg16477662
302932	cg16478536
302980	cg16481365
302988	cg16481969
302993	cg16482344
302998	cg16482761
303000	cg16482878
303045	cg16486327
303073	cg16488098
303108	cg16490015
303237	cg16497661
303253	cg16498913
303261	cg16499607
303265	cg16499677
303291	cg16501237
303292	cg16501308
303315	cg16502931
303405	cg16508068
303443	cg16509777
303445	cg16509851
303452	cg16510099
303459	cg16510440
303471	cg16511229
303521	cg16513459
303571	cg16516712
303626	cg16519399
303633	cg16519587
303651	cg16520288
303694	cg16522412
303710	cg16523372
303748	cg16524733
303819	cg16527552
303852	cg16529477
303858	cg16529599
303872	cg16530177
303905	cg16531622
303919	cg16532282
303943	cg16533359
303963	cg16534399
303987	cg16535752
303997	cg16536399
304024	cg16537367
304061	cg16539741
304119	cg16543094
304149	cg16545749
304164	cg16546503
304188	cg16547579
304208	cg16548780
304215	cg16549043
304266	cg16551520
304330	cg16555188
304348	cg16555856
304356	cg16556145
304379	cg16557370
304381	cg16557698
304421	cg16559598
304455	cg16561266
304459	cg16561657
304473	cg16562288
304481	cg16562724
304482	cg16562730
304494	cg16563187
304498	cg16563255
304541	cg16565394
304547	cg16565696
304552	cg16565913
304579	cg16567723
304614	cg16569650
304677	cg16573346
304719	cg16575291
304721	cg16575322
304737	cg16576033
304772	cg16577595
304799	cg16578742
304801	cg16578825
304833	cg16579981
304843	cg16580616
304877	cg16581738
304891	cg16582419
304907	cg16583186
304911	cg16583315
304948	cg16585234
305040	cg16589180
305044	cg16589299
305089	cg16591159
305124	cg16592832
305190	cg16596367
305191	cg16596440
305211	cg16597391
305228	cg16598508
305230	cg16598600
305263	cg16600634
305272	cg16600991
305309	cg16603012
305400	cg16609260
305425	cg16611654
305447	cg16612926
305457	cg16613240
305462	cg16613990
305468	cg16614527
305475	cg16615154
305494	cg16615954
305506	cg16616514
305511	cg16616765
305534	cg16617723
305544	cg16618104
305591	cg16620390
305615	cg16622061
305632	cg16622920
305647	cg16624069
305666	cg16624888
305684	cg16625770
305690	cg16626067
305737	cg16627829
305748	cg16628183
305785	cg16630482
305912	cg16638092
305916	cg16638385
305936	cg16639311
305943	cg16639692
305967	cg16640865
305998	cg16642791
306001	cg16643088
306067	cg16646726
306076	cg16647844
306098	cg16648887
306165	cg16652303
306191	cg16653138
306204	cg16653901
306213	cg16654432
306216	cg16654603
306230	cg16655240
306248	cg16655778
306249	cg16655791
306318	cg16658931
306320	cg16659026
306324	cg16659284
306361	cg16661000
306412	cg16663155
306444	cg16664732
306488	cg16667508
306489	cg16667631
306499	cg16668359
306531	cg16670554
306569	cg16672562
306616	cg16675054
306629	cg16675758
306636	cg16676292
306648	cg16677019
306686	cg16678564
306691	cg16678925
306698	cg16679297
306699	cg16679302
306712	cg16680159
306729	cg16681083
306734	cg16681199
306781	cg16683160
306820	cg16686158
306854	cg16688483
306984	cg16695483
307007	cg16696400
307025	cg16697438
307083	cg16700000
307117	cg16701167
307141	cg16702083
307204	cg16705086
307211	cg16705273
307219	cg16705395
307230	cg16705744
307252	cg16706687
307324	cg16710124
307328	cg16710224
307340	cg16711011
307348	cg16711291
307387	cg16713168
307388	cg16713262
307402	cg16713743
307410	cg16714096
307423	cg16715129
307436	cg16715953
307443	cg16716320
307474	cg16717713
307551	cg16721177
307558	cg16721359
307592	cg16723488
307618	cg16725050
307639	cg16726039
307661	cg16727774
307675	cg16728539
307678	cg16728651
307680	cg16728934
307727	cg16731811
307736	cg16732616
307763	cg16733705
307799	cg16735509
307806	cg16735881
307852	cg16738453
307854	cg16738646
307876	cg16739544
307916	cg16742075
307950	cg16744531
307960	cg16744973
307998	cg16747164
308006	cg16747717
308036	cg16749785
308044	cg16750777
308055	cg16751493
308072	cg16752876
308106	cg16754788
308124	cg16755833
308158	cg16757821
308168	cg16758317
308174	cg16758800
308176	cg16758813
308185	cg16759416
308202	cg16760130
308219	cg16761096
308248	cg16762841
308253	cg16763089
308260	cg16763443
308271	cg16764274
308296	cg16765600
308309	cg16766632
308337	cg16768018
308338	cg16768191
308348	cg16768966
308349	cg16769152
308379	cg16771104
308413	cg16773768
308448	cg16775746
308449	cg16775752
308455	cg16776065
308485	cg16778156
308507	cg16779498
308512	cg16779866
308533	cg16781264
308544	cg16781880
308573	cg16783349
308603	cg16785291
308643	cg16786971
308653	cg16787431
308670	cg16788656
308699	cg16790416
308710	cg16790847
308741	cg16792160
308758	cg16792842
308776	cg16793394
308808	cg16795307
308849	cg16797699
308863	cg16798252
308874	cg16799111
308908	cg16801374
308924	cg16802592
308971	cg16805094
309039	cg16809457
309040	cg16809460
309064	cg16810605
309122	cg16814786
309124	cg16814808
309161	cg16817992
309241	cg16823064
309242	cg16823083
309271	cg16824643
309316	cg16829244
309340	cg16831055
309341	cg16831085
309357	cg16832407
309391	cg16834823
309404	cg16836311
309416	cg16837441
309429	cg16838838
309439	cg16840358
309463	cg16841955
309466	cg16842053
309538	cg16847637
309552	cg16848524
309555	cg16848712
309568	cg16849268
309588	cg16851046
309592	cg16851282
309596	cg16851417
309599	cg16851482
309779	cg16863795
309814	cg16865953
309831	cg16867086
309834	cg16867657
309846	cg16868298
309968	cg16876647
309981	cg16877681
309983	cg16877924
309990	cg16878214
310044	cg16882373
310084	cg16884902
310107	cg16886175
310126	cg16887170
310129	cg16887264
310141	cg16888565
310159	cg16889557
310166	cg16890051
310176	cg16890796
310199	cg16892393
310256	cg16896313
310265	cg16896868
310283	cg16897800
310314	cg16899498
310400	cg16904348
310419	cg16905004
310425	cg16905265
310437	cg16906086
310444	cg16906346
310481	cg16908123
310486	cg16908552
310571	cg16912563
310622	cg16916914
310640	cg16918578
310648	cg16918905
310661	cg16919569
310717	cg16922937
310745	cg16924776
310773	cg16926213
310835	cg16929199
310854	cg16930572
310868	cg16931664
310875	cg16931969
310898	cg16933440
310933	cg16935980
310941	cg16936421
310946	cg16936953
310954	cg16937268
310962	cg16937769
310977	cg16940012
310990	cg16941302
311039	cg16945312
311043	cg16945633
311104	cg16951533
311130	cg16953816
311180	cg16957313
311186	cg16957940
311202	cg16958775
311269	cg16963373
311274	cg16964025
311307	cg16966315
311313	cg16966992
311314	cg16967003
311315	cg16967068
311320	cg16967578
311404	cg16974075
311425	cg16975587
311467	cg16977735
311483	cg16978914
311504	cg16982073
311574	cg16986661
311575	cg16986720
311590	cg16987606
311594	cg16987754
311650	cg16990168
311666	cg16991515
311686	cg16992870
311689	cg16993015
311736	cg16996144
311764	cg16997642
311785	cg16998831
311805	cg17000199
311832	cg17001566
311840	cg17001765
311860	cg17002851
311868	cg17003260
311922	cg17007374
311942	cg17008486
311962	cg17009813
311967	cg17010100
312054	cg17015522
312132	cg17019053
312139	cg17019292
312148	cg17020398
312183	cg17022362
312196	cg17023034
312240	cg17025620
312301	cg17029151
312309	cg17029721
312328	cg17031543
312342	cg17032005
312371	cg17033359
312460	cg17038049
312586	cg17046823
312636	cg17050616
312663	cg17051704
312686	cg17053060
312706	cg17054060
312820	cg17061862
312875	cg17066531
312888	cg17067528
312911	cg17069313
312913	cg17069396
312941	cg17071045
312948	cg17071446
312974	cg17073273
312979	cg17073708
313060	cg17078427
313096	cg17080163
313103	cg17080423
313111	cg17080893
313132	cg17081914
313149	cg17082661
313161	cg17083323
313168	cg17083560
313169	cg17083575
313207	cg17085710
313245	cg17088073
313279	cg17090968
313281	cg17091049
313282	cg17091056
313304	cg17092519
313336	cg17094014
313345	cg17094363
313400	cg17098103
313410	cg17098979
313413	cg17099048
313420	cg17099568
313464	cg17102042
313471	cg17102269
313507	cg17104258
313518	cg17104824
313526	cg17105014
313570	cg17107572
313599	cg17109042
313615	cg17110261
313621	cg17110586
313699	cg17116120
313722	cg17118391
313727	cg17118836
313741	cg17119907
313761	cg17121140
313793	cg17123639
313796	cg17123690
313799	cg17124224
313815	cg17125141
313832	cg17125990
313889	cg17128947
313912	cg17129986
313917	cg17130251
313989	cg17134153
314030	cg17137063
314039	cg17137424
314053	cg17138769
314060	cg17139210
314067	cg17139666
314077	cg17140222
314117	cg17142432
314133	cg17143192
314165	cg17145370
314176	cg17146110
314223	cg17148317
314277	cg17151621
314342	cg17154935
314398	cg17157798
314401	cg17157894
314416	cg17158913
314418	cg17159058
314433	cg17159790
314447	cg17160666
314458	cg17161250
314466	cg17161617
314467	cg17161718
314492	cg17163168
314496	cg17163527
314507	cg17163967
314509	cg17164063
314578	cg17167852
314623	cg17169998
314630	cg17170354
314673	cg17172683
314678	cg17172980
314686	cg17173423
314696	cg17173816
314719	cg17174814
314728	cg17175364
314732	cg17175521
314738	cg17176016
314761	cg17177213
314768	cg17177528
314781	cg17178175
314805	cg17179314
314825	cg17180237
314875	cg17182817
314921	cg17185404
314942	cg17186168
314947	cg17186388
314948	cg17186418
314952	cg17186750
314962	cg17187167
314966	cg17187438
314975	cg17187764
315037	cg17192381
315063	cg17194270
315066	cg17194728
315099	cg17197870
315124	cg17199018
315130	cg17199367
315153	cg17200850
315155	cg17200920
315166	cg17201651
315181	cg17202717
315184	cg17202781
315190	cg17203063
315235	cg17206150
315256	cg17207337
315261	cg17207559
315286	cg17208953
315288	cg17209188
315302	cg17210004
315314	cg17210933
315315	cg17210938
315326	cg17211562
315329	cg17211761
315365	cg17213402
315383	cg17214381
315403	cg17215172
315434	cg17216759
315439	cg17217059
315449	cg17217443
315507	cg17220632
315551	cg17222941
315598	cg17226286
315633	cg17228232
315647	cg17229173
315663	cg17230773
315675	cg17231690
315678	cg17231999
315680	cg17232217
315690	cg17233090
315721	cg17235897
315723	cg17236169
315747	cg17238009
315758	cg17238766
315763	cg17239057
315811	cg17241776
315817	cg17242351
315828	cg17242937
315839	cg17243643
315854	cg17244980
315872	cg17246140
315875	cg17246382
315878	cg17246606
315885	cg17247026
315889	cg17247190
315894	cg17247873
315915	cg17250160
315964	cg17253981
316032	cg17258335
316033	cg17258364
316109	cg17264513
316111	cg17264609
316141	cg17266581
316184	cg17269633
316188	cg17270100
316237	cg17272843
316302	cg17276863
316315	cg17277939
316345	cg17279103
316346	cg17279125
316370	cg17280106
316375	cg17280284
316387	cg17281031
316402	cg17282060
316455	cg17284168
316466	cg17284536
316509	cg17286640
316520	cg17287155
316556	cg17289451
316627	cg17293936
316643	cg17295225
316659	cg17295878
316697	cg17297634
316710	cg17298352
316730	cg17298989
316736	cg17299456
316771	cg17301052
316774	cg17301223
316787	cg17302155
316807	cg17303756
316811	cg17304025
316813	cg17304111
316898	cg17309003
316901	cg17309077
316914	cg17310258
316924	cg17311022
316945	cg17312277
316954	cg17313222
317092	cg17320707
317120	cg17322655
317166	cg17325318
317176	cg17325866
317190	cg17326555
317192	cg17326597
317264	cg17330048
317361	cg17334536
317380	cg17335387
317389	cg17336139
317391	cg17336337
317446	cg17339202
317449	cg17339327
317469	cg17340373
317472	cg17340519
317507	cg17342064
317509	cg17342132
317524	cg17342864
317534	cg17343253
317553	cg17344321
317556	cg17344516
317625	cg17348479
317644	cg17349632
317680	cg17352276
317774	cg17359076
317798	cg17360854
317876	cg17367078
317893	cg17367832
317898	cg17367948
317907	cg17368760
317965	cg17372101
317977	cg17372758
318025	cg17375585
318040	cg17376853
318076	cg17378966
318128	cg17382459
318183	cg17384889
318218	cg17386213
318259	cg17388712
318261	cg17388996
318263	cg17389077
318273	cg17389738
318279	cg17389988
318283	cg17390301
318284	cg17390350
318312	cg17392018
318315	cg17392201
318338	cg17393917
318344	cg17394237
318351	cg17394649
318355	cg17395064
318383	cg17397069
318399	cg17397631
318400	cg17397672
318489	cg17403995
318526	cg17406023
318600	cg17411135
318601	cg17411190
318614	cg17412248
318635	cg17413194
318645	cg17414101
318660	cg17415265
318689	cg17416793
318747	cg17419731
318749	cg17419888
318779	cg17421417
318803	cg17422915
318846	cg17426084
318865	cg17427305
318869	cg17427639
318907	cg17429587
318936	cg17430979
319049	cg17438211
319053	cg17438636
319075	cg17440386
319109	cg17443359
319178	cg17446896
319201	cg17448336
319219	cg17449954
319233	cg17450733
319238	cg17451015
319289	cg17453840
319302	cg17454592
319310	cg17455088
319420	cg17461641
319450	cg17463149
319455	cg17463432
319463	cg17463698
319464	cg17463745
319482	cg17465112
319526	cg17466795
319547	cg17468100
319575	cg17469359
319593	cg17470198
319609	cg17470942
319625	cg17471939
319657	cg17473656
319659	cg17473712
319666	cg17473898
319757	cg17478979
319760	cg17479060
319766	cg17479280
319777	cg17479943
319782	cg17480077
319787	cg17480278
319810	cg17481703
319812	cg17481912
319850	cg17484331
319857	cg17484733
319864	cg17485021
319865	cg17485141
319882	cg17486314
319888	cg17486860
319924	cg17489690
319929	cg17489871
319931	cg17489908
319988	cg17492965
320021	cg17495087
320028	cg17495466
320043	cg17496659
320044	cg17496661
320045	cg17496788
320064	cg17497608
320130	cg17501210
320139	cg17501754
320175	cg17504135
320181	cg17504394
320187	cg17504591
320198	cg17505155
320222	cg17506621
320311	cg17511604
320318	cg17511968
320350	cg17513325
320377	cg17514558
320472	cg17518842
320494	cg17519749
320528	cg17521583
320540	cg17522727
320558	cg17523501
320568	cg17524136
320588	cg17525220
320601	cg17526103
320604	cg17526229
320615	cg17526573
320620	cg17526887
320699	cg17531849
320727	cg17533927
320734	cg17534092
320737	cg17534540
320767	cg17536595
320772	cg17536822
320778	cg17537073
320782	cg17537347
320808	cg17540545
320821	cg17541674
320830	cg17542296
320834	cg17542385
320835	cg17542408
320852	cg17543488
320869	cg17545141
320880	cg17545418
320891	cg17546247
320937	cg17548735
320947	cg17549513
320953	cg17550009
320963	cg17551002
320967	cg17551891
320976	cg17552357
320989	cg17553300
321016	cg17555373
321024	cg17555825
321034	cg17557141
321063	cg17559156
321107	cg17561891
321108	cg17562226
321197	cg17568707
321211	cg17569743
321235	cg17572056
321251	cg17573292
321285	cg17575602
321341	cg17579753
321359	cg17581065
321400	cg17583946
321434	cg17585615
321454	cg17587327
321572	cg17593512
321593	cg17594860
321641	cg17598923
321658	cg17600231
321710	cg17603689
321737	cg17606183
321770	cg17608490
321778	cg17609057
321794	cg17610169
321800	cg17610800
321805	cg17611045
321806	cg17611046
321848	cg17614506
321850	cg17614582
321892	cg17618327
321897	cg17618872
321918	cg17620300
321934	cg17621580
321943	cg17622855
321960	cg17624536
321964	cg17624802
321991	cg17626734
322014	cg17628556
322045	cg17631196
322056	cg17631972
322063	cg17632299
322071	cg17632937
322083	cg17633576
322094	cg17634650
322102	cg17635294
322106	cg17635903
322117	cg17636752
322122	cg17637045
322136	cg17638730
322169	cg17641252
322186	cg17642369
322195	cg17642941
322200	cg17643598
322244	cg17646820
322254	cg17647537
322265	cg17648080
322296	cg17650397
322314	cg17651821
322321	cg17651959
322341	cg17653203
322367	cg17654660
322373	cg17654970
322386	cg17655970
322424	cg17658113
322433	cg17658634
322473	cg17661462
322477	cg17661717
322481	cg17661928
322490	cg17662369
322512	cg17664233
322532	cg17665699
322536	cg17665927
322540	cg17666539
322561	cg17668274
322564	cg17668731
322577	cg17669581
322583	cg17670263
322636	cg17675150
322721	cg17680089
322740	cg17681516
322760	cg17683110
322763	cg17683336
322834	cg17689799
322852	cg17691545
322882	cg17694130
322883	cg17694351
322945	cg17698295
322952	cg17699214
322985	cg17702455
323068	cg17709953
323115	cg17713488
323120	cg17713751
323200	cg17718276
323219	cg17719317
323229	cg17720013
323256	cg17721879
323293	cg17724147
323331	cg17726575
323376	cg17730176
323419	cg17733447
323423	cg17733616
323438	cg17734698
323455	cg17735539
323477	cg17736821
323491	cg17737621
323493	cg17737681
323495	cg17737835
323512	cg17738861
323542	cg17740434
323550	cg17740822
323568	cg17741809
323593	cg17742947
323611	cg17744295
323624	cg17745097
323724	cg17751430
323758	cg17753347
323863	cg17759224
323887	cg17760405
323908	cg17762073
323923	cg17763354
323951	cg17765553
323958	cg17766026
323989	cg17768491
324003	cg17769442
324018	cg17771031
324061	cg17774559
324078	cg17775490
324096	cg17776688
324113	cg17777731
324171	cg17781789
324184	cg17782848
324186	cg17782954
324232	cg17785786
324236	cg17786129
324250	cg17786697
324259	cg17787084
324357	cg17794358
324378	cg17795695
324382	cg17796043
324396	cg17797229
324439	cg17799946
324446	cg17800497
324470	cg17802213
324500	cg17803993
324504	cg17804112
324538	cg17805624
324551	cg17806623
324567	cg17807131
324596	cg17808839
324653	cg17811608
324685	cg17812917
324723	cg17815049
324753	cg17817168
324759	cg17817564
324761	cg17818061
324769	cg17818471
324785	cg17819250
324791	cg17819635
324794	cg17819831
324809	cg17820365
324813	cg17820828
324860	cg17823346
324879	cg17824540
324932	cg17826980
324942	cg17827328
324973	cg17829746
324988	cg17830308
325006	cg17831269
325014	cg17831791
325035	cg17832917
325048	cg17833265
325121	cg17837069
325164	cg17839166
325218	cg17841421
325245	cg17842821
325246	cg17842822
325247	cg17842879
325249	cg17842918
325368	cg17851046
325459	cg17855264
325495	cg17858328
325513	cg17859258
325568	cg17862152
325590	cg17863312
325628	cg17865555
325653	cg17866778
325680	cg17868538
325717	cg17870484
325725	cg17870925
325728	cg17870997
325756	cg17872886
325760	cg17873048
325767	cg17873612
325797	cg17875657
325852	cg17878320
325901	cg17881200
325929	cg17882867
325954	cg17884766
325955	cg17884843
326024	cg17888985
326033	cg17889682
326065	cg17891505
326126	cg17895254
326158	cg17896927
326178	cg17898069
326181	cg17898329
326272	cg17906168
326285	cg17907003
326297	cg17907628
326300	cg17907739
326352	cg17913306
326416	cg17918270
326424	cg17918556
326439	cg17919152
326459	cg17920195
326494	cg17922359
326529	cg17925174
326540	cg17926328
326568	cg17928268
326579	cg17928883
326585	cg17929068
326601	cg17929770
326605	cg17929951
326612	cg17930201
326691	cg17934790
326693	cg17934824
326714	cg17935811
326737	cg17937101
326762	cg17938867
326768	cg17939295
326772	cg17939444
326777	cg17939889
326812	cg17941572
326848	cg17943672
326889	cg17945422
326897	cg17945789
326899	cg17945976
326911	cg17946714
326999	cg17953385
327006	cg17953701
327007	cg17953716
327008	cg17953764
327088	cg17959970
327090	cg17960080
327140	cg17963461
327143	cg17963840
327156	cg17964844
327162	cg17964981
327170	cg17965684
327183	cg17966344
327187	cg17966560
327240	cg17969662
327264	cg17971113
327270	cg17971290
327293	cg17972100
327330	cg17974166
327332	cg17974247
327353	cg17975443
327387	cg17977273
327404	cg17978124
327426	cg17979595
327437	cg17980283
327439	cg17980404
327443	cg17980625
327448	cg17981058
327466	cg17982031
327557	cg17988310
327616	cg17993027
327643	cg17995050
327659	cg17996401
327686	cg17998530
327692	cg17998964
327738	cg18002116
327739	cg18002126
327743	cg18002447
327750	cg18002862
327821	cg18007049
327834	cg18007837
327842	cg18008019
327860	cg18009093
327862	cg18009321
327868	cg18009484
327882	cg18010131
327901	cg18011099
327906	cg18011253
327985	cg18015301
328004	cg18016139
328058	cg18019132
328070	cg18019825
328072	cg18020065
328103	cg18022012
328146	cg18023666
328150	cg18023842
328155	cg18024053
328162	cg18024487
328192	cg18026197
328195	cg18026235
328219	cg18027683
328253	cg18030133
328279	cg18031221
328283	cg18031326
328287	cg18031663
328294	cg18031880
328318	cg18033092
328348	cg18034737
328436	cg18040901
328437	cg18040974
328440	cg18041123
328463	cg18042724
328473	cg18043267
328486	cg18043888
328497	cg18044572
328518	cg18045515
328575	cg18049228
328692	cg18055623
328699	cg18056600
328729	cg18058747
328748	cg18059891
328757	cg18060330
328799	cg18062721
328806	cg18063017
328811	cg18063312
328872	cg18066206
328882	cg18067096
328895	cg18067840
328952	cg18071202
328971	cg18072756
329000	cg18074403
329015	cg18075315
329047	cg18077387
329051	cg18077580
329056	cg18077971
329085	cg18080303
329100	cg18081104
329133	cg18082515
329134	cg18082638
329136	cg18082788
329167	cg18084999
329198	cg18086520
329214	cg18087306
329271	cg18090004
329294	cg18090970
329297	cg18091046
329322	cg18092474
329327	cg18093120
329331	cg18093372
329403	cg18098004
329426	cg18098839
329470	cg18101140
329535	cg18105139
329574	cg18106923
329585	cg18107094
329587	cg18107144
329626	cg18108818
329644	cg18109665
329681	cg18111446
329747	cg18115040
329776	cg18116154
329798	cg18116971
329808	cg18117403
329819	cg18118249
329865	cg18120323
329868	cg18120446
329888	cg18121224
329964	cg18124764
329998	cg18126613
330036	cg18128536
330059	cg18129748
330068	cg18130044
330080	cg18131141
330089	cg18131646
330107	cg18132363
330116	cg18132916
330117	cg18132964
330162	cg18135771
330216	cg18139195
330233	cg18140071
330244	cg18140889
330250	cg18141400
330273	cg18142940
330278	cg18143296
330300	cg18144593
330301	cg18144647
330336	cg18145937
330361	cg18147098
330383	cg18147865
330411	cg18149485
330420	cg18150120
330447	cg18151345
330502	cg18154417
330543	cg18156471
330544	cg18156486
330545	cg18156531
330586	cg18158859
330603	cg18159666
330631	cg18161327
330637	cg18161803
330638	cg18161890
330659	cg18163092
330685	cg18164611
330686	cg18164784
330702	cg18165914
330704	cg18166150
330736	cg18168101
330771	cg18170229
330818	cg18173058
330845	cg18174404
330868	cg18175808
330898	cg18177414
330937	cg18179931
330965	cg18181201
330967	cg18181229
330978	cg18181787
330989	cg18182111
330994	cg18182399
331031	cg18184107
331038	cg18184411
331112	cg18188739
331138	cg18190417
331172	cg18192083
331209	cg18193764
331234	cg18194945
331316	cg18200150
331345	cg18202080
331358	cg18202521
331386	cg18204321
331419	cg18206481
331450	cg18208602
331460	cg18209323
331466	cg18209835
331486	cg18211249
331542	cg18217048
331584	cg18219994
331601	cg18220786
331608	cg18220961
331622	cg18221429
331637	cg18222192
331654	cg18222853
331667	cg18223453
331758	cg18229049
331813	cg18232125
331815	cg18232235
331825	cg18232828
331828	cg18232861
331869	cg18235026
331870	cg18235050
331874	cg18235100
331891	cg18235734
331896	cg18236066
331906	cg18236571
331960	cg18238908
331967	cg18239431
331987	cg18240463
332016	cg18241942
332152	cg18250846
332164	cg18251389
332190	cg18253473
332245	cg18256640
332261	cg18257996
332276	cg18259003
332287	cg18259504
332309	cg18261205
332348	cg18263166
332370	cg18264219
332377	cg18264486
332404	cg18265887
332419	cg18267047
332420	cg18267049
332433	cg18267489
332467	cg18269963
332492	cg18271789
332494	cg18271913
332532	cg18274480
332569	cg18276112
332613	cg18279094
332620	cg18279326
332649	cg18280830
332725	cg18285492
332772	cg18288532
332773	cg18288558
332816	cg18291703
332821	cg18292434
332840	cg18294483
332877	cg18297437
332913	cg18300492
332935	cg18302334
332957	cg18303437
333018	cg18306861
333038	cg18308184
333041	cg18308285
333074	cg18310639
333089	cg18311633
333118	cg18313340
333125	cg18313661
333165	cg18315861
333180	cg18316500
333185	cg18316974
333221	cg18318878
333259	cg18320854
333280	cg18322510
333285	cg18322693
333435	cg18331061
333445	cg18331412
333451	cg18331855
333487	cg18334392
333540	cg18337363
333569	cg18338984
333610	cg18342279
333628	cg18343292
333650	cg18344930
333657	cg18345386
333681	cg18347010
333723	cg18349298
333765	cg18352616
333832	cg18356785
333833	cg18356799
333835	cg18356974
333846	cg18357696
333865	cg18358869
333899	cg18361425
333905	cg18361975
333914	cg18362509
333958	cg18366169
333966	cg18366748
333970	cg18366919
334010	cg18369680
334032	cg18371052
334058	cg18372607
334091	cg18374914
334172	cg18381051
334202	cg18383538
334209	cg18383813
334218	cg18384190
334227	cg18384588
334234	cg18384926
334238	cg18385190
334316	cg18389933
334329	cg18390816
334332	cg18390991
334334	cg18391099
334354	cg18391978
334379	cg18393175
334434	cg18395917
334467	cg18397073
334476	cg18397450
334500	cg18398637
334508	cg18399451
334535	cg18401367
334556	cg18402987
334596	cg18404706
334623	cg18406033
334651	cg18407955
334669	cg18409732
334679	cg18410316
334729	cg18413131
334743	cg18413706
334748	cg18414021
334776	cg18416503
334796	cg18417622
334803	cg18417954
334828	cg18419271
334902	cg18424134
334926	cg18425434
334956	cg18426863
335002	cg18429742
335052	cg18432384
335067	cg18432895
335129	cg18436500
335141	cg18436984
335149	cg18437209
335179	cg18438944
335246	cg18443359
335251	cg18443437
335278	cg18444763
335283	cg18445088
335325	cg18447876
335327	cg18447972
335334	cg18448614
335343	cg18449003
335344	cg18449021
335365	cg18449879
335375	cg18450254
335384	cg18450500
335394	cg18450930
335431	cg18452973
335457	cg18454288
335500	cg18456481
335503	cg18456523
335547	cg18458509
335557	cg18459152
335570	cg18459489
335571	cg18459618
335574	cg18459806
335577	cg18460107
335589	cg18460830
335669	cg18465694
335708	cg18468354
335725	cg18469159
335740	cg18469813
335749	cg18470427
335779	cg18471993
335791	cg18472881
335792	cg18472912
335798	cg18473137
335845	cg18475969
335857	cg18476766
335869	cg18477204
335878	cg18477674
335902	cg18478850
335945	cg18481230
335970	cg18482892
335972	cg18483265
336009	cg18484736
336036	cg18486235
336039	cg18486590
336046	cg18486902
336054	cg18487598
336094	cg18490614
336144	cg18493761
336194	cg18496543
336213	cg18497508
336245	cg18499321
336256	cg18499839
336289	cg18501202
336320	cg18503031
336341	cg18503912
336361	cg18505593
336392	cg18507379
336420	cg18511007
336467	cg18513970
336495	cg18515587
336502	cg18515872
336518	cg18516557
336533	cg18517266
336542	cg18518074
336598	cg18521743
336635	cg18523979
336649	cg18525352
336650	cg18525486
336658	cg18525965
336667	cg18526607
336675	cg18527241
336681	cg18527574
336735	cg18530645
336747	cg18531146
336785	cg18533201
336793	cg18533397
336797	cg18533525
336798	cg18533546
336831	cg18536148
336879	cg18538812
336883	cg18538961
336889	cg18539461
337001	cg18546622
337034	cg18548864
337035	cg18548879
337063	cg18551353
337073	cg18552413
337074	cg18552425
337104	cg18554789
337142	cg18556792
337151	cg18557188
337173	cg18558647
337176	cg18558767
337228	cg18561589
337241	cg18562243
337282	cg18564686
337320	cg18566515
337321	cg18566555
337330	cg18567041
337331	cg18567174
337342	cg18567954
337375	cg18569734
337399	cg18571412
337416	cg18572353
337420	cg18572653
337427	cg18573327
337442	cg18574274
337467	cg18575740
337471	cg18575863
337486	cg18576667
337538	cg18580274
337564	cg18581777
337601	cg18584012
337614	cg18584803
337650	cg18586886
337668	cg18587557
337682	cg18588323
337750	cg18592459
337784	cg18594467
337798	cg18595005
337800	cg18595065
337838	cg18596947
337856	cg18597991
337860	cg18598117
337898	cg18601229
337908	cg18601714
337909	cg18602114
337921	cg18603228
337963	cg18605975
337977	cg18606843
337983	cg18607411
338114	cg18617005
338121	cg18617527
338131	cg18618230
338132	cg18618334
338156	cg18620306
338187	cg18623216
338198	cg18623980
338224	cg18625627
338260	cg18628449
338263	cg18628646
338270	cg18629132
338271	cg18629151
338283	cg18630178
338300	cg18631330
338308	cg18631996
338339	cg18633600
338340	cg18633684
338346	cg18634030
338360	cg18634516
338366	cg18634709
338378	cg18635361
338380	cg18635552
338409	cg18637486
338419	cg18638180
338463	cg18640250
338502	cg18642503
338534	cg18644703
338545	cg18645081
338574	cg18646521
338584	cg18647237
338621	cg18649451
338633	cg18650219
338637	cg18650367
338641	cg18650670
338652	cg18651470
338655	cg18651578
338674	cg18652683
338686	cg18653451
338746	cg18658151
338751	cg18658556
338761	cg18659483
338780	cg18661379
338786	cg18661868
338794	cg18663063
338815	cg18664369
338839	cg18665594
338850	cg18666454
338882	cg18669388
338883	cg18669406
338897	cg18670236
338905	cg18670770
338913	cg18671554
338936	cg18672998
338955	cg18674643
338965	cg18675097
338976	cg18675735
338978	cg18675902
338986	cg18676237
338999	cg18677101
339022	cg18678645
339054	cg18680626
339058	cg18680977
339085	cg18683103
339110	cg18684905
339115	cg18685243
339148	cg18687675
339174	cg18689332
339176	cg18689454
339207	cg18691800
339210	cg18692070
339211	cg18692149
339218	cg18692678
339239	cg18693822
339241	cg18694169
339305	cg18698681
339309	cg18698788
339312	cg18698884
339317	cg18699242
339387	cg18703238
339436	cg18705773
339469	cg18708013
339487	cg18708986
339503	cg18709881
339550	cg18712755
339557	cg18713028
339568	cg18713748
339624	cg18717167
339665	cg18719665
339672	cg18720151
339674	cg18720326
339746	cg18724430
339747	cg18724521
339765	cg18725867
339805	cg18729298
339822	cg18730174
339843	cg18731327
339844	cg18731398
339858	cg18732172
339866	cg18733230
339871	cg18733548
339893	cg18735015
339910	cg18735956
339928	cg18736835
339930	cg18737081
339985	cg18740429
339996	cg18740893
340009	cg18741908
340092	cg18747408
340112	cg18749015
340181	cg18753626
340182	cg18753646
340188	cg18753958
340285	cg18758622
340287	cg18758796
340290	cg18758906
340294	cg18759102
340305	cg18759732
340395	cg18763536
340417	cg18764771
340419	cg18764814
340447	cg18766210
340542	cg18771300
340549	cg18771570
340569	cg18772376
340605	cg18774692
340634	cg18776472
340646	cg18777299
340684	cg18780167
340702	cg18780769
340715	cg18781988
340721	cg18782604
340727	cg18782991
340747	cg18784435
340785	cg18786593
340790	cg18786873
340801	cg18787420
340808	cg18787802
340858	cg18790559
340885	cg18792022
340915	cg18793404
340930	cg18794404
340954	cg18795383
340993	cg18798099
340998	cg18798289
341085	cg18803104
341124	cg18805066
341142	cg18806140
341144	cg18806378
341150	cg18806660
341323	cg18815398
341344	cg18816426
341423	cg18822117
341469	cg18825221
341478	cg18825594
341501	cg18827332
341504	cg18827470
341527	cg18828927
341536	cg18829411
341579	cg18832140
341606	cg18833788
341617	cg18834058
341642	cg18835582
341690	cg18838431
341703	cg18839637
341715	cg18841159
341733	cg18842353
341757	cg18844145
341853	cg18850127
341863	cg18851100
341871	cg18851795
341881	cg18852414
341885	cg18852567
341906	cg18853490
341929	cg18855104
341943	cg18855674
342004	cg18859174
342011	cg18859776
342031	cg18861112
342048	cg18861810
342060	cg18862481
342110	cg18864926
342122	cg18865419
342123	cg18865445
342142	cg18866267
342145	cg18866358
342146	cg18866529
342150	cg18866599
342172	cg18867781
342175	cg18867923
342240	cg18873386
342243	cg18873530
342315	cg18877271
342316	cg18877285
342376	cg18880384
342389	cg18881174
342393	cg18881440
342411	cg18882407
342414	cg18882449
342427	cg18883317
342528	cg18888655
342637	cg18895336
342662	cg18898125
342696	cg18900271
342698	cg18900591
342756	cg18904891
342761	cg18905461
342796	cg18907942
342843	cg18911395
342861	cg18912520
342862	cg18912530
342867	cg18912728
342871	cg18912855
342919	cg18916055
342928	cg18917486
342930	cg18917517
342947	cg18918321
342961	cg18919017
342977	cg18919720
342980	cg18920088
343010	cg18921764
343072	cg18926409
343078	cg18927077
343090	cg18928221
343122	cg18930354
343166	cg18933685
343236	cg18938709
343246	cg18939596
343286	cg18942579
343313	cg18944010
343344	cg18945842
343373	cg18947553
343389	cg18948488
343445	cg18952026
343492	cg18955367
343523	cg18958126
343558	cg18959478
343610	cg18963509
343671	cg18967587
343692	cg18969232
343698	cg18970151
343709	cg18971175
343716	cg18971591
343739	cg18973247
343817	cg18978493
343822	cg18978680
343827	cg18979589
343832	cg18980036
343833	cg18980148
343858	cg18982587
343885	cg18984724
343927	cg18987410
343968	cg18990042
343973	cg18990313
344007	cg18993113
344037	cg18995042
344040	cg18995143
344095	cg18999390
344129	cg19001789
344172	cg19003884
344182	cg19004465
344220	cg19005955
344301	cg19010490
344353	cg19014335
344383	cg19015962
344396	cg19016652
344436	cg19019849
344447	cg19020855
344468	cg19021985
344483	cg19022814
344500	cg19023847
344502	cg19023977
344541	cg19026124
344589	cg19029181
344630	cg19031575
344654	cg19033444
344658	cg19033654
344666	cg19034038
344761	cg19039739
344816	cg19043450
344821	cg19043798
344854	cg19045700
344895	cg19047868
344918	cg19049194
344972	cg19052164
344999	cg19054360
345037	cg19057001
345062	cg19058865
345065	cg19059495
345088	cg19061798
345105	cg19063061
345153	cg19068510
345165	cg19070138
345166	cg19070139
345190	cg19071976
345233	cg19075787
345237	cg19076258
345239	cg19076425
345292	cg19081101
345315	cg19082559
345317	cg19082708
345357	cg19084628
345358	cg19084629
345371	cg19085507
345412	cg19088635
345424	cg19089073
345436	cg19089701
345464	cg19091403
345479	cg19091930
345483	cg19092096
345487	cg19092164
345511	cg19093370
345521	cg19093939
345556	cg19096571
345594	cg19099049
345653	cg19102771
345693	cg19105122
345732	cg19107578
345754	cg19108881
345804	cg19112186
345809	cg19112357
345816	cg19112895
345829	cg19113686
345847	cg19115204
345909	cg19118951
345950	cg19122260
345999	cg19126169
346011	cg19127138
346049	cg19130610
346054	cg19130860
346076	cg19132462
346174	cg19139618
346181	cg19140262
346188	cg19140602
346223	cg19143639
346232	cg19144497
346242	cg19145082
346290	cg19148281
346304	cg19149132
346316	cg19149693
346367	cg19154438
346386	cg19155932
346397	cg19156875
346414	cg19157853
346420	cg19158553
346422	cg19159011
346427	cg19159365
346429	cg19159404
346449	cg19160629
346461	cg19161251
346476	cg19162768
346481	cg19163058
346488	cg19163395
346494	cg19163939
346504	cg19164987
346521	cg19166302
346535	cg19167683
346556	cg19169246
346574	cg19170881
346588	cg19172170
346614	cg19174831
346646	cg19177627
346741	cg19183742
346766	cg19185339
346769	cg19185544
346803	cg19187831
346818	cg19188899
346873	cg19192626
346886	cg19193403
346910	cg19195419
346930	cg19196826
346978	cg19200285
346984	cg19200589
347018	cg19203333
347025	cg19204131
347040	cg19205041
347047	cg19205850
347054	cg19206146
347068	cg19207486
347116	cg19211851
347142	cg19213744
347171	cg19216056
347241	cg19220282
347282	cg19223299
347300	cg19224278
347303	cg19224645
347323	cg19225602
347357	cg19228034
347368	cg19229182
347369	cg19229215
347378	cg19229716
347390	cg19230787
347480	cg19236794
347484	cg19237113
347503	cg19238380
347512	cg19238824
347516	cg19239040
347549	cg19240678
347559	cg19241327
347566	cg19241679
347567	cg19241689
347587	cg19242688
347635	cg19245011
347670	cg19246862
347686	cg19247654
347739	cg19250790
347757	cg19251656
347797	cg19253831
347800	cg19254118
347826	cg19255333
347829	cg19255477
347858	cg19256731
347870	cg19257464
347885	cg19258034
347887	cg19258177
347911	cg19259649
347957	cg19262637
347962	cg19262972
347990	cg19264571
347997	cg19265289
348018	cg19266329
348028	cg19267163
348040	cg19267551
348080	cg19269473
348107	cg19270623
348113	cg19271111
348186	cg19275133
348197	cg19275745
348268	cg19280586
348274	cg19281083
348298	cg19282928
348308	cg19283806
348313	cg19284039
348318	cg19284368
348322	cg19284726
348344	cg19286437
348366	cg19287349
348373	cg19287817
348392	cg19289461
348402	cg19290577
348412	cg19291576
348440	cg19294311
348450	cg19295451
348452	cg19295951
348485	cg19298400
348493	cg19299265
348504	cg19300414
348534	cg19301897
348557	cg19303125
348569	cg19303748
348606	cg19305681
348610	cg19305938
348648	cg19308222
348652	cg19308375
348672	cg19310148
348688	cg19310786
348733	cg19314136
348762	cg19316407
348792	cg19318393
348829	cg19320803
348830	cg19320816
348852	cg19321979
348888	cg19324437
348889	cg19324462
348896	cg19324940
348927	cg19327049
348942	cg19328475
348944	cg19328560
348958	cg19329160
348986	cg19332409
348993	cg19333114
349003	cg19333963
349027	cg19335742
349032	cg19336198
349049	cg19337854
349132	cg19344322
349157	cg19346193
349180	cg19348484
349187	cg19349369
349239	cg19351954
349240	cg19352038
349284	cg19355079
349302	cg19355929
349349	cg19358493
349394	cg19360852
349442	cg19364021
349540	cg19370054
349628	cg19375140
349635	cg19375418
349640	cg19375537
349643	cg19375587
349656	cg19376461
349681	cg19378036
349687	cg19378330
349690	cg19378416
349694	cg19378631
349718	cg19380361
349743	cg19382191
349754	cg19382714
349763	cg19383430
349781	cg19384531
349814	cg19387165
349819	cg19387750
349842	cg19389293
349844	cg19389372
349861	cg19390582
349886	cg19391924
349969	cg19398115
350011	cg19401033
350037	cg19402371
350049	cg19402991
350054	cg19403029
350107	cg19405484
350130	cg19406367
350147	cg19407385
350157	cg19407656
350159	cg19407717
350169	cg19408207
350194	cg19409583
350252	cg19412743
350281	cg19414302
350288	cg19414598
350292	cg19414711
350303	cg19415202
350319	cg19416417
350321	cg19416570
350344	cg19418318
350345	cg19418458
350371	cg19419914
350380	cg19420604
350471	cg19427338
350521	cg19430577
350538	cg19431274
350659	cg19438860
350667	cg19439071
350684	cg19440264
350702	cg19441349
350707	cg19441717
350714	cg19442138
350753	cg19444508
350754	cg19444609
350759	cg19444859
350795	cg19446790
350859	cg19450479
350868	cg19451167
350871	cg19451261
350883	cg19452248
350887	cg19452338
350915	cg19453938
350962	cg19457763
351011	cg19460792
351014	cg19460909
351079	cg19464917
351084	cg19465159
351107	cg19466774
351146	cg19470372
351147	cg19470379
351156	cg19470841
351169	cg19471574
351204	cg19473656
351206	cg19473799
351210	cg19474047
351219	cg19474865
351241	cg19476053
351252	cg19476597
351253	cg19476622
351282	cg19477977
351297	cg19478500
351307	cg19478951
351316	cg19479609
351325	cg19480198
351329	cg19480385
351335	cg19480775
351363	cg19483007
351370	cg19483465
351399	cg19485202
351406	cg19485911
351416	cg19486507
351446	cg19488804
351471	cg19490598
351569	cg19497444
351612	cg19499614
351658	cg19502050
351663	cg19502359
351686	cg19503640
351741	cg19506623
351746	cg19506794
351759	cg19507267
351795	cg19509311
351801	cg19509663
351820	cg19510384
351850	cg19511748
351868	cg19513004
351869	cg19513071
351875	cg19513282
351891	cg19513940
351908	cg19515035
351926	cg19516105
351959	cg19517525
351999	cg19519747
352018	cg19520927
352027	cg19521610
352071	cg19524238
352093	cg19525602
352163	cg19530168
352181	cg19531032
352192	cg19532212
352210	cg19533322
352223	cg19534021
352228	cg19534681
352274	cg19536929
352284	cg19537719
352289	cg19538115
352313	cg19539556
352367	cg19542753
352370	cg19542849
352454	cg19547972
352474	cg19548859
352542	cg19554257
352616	cg19559537
352655	cg19561972
352668	cg19563130
352682	cg19563510
352726	cg19566405
352738	cg19566906
352748	cg19567689
352756	cg19568544
352762	cg19568844
352789	cg19570545
352833	cg19572323
352860	cg19574297
352873	cg19575753
352927	cg19578835
352962	cg19580937
352967	cg19581790
352971	cg19582115
352986	cg19582822
352996	cg19583819
353040	cg19585676
353041	cg19585797
353073	cg19587318
353078	cg19587537
353094	cg19588432
353150	cg19591003
353177	cg19592277
353178	cg19592336
353218	cg19594052
353220	cg19594218
353227	cg19594666
353247	cg19595750
353258	cg19596110
353263	cg19596273
353267	cg19596468
353301	cg19598416
353306	cg19598567
353386	cg19602694
353392	cg19602938
353436	cg19605788
353456	cg19607165
353479	cg19609502
353490	cg19610529
353504	cg19611392
353576	cg19615711
353583	cg19616230
353596	cg19617213
353612	cg19618297
353621	cg19618897
353697	cg19622623
353712	cg19623418
353718	cg19623624
353810	cg19628739
353913	cg19634573
353922	cg19635505
353933	cg19635897
353948	cg19636861
353957	cg19637330
353991	cg19639041
354014	cg19640166
354025	cg19640581
354030	cg19640779
354066	cg19642470
354071	cg19642877
354074	cg19643053
354123	cg19646200
354173	cg19649900
354179	cg19650573
354204	cg19651757
354222	cg19653417
354241	cg19654437
354266	cg19656282
354273	cg19656689
354295	cg19657934
354323	cg19659741
354339	cg19661030
354348	cg19662219
354371	cg19664267
354384	cg19665644
354392	cg19666287
354411	cg19667811
354434	cg19669385
354527	cg19675142
354582	cg19678392
354603	cg19679397
354634	cg19681610
354642	cg19682013
354749	cg19689368
354786	cg19691778
354873	cg19696441
354890	cg19697239
354933	cg19699140
354934	cg19699170
354976	cg19701531
355008	cg19703946
355049	cg19706320
355055	cg19706516
355107	cg19709083
355146	cg19711530
355155	cg19711783
355156	cg19711800
355186	cg19713109
355208	cg19714279
355282	cg19718309
355305	cg19719478
355306	cg19719547
355316	cg19719930
355323	cg19720260
355332	cg19720628
355381	cg19722656
355418	cg19724470
355432	cg19725343
355437	cg19725553
355443	cg19725903
355445	cg19725972
355456	cg19726408
355463	cg19726712
355484	cg19727801
355492	cg19728345
355512	cg19729693
355522	cg19730314
355526	cg19730691
355536	cg19731044
355541	cg19731194
355623	cg19735250
355631	cg19735538
355679	cg19737746
355682	cg19737970
355710	cg19739126
355786	cg19743522
355787	cg19743545
355838	cg19746375
355852	cg19746897
355858	cg19747232
355903	cg19749660
355943	cg19752322
355990	cg19754658
356005	cg19755171
356041	cg19756790
356049	cg19757176
356054	cg19757382
356063	cg19757631
356081	cg19758859
356096	cg19759366
356102	cg19759671
356112	cg19760241
356161	cg19762657
356168	cg19763108
356188	cg19764006
356205	cg19764489
356211	cg19764594
356214	cg19764731
356235	cg19766441
356301	cg19769982
356305	cg19770292
356307	cg19770472
356394	cg19775206
356420	cg19776793
356423	cg19776942
356427	cg19777067
356450	cg19778015
356471	cg19779123
356488	cg19780308
356514	cg19781462
356552	cg19784054
356570	cg19784903
356591	cg19786733
356618	cg19787727
356629	cg19788250
356633	cg19788371
356637	cg19788727
356638	cg19788741
356651	cg19789466
356653	cg19789505
356662	cg19790294
356699	cg19792194
356757	cg19795793
356760	cg19795853
356767	cg19796532
356778	cg19797376
356780	cg19797516
356798	cg19798881
356926	cg19807257
356945	cg19808205
356982	cg19810536
356996	cg19811148
356998	cg19811253
357001	cg19811337
357048	cg19814210
357050	cg19814309
357069	cg19815327
357071	cg19815376
357094	cg19816125
357109	cg19816811
357188	cg19821361
357204	cg19822110
357375	cg19831369
357427	cg19836199
357468	cg19839026
357472	cg19839325
357485	cg19839825
357502	cg19840859
357520	cg19842134
357575	cg19846168
357616	cg19847866
357618	cg19847945
357621	cg19848118
357690	cg19851816
357731	cg19854437
357742	cg19854915
357769	cg19856499
357771	cg19856593
357858	cg19860734
357866	cg19861117
357969	cg19865237
358000	cg19866811
358001	cg19866866
358016	cg19867917
358023	cg19868468
358028	cg19868691
358059	cg19870698
358060	cg19870706
358068	cg19871235
358071	cg19871388
358080	cg19871903
358081	cg19871940
358110	cg19873536
358137	cg19875532
358149	cg19876302
358200	cg19879075
358245	cg19881928
358284	cg19884556
358289	cg19884658
358303	cg19885625
358349	cg19888869
358415	cg19893585
358416	cg19893664
358420	cg19893751
358421	cg19893820
358462	cg19896142
358475	cg19897003
358495	cg19898448
358508	cg19899395
358532	cg19900989
358537	cg19901381
358542	cg19901523
358558	cg19902593
358580	cg19904058
358581	cg19904122
358604	cg19905414
358610	cg19905757
358656	cg19907776
358657	cg19907796
358670	cg19908556
358680	cg19909111
358746	cg19912142
358750	cg19912309
358774	cg19913563
358775	cg19913582
358791	cg19914780
358833	cg19917412
358837	cg19917565
358841	cg19917714
358885	cg19919989
358922	cg19922435
358931	cg19922825
358940	cg19923393
358945	cg19923650
358965	cg19924619
358981	cg19925204
358998	cg19925780
359001	cg19925849
359002	cg19925872
359005	cg19926144
359012	cg19926444
359043	cg19927816
359053	cg19928294
359078	cg19929355
359092	cg19930135
359212	cg19937039
359214	cg19937061
359221	cg19937288
359252	cg19938826
359309	cg19942083
359312	cg19942237
359340	cg19944656
359346	cg19944876
359358	cg19945931
359391	cg19948393
359395	cg19948701
359418	cg19949948
359430	cg19950474
359444	cg19951244
359477	cg19953452
359488	cg19954017
359497	cg19954341
359504	cg19954602
359527	cg19956062
359598	cg19960891
359610	cg19961480
359617	cg19961800
359643	cg19963589
359652	cg19963839
359663	cg19964491
359687	cg19966212
359704	cg19967668
359720	cg19968840
359732	cg19969694
359761	cg19972272
359788	cg19974120
359800	cg19974715
359855	cg19978181
359863	cg19978550
359891	cg19980151
359916	cg19981568
359929	cg19982230
359968	cg19985056
359974	cg19986012
359982	cg19987060
359999	cg19987665
360001	cg19987768
360013	cg19988235
360019	cg19988426
360061	cg19990651
360064	cg19990785
360091	cg19992633
360108	cg19993680
360170	cg19998150
360188	cg19999161
360190	cg19999567
360192	cg19999682
360218	cg20000847
360253	cg20002843
360315	cg20007021
360370	cg20011134
360388	cg20011940
360469	cg20016673
360482	cg20017590
360507	cg20018782
360680	cg20030711
360728	cg20033940
360739	cg20034372
360740	cg20034617
360773	cg20036996
360795	cg20038493
360796	cg20038591
360801	cg20038996
360818	cg20040041
360823	cg20040488
360834	cg20041088
360865	cg20043105
360912	cg20046343
360934	cg20048045
361051	cg20056542
361074	cg20058506
361124	cg20060685
361128	cg20061010
361146	cg20062116
361179	cg20064139
361208	cg20065463
361210	cg20065569
361236	cg20067049
361319	cg20072118
361328	cg20072442
361344	cg20073553
361364	cg20074593
361396	cg20077028
361402	cg20077230
361403	cg20077343
361429	cg20079298
361450	cg20080624
361488	cg20083900
361496	cg20084504
361513	cg20086219
361558	cg20090108
361561	cg20090162
361589	cg20091689
361600	cg20092531
361686	cg20098471
361703	cg20099104
361712	cg20099830
361732	cg20100801
361733	cg20100910
361792	cg20104116
361856	cg20109233
361873	cg20110707
361886	cg20111269
361918	cg20113820
361951	cg20116199
361953	cg20116300
361962	cg20116800
361965	cg20116828
361972	cg20117153
362005	cg20118840
362087	cg20124078
362119	cg20125920
362135	cg20126775
362151	cg20128099
362171	cg20129210
362203	cg20131596
362294	cg20137991
362297	cg20138186
362310	cg20139247
362347	cg20141398
362457	cg20148389
362470	cg20149170
362518	cg20151476
362533	cg20152309
362603	cg20156545
362604	cg20156659
362618	cg20157525
362683	cg20161791
362684	cg20161965
362694	cg20162240
362752	cg20165694
362763	cg20166714
362774	cg20167366
362784	cg20168412
362786	cg20168495
362793	cg20168806
362799	cg20168964
362814	cg20169823
362815	cg20169913
362818	cg20170028
362839	cg20171559
362853	cg20172627
362865	cg20173059
362884	cg20174636
362889	cg20175390
362892	cg20175702
362911	cg20176989
362924	cg20178172
362930	cg20178976
362945	cg20180370
362968	cg20181739
362969	cg20181887
362980	cg20183519
363054	cg20189682
363067	cg20190649
363069	cg20190922
363121	cg20194973
363161	cg20198768
363175	cg20199836
363209	cg20202112
363242	cg20204415
363291	cg20208133
363327	cg20210482
363338	cg20211134
363341	cg20211463
363385	cg20214535
363393	cg20215112
363411	cg20216139
363412	cg20216309
363439	cg20218280
363452	cg20219172
363481	cg20221591
363490	cg20222562
363536	cg20225999
363556	cg20227592
363612	cg20231084
363633	cg20233073
363686	cg20237610
363789	cg20244327
363806	cg20245822
363835	cg20247911
363860	cg20249071
363864	cg20249252
363879	cg20250126
363889	cg20250426
363942	cg20253410
363956	cg20253855
363963	cg20254225
363994	cg20255713
364000	cg20256009
364030	cg20257553
364041	cg20258486
364076	cg20260841
364080	cg20261167
364130	cg20264732
364140	cg20265661
364164	cg20267408
364167	cg20267580
364183	cg20268352
364190	cg20268857
364208	cg20269797
364220	cg20270653
364264	cg20272979
364280	cg20274304
364340	cg20277282
364404	cg20282550
364420	cg20283670
364431	cg20284239
364442	cg20284937
364458	cg20285974
364464	cg20286236
364479	cg20287461
364493	cg20288341
364498	cg20288617
364522	cg20289949
364544	cg20291436
364574	cg20294319
364619	cg20296924
364623	cg20297199
364654	cg20299414
364698	cg20301780
364714	cg20302497
364715	cg20302533
364731	cg20303399
364733	cg20303561
364743	cg20304290
364749	cg20304857
364785	cg20307292
364821	cg20309703
364857	cg20311730
364861	cg20311846
364879	cg20312484
364882	cg20312687
364911	cg20314548
364966	cg20318166
365013	cg20320624
365022	cg20321153
365040	cg20322093
365088	cg20325547
365124	cg20327845
365178	cg20331689
365208	cg20333836
365222	cg20334738
365230	cg20335179
365319	cg20340501
365327	cg20340866
365341	cg20342079
365343	cg20342105
365344	cg20342184
365358	cg20343063
365397	cg20346503
365471	cg20353001
365492	cg20354552
365517	cg20356482
365548	cg20359042
365610	cg20363022
365635	cg20364632
365659	cg20366284
365660	cg20366397
365688	cg20367712
365693	cg20368124
365715	cg20370281
365720	cg20370678
365727	cg20371046
365739	cg20372230
365760	cg20373432
365804	cg20377232
365805	cg20377305
365817	cg20378070
365844	cg20380214
365851	cg20380649
365878	cg20382146
365913	cg20383624
365966	cg20386580
366012	cg20388732
366106	cg20395789
366111	cg20395967
366135	cg20397902
366154	cg20399509
366156	cg20399616
366197	cg20402284
366204	cg20402747
366205	cg20402783
366216	cg20403557
366223	cg20403938
366225	cg20404260
366246	cg20406460
366269	cg20407792
366311	cg20410995
366339	cg20413202
366354	cg20414098
366370	cg20415053
366426	cg20418529
366427	cg20418725
366465	cg20421058
366512	cg20424531
366592	cg20430047
366594	cg20430077
366619	cg20431191
366621	cg20431250
366635	cg20432350
366651	cg20433275
366676	cg20434586
366688	cg20435238
366706	cg20436086
366709	cg20436458
366734	cg20438286
366761	cg20439656
366803	cg20442599
366806	cg20442697
366893	cg20449404
366908	cg20450058
366931	cg20451680
366948	cg20452738
366982	cg20454887
367005	cg20456258
367019	cg20457275
367025	cg20457732
367065	cg20459687
367091	cg20461196
367160	cg20464719
367175	cg20465661
367203	cg20467412
367267	cg20471413
367372	cg20479009
367390	cg20480274
367394	cg20480642
367407	cg20481312
367497	cg20487366
367509	cg20488281
367510	cg20488341
367513	cg20488673
367520	cg20489026
367534	cg20489847
367545	cg20490341
367581	cg20492807
367613	cg20494779
367630	cg20495418
367671	cg20497704
367681	cg20498563
367707	cg20500540
367715	cg20501518
367752	cg20503956
367762	cg20504791
367781	cg20506347
367786	cg20506745
367810	cg20509513
367866	cg20512711
367873	cg20513206
367960	cg20519373
367979	cg20520804
367985	cg20521198
368001	cg20522370
368028	cg20524271
368037	cg20525088
368039	cg20525229
368065	cg20527168
368072	cg20528093
368106	cg20530855
368114	cg20531550
368119	cg20532370
368129	cg20532999
368216	cg20539142
368236	cg20540209
368255	cg20541132
368280	cg20542619
368286	cg20543426
368292	cg20543651
368293	cg20543681
368302	cg20544372
368310	cg20544605
368345	cg20546778
368371	cg20548231
368413	cg20551922
368516	cg20557801
368526	cg20558320
368539	cg20559385
368563	cg20560283
368592	cg20562447
368598	cg20562678
368610	cg20563666
368657	cg20566840
368728	cg20570016
368762	cg20572816
368787	cg20574436
368788	cg20574490
368803	cg20575856
368821	cg20576955
368827	cg20577468
368853	cg20579480
368860	cg20580578
368880	cg20582941
368902	cg20584011
368972	cg20588069
368973	cg20588113
368985	cg20589096
368991	cg20589862
369002	cg20591120
369014	cg20591728
369017	cg20592017
369027	cg20592391
369072	cg20594809
369091	cg20595750
369118	cg20597215
369163	cg20599451
369181	cg20600845
369209	cg20603260
369233	cg20605413
369248	cg20607287
369260	cg20608075
369261	cg20608085
369274	cg20608783
369319	cg20611276
369324	cg20611680
369368	cg20615879
369376	cg20616414
369416	cg20619296
369509	cg20627046
369593	cg20631750
369595	cg20631820
369598	cg20632143
369628	cg20633941
369670	cg20636352
369672	cg20636526
369683	cg20637405
369719	cg20639398
369757	cg20641465
369767	cg20641865
369783	cg20643029
369791	cg20643675
369796	cg20643952
369797	cg20643991
369813	cg20645058
369840	cg20646846
369846	cg20647118
369853	cg20647610
369875	cg20648847
369885	cg20649663
369926	cg20652607
369939	cg20653075
369940	cg20653128
369956	cg20654468
369989	cg20656525
370033	cg20659435
370058	cg20660989
370061	cg20661138
370064	cg20661257
370134	cg20665157
370169	cg20667684
370230	cg20670939
370241	cg20671649
370351	cg20676475
370379	cg20677901
370391	cg20678442
370412	cg20679906
370538	cg20686461
370603	cg20690085
370606	cg20690420
370657	cg20692980
370663	cg20693607
370694	cg20695297
370733	cg20697025
370769	cg20698421
370771	cg20698667
370776	cg20698924
370795	cg20699586
370824	cg20701183
370826	cg20701404
370831	cg20701556
370854	cg20702527
370877	cg20703579
370902	cg20704442
370908	cg20704602
370910	cg20704654
370969	cg20706778
370973	cg20707023
370982	cg20707230
371026	cg20709110
371042	cg20710266
371059	cg20711218
371070	cg20711812
371084	cg20712631
371120	cg20714110
371128	cg20714708
371181	cg20717798
371232	cg20721467
371238	cg20722088
371275	cg20724184
371296	cg20725239
371332	cg20727434
371360	cg20729747
371374	cg20730770
371391	cg20731469
371401	cg20731819
371461	cg20736321
371472	cg20737382
371488	cg20738500
371500	cg20739013
371510	cg20739526
371528	cg20740434
371561	cg20742389
371593	cg20744163
371620	cg20745684
371646	cg20747266
371694	cg20749955
371756	cg20755170
371767	cg20756026
371806	cg20758982
371807	cg20759047
371841	cg20761810
371871	cg20764575
371917	cg20768638
371944	cg20770504
371952	cg20771240
371972	cg20772596
371976	cg20773033
371991	cg20773915
372038	cg20776947
372048	cg20777437
372129	cg20782117
372168	cg20784693
372170	cg20784768
372192	cg20785796
372195	cg20786074
372196	cg20786131
372292	cg20792408
372293	cg20792436
372295	cg20792590
372309	cg20793532
372311	cg20793665
372397	cg20800117
372406	cg20800606
372413	cg20801056
372425	cg20801711
372457	cg20803910
372475	cg20805133
372505	cg20806725
372512	cg20807545
372543	cg20809470
372571	cg20811236
372613	cg20813589
372622	cg20814095
372635	cg20814813
372680	cg20817902
372697	cg20819191
372704	cg20820107
372712	cg20820767
372726	cg20821442
372736	cg20821980
372748	cg20822579
372779	cg20824294
372790	cg20824939
372792	cg20824989
372814	cg20826224
372822	cg20826576
372826	cg20826740
372895	cg20834178
372927	cg20837800
372984	cg20842253
373022	cg20845639
373032	cg20846192
373063	cg20848291
373074	cg20848988
373084	cg20849324
373108	cg20851030
373120	cg20852226
373122	cg20852250
373179	cg20856834
373241	cg20862097
373260	cg20863673
373292	cg20866075
373299	cg20866694
373329	cg20869844
373400	cg20875826
373413	cg20876525
373415	cg20876760
373451	cg20880234
373473	cg20883195
373493	cg20884887
373499	cg20885179
373505	cg20885615
373506	cg20885782
373507	cg20885815
373514	cg20886183
373549	cg20889395
373555	cg20889818
373597	cg20892840
373605	cg20893203
373629	cg20894686
373671	cg20897830
373682	cg20898773
373683	cg20898829
373707	cg20899781
373712	cg20900312
373743	cg20902566
373754	cg20903160
373757	cg20903900
373765	cg20904475
373766	cg20904489
373784	cg20906291
373787	cg20906524
373801	cg20907471
373820	cg20908789
373846	cg20910408
373853	cg20910746
373931	cg20916523
373955	cg20918393
373979	cg20920097
374007	cg20922821
374014	cg20923245
374016	cg20923498
374023	cg20923885
374063	cg20927242
374116	cg20930294
374131	cg20931195
374139	cg20931951
374143	cg20931973
374163	cg20932898
374166	cg20933239
374176	cg20933946
374202	cg20935165
374207	cg20935363
374262	cg20938665
374267	cg20938802
374274	cg20939723
374301	cg20941823
374324	cg20943039
374341	cg20944195
374355	cg20944964
374357	cg20945055
374378	cg20945853
374413	cg20948258
374421	cg20948486
374445	cg20950033
374495	cg20952901
374497	cg20953052
374537	cg20955688
374541	cg20955836
374547	cg20956278
374558	cg20956738
374600	cg20959460
374621	cg20960405
374673	cg20963227
374688	cg20964024
374689	cg20964064
374714	cg20965743
374736	cg20966754
374758	cg20968678
374760	cg20968743
374787	cg20970205
374846	cg20973210
374898	cg20976526
374943	cg20978923
374951	cg20979153
374960	cg20979737
374970	cg20979979
374992	cg20981086
375025	cg20982735
375101	cg20987067
375107	cg20987369
375110	cg20987610
375145	cg20989926
375176	cg20992181
375218	cg20994660
375246	cg20996124
375251	cg20996351
375253	cg20996561
375310	cg21000447
375322	cg21001198
375340	cg21002528
375341	cg21002542
375350	cg21003380
375375	cg21004899
375386	cg21005416
375392	cg21005607
375400	cg21006256
375407	cg21006686
375421	cg21007509
375424	cg21007852
375455	cg21009965
375507	cg21012061
375541	cg21014639
375561	cg21016855
375683	cg21027526
375691	cg21028142
375727	cg21029612
375764	cg21032008
375771	cg21032292
375788	cg21033440
375797	cg21033965
375812	cg21035222
375860	cg21037935
375866	cg21038291
375872	cg21038682
375879	cg21038932
375909	cg21040133
375935	cg21041888
375941	cg21042248
375978	cg21044572
375992	cg21045306
375996	cg21045464
376052	cg21048812
376057	cg21048938
376071	cg21049958
376073	cg21050001
376092	cg21051519
376114	cg21052687
376117	cg21052814
376127	cg21053323
376148	cg21054521
376157	cg21055546
376158	cg21055554
376160	cg21055684
376172	cg21056706
376174	cg21056788
376259	cg21064916
376261	cg21065196
376277	cg21067023
376335	cg21071097
376440	cg21077684
376482	cg21080533
376493	cg21081803
376499	cg21082028
376576	cg21087321
376583	cg21088119
376611	cg21090033
376656	cg21092790
376748	cg21100077
376772	cg21101335
376778	cg21101631
376782	cg21101720
376784	cg21101743
376788	cg21102121
376803	cg21103316
376814	cg21104276
376825	cg21104965
376839	cg21105787
376850	cg21106461
376872	cg21107889
376891	cg21109038
376908	cg21110337
376909	cg21110456
376930	cg21111500
376960	cg21113740
376964	cg21113776
376995	cg21115558
376996	cg21115608
377029	cg21117210
377050	cg21118367
377061	cg21119074
377082	cg21120678
377105	cg21122225
377135	cg21123686
377141	cg21124375
377184	cg21127068
377202	cg21127735
377211	cg21128569
377244	cg21130958
377246	cg21131022
377269	cg21132577
377316	cg21136104
377393	cg21140898
377394	cg21140931
377449	cg21143896
377453	cg21144063
377462	cg21144493
377470	cg21144922
377473	cg21144941
377491	cg21146184
377515	cg21147203
377574	cg21150843
377673	cg21156320
377676	cg21156438
377716	cg21158087
377720	cg21158411
377757	cg21160099
377823	cg21163347
377826	cg21163429
377860	cg21164741
377869	cg21165029
377873	cg21165064
377930	cg21167716
377992	cg21171335
378004	cg21172011
378008	cg21172319
378009	cg21172322
378074	cg21176130
378114	cg21178378
378198	cg21183523
378211	cg21184172
378252	cg21185686
378257	cg21186098
378269	cg21186708
378278	cg21186955
378323	cg21189224
378325	cg21189438
378347	cg21190742
378362	cg21191514
378371	cg21192091
378440	cg21195376
378527	cg21199165
378533	cg21199629
378557	cg21200703
378563	cg21201099
378666	cg21205978
378756	cg21210224
378784	cg21211187
378797	cg21211480
378836	cg21213593
378868	cg21215550
378870	cg21215767
378887	cg21216477
378931	cg21218820
379002	cg21221840
379099	cg21227253
379101	cg21227325
379117	cg21228500
379145	cg21229979
379158	cg21230493
379170	cg21231262
379194	cg21232620
379223	cg21233879
379240	cg21234561
379249	cg21235108
379298	cg21237418
379303	cg21237687
379316	cg21238257
379335	cg21239227
379373	cg21241151
379381	cg21241424
379433	cg21243848
379452	cg21244580
379480	cg21245816
379537	cg21249371
379558	cg21250433
379569	cg21251140
379574	cg21251385
379611	cg21253335
379615	cg21253459
379634	cg21254883
379636	cg21254939
379647	cg21255880
379689	cg21262776
379739	cg21266502
379763	cg21268578
379770	cg21268984
379781	cg21269781
379787	cg21269897
379797	cg21270847
379832	cg21273275
379862	cg21275920
379907	cg21279756
379926	cg21280719
379950	cg21282907
380013	cg21287554
380076	cg21291759
380123	cg21293934
380137	cg21294960
380138	cg21295088
380167	cg21297493
380212	cg21301258
380240	cg21303011
380259	cg21304454
380288	cg21306329
380292	cg21306949
380376	cg21314318
380404	cg21317428
380408	cg21317965
380432	cg21320793
380452	cg21322819
380458	cg21323441
380470	cg21324456
380496	cg21327194
380512	cg21328779
380533	cg21330423
380551	cg21331228
380561	cg21331791
380572	cg21332500
380573	cg21332729
380585	cg21333674
380595	cg21334513
380618	cg21336435
380686	cg21341391
380697	cg21341822
380700	cg21341928
380703	cg21342392
380749	cg21347053
380784	cg21349645
380817	cg21351483
380836	cg21353911
380853	cg21355828
380876	cg21357291
380881	cg21358336
380897	cg21360079
380906	cg21361094
380913	cg21361856
380927	cg21364077
380964	cg21366688
380968	cg21367256
380999	cg21369231
381071	cg21375869
381079	cg21376148
381089	cg21376799
381178	cg21383487
381197	cg21384588
381220	cg21385746
381229	cg21386140
381236	cg21386573
381279	cg21389309
381291	cg21390082
381297	cg21390624
381314	cg21392385
381347	cg21395110
381370	cg21396630
381374	cg21396988
381390	cg21398280
381397	cg21398996
381418	cg21399832
381426	cg21400802
381457	cg21402832
381494	cg21406075
381521	cg21408360
381575	cg21412355
381593	cg21413492
381662	cg21418534
381739	cg21425607
381743	cg21425842
381757	cg21427300
381801	cg21431041
381811	cg21431832
381852	cg21434376
381854	cg21434530
381866	cg21435375
381871	cg21435684
381876	cg21436413
381886	cg21437157
381938	cg21440776
382016	cg21446772
382030	cg21447871
382060	cg21449429
382066	cg21449597
382100	cg21451653
382131	cg21453451
382134	cg21453758
382197	cg21459460
382225	cg21460606
382232	cg21461082
382236	cg21461300
382303	cg21464975
382401	cg21472506
382406	cg21472642
382429	cg21474062
382453	cg21475076
382454	cg21475097
382455	cg21475150
382458	cg21475270
382480	cg21476599
382514	cg21478902
382564	cg21482174
382609	cg21484515
382613	cg21484586
382621	cg21484940
382632	cg21485303
382636	cg21485895
382661	cg21487550
382673	cg21488279
382681	cg21488876
382699	cg21490444
382713	cg21491107
382745	cg21493516
382759	cg21494093
382777	cg21495156
382794	cg21496187
382831	cg21497990
382843	cg21498490
382870	cg21500126
382907	cg21502250
383026	cg21509978
383081	cg21513352
383093	cg21514164
383098	cg21514540
383119	cg21515406
383129	cg21516162
383130	cg21516287
383131	cg21516291
383146	cg21517158
383163	cg21518089
383189	cg21519654
383195	cg21519872
383252	cg21523601
383304	cg21526750
383308	cg21527078
383312	cg21527411
383330	cg21528927
383366	cg21531389
383375	cg21531689
383394	cg21532636
383403	cg21533331
383417	cg21533997
383435	cg21534940
383449	cg21535606
383475	cg21537187
383493	cg21538013
383497	cg21538208
383529	cg21540367
383536	cg21540621
383554	cg21541638
383558	cg21542078
383572	cg21542796
383641	cg21545862
383651	cg21546184
383722	cg21549225
383818	cg21554552
383864	cg21557473
383867	cg21557724
383880	cg21558545
383921	cg21561492
383950	cg21563683
383954	cg21564128
383981	cg21565543
383989	cg21565937
384024	cg21568145
384040	cg21569714
384098	cg21573047
384192	cg21577651
384194	cg21577836
384207	cg21578457
384232	cg21579710
384252	cg21580428
384253	cg21580456
384272	cg21581821
384280	cg21582311
384281	cg21582325
384354	cg21585707
384372	cg21587238
384491	cg21595092
384500	cg21595709
384505	cg21596313
384559	cg21600346
384587	cg21602520
384614	cg21604320
384710	cg21608519
384712	cg21608600
384730	cg21609804
384731	cg21609808
384740	cg21610221
384810	cg21614723
384817	cg21615583
384908	cg21619886
384930	cg21621104
384935	cg21621264
384951	cg21622381
384973	cg21624282
384976	cg21624359
384989	cg21625271
385023	cg21627409
385051	cg21629500
385074	cg21631428
385157	cg21637392
385169	cg21638035
385203	cg21639713
385310	cg21645554
385335	cg21646955
385336	cg21647035
385342	cg21647227
385362	cg21648121
385363	cg21648202
385381	cg21649089
385392	cg21649442
385464	cg21654383
385474	cg21655444
385565	cg21660861
385577	cg21661379
385607	cg21663666
385636	cg21665744
385676	cg21669441
385768	cg21679391
385830	cg21683105
385845	cg21684411
385886	cg21686890
385903	cg21688288
385956	cg21692450
385979	cg21694350
385986	cg21695089
385990	cg21695485
385994	cg21695830
386015	cg21697381
386024	cg21697851
386026	cg21698185
386037	cg21699124
386039	cg21699330
386124	cg21706229
386131	cg21707172
386140	cg21708130
386158	cg21710324
386178	cg21712331
386191	cg21713473
386220	cg21716282
386250	cg21718735
386259	cg21719704
386263	cg21719937
386272	cg21721022
386311	cg21723559
386315	cg21723903
386318	cg21724239
386385	cg21729992
386430	cg21733531
386481	cg21737039
386483	cg21737226
386485	cg21737444
386564	cg21743907
386640	cg21748207
386676	cg21750915
386691	cg21751684
386717	cg21752601
386749	cg21755087
386778	cg21756587
386792	cg21757189
386813	cg21758133
386852	cg21760990
386871	cg21762523
386880	cg21762788
386888	cg21763405
386902	cg21764190
386926	cg21766592
386933	cg21767191
386985	cg21770322
386997	cg21771200
386998	cg21771250
387074	cg21775675
387102	cg21777188
387112	cg21778193
387114	cg21778244
387156	cg21781706
387199	cg21784036
387327	cg21790851
387331	cg21791017
387347	cg21792155
387467	cg21802055
387469	cg21802682
387501	cg21805138
387510	cg21805940
387559	cg21808635
387583	cg21809927
387600	cg21810793
387604	cg21811204
387637	cg21814178
387670	cg21816330
387678	cg21816685
387692	cg21817737
387693	cg21817750
387695	cg21817858
387729	cg21820652
387757	cg21822146
387781	cg21824343
387832	cg21827674
387863	cg21829923
387874	cg21830368
387876	cg21830459
387939	cg21833841
387966	cg21835643
387977	cg21836370
387982	cg21836586
387990	cg21837192
388008	cg21838488
388091	cg21843616
388095	cg21843902
388099	cg21844144
388108	cg21844669
388114	cg21844956
388125	cg21845457
388142	cg21846488
388173	cg21848524
388192	cg21849932
388220	cg21851395
388249	cg21853021
388262	cg21853707
388269	cg21854286
388286	cg21855135
388289	cg21855211
388297	cg21855830
388340	cg21858255
388359	cg21859216
388375	cg21860045
388398	cg21862081
388413	cg21863110
388449	cg21865150
388480	cg21868134
388504	cg21869609
388533	cg21871080
388555	cg21871883
388558	cg21872037
388583	cg21873674
388603	cg21875096
388618	cg21875802
388643	cg21877274
388694	cg21879236
388724	cg21880903
388789	cg21885317
388794	cg21885864
388798	cg21885995
388863	cg21890551
388866	cg21890667
388898	cg21893663
388905	cg21894287
388982	cg21899942
389008	cg21901395
389012	cg21901643
389044	cg21903378
389106	cg21907579
389128	cg21908557
389136	cg21908886
389181	cg21911276
389219	cg21913319
389236	cg21913897
389279	cg21916479
389281	cg21916596
389306	cg21918313
389406	cg21924447
389417	cg21925465
389446	cg21927177
389474	cg21929464
389476	cg21929473
389477	cg21929564
389504	cg21930712
389541	cg21932416
389570	cg21934230
389593	cg21935519
389602	cg21936464
389611	cg21936959
389624	cg21937867
389705	cg21943117
389724	cg21944234
389726	cg21944455
389744	cg21945930
389745	cg21945949
389750	cg21946195
389763	cg21947394
389789	cg21949305
389792	cg21949512
389817	cg21950605
389835	cg21951797
389836	cg21951975
389897	cg21957058
389911	cg21958524
389944	cg21960624
389972	cg21962324
389986	cg21962907
389995	cg21963535
390008	cg21964231
390058	cg21968515
390086	cg21970929
390127	cg21974358
390138	cg21975377
390151	cg21977234
390156	cg21977522
390186	cg21981270
390232	cg21985690
390233	cg21985691
390236	cg21986027
390254	cg21988041
390281	cg21990700
390324	cg21995304
390367	cg21997746
390372	cg21998208
390387	cg21999471
390413	cg22001533
390432	cg22004069
390433	cg22004089
390454	cg22006060
390460	cg22006640
390506	cg22009488
390553	cg22012476
390558	cg22012583
390591	cg22014770
390628	cg22016995
390696	cg22021786
390703	cg22022067
390714	cg22022716
390716	cg22022797
390763	cg22025206
390769	cg22025263
390801	cg22027433
390829	cg22029157
390875	cg22031783
390890	cg22032521
391039	cg22041190
391040	cg22041228
391061	cg22042833
391084	cg22044002
391099	cg22044630
391131	cg22046408
391145	cg22047469
391182	cg22049858
391202	cg22051146
391222	cg22052514
391223	cg22052566
391230	cg22052948
391234	cg22053159
391264	cg22054918
391297	cg22057240
391331	cg22059812
391333	cg22060041
391362	cg22062537
391487	cg22070991
391559	cg22076941
391563	cg22077197
391569	cg22077361
391591	cg22078805
391605	cg22079102
391609	cg22079195
391634	cg22081371
391636	cg22081832
391638	cg22081905
391651	cg22082438
391663	cg22082868
391669	cg22083199
391697	cg22084642
391710	cg22086566
391783	cg22092876
391882	cg22102078
391893	cg22103003
391967	cg22108374
391968	cg22108469
391970	cg22108567
391985	cg22109370
391987	cg22109530
392022	cg22111078
392036	cg22112051
392100	cg22115892
392127	cg22117637
392135	cg22117825
392154	cg22118524
392160	cg22119665
392174	cg22120714
392183	cg22121557
392212	cg22122808
392251	cg22124859
392270	cg22125968
392274	cg22126047
392334	cg22129545
392355	cg22131172
392373	cg22132509
392401	cg22134923
392411	cg22135324
392470	cg22138735
392514	cg22142137
392527	cg22143274
392540	cg22143698
392602	cg22148297
392619	cg22149516
392642	cg22151446
392702	cg22154659
392729	cg22156700
392746	cg22157239
392771	cg22158650
392773	cg22158769
392833	cg22161244
392836	cg22161376
392935	cg22166728
392945	cg22167353
392948	cg22167515
392984	cg22169791
393005	cg22171145
393008	cg22171539
393010	cg22171613
393070	cg22175873
393110	cg22178798
393174	cg22185100
393237	cg22189786
393267	cg22191981
393286	cg22193150
393300	cg22193912
393340	cg22198044
393343	cg22198397
393350	cg22198853
393354	cg22199080
393376	cg22200736
393387	cg22201588
393405	cg22202558
393426	cg22203890
393493	cg22209929
393530	cg22212414
393581	cg22215815
393608	cg22217860
393661	cg22221320
393735	cg22226438
393822	cg22231400
393833	cg22232207
393880	cg22234712
393907	cg22236066
393936	cg22237668
393944	cg22238122
393957	cg22238882
394015	cg22242842
394021	cg22243109
394040	cg22244192
394045	cg22244768
394061	cg22245980
394069	cg22246785
394111	cg22249529
394115	cg22249752
394117	cg22249789
394128	cg22250546
394187	cg22254463
394188	cg22254464
394191	cg22254606
394193	cg22254983
394199	cg22255435
394212	cg22256433
394306	cg22262702
394351	cg22266001
394382	cg22268510
394393	cg22270027
394415	cg22272282
394448	cg22274117
394459	cg22274539
394462	cg22274813
394472	cg22275864
394503	cg22277567
394513	cg22278033
394534	cg22280148
394537	cg22280238
394543	cg22280475
394575	cg22282590
394597	cg22284043
394626	cg22286764
394631	cg22287064
394672	cg22289831
394700	cg22291711
394746	cg22295787
394782	cg22299097
394793	cg22300320
394808	cg22301418
394818	cg22303045
394821	cg22303227
394840	cg22304399
394857	cg22305258
394861	cg22305455
394876	cg22306408
394880	cg22306928
394889	cg22307444
394902	cg22308726
394916	cg22309632
394936	cg22311015
394992	cg22316093
395026	cg22319147
395030	cg22319311
395058	cg22321572
395095	cg22324567
395110	cg22325572
395119	cg22325828
395143	cg22328208
395152	cg22328746
395191	cg22330638
395193	cg22330763
395281	cg22335692
395326	cg22338127
395353	cg22340508
395364	cg22341310
395393	cg22344122
395404	cg22344727
395406	cg22344793
395423	cg22345878
395432	cg22346380
395448	cg22347696
395460	cg22348654
395478	cg22350070
395501	cg22352078
395518	cg22352772
395530	cg22353551
395570	cg22356324
395730	cg22367191
395733	cg22367264
395790	cg22370252
395804	cg22371492
395813	cg22371972
395842	cg22373508
395848	cg22373770
395870	cg22374940
395918	cg22376929
395923	cg22377064
395978	cg22380139
396021	cg22382836
396077	cg22387369
396084	cg22387781
396102	cg22388634
396107	cg22388948
396142	cg22391718
396148	cg22392276
396189	cg22395765
396206	cg22396632
396210	cg22396755
396240	cg22398616
396249	cg22399133
396260	cg22400015
396264	cg22400166
396267	cg22400420
396309	cg22403469
396373	cg22409854
396378	cg22410316
396381	cg22410478
396457	cg22417566
396506	cg22423984
396548	cg22427208
396583	cg22430700
396605	cg22432041
396643	cg22434923
396744	cg22442454
396745	cg22442557
396766	cg22443762
396778	cg22444584
396780	cg22444720
396790	cg22445940
396793	cg22446206
396799	cg22446491
396802	cg22446998
396812	cg22448232
396870	cg22451358
396880	cg22452230
396903	cg22454022
396908	cg22454313
396920	cg22454769
396966	cg22457769
396987	cg22459236
396991	cg22459630
396992	cg22459664
397003	cg22460204
397011	cg22460896
397023	cg22462010
397034	cg22462983
397036	cg22463035
397084	cg22466678
397170	cg22473620
397172	cg22473727
397176	cg22473846
397182	cg22474464
397207	cg22476269
397222	cg22477343
397230	cg22478121
397239	cg22478544
397265	cg22480783
397287	cg22481950
397350	cg22486928
397365	cg22488081
397382	cg22488750
397383	cg22488797
397387	cg22488891
397397	cg22489321
397411	cg22489957
397414	cg22490134
397419	cg22490454
397422	cg22490780
397509	cg22495636
397533	cg22496986
397555	cg22498143
397572	cg22499297
397580	cg22499797
397634	cg22502382
397639	cg22502502
397681	cg22505898
397696	cg22506548
397716	cg22507772
397770	cg22510376
397818	cg22512438
397847	cg22513901
397854	cg22514229
397978	cg22522598
398084	cg22530232
398106	cg22531668
398117	cg22532234
398153	cg22534509
398222	cg22538780
398231	cg22539356
398234	cg22539420
398237	cg22539450
398318	cg22543892
398332	cg22544673
398337	cg22544881
398402	cg22549041
398419	cg22549870
398435	cg22550549
398445	cg22551145
398451	cg22551578
398502	cg22557091
398514	cg22558291
398527	cg22559034
398583	cg22562461
398687	cg22571544
398699	cg22572362
398700	cg22572454
398715	cg22573528
398726	cg22574675
398746	cg22575966
398784	cg22579265
398820	cg22581896
398868	cg22585786
398870	cg22585954
398882	cg22586726
398916	cg22589511
398933	cg22590902
398950	cg22592142
398953	cg22592475
398954	cg22592490
398987	cg22595460
399041	cg22599115
399113	cg22604218
399150	cg22606681
399153	cg22606873
399207	cg22609785
399223	cg22610645
399228	cg22610980
399265	cg22614142
399267	cg22614239
399309	cg22616881
399324	cg22618164
399359	cg22620090
399365	cg22620414
399394	cg22621867
399450	cg22625519
399476	cg22626866
399571	cg22632947
399574	cg22633036
399610	cg22635096
399616	cg22635491
399639	cg22637594
399659	cg22638593
399678	cg22640233
399746	cg22645427
399849	cg22653139
399885	cg22655436
399886	cg22655521
399899	cg22656521
399934	cg22658758
399952	cg22659676
399969	cg22660447
399978	cg22660933
400011	cg22663389
400017	cg22663872
400020	cg22664064
400046	cg22665383
400055	cg22666373
400085	cg22669136
400130	cg22672060
400136	cg22672431
400196	cg22675702
400203	cg22675937
400237	cg22677715
400256	cg22678739
400265	cg22679316
400275	cg22679890
400295	cg22681001
400347	cg22683038
400391	cg22685807
400494	cg22691119
400567	cg22694818
400575	cg22695351
400604	cg22696984
400621	cg22697574
400624	cg22697684
400636	cg22698177
400640	cg22698489
400649	cg22699026
400679	cg22700246
400684	cg22700686
400696	cg22701534
400713	cg22702772
400726	cg22703162
400729	cg22703520
400762	cg22705602
400763	cg22705746
400781	cg22706505
400834	cg22709144
400847	cg22710065
400864	cg22711111
400876	cg22711792
400913	cg22714290
400917	cg22714668
400949	cg22716368
400978	cg22718050
400991	cg22718636
401025	cg22720392
401041	cg22721472
401042	cg22721579
401110	cg22726349
401131	cg22727810
401148	cg22728904
401203	cg22731513
401226	cg22732749
401242	cg22734014
401257	cg22735222
401278	cg22736323
401288	cg22736807
401298	cg22737478
401299	cg22737624
401326	cg22740492
401333	cg22740796
401336	cg22740835
401353	cg22742965
401378	cg22745354
401408	cg22747380
401409	cg22747480
401411	cg22747501
401427	cg22748470
401449	cg22749810
401535	cg22756386
401585	cg22760287
401618	cg22762492
401623	cg22762844
401644	cg22764374
401648	cg22764436
401649	cg22764497
401733	cg22771548
401773	cg22774088
401777	cg22774472
401784	cg22775138
401787	cg22775642
401797	cg22776392
401824	cg22777724
401882	cg22782017
401902	cg22783363
401912	cg22784047
401949	cg22786465
401976	cg22788065
401989	cg22788953
401995	cg22789318
402039	cg22791987
402043	cg22792176
402072	cg22793142
402118	cg22795586
402130	cg22796353
402131	cg22796355
402144	cg22796922
402147	cg22797031
402162	cg22797514
402181	cg22798223
402238	cg22800453
402241	cg22800590
402246	cg22800743
402304	cg22803560
402310	cg22803868
402313	cg22804000
402315	cg22804236
402336	cg22805381
402363	cg22806907
402385	cg22807732
402406	cg22809176
402431	cg22810423
402462	cg22812280
402470	cg22812684
402473	cg22812770
402535	cg22816091
402550	cg22816913
402613	cg22821289
402616	cg22821355
402631	cg22821947
402641	cg22822630
402660	cg22823197
402676	cg22824635
402723	cg22826986
402730	cg22827210
402731	cg22827250
402744	cg22827864
402751	cg22828305
402804	cg22831526
402862	cg22835724
402916	cg22839308
402928	cg22840361
402945	cg22841667
402973	cg22843538
402977	cg22843684
402981	cg22843803
403036	cg22847228
403049	cg22848598
403050	cg22848646
403069	cg22849665
403080	cg22850451
403083	cg22850587
403095	cg22851295
403099	cg22851420
403108	cg22851864
403113	cg22852065
403141	cg22853588
403167	cg22855020
403175	cg22855405
403179	cg22855764
403182	cg22855900
403184	cg22855933
403195	cg22856324
403209	cg22857085
403244	cg22859061
403245	cg22859289
403276	cg22861116
403279	cg22861279
403283	cg22861340
403325	cg22863209
403337	cg22863920
403397	cg22866825
403484	cg22871485
403501	cg22871947
403548	cg22874407
403578	cg22876153
403595	cg22876812
403601	cg22877024
403604	cg22877230
403611	cg22877452
403614	cg22877509
403659	cg22879834
403692	cg22881652
403697	cg22881914
403711	cg22882523
403785	cg22887663
403793	cg22888055
403799	cg22888463
403819	cg22889573
403825	cg22889914
403839	cg22891070
403856	cg22891707
403868	cg22892437
403875	cg22893248
403880	cg22893791
403896	cg22894896
403933	cg22897615
403937	cg22897715
403954	cg22899392
403959	cg22900057
403971	cg22900415
403976	cg22900681
403983	cg22901212
404040	cg22903908
404053	cg22904737
404057	cg22905097
404064	cg22905511
404084	cg22906709
404094	cg22907295
404104	cg22907985
404132	cg22910462
404158	cg22912095
404173	cg22912997
404201	cg22915373
404207	cg22915945
404243	cg22918560
404264	cg22920417
404267	cg22920501
404309	cg22923409
404317	cg22924060
404327	cg22924796
404358	cg22926923
404381	cg22928386
404399	cg22929787
404417	cg22930859
404484	cg22934200
404517	cg22935921
404536	cg22937649
404601	cg22941646
404679	cg22946460
404779	cg22951411
404789	cg22952142
404827	cg22954687
404832	cg22954906
404845	cg22955778
404888	cg22958047
404891	cg22958090
404909	cg22959054
404962	cg22961457
405030	cg22965432
405064	cg22967396
405075	cg22968445
405088	cg22969524
405137	cg22972858
405153	cg22973468
405156	cg22973789
405189	cg22975521
405229	cg22977481
405261	cg22979433
405266	cg22979783
405277	cg22980427
405305	cg22982093
405309	cg22982368
405322	cg22983282
405347	cg22984571
405358	cg22985016
405380	cg22986569
405389	cg22987011
405391	cg22987116
405405	cg22988198
405453	cg22990967
405459	cg22991320
405464	cg22991512
405476	cg22992137
405493	cg22993195
405563	cg22997040
405566	cg22997177
405570	cg22997262
405622	cg23000808
405633	cg23001415
405672	cg23004031
405678	cg23004160
405698	cg23005797
405699	cg23005885
405737	cg23008606
405744	cg23008871
405747	cg23009044
405752	cg23009123
405758	cg23009355
405809	cg23012310
405843	cg23013853
405851	cg23014425
405894	cg23016776
405909	cg23017915
405911	cg23018063
405923	cg23018755
405930	cg23019565
405945	cg23020514
405960	cg23021168
406008	cg23024158
406039	cg23026228
406085	cg23028772
406128	cg23030863
406165	cg23032936
406190	cg23034420
406212	cg23035341
406262	cg23037642
406276	cg23038349
406286	cg23039195
406318	cg23041109
406368	cg23044053
406411	cg23046231
406455	cg23048068
406459	cg23048399
406479	cg23049458
406508	cg23051349
406548	cg23052826
406582	cg23054181
406584	cg23054189
406619	cg23055735
406644	cg23057009
406715	cg23060390
406723	cg23060747
406744	cg23061795
406758	cg23063243
406780	cg23064481
406785	cg23064601
406848	cg23068499
406851	cg23068621
406881	cg23069847
406948	cg23074932
406950	cg23074992
406951	cg23074996
406965	cg23075506
406976	cg23075983
407007	cg23077820
407019	cg23079012
407023	cg23079252
407071	cg23081604
407079	cg23082339
407080	cg23082387
407130	cg23085167
407158	cg23087108
407166	cg23087306
407183	cg23088184
407190	cg23088510
407200	cg23089425
407214	cg23089913
407237	cg23091057
407268	cg23092449
407288	cg23093404
407309	cg23094620
407315	cg23094728
407334	cg23095743
407359	cg23097139
407365	cg23097402
407370	cg23097534
407375	cg23097686
407380	cg23097961
407398	cg23098661
407414	cg23099587
407416	cg23099839
407541	cg23108580
407570	cg23109891
407573	cg23109968
407574	cg23110005
407608	cg23112192
407685	cg23118086
407695	cg23118721
407733	cg23121170
407738	cg23121394
407775	cg23123731
407785	cg23124613
407790	cg23125200
407795	cg23125492
407877	cg23131950
407888	cg23133011
407937	cg23138261
407982	cg23142004
408021	cg23145336
408034	cg23146346
408053	cg23147574
408056	cg23148094
408066	cg23148948
408090	cg23150604
408093	cg23151014
408105	cg23151649
408115	cg23152235
408118	cg23152641
408120	cg23152742
408171	cg23155767
408212	cg23158189
408222	cg23158754
408297	cg23163283
408315	cg23164183
408333	cg23165310
408335	cg23165500
408373	cg23167246
408395	cg23168425
408425	cg23170280
408426	cg23170346
408443	cg23171103
408451	cg23171871
408474	cg23173301
408475	cg23173307
408502	cg23175074
408555	cg23178550
408559	cg23179181
408600	cg23181573
408631	cg23183559
408702	cg23189044
408706	cg23189410
408715	cg23190089
408743	cg23191950
408748	cg23192346
408803	cg23194912
408852	cg23197862
408892	cg23200020
408922	cg23201527
408933	cg23201907
408942	cg23202262
409035	cg23206461
409036	cg23206463
409057	cg23207527
409084	cg23208717
409094	cg23209285
409195	cg23214395
409208	cg23214985
409225	cg23216015
409249	cg23217419
409252	cg23217512
409256	cg23217622
409271	cg23218559
409289	cg23219570
409301	cg23220346
409320	cg23221052
409321	cg23221090
409344	cg23221998
409347	cg23222160
409405	cg23225221
409421	cg23226249
409431	cg23226914
409481	cg23229261
409641	cg23238119
409646	cg23238315
409676	cg23239647
409706	cg23240927
409714	cg23241448
409751	cg23243400
409784	cg23244540
409789	cg23244761
409790	cg23244790
409794	cg23244910
409795	cg23244913
409832	cg23246703
409864	cg23248150
409870	cg23248424
409880	cg23248887
409915	cg23250574
409932	cg23251170
409943	cg23251701
409966	cg23252902
409992	cg23254302
409997	cg23254393
410026	cg23256150
410056	cg23257461
410057	cg23257502
410080	cg23258717
410103	cg23260026
410140	cg23261343
410156	cg23261919
410185	cg23263937
410194	cg23264547
410207	cg23265500
410217	cg23266594
410234	cg23267558
410244	cg23268208
410246	cg23268290
410300	cg23271831
410304	cg23272088
410374	cg23275958
410410	cg23278196
410428	cg23279335
410430	cg23279355
410434	cg23279522
410454	cg23280506
410525	cg23283495
410562	cg23285825
410572	cg23286646
410578	cg23287005
410599	cg23288099
410614	cg23288838
410618	cg23289024
410640	cg23290344
410658	cg23291161
410661	cg23291280
410672	cg23291886
410679	cg23292965
410724	cg23296652
410810	cg23302570
410827	cg23303246
410835	cg23304023
410870	cg23306526
410965	cg23314364
411049	cg23319696
411060	cg23320499
411098	cg23322933
411114	cg23323712
411143	cg23325335
411154	cg23325963
411165	cg23326536
411187	cg23327938
411192	cg23328194
411211	cg23329061
411227	cg23330006
411231	cg23330212
411267	cg23332501
411327	cg23336143
411369	cg23338380
411396	cg23339656
411402	cg23340017
411423	cg23341085
411433	cg23342045
411446	cg23342718
411473	cg23344395
411482	cg23344780
411705	cg23357257
411742	cg23359714
411811	cg23363832
411815	cg23363971
411844	cg23365739
411880	cg23368159
411947	cg23371746
411999	cg23375169
412060	cg23378546
412140	cg23385669
412169	cg23387569
412171	cg23387692
412180	cg23388392
412213	cg23391090
412343	cg23400122
412368	cg23401459
412370	cg23401601
412375	cg23401796
412384	cg23402467
412411	cg23404330
412427	cg23404877
412431	cg23405152
412488	cg23409074
412613	cg23415916
412615	cg23416002
412651	cg23418180
412659	cg23418467
412745	cg23424933
412755	cg23425533
412764	cg23426238
412772	cg23426912
412800	cg23429042
412816	cg23429749
412880	cg23433889
412893	cg23434592
412941	cg23437843
412968	cg23440058
412976	cg23440636
413023	cg23444251
413043	cg23445461
413063	cg23447233
413069	cg23447996
413074	cg23448153
413076	cg23448348
413111	cg23450509
413149	cg23453435
413157	cg23454003
413231	cg23459863
413250	cg23460843
413253	cg23460943
413264	cg23461615
413282	cg23462514
413324	cg23464619
413335	cg23465650
413371	cg23468002
413396	cg23469448
413417	cg23471067
413422	cg23471393
413446	cg23473114
413452	cg23473419
413462	cg23473955
413500	cg23475725
413516	cg23476802
413518	cg23476877
413552	cg23479065
413571	cg23480341
413578	cg23480730
413604	cg23482427
413624	cg23483765
413627	cg23483840
413631	cg23484159
413687	cg23487312
413706	cg23488804
413752	cg23490887
413762	cg23491661
413787	cg23493119
413799	cg23493787
413817	cg23494957
413848	cg23497016
413853	cg23497383
413857	cg23497569
413917	cg23500924
413926	cg23501406
413952	cg23502639
413968	cg23503775
413995	cg23505299
414059	cg23509641
414092	cg23511824
414148	cg23514619
414166	cg23515702
414181	cg23516463
414192	cg23516852
414198	cg23517116
414200	cg23517208
414236	cg23519572
414237	cg23519626
414255	cg23520688
414263	cg23521140
414271	cg23521507
414318	cg23523668
414329	cg23524290
414337	cg23524559
414347	cg23525438
414365	cg23526298
414369	cg23526504
414377	cg23526973
414450	cg23530619
414503	cg23533419
414504	cg23533513
414509	cg23533926
414530	cg23535596
414543	cg23536473
414564	cg23537932
414565	cg23538064
414605	cg23540704
414691	cg23546474
414719	cg23548163
414753	cg23549472
414761	cg23549902
414781	cg23551605
414799	cg23552977
414819	cg23554497
414825	cg23555120
414855	cg23558337
414978	cg23568643
415079	cg23575732
415109	cg23579185
415122	cg23581088
415181	cg23586322
415193	cg23586959
415198	cg23587176
415200	cg23587288
415201	cg23587449
415217	cg23588462
415323	cg23595621
415347	cg23597015
415349	cg23597057
415359	cg23597629
415366	cg23598080
415464	cg23603036
415513	cg23606421
415550	cg23609707
415559	cg23610041
415582	cg23611697
415583	cg23611710
415606	cg23613219
415645	cg23616100
415654	cg23616527
415663	cg23617193
415667	cg23617530
415673	cg23617848
415677	cg23618156
415697	cg23619399
415725	cg23620822
415730	cg23621097
415735	cg23621496
415745	cg23621929
415784	cg23624008
415821	cg23625823
415852	cg23627301
415888	cg23629166
415930	cg23631321
415951	cg23632656
415987	cg23634124
416014	cg23635206
416056	cg23637494
416069	cg23638252
416087	cg23639368
416133	cg23641315
416151	cg23642130
416181	cg23643814
416207	cg23645091
416228	cg23646360
416263	cg23648809
416280	cg23649631
416285	cg23650279
416313	cg23651826
416314	cg23651872
416334	cg23652859
416350	cg23653492
416363	cg23654401
416368	cg23654821
416422	cg23657388
416430	cg23657718
416491	cg23661000
416509	cg23662138
416536	cg23663774
416590	cg23666831
416649	cg23669081
416693	cg23671279
416729	cg23673974
416754	cg23675401
416765	cg23675930
416768	cg23676151
416796	cg23677243
416811	cg23677882
416826	cg23678594
416848	cg23679492
416868	cg23680451
416870	cg23680518
416882	cg23681112
416895	cg23681687
416918	cg23683010
416929	cg23683588
416931	cg23683674
416933	cg23683800
416948	cg23684410
416971	cg23685597
416979	cg23685965
416982	cg23685994
416995	cg23686556
417016	cg23687466
417055	cg23689428
417086	cg23690893
417088	cg23691006
417115	cg23692500
417124	cg23693289
417136	cg23693749
417171	cg23695707
417179	cg23696193
417187	cg23696593
417213	cg23697546
417215	cg23697796
417240	cg23698978
417255	cg23699670
417259	cg23699879
417313	cg23703963
417336	cg23705098
417345	cg23705938
417367	cg23707400
417388	cg23708763
417438	cg23712018
417447	cg23712401
417466	cg23713520
417492	cg23714773
417515	cg23715749
417528	cg23717186
417577	cg23720064
417623	cg23723410
417673	cg23726802
417722	cg23730027
417744	cg23731089
417768	cg23731908
417773	cg23732024
417782	cg23732608
417784	cg23732725
417798	cg23733384
417807	cg23733739
417814	cg23734137
417841	cg23736297
417847	cg23736843
417894	cg23739746
417907	cg23740652
417911	cg23740882
417926	cg23741863
417960	cg23744638
417976	cg23746497
417995	cg23748340
418002	cg23748923
418018	cg23750206
418030	cg23751035
418031	cg23751110
418038	cg23752000
418050	cg23752752
418077	cg23754918
418105	cg23756768
418113	cg23757365
418115	cg23757461
418120	cg23757721
418123	cg23757899
418142	cg23759393
418209	cg23764603
418240	cg23767994
418256	cg23769143
418262	cg23770265
418316	cg23775883
418338	cg23778363
418383	cg23781334
418427	cg23785275
418443	cg23786580
418449	cg23786812
418498	cg23791626
418499	cg23791672
418511	cg23792314
418669	cg23804620
418683	cg23805623
418701	cg23806894
418743	cg23810282
418763	cg23811942
418808	cg23814365
418819	cg23815312
418824	cg23815646
418829	cg23815825
418850	cg23817096
418897	cg23819669
418907	cg23820589
418924	cg23821359
418993	cg23827488
419018	cg23829024
419019	cg23829102
419030	cg23829948
419047	cg23831143
419083	cg23833461
419179	cg23839002
419183	cg23839159
419226	cg23841288
419255	cg23843022
419297	cg23845450
419318	cg23847017
419321	cg23847109
419417	cg23854488
419448	cg23856413
419462	cg23857700
419482	cg23858650
419510	cg23860325
419514	cg23860436
419529	cg23861617
419545	cg23862925
419578	cg23865597
419593	cg23867085
419653	cg23871994
419683	cg23873996
419688	cg23874437
419689	cg23874561
419698	cg23875171
419702	cg23875391
419731	cg23877385
419749	cg23878206
419765	cg23878831
419779	cg23879743
419815	cg23881926
419832	cg23882945
419878	cg23885932
419883	cg23886141
419911	cg23887776
419914	cg23887948
419942	cg23889236
419955	cg23889772
419977	cg23891273
420022	cg23893898
420072	cg23896164
420079	cg23896685
420131	cg23899450
420139	cg23900203
420142	cg23900293
420168	cg23901918
420189	cg23903244
420229	cg23905556
420301	cg23910340
420358	cg23913421
420419	cg23917009
420436	cg23918296
420439	cg23918490
420485	cg23920642
420526	cg23922724
420545	cg23923856
420550	cg23924222
420559	cg23924526
420617	cg23927970
420625	cg23928165
420658	cg23930114
420659	cg23930133
420668	cg23930711
420671	cg23930856
420687	cg23931819
420707	cg23933095
420711	cg23933241
420772	cg23936410
420783	cg23936766
420802	cg23937993
420809	cg23938483
420829	cg23939642
420847	cg23940612
420855	cg23941075
420876	cg23942526
420975	cg23948843
420989	cg23949611
420993	cg23949782
421003	cg23950233
421014	cg23950767
421025	cg23951474
421035	cg23951961
421088	cg23954787
421093	cg23954922
421133	cg23956760
421140	cg23957118
421147	cg23957311
421173	cg23958704
421176	cg23958868
421202	cg23960538
421283	cg23965689
421309	cg23967544
421310	cg23967554
421348	cg23969554
421382	cg23971182
421395	cg23971987
421426	cg23973393
421428	cg23973429
421470	cg23975840
421490	cg23976846
421514	cg23978183
421515	cg23978242
421522	cg23978504
421524	cg23978557
421525	cg23978657
421557	cg23980740
421614	cg23983517
421618	cg23983726
421677	cg23986590
421732	cg23989673
421774	cg23991636
421782	cg23992209
421810	cg23994043
421812	cg23994061
421831	cg23995446
421840	cg23995914
421848	cg23996302
421881	cg23998119
421918	cg23999932
421934	cg24000437
421982	cg24002522
421995	cg24003508
422003	cg24003832
422018	cg24004327
422033	cg24004943
422055	cg24006126
422062	cg24006505
422098	cg24008358
422103	cg24008544
422108	cg24008884
422116	cg24009065
422130	cg24009656
422195	cg24013741
422219	cg24015249
422226	cg24015747
422355	cg24024661
422431	cg24028809
422491	cg24032190
422494	cg24032249
422515	cg24033224
422529	cg24033871
422531	cg24034005
422568	cg24035245
422589	cg24036280
422663	cg24040595
422673	cg24041239
422703	cg24042923
422736	cg24044762
422746	cg24045378
422787	cg24047400
422816	cg24049348
422819	cg24049493
422839	cg24050716
422852	cg24051554
422892	cg24053664
422893	cg24053715
422912	cg24054700
422914	cg24054871
422917	cg24055029
423035	cg24062526
423062	cg24064266
423067	cg24064594
423068	cg24064639
423108	cg24067652
423122	cg24068468
423202	cg24073122
423226	cg24074177
423230	cg24074477
423334	cg24080247
423418	cg24085039
423448	cg24086268
423478	cg24087796
423490	cg24088496
423549	cg24091990
423550	cg24091995
423580	cg24093763
423628	cg24097797
423746	cg24105287
423755	cg24105782
423848	cg24112000
423854	cg24112562
423876	cg24113818
423923	cg24116317
423924	cg24116380
423944	cg24117468
423989	cg24119717
424015	cg24121069
424040	cg24122498
424169	cg24128943
424212	cg24131211
424255	cg24133488
424286	cg24134959
424339	cg24137472
424346	cg24137774
424354	cg24138419
424361	cg24138650
424362	cg24138691
424366	cg24138867
424376	cg24139639
424411	cg24140860
424471	cg24144440
424483	cg24145118
424492	cg24145613
424497	cg24146100
424521	cg24147428
424548	cg24148817
424601	cg24151995
424623	cg24152976
424678	cg24155429
424711	cg24157171
424723	cg24157892
424736	cg24158259
424757	cg24159247
424809	cg24161925
424827	cg24163210
424847	cg24164517
424849	cg24164564
424863	cg24165638
424938	cg24169915
424979	cg24172509
424999	cg24174020
425043	cg24176731
425051	cg24177393
425120	cg24182470
425189	cg24186674
425263	cg24192660
425375	cg24199400
425398	cg24201034
425415	cg24202119
425417	cg24202131
425418	cg24202221
425420	cg24202448
425430	cg24202817
425431	cg24202916
425443	cg24203758
425448	cg24204282
425470	cg24205914
425520	cg24210280
425537	cg24211406
425540	cg24211504
425548	cg24211976
425577	cg24213719
425617	cg24216596
425631	cg24217704
425637	cg24217894
425639	cg24217948
425641	cg24217984
425788	cg24229662
425792	cg24229750
425815	cg24232083
425821	cg24232444
425852	cg24235518
425886	cg24237788
425890	cg24238265
425894	cg24238409
425968	cg24244374
425982	cg24245418
426005	cg24247667
426083	cg24252656
426120	cg24255032
426157	cg24257776
426176	cg24258886
426208	cg24262376
426215	cg24263062
426250	cg24266651
426251	cg24266670
426255	cg24267283
426295	cg24270710
426310	cg24272697
426372	cg24277007
426379	cg24277733
426414	cg24280832
426467	cg24284741
426490	cg24286765
426536	cg24290996
426563	cg24292761
426588	cg24294950
426612	cg24296452
426613	cg24296478
426631	cg24297509
426677	cg24300446
426694	cg24301414
426702	cg24301866
426710	cg24302235
426725	cg24303559
426735	cg24304210
426762	cg24305579
426778	cg24306278
426805	cg24307499
426828	cg24309739
426911	cg24313592
426938	cg24315421
426953	cg24316515
426962	cg24317217
427061	cg24324354
427069	cg24324628
427072	cg24324815
427079	cg24324985
427141	cg24328944
427149	cg24329557
427161	cg24330456
427209	cg24332770
427248	cg24334512
427260	cg24335070
427278	cg24335895
427287	cg24336338
427346	cg24338833
427355	cg24339273
427365	cg24340081
427370	cg24340572
427386	cg24341129
427417	cg24342146
427437	cg24343430
427445	cg24343835
427495	cg24346905
427512	cg24347994
427560	cg24351003
427578	cg24352054
427597	cg24352971
427622	cg24354581
427640	cg24355809
427709	cg24360871
427719	cg24361162
427765	cg24363820
427768	cg24363858
427778	cg24364535
427806	cg24365896
427817	cg24366429
427849	cg24368383
427857	cg24368865
427865	cg24369185
427870	cg24369728
427874	cg24369989
427955	cg24375409
427961	cg24375626
427981	cg24376434
427995	cg24377150
428002	cg24377495
428008	cg24377694
428040	cg24380053
428052	cg24381587
428118	cg24386135
428173	cg24390913
428191	cg24391982
428222	cg24393673
428226	cg24393783
428239	cg24394631
428257	cg24395452
428262	cg24395801
428327	cg24399395
428352	cg24400630
428377	cg24401870
428395	cg24402683
428422	cg24404533
428444	cg24405700
428459	cg24406754
428503	cg24409539
428513	cg24410214
428518	cg24410453
428558	cg24412714
428747	cg24425838
428759	cg24426405
428762	cg24426691
428777	cg24427724
428813	cg24429533
428859	cg24431872
428882	cg24433043
428909	cg24434800
428921	cg24435571
428930	cg24435879
428944	cg24436715
428957	cg24437408
428964	cg24437715
429031	cg24441810
429072	cg24444923
429098	cg24446586
429114	cg24447788
429150	cg24449777
429198	cg24452451
429204	cg24452821
429214	cg24453580
429224	cg24454109
429236	cg24454829
429252	cg24456002
429270	cg24457118
429296	cg24458756
429348	cg24461524
429384	cg24463605
429393	cg24464265
429421	cg24465685
429436	cg24466610
429443	cg24466939
429450	cg24467349
429475	cg24469464
429519	cg24472375
429533	cg24473500
429535	cg24473594
429540	cg24474037
429547	cg24474409
429550	cg24474701
429556	cg24475171
429572	cg24476103
429630	cg24479524
429637	cg24479859
429640	cg24480012
429648	cg24480379
429738	cg24485957
429786	cg24489344
429853	cg24493558
429883	cg24495017
429892	cg24495350
429897	cg24495643
429913	cg24496563
429921	cg24496841
429987	cg24500959
430039	cg24504349
430054	cg24504927
430056	cg24504942
430098	cg24506706
430127	cg24508426
430149	cg24509810
430210	cg24513387
430248	cg24516106
430263	cg24516901
430276	cg24517467
430325	cg24520538
430349	cg24522254
430388	cg24524379
430415	cg24525457
430416	cg24525461
430419	cg24525540
430453	cg24527434
430487	cg24529280
430495	cg24529736
430547	cg24531536
430555	cg24531955
430605	cg24534742
430618	cg24535439
430644	cg24536349
430663	cg24537237
430733	cg24541426
430771	cg24543854
430773	cg24543939
430786	cg24544490
430812	cg24545961
430818	cg24546155
430851	cg24547885
430858	cg24548498
430860	cg24548564
430880	cg24549659
430885	cg24550112
430886	cg24550149
430908	cg24551579
430976	cg24556382
430996	cg24557917
431033	cg24561419
431042	cg24562110
431050	cg24562669
431057	cg24563094
431073	cg24564492
431126	cg24569257
431132	cg24569447
431143	cg24570303
431167	cg24572745
431173	cg24573501
431186	cg24574793
431190	cg24574963
431193	cg24575083
431217	cg24576535
431254	cg24578679
431256	cg24578857
431277	cg24579851
431330	cg24582743
431345	cg24583624
431360	cg24584721
431372	cg24585377
431386	cg24586039
431493	cg24592370
431499	cg24592576
431519	cg24593552
431524	cg24593832
431536	cg24594504
431552	cg24595510
431553	cg24595580
431601	cg24598190
431605	cg24598495
431623	cg24599270
431676	cg24602417
431689	cg24603408
431699	cg24603922
431762	cg24607755
431772	cg24608381
431811	cg24611351
431822	cg24612059
431864	cg24615189
431881	cg24616539
431900	cg24617504
431909	cg24618169
431936	cg24620436
431946	cg24620761
431964	cg24621972
431992	cg24624505
432005	cg24625136
432010	cg24625984
432019	cg24626659
432032	cg24627419
432085	cg24630419
432095	cg24630957
432105	cg24631482
432116	cg24631845
432125	cg24632241
432168	cg24634746
432187	cg24635971
432284	cg24641186
432289	cg24641302
432314	cg24642523
432451	cg24652956
432456	cg24653181
432461	cg24653772
432466	cg24654177
432470	cg24654266
432505	cg24656517
432536	cg24658517
432564	cg24660635
432626	cg24663971
432752	cg24671734
432773	cg24673101
432784	cg24673771
432813	cg24675344
432828	cg24676071
432829	cg24676120
432906	cg24679423
432907	cg24679453
432921	cg24680248
432932	cg24680632
432953	cg24681845
432958	cg24682036
432969	cg24682551
432983	cg24683185
432984	cg24683222
432987	cg24683414
433015	cg24684807
433017	cg24685006
433021	cg24685134
433045	cg24686236
433048	cg24686357
433100	cg24688309
433142	cg24689895
433164	cg24690731
433211	cg24693053
433216	cg24693193
433252	cg24694665
433279	cg24696183
433305	cg24698211
433325	cg24699146
433339	cg24699871
433413	cg24703533
433464	cg24706115
433480	cg24706981
433488	cg24707311
433559	cg24711324
433600	cg24713667
433607	cg24714094
433655	cg24716664
433661	cg24717078
433709	cg24719241
433725	cg24720008
433746	cg24720688
433757	cg24721647
433762	cg24721899
433767	cg24722073
433783	cg24722950
433786	cg24723140
433798	cg24723731
433815	cg24724630
433818	cg24724664
433836	cg24725574
433842	cg24725789
433846	cg24726121
433933	cg24730892
434025	cg24736734
434046	cg24737783
434056	cg24738311
434106	cg24740868
434113	cg24741158
434194	cg24746666
434211	cg24747764
434220	cg24748548
434222	cg24748631
434224	cg24748769
434228	cg24748868
434234	cg24749265
434281	cg24751928
434301	cg24753662
434308	cg24754223
434322	cg24755053
434325	cg24755163
434357	cg24757159
434395	cg24759348
434401	cg24759795
434402	cg24759821
434435	cg24761867
434449	cg24762932
434463	cg24764168
434478	cg24765079
434482	cg24765446
434493	cg24766030
434510	cg24766821
434523	cg24767540
434575	cg24769846
434591	cg24770596
434592	cg24770624
434613	cg24771804
434614	cg24771877
434627	cg24772753
434670	cg24775616
434679	cg24776326
434699	cg24777351
434740	cg24780236
434776	cg24783211
434819	cg24786847
434869	cg24789467
434916	cg24792289
434962	cg24795274
434991	cg24796998
435102	cg24803719
435130	cg24804948
435143	cg24805559
435148	cg24805759
435202	cg24808901
435208	cg24809269
435220	cg24809973
435237	cg24811125
435239	cg24811290
435321	cg24817358
435402	cg24824686
435485	cg24828620
435521	cg24830730
435534	cg24831427
435547	cg24832498
435584	cg24834751
435593	cg24835159
435622	cg24837084
435641	cg24838136
435648	cg24838345
435674	cg24840099
435695	cg24842086
435706	cg24842760
435728	cg24843609
435777	cg24846199
435798	cg24847481
435803	cg24847621
435816	cg24848189
435832	cg24848787
435857	cg24850121
435885	cg24851600
435891	cg24851859
435903	cg24852661
435930	cg24854181
435974	cg24857040
436008	cg24859352
436023	cg24859937
436038	cg24860562
436039	cg24860589
436110	cg24864161
436139	cg24865495
436140	cg24865623
436175	cg24867279
436240	cg24870568
436249	cg24870966
436259	cg24871540
436338	cg24874998
436407	cg24878478
436409	cg24878594
436431	cg24879782
436446	cg24880701
436462	cg24881255
436503	cg24883265
436520	cg24883742
436526	cg24884142
436538	cg24884543
436541	cg24884703
436557	cg24885556
436583	cg24886708
436651	cg24891133
436659	cg24891846
436677	cg24892628
436680	cg24892966
436729	cg24896649
436761	cg24899545
436816	cg24902339
436820	cg24902478
436905	cg24908197
436906	cg24908198
436977	cg24913168
436985	cg24913868
436994	cg24914355
437009	cg24915508
437011	cg24915592
437048	cg24918705
437056	cg24919344
437061	cg24919753
437079	cg24921221
437129	cg24923931
437130	cg24923953
437140	cg24924502
437165	cg24925986
437197	cg24927800
437208	cg24928110
437228	cg24928938
437235	cg24929538
437258	cg24930713
437298	cg24932457
437346	cg24935217
437353	cg24935556
437368	cg24936299
437391	cg24937727
437424	cg24939196
437438	cg24940138
437439	cg24940155
437445	cg24940576
437482	cg24942747
437485	cg24942922
437516	cg24945701
437534	cg24946795
437547	cg24947371
437556	cg24947764
437612	cg24951286
437644	cg24953078
437674	cg24954895
437701	cg24956533
437722	cg24958687
437736	cg24960291
437742	cg24960799
437783	cg24964110
437804	cg24965479
437813	cg24966363
437832	cg24968176
437859	cg24969778
437917	cg24974365
437924	cg24974704
437926	cg24974737
437934	cg24975342
437945	cg24975834
438007	cg24980551
438013	cg24980657
438033	cg24981593
438070	cg24984523
438139	cg24989962
438141	cg24990131
438184	cg24993576
438217	cg24995657
438219	cg24995678
438245	cg24996758
438246	cg24996814
438249	cg24996930
438250	cg24996979
438251	cg24996981
438302	cg24999588
438331	cg25001102
438338	cg25001764
438360	cg25002649
438409	cg25005357
438451	cg25007683
438452	cg25007705
438504	cg25010500
438511	cg25010788
438522	cg25011252
438557	cg25012961
438610	cg25015733
438623	cg25016544
438631	cg25017223
438676	cg25019648
438691	cg25020286
438732	cg25021893
438768	cg25023298
438779	cg25023816
438796	cg25024442
438799	cg25024579
438808	cg25025181
438825	cg25026237
438862	cg25027788
438890	cg25029197
438934	cg25032094
438943	cg25032595
438946	cg25032745
438959	cg25033144
438963	cg25033364
439002	cg25035485
439004	cg25035631
439029	cg25037165
439037	cg25037461
439049	cg25038317
439107	cg25042860
439112	cg25043279
439117	cg25043538
439151	cg25045785
439154	cg25045893
439164	cg25046720
439184	cg25048344
439199	cg25049698
439226	cg25051331
439238	cg25052156
439246	cg25052456
439253	cg25053018
439263	cg25053386
439278	cg25054390
439394	cg25063151
439438	cg25066665
439446	cg25067242
439479	cg25069807
439487	cg25070442
439521	cg25072949
439531	cg25073705
439569	cg25075794
439581	cg25076597
439586	cg25076959
439655	cg25081552
439667	cg25083091
439791	cg25092838
439803	cg25093813
439821	cg25095032
439832	cg25095814
439867	cg25097610
439930	cg25101863
439964	cg25103417
439976	cg25104107
440011	cg25105561
440041	cg25106913
440076	cg25109019
440108	cg25110832
440149	cg25113237
440191	cg25116237
440200	cg25116789
440239	cg25119261
440240	cg25119415
440242	cg25119690
440278	cg25122233
440302	cg25123362
440345	cg25125060
440351	cg25125450
440390	cg25129000
440392	cg25129124
440411	cg25130385
440432	cg25131544
440482	cg25134328
440526	cg25136495
440537	cg25137030
440553	cg25137787
440572	cg25138715
440579	cg25139229
440587	cg25139649
440647	cg25142340
440651	cg25142500
440662	cg25143247
440674	cg25143990
440713	cg25147026
440724	cg25147604
440776	cg25150021
440834	cg25153629
440838	cg25153741
440849	cg25154244
440863	cg25154801
440882	cg25156198
440889	cg25156843
440909	cg25157999
440973	cg25162948
440988	cg25164490
441011	cg25165908
441025	cg25167574
441030	cg25168494
441031	cg25168700
441098	cg25174412
441099	cg25174438
441106	cg25174844
441124	cg25176883
441228	cg25185173
441323	cg25191041
441439	cg25198340
441485	cg25201101
441539	cg25203310
441542	cg25203481
441550	cg25203962
441562	cg25204319
441564	cg25204440
441570	cg25204852
441597	cg25206562
441610	cg25207248
441658	cg25210835
441671	cg25211622
441719	cg25214552
441720	cg25214561
441779	cg25217583
441816	cg25220320
441853	cg25221774
441896	cg25224543
441901	cg25225070
441941	cg25227672
441950	cg25228422
441962	cg25229048
442023	cg25233302
442031	cg25233685
442055	cg25236050
442057	cg25236277
442075	cg25237365
442087	cg25238537
442110	cg25241559
442127	cg25242988
442183	cg25246431
442194	cg25247183
442201	cg25247520
442353	cg25258098
442372	cg25259754
442376	cg25260137
442425	cg25264268
442455	cg25266629
442459	cg25266895
442509	cg25270788
442520	cg25271525
442567	cg25274503
442666	cg25281186
442692	cg25282976
442720	cg25284397
442729	cg25285090
442736	cg25285646
442746	cg25286482
442747	cg25286536
442766	cg25287482
442804	cg25290307
442827	cg25291653
442832	cg25291978
442850	cg25293325
442852	cg25293806
442890	cg25296938
442924	cg25299750
442930	cg25300386
442951	cg25302015
442979	cg25303761
442982	cg25304107
442987	cg25304405
443005	cg25305879
443018	cg25306480
443064	cg25308508
443078	cg25309292
443151	cg25312970
443159	cg25313468
443164	cg25313930
443209	cg25316172
443223	cg25316749
443224	cg25316769
443230	cg25317233
443238	cg25317631
443246	cg25318211
443260	cg25318809
443343	cg25324047
443395	cg25326998
443438	cg25330243
443461	cg25332265
443488	cg25334575
443495	cg25334934
443521	cg25336874
443538	cg25337965
443568	cg25339566
443592	cg25340966
443642	cg25343388
443644	cg25343618
443659	cg25344322
443663	cg25344406
443752	cg25350011
443782	cg25351550
443787	cg25351606
443809	cg25352836
443842	cg25354466
443843	cg25354551
443845	cg25354617
443856	cg25354926
443878	cg25356006
443893	cg25356678
443918	cg25358289
443996	cg25363445
444003	cg25363789
444004	cg25363807
444046	cg25365934
444059	cg25366639
444100	cg25368647
444126	cg25370039
444133	cg25370441
444138	cg25370753
444176	cg25372195
444241	cg25375916
444250	cg25376491
444257	cg25377206
444300	cg25380021
444356	cg25383479
444387	cg25385366
444401	cg25386426
444408	cg25386707
444450	cg25389145
444476	cg25390440
444535	cg25394203
444566	cg25396728
444594	cg25398315
444607	cg25399309
444609	cg25399352
444644	cg25401612
444675	cg25403488
444737	cg25406989
444756	cg25407979
444789	cg25409809
444832	cg25412448
444878	cg25416067
444880	cg25416149
444881	cg25416153
444897	cg25417335
444903	cg25417675
444905	cg25417842
444952	cg25420614
444953	cg25420747
444954	cg25420839
445047	cg25425140
445079	cg25427625
445087	cg25428177
445103	cg25428929
445164	cg25433316
445206	cg25436886
445284	cg25442600
445310	cg25444386
445337	cg25446191
445347	cg25446789
445373	cg25448355
445383	cg25449207
445388	cg25449440
445389	cg25449441
445390	cg25449466
445391	cg25449484
445435	cg25451456
445443	cg25451958
445463	cg25453625
445471	cg25454110
445509	cg25456368
445543	cg25457886
445550	cg25458175
445561	cg25459300
445587	cg25461186
445599	cg25461801
445607	cg25462303
445629	cg25463742
445646	cg25464921
445653	cg25465483
445723	cg25469406
445746	cg25470758
445771	cg25472174
445788	cg25473115
445898	cg25480336
445935	cg25482853
445940	cg25483003
445950	cg25484139
445979	cg25486143
445990	cg25486618
446032	cg25489524
446042	cg25490334
446055	cg25491122
446082	cg25492645
446089	cg25493276
446101	cg25494075
446151	cg25497399
446152	cg25497487
446182	cg25499397
446185	cg25499543
446249	cg25503888
446250	cg25503903
446318	cg25508319
446325	cg25508679
446329	cg25509184
446339	cg25509871
446342	cg25510090
446349	cg25510609
446369	cg25511667
446372	cg25511807
446424	cg25514328
446514	cg25520872
446517	cg25520960
446567	cg25524962
446593	cg25527090
446598	cg25527547
446602	cg25527770
446658	cg25532627
446678	cg25533993
446681	cg25534244
446693	cg25535418
446723	cg25537434
446780	cg25541209
446806	cg25542878
446825	cg25544164
446868	cg25547580
446878	cg25548316
446891	cg25548986
446933	cg25551714
446982	cg25554740
447004	cg25555753
447006	cg25556008
447099	cg25561762
447151	cg25565203
447156	cg25565476
447188	cg25567805
447192	cg25568066
447303	cg25575458
447349	cg25577497
447356	cg25577821
447382	cg25579180
447413	cg25581090
447415	cg25581222
447436	cg25582488
447467	cg25584930
447486	cg25586305
447518	cg25588389
447527	cg25588787
447563	cg25590826
447627	cg25594119
447671	cg25596754
447672	cg25596783
447680	cg25597138
447716	cg25598400
447755	cg25600049
447760	cg25600472
447826	cg25603636
447895	cg25607216
447916	cg25608490
447939	cg25609878
447949	cg25610515
448002	cg25614364
448009	cg25614875
448110	cg25620901
448128	cg25622154
448131	cg25622366
448156	cg25623524
448210	cg25626472
448212	cg25626519
448254	cg25629041
448292	cg25631352
448334	cg25633678
448389	cg25637829
448398	cg25638443
448415	cg25639415
448433	cg25640519
448489	cg25644243
448503	cg25645199
448548	cg25648436
448561	cg25649641
448583	cg25650964
448655	cg25654705
448657	cg25654926
448663	cg25655096
448702	cg25658463
448706	cg25658884
448708	cg25658983
448722	cg25660390
448743	cg25661884
448747	cg25661973
448768	cg25663755
448804	cg25666233
448852	cg25669593
448869	cg25670974
448916	cg25673948
448919	cg25674613
448947	cg25677261
448963	cg25678088
448971	cg25678587
448983	cg25679766
448984	cg25679864
448993	cg25680629
449001	cg25681339
449029	cg25683268
449091	cg25687358
449114	cg25689193
449131	cg25690715
449139	cg25691167
449143	cg25691442
449181	cg25693302
449187	cg25694032
449190	cg25694349
449243	cg25698741
449247	cg25698935
449285	cg25702335
449310	cg25704036
449315	cg25704278
449322	cg25705148
449334	cg25705558
449335	cg25705717
449340	cg25706012
449370	cg25707745
449430	cg25711779
449434	cg25712005
449476	cg25714956
449491	cg25716623
449512	cg25717917
449569	cg25721132
449605	cg25723149
449656	cg25726756
449663	cg25727025
449669	cg25727520
449688	cg25728685
449720	cg25730098
449731	cg25730428
449735	cg25730564
449753	cg25731359
449767	cg25732410
449775	cg25733272
449788	cg25734089
449805	cg25734842
449807	cg25734913
449815	cg25735305
449818	cg25735482
449831	cg25736251
449879	cg25738786
449897	cg25739882
449909	cg25740565
449922	cg25741215
449928	cg25741487
449948	cg25742246
450002	cg25745246
450039	cg25747192
450108	cg25751371
450115	cg25751787
450170	cg25755428
450173	cg25755575
450179	cg25755892
450190	cg25756406
450200	cg25756780
450206	cg25757115
450211	cg25757470
450237	cg25758828
450252	cg25760325
450287	cg25762753
450297	cg25763426
450309	cg25764105
450336	cg25765464
450355	cg25767345
450357	cg25767504
450386	cg25769566
450410	cg25771013
450434	cg25772185
450453	cg25773262
450473	cg25774643
450481	cg25775494
450537	cg25780607
450541	cg25780735
450562	cg25782229
450597	cg25783987
450629	cg25786388
450709	cg25792518
450719	cg25792999
450827	cg25799986
450837	cg25800638
450843	cg25801113
450853	cg25801976
450854	cg25801988
450892	cg25804541
450906	cg25805837
450914	cg25806347
450926	cg25806701
450930	cg25806932
450948	cg25808892
450953	cg25809290
450958	cg25809561
450973	cg25810484
450974	cg25810792
450977	cg25810938
450978	cg25810999
451009	cg25813711
451018	cg25814383
451032	cg25815024
451039	cg25815229
451074	cg25817701
451099	cg25819103
451110	cg25819846
451120	cg25820257
451152	cg25821785
451169	cg25823128
451215	cg25826360
451243	cg25827710
451260	cg25828462
451277	cg25830182
451337	cg25834419
451342	cg25834768
451346	cg25835179
451348	cg25835226
451396	cg25838968
451423	cg25840237
451430	cg25840545
451496	cg25844222
451512	cg25845367
451521	cg25845867
451538	cg25846723
451540	cg25846784
451565	cg25849196
451577	cg25850808
451593	cg25851789
451643	cg25856090
451668	cg25858132
451679	cg25859099
451692	cg25860465
451698	cg25861169
451708	cg25862072
451721	cg25863289
451737	cg25864762
451779	cg25868998
451811	cg25872855
451841	cg25875702
451884	cg25879102
451905	cg25880537
451998	cg25885684
452015	cg25887069
452017	cg25887236
452020	cg25887619
452027	cg25888561
452094	cg25894019
452115	cg25895948
452165	cg25900280
452192	cg25903122
452193	cg25903143
452197	cg25903363
452200	cg25903497
452203	cg25903779
452214	cg25904659
452235	cg25906442
452271	cg25909396
452303	cg25912037
452307	cg25912428
452351	cg25916307
452360	cg25916993
452388	cg25918833
452404	cg25920191
452430	cg25921502
452505	cg25925023
452508	cg25925252
452526	cg25926515
452594	cg25930229
452597	cg25930440
452607	cg25930780
452623	cg25932290
452658	cg25934495
452717	cg25937577
452763	cg25939853
452787	cg25940946
452825	cg25942990
452851	cg25944419
452906	cg25947408
452907	cg25947489
452913	cg25947619
452916	cg25947878
452924	cg25948180
452938	cg25949033
452959	cg25950278
452982	cg25951288
453015	cg25953239
453052	cg25954914
453123	cg25960038
453185	cg25963980
453234	cg25967031
453249	cg25968076
453261	cg25968569
453271	cg25969107
453273	cg25969122
453302	cg25970575
453338	cg25973282
453357	cg25974484
453413	cg25976932
453414	cg25977026
453449	cg25979526
453450	cg25979543
453469	cg25980539
453470	cg25980637
453472	cg25980689
453505	cg25983553
453532	cg25985031
453579	cg25987564
453580	cg25987744
453587	cg25988034
453592	cg25988214
453594	cg25988321
453612	cg25989745
453639	cg25992382
453667	cg25994871
453710	cg25997219
453714	cg25997500
453741	cg25999604
453752	cg26000536
453755	cg26000619
453825	cg26004707
453827	cg26004759
453829	cg26004771
453832	cg26005086
453835	cg26005196
453845	cg26005578
453848	cg26005766
453852	cg26006084
453862	cg26006870
453867	cg26007189
453893	cg26008877
453945	cg26011222
453965	cg26012482
454004	cg26014401
454011	cg26014634
454075	cg26018382
454084	cg26019112
454089	cg26019295
454131	cg26022183
454137	cg26022526
454144	cg26023051
454209	cg26027669
454254	cg26030804
454276	cg26032151
454388	cg26037936
454397	cg26038465
454423	cg26039623
454450	cg26040903
454468	cg26043322
454481	cg26044223
454508	cg26047066
454541	cg26049998
454549	cg26050864
454556	cg26051413
454583	cg26053249
454588	cg26053480
454596	cg26053832
454601	cg26053881
454633	cg26055950
454638	cg26056498
454670	cg26058474
454687	cg26059316
454713	cg26060835
454716	cg26061177
454765	cg26064774
454766	cg26064794
454838	cg26069353
454864	cg26070540
454869	cg26070865
454874	cg26071135
454932	cg26074349
454967	cg26076119
455008	cg26078436
455014	cg26078859
455037	cg26080567
455046	cg26081162
455124	cg26086649
455126	cg26086785
455138	cg26087625
455162	cg26089160
455171	cg26089877
455177	cg26090072
455179	cg26090107
455185	cg26090619
455223	cg26092675
455234	cg26093711
455277	cg26096042
455298	cg26097391
455314	cg26098768
455322	cg26099134
455335	cg26099834
455366	cg26101485
455416	cg26104072
455418	cg26104083
455506	cg26107890
455522	cg26108843
455524	cg26108976
455528	cg26109030
455532	cg26109154
455547	cg26110281
455558	cg26110834
455608	cg26113233
455615	cg26113809
455623	cg26114124
455653	cg26115633
455672	cg26116639
455678	cg26116937
455679	cg26116950
455687	cg26117265
455722	cg26118821
455724	cg26118943
455742	cg26120073
455767	cg26121234
455778	cg26121931
455803	cg26123605
455804	cg26123647
455814	cg26124318
455837	cg26125550
455839	cg26125625
455877	cg26127778
455910	cg26129545
455924	cg26130488
455959	cg26132320
455972	cg26132737
455991	cg26133399
456025	cg26135441
456043	cg26136497
456052	cg26137219
456109	cg26140475
456196	cg26145873
456247	cg26147947
456257	cg26148774
456275	cg26149682
456303	cg26151467
456314	cg26152017
456350	cg26153688
456399	cg26155867
456436	cg26158133
456449	cg26158950
456487	cg26160218
456557	cg26163368
456577	cg26164269
456590	cg26164879
456595	cg26165081
456598	cg26165269
456635	cg26168118
456644	cg26168577
456668	cg26169783
456670	cg26169991
456683	cg26170604
456759	cg26175448
456782	cg26177041
456865	cg26182406
456884	cg26183708
456909	cg26185508
456916	cg26185859
456917	cg26185884
456922	cg26186239
456982	cg26188726
457033	cg26192309
457038	cg26192689
457056	cg26193694
457089	cg26195829
457090	cg26195881
457097	cg26196385
457121	cg26198107
457123	cg26198197
457134	cg26199241
457135	cg26199445
457137	cg26199552
457193	cg26203572
457226	cg26205771
457247	cg26206948
457256	cg26207245
457261	cg26207380
457301	cg26210104
457330	cg26212328
457339	cg26213155
457344	cg26213458
457370	cg26215406
457413	cg26218110
457416	cg26218269
457422	cg26218577
457439	cg26219092
457447	cg26219540
457467	cg26220594
457468	cg26220673
457492	cg26221796
457493	cg26221801
457503	cg26222332
457583	cg26226650
457590	cg26226988
457591	cg26227005
457641	cg26229201
457653	cg26229752
457660	cg26230145
457662	cg26230275
457676	cg26230851
457680	cg26231267
457704	cg26232553
457786	cg26237512
457802	cg26238936
457923	cg26246897
457938	cg26247508
457948	cg26248075
457953	cg26248173
457979	cg26249834
457985	cg26250086
458065	cg26254792
458090	cg26256192
458091	cg26256223
458092	cg26256263
458138	cg26258437
458149	cg26259381
458163	cg26260038
458187	cg26261553
458196	cg26262055
458199	cg26262157
458216	cg26263263
458224	cg26263675
458230	cg26264232
458261	cg26266427
458280	cg26267259
458303	cg26268145
458330	cg26269703
458387	cg26272214
458436	cg26274929
458459	cg26275858
458469	cg26276327
458499	cg26277754
458528	cg26279216
458536	cg26279550
458597	cg26282762
458598	cg26282792
458617	cg26283507
458642	cg26284735
458666	cg26286839
458676	cg26287345
458711	cg26289436
458817	cg26296101
458831	cg26296781
458836	cg26297005
458877	cg26298967
458886	cg26299194
458922	cg26301565
458967	cg26304297
458986	cg26305817
459019	cg26307117
459034	cg26307871
459061	cg26309194
459091	cg26310551
459135	cg26312807
459142	cg26312935
459163	cg26313699
459169	cg26314240
459171	cg26314330
459179	cg26314722
459205	cg26315985
459268	cg26320244
459305	cg26322591
459338	cg26325335
459372	cg26327666
459382	cg26328335
459413	cg26329692
459421	cg26330116
459432	cg26330518
459441	cg26331096
459471	cg26332488
459482	cg26332926
459566	cg26336642
459595	cg26337816
459603	cg26337998
459613	cg26338453
459668	cg26341831
459671	cg26342078
459674	cg26342147
459694	cg26343001
459699	cg26343183
459704	cg26343510
459711	cg26343883
459719	cg26344227
459739	cg26345105
459782	cg26347197
459803	cg26348487
459804	cg26348514
459811	cg26348803
459873	cg26351614
459877	cg26351776
459891	cg26352676
459899	cg26353176
459904	cg26353448
459955	cg26355796
459984	cg26357885
460013	cg26359335
460040	cg26360792
460057	cg26361533
460061	cg26361553
460079	cg26362368
460106	cg26363759
460108	cg26363935
460114	cg26364205
460122	cg26364947
460136	cg26365545
460137	cg26365553
460175	cg26367197
460191	cg26368049
460223	cg26370062
460234	cg26370729
460248	cg26371501
460403	cg26382551
460442	cg26384993
460446	cg26385074
460448	cg26385097
460449	cg26385126
460451	cg26385222
460478	cg26386673
460495	cg26387619
460516	cg26388816
460531	cg26389727
460551	cg26390598
460566	cg26391794
460592	cg26393015
460649	cg26395382
460664	cg26396443
460666	cg26396455
460668	cg26396492
460721	cg26400275
460726	cg26400491
460730	cg26400830
460733	cg26400885
460753	cg26401870
460766	cg26402660
460883	cg26410483
460906	cg26411522
460946	cg26414521
460962	cg26415787
460968	cg26416466
460974	cg26416971
461069	cg26422151
461074	cg26422458
461118	cg26424888
461132	cg26425555
461159	cg26426745
461194	cg26428825
461213	cg26429629
461216	cg26429674
461220	cg26429783
461312	cg26434983
461343	cg26437009
461344	cg26437112
461351	cg26437697
461353	cg26437825
461385	cg26440261
461428	cg26443127
461433	cg26444116
461436	cg26444351
461437	cg26444528
461464	cg26446133
461469	cg26446499
461478	cg26446832
461512	cg26450149
461533	cg26450860
461536	cg26451188
461579	cg26454150
461700	cg26461417
461795	cg26465602
461815	cg26466587
461857	cg26468478
461860	cg26468833
461903	cg26470798
461928	cg26472118
461929	cg26472133
461944	cg26473189
461965	cg26474549
462048	cg26479374
462095	cg26482757
462160	cg26487157
462185	cg26489108
462189	cg26489368
462191	cg26489413
462199	cg26489750
462223	cg26491818
462229	cg26492368
462275	cg26494929
462302	cg26496293
462382	cg26501369
462408	cg26502666
462415	cg26503038
462419	cg26503125
462423	cg26503653
462426	cg26503877
462460	cg26505691
462485	cg26507353
462497	cg26508170
462508	cg26509022
462523	cg26509691
462531	cg26510017
462551	cg26511108
462553	cg26511321
462559	cg26511507
462586	cg26513304
462608	cg26514430
462644	cg26516532
462670	cg26517663
462747	cg26522157
462752	cg26522297
462766	cg26522708
462772	cg26523005
462784	cg26523565
462821	cg26525457
462885	cg26529044
462920	cg26530485
462935	cg26531231
462985	cg26534425
462988	cg26534477
463044	cg26537335
463047	cg26537478
463050	cg26537639
463099	cg26540315
463117	cg26541218
463137	cg26542218
463184	cg26544377
463275	cg26548293
463304	cg26549701
463315	cg26550235
463364	cg26552774
463393	cg26554505
463394	cg26554547
463428	cg26556385
463437	cg26556719
463445	cg26557270
463450	cg26557617
463468	cg26558485
463545	cg26562263
463552	cg26562691
463675	cg26570165
463687	cg26570804
463728	cg26572608
463755	cg26573923
463816	cg26577017
463822	cg26577252
463847	cg26578682
463851	cg26578923
463852	cg26578983
463884	cg26580869
463934	cg26584034
463936	cg26584337
463940	cg26584545
463965	cg26585868
464009	cg26589485
464025	cg26590664
464035	cg26591221
464130	cg26599630
464169	cg26603050
464179	cg26603656
464225	cg26606286
464265	cg26608305
464268	cg26608486
464295	cg26610624
464315	cg26611723
464353	cg26613811
464369	cg26614816
464376	cg26615176
464420	cg26618058
464438	cg26619099
464454	cg26619943
464471	cg26620710
464478	cg26621088
464489	cg26621790
464513	cg26623444
464521	cg26623837
464543	cg26624732
464545	cg26624794
464555	cg26625729
464582	cg26627769
464593	cg26628476
464681	cg26635219
464725	cg26638341
464809	cg26643967
464827	cg26645082
464829	cg26645237
464832	cg26645401
464849	cg26646207
464887	cg26647771
464893	cg26648185
464894	cg26648203
464902	cg26648725
464904	cg26648818
464907	cg26649096
464917	cg26649504
464922	cg26649851
464928	cg26650383
465015	cg26654798
465021	cg26655004
465048	cg26656258
465103	cg26659805
465124	cg26660800
465133	cg26661623
465141	cg26662049
465165	cg26663490
465179	cg26664107
465190	cg26664752
465212	cg26665701
465226	cg26666428
465292	cg26669393
465300	cg26669793
465335	cg26671848
465363	cg26672952
465400	cg26674546
465410	cg26674943
465439	cg26676034
465460	cg26677288
465498	cg26678920
465499	cg26678970
465501	cg26679004
465539	cg26680644
465565	cg26681458
465566	cg26681523
465570	cg26681770
465610	cg26683025
465640	cg26684776
465691	cg26687072
465729	cg26688762
465733	cg26688911
465742	cg26689203
465759	cg26690075
465777	cg26690742
465798	cg26692003
465825	cg26693553
465849	cg26695123
465858	cg26695758
465862	cg26695881
465907	cg26699292
465920	cg26700215
465958	cg26702958
465986	cg26704078
465987	cg26704293
466014	cg26706077
466044	cg26707664
466047	cg26707845
466050	cg26708123
466051	cg26708220
466054	cg26708319
466073	cg26709285
466111	cg26711406
466128	cg26712673
466151	cg26714230
466183	cg26717009
466192	cg26717554
466209	cg26718433
466221	cg26718878
466224	cg26719062
466334	cg26725397
466335	cg26725502
466348	cg26726230
466368	cg26727768
466377	cg26728422
466403	cg26730036
466408	cg26730416
466434	cg26732544
466435	cg26732615
466447	cg26733301
466585	cg26742187
466638	cg26746037
466658	cg26747317
466669	cg26748440
466674	cg26748578
466702	cg26750742
466713	cg26751356
466820	cg26758857
466833	cg26760589
466846	cg26762050
466889	cg26764761
466893	cg26764980
466905	cg26766064
466925	cg26767389
466975	cg26770464
467017	cg26773791
467064	cg26776957
467070	cg26777456
467077	cg26777836
467106	cg26779985
467137	cg26781466
467179	cg26784011
467188	cg26784412
467279	cg26788737
467342	cg26791879
467394	cg26794812
467410	cg26795333
467500	cg26799656
467557	cg26802256
467563	cg26802564
467633	cg26805882
467734	cg26811372
467737	cg26811425
467765	cg26812852
467780	cg26813796
467783	cg26814075
467803	cg26815032
467840	cg26816907
467849	cg26817371
467852	cg26817546
467859	cg26817935
467873	cg26818625
467894	cg26819695
467904	cg26820037
467945	cg26821681
467946	cg26821721
467988	cg26823762
467994	cg26824216
468069	cg26827987
468103	cg26829529
468135	cg26831409
468165	cg26832915
468177	cg26833652
468223	cg26836204
468234	cg26836696
468252	cg26837644
468263	cg26837962
468276	cg26838949
468285	cg26839512
468312	cg26840755
468319	cg26841013
468374	cg26843324
468389	cg26844077
468406	cg26845297
468407	cg26845300
468408	cg26845390
468415	cg26846424
468426	cg26846864
468463	cg26848724
468523	cg26852723
468532	cg26853061
468575	cg26855801
468579	cg26856080
468637	cg26858890
468640	cg26859042
468651	cg26859841
468682	cg26861460
468692	cg26861995
468697	cg26862247
468721	cg26863750
468729	cg26864036
468741	cg26864714
468755	cg26865446
468770	cg26866349
468804	cg26869506
468808	cg26869615
468828	cg26870725
468846	cg26871372
468855	cg26872028
468877	cg26872907
468890	cg26873457
468905	cg26874367
468912	cg26874634
468915	cg26874713
468918	cg26874872
468955	cg26876647
469036	cg26880297
469060	cg26881307
469108	cg26883974
469109	cg26884027
469123	cg26884658
469135	cg26885268
469187	cg26888153
469204	cg26888836
469240	cg26890354
469243	cg26890706
469281	cg26893134
469291	cg26893699
469314	cg26894841
469360	cg26897909
469410	cg26900686
469456	cg26904406
469486	cg26906629
469516	cg26908505
469589	cg26912671
469632	cg26915329
469679	cg26917256
469695	cg26917828
469727	cg26919100
469751	cg26920451
469797	cg26922917
469831	cg26924440
469864	cg26926138
469869	cg26926612
469878	cg26926973
469880	cg26927190
469917	cg26929272
469928	cg26929573
469930	cg26929700
469941	cg26930448
469978	cg26932432
469993	cg26932889
470068	cg26937500
470080	cg26937943
470097	cg26938676
470105	cg26939283
470155	cg26942275
470234	cg26946259
470260	cg26947766
470262	cg26947817
470268	cg26948226
470320	cg26951340
470338	cg26952362
470340	cg26952618
470357	cg26953293
470369	cg26954101
470386	cg26954695
470399	cg26955290
470417	cg26955987
470422	cg26956157
470438	cg26957187
470463	cg26958838
470518	cg26962618
470602	cg26966828
470605	cg26967050
470606	cg26967100
470621	cg26967792
470785	cg26978064
470787	cg26978172
470793	cg26978611
470815	cg26979504
470820	cg26979974
470831	cg26980692
470845	cg26981268
470865	cg26982321
470912	cg26984928
470921	cg26985289
470932	cg26985674
470944	cg26986180
470960	cg26986681
470981	cg26987645
470982	cg26987660
471033	cg26990527
471052	cg26992028
471099	cg26994377
471115	cg26995244
471126	cg26996175
471173	cg26999775
471187	cg27000590
471266	cg27005749
471346	cg27011060
471358	cg27012108
471394	cg27014538
471425	cg27016494
471446	cg27017482
471450	cg27017658
471475	cg27019093
471550	cg27023360
471561	cg27023822
471635	cg27027427
471647	cg27028281
471680	cg27030655
471682	cg27031099
471700	cg27032146
471758	cg27036111
471791	cg27038439
471794	cg27038634
471811	cg27039593
471840	cg27041049
471865	cg27042584
471905	cg27045062
471933	cg27046641
471955	cg27047836
471991	cg27049654
472021	cg27051129
472028	cg27051318
472049	cg27052403
472064	cg27053299
472087	cg27054514
472111	cg27056119
472155	cg27058018
472179	cg27059225
472184	cg27059354
472189	cg27059552
472190	cg27059598
472200	cg27060340
472257	cg27063372
472258	cg27063540
472272	cg27064287
472273	cg27064337
472294	cg27065717
472320	cg27066989
472348	cg27068490
472371	cg27070162
472385	cg27071152
472390	cg27071460
472441	cg27074355
472468	cg27076113
472572	cg27082921
472594	cg27083891
472605	cg27084736
472614	cg27085488
472617	cg27085741
472650	cg27087553
472664	cg27088150
472678	cg27088725
472735	cg27091865
472749	cg27092857
472766	cg27093637
472771	cg27093918
472826	cg27097438
472837	cg27098470
472877	cg27100471
472887	cg27101023
472905	cg27102141
472961	cg27105827
472972	cg27106643
472992	cg27107685
473031	cg27109600
473039	cg27109748
473054	cg27110277
473130	cg27114120
473146	cg27115863
473178	cg27117509
473181	cg27117679
473184	cg27117792
473188	cg27118035
473212	cg27119318
473226	cg27119919
473232	cg27120405
473283	cg27123464
473302	cg27124512
473320	cg27125645
473323	cg27125849
473342	cg27127017
473354	cg27127608
473361	cg27127903
473364	cg27128042
473415	cg27130665
473433	cg27131953
473442	cg27132391
473444	cg27132471
473445	cg27132535
473502	cg27136023
473512	cg27136719
473515	cg27136844
473521	cg27137258
473524	cg27137389
473541	cg27138204
473547	cg27138600
473564	cg27139836
473571	cg27140058
473651	cg27144055
473688	cg27146152
473726	cg27148952
473730	cg27149179
473773	cg27151770
473785	cg27152312
473789	cg27152890
473791	cg27153155
473792	cg27153327
473824	cg27156041
473828	cg27156359
473832	cg27156542
473879	cg27159719
473886	cg27160130
473892	cg27160395
473951	cg27164797
473957	cg27165456
474010	cg27168291
474068	cg27171194
474074	cg27171569
474077	cg27171704
474096	cg27172769
474103	cg27173148
474115	cg27173819
474127	cg27174787
474139	cg27175093
474141	cg27175128
474160	cg27175943
474169	cg27176394
474182	cg27177158
474188	cg27177554
474195	cg27177841
474205	cg27178401
474217	cg27179101
474230	cg27179622
474235	cg27179866
474256	cg27180868
474257	cg27180880
474319	cg27183456
474401	cg27189986
474404	cg27190138
474520	cg27197651
474531	cg27198497
474571	cg27200833
474638	cg27205904
474665	cg27207530
474672	cg27207881
474676	cg27208052
474679	cg27208307
474693	cg27209395
474696	cg27209578
474698	cg27209722
474699	cg27209729
474700	cg27209741
474710	cg27210390
474733	cg27211696
474747	cg27212729
474779	cg27214856
474789	cg27215475
474807	cg27216937
474816	cg27217253
474841	cg27218993
474912	cg27223250
474919	cg27223728
474938	cg27224809
474957	cg27225686
474997	cg27227742
475012	cg27228433
475022	cg27228986
475031	cg27229613
475112	cg27234864
475144	cg27236629
475169	cg27238470
475249	cg27244773
475255	cg27245348
475264	cg27246147
475344	cg27251412
475386	cg27254338
475398	cg27254871
475448	cg27258394
475449	cg27258399
475452	cg27258551
475483	cg27260867
475515	cg27262717
475542	cg27264249
475585	cg27267227
475609	cg27268556
475689	cg27273141
475718	cg27275023
475773	cg27278086
475786	cg27278787
475794	cg27279301
475810	cg27279991
475823	cg27280535
475850	cg27282900
475883	cg27286069
475988	cg27292588
476012	cg27293992
476038	cg27295042
476051	cg27295595
476062	cg27295963
476069	cg27296341
476091	cg27297315
476134	cg27299033
476138	cg27299406
476152	cg27300028
476153	cg27300045
476160	cg27300494
476183	cg27301343
476241	cg27304020
476250	cg27304328
476251	cg27304332
476293	cg27305903
476308	cg27306680
476320	cg27307298
476423	cg27311590
476439	cg27312388
476474	cg27313642
476484	cg27314002
476496	cg27314569
476513	cg27315333
476562	cg27317046
476563	cg27317127
476581	cg27317813
476608	cg27319216
476639	cg27321175
476643	cg27321439
476654	cg27322071
476683	cg27323784
476695	cg27324541
476711	cg27325255
476724	cg27326113
476739	cg27326642
476864	cg27334900
476865	cg27334919
476899	cg27337397
476913	cg27338109
476951	cg27340001
476986	cg27342781
476989	cg27342910
477022	cg27344587
477035	cg27345762
477092	cg27349333
477094	cg27349460
477103	cg27350104
477155	cg27353361
477166	cg27353899
477209	cg27357306
477224	cg27358936
477230	cg27359374
477232	cg27359472
477234	cg27359566
477268	cg27361370
477275	cg27361847
477306	cg27363691
477322	cg27364741
477324	cg27364780
477341	cg27365825
477373	cg27367170
477400	cg27368606
477449	cg27371456
477451	cg27371539
477512	cg27375642
477518	cg27376136
477595	cg27380715
477616	cg27381822
477683	cg27385193
477686	cg27385590
477703	cg27387030
477706	cg27387193
477727	cg27388680
477789	cg27391627
477800	cg27391934
477864	cg27395066
477899	cg27396830
477935	cg27399414
477959	cg27401543
477984	cg27402883
478006	cg27404023
478029	cg27405731
478031	cg27405791
478050	cg27406975
478120	cg27411906
478139	cg27413290
478153	cg27413732
478174	cg27415425
478187	cg27416412
478196	cg27416863
478201	cg27417294
478208	cg27417609
478213	cg27417749
478222	cg27418402
478245	cg27420005
478246	cg27420049
478307	cg27423445
478311	cg27423692
478336	cg27425146
478351	cg27425612
478360	cg27426044
478388	cg27427491
478392	cg27427581
478409	cg27428708
478418	cg27429195
478435	cg27430293
478457	cg27431274
478468	cg27431877
478491	cg27433516
478516	cg27435133
478550	cg27437721
478662	cg27445005
478682	cg27446137
478690	cg27446570
478732	cg27449131
478750	cg27449836
478764	cg27450668
478784	cg27451610
478807	cg27452943
478820	cg27454064
478821	cg27454102
478891	cg27458485
478919	cg27461254
478937	cg27462519
478943	cg27462975
478945	cg27463141
479013	cg27468077
479127	cg27475923
479162	cg27478313
479171	cg27478863
479184	cg27479634
479221	cg27481559
479242	cg27483007
479248	cg27483342
479273	cg27485084
479308	cg27486692
479370	cg27490568
479384	cg27491398
479397	cg27492458
479408	cg27493010
479433	cg27494226
479444	cg27494897
479510	cg27498387
479523	cg27499820
479524	cg27499850
479559	cg27501759
479569	cg27502457
479594	cg27504195
479649	cg27507254
479667	cg27507919
479680	cg27508545
479683	cg27508620
479762	cg27512727
479780	cg27513574
479852	cg27517681
479867	cg27518324
479887	cg27519392
479909	cg27520536
479920	cg27521476
479929	cg27522154
479992	cg27526346
480008	cg27527593
480015	cg27527798
480129	cg27533704
480168	cg27535410
480194	cg27537199
480237	cg27539480
480264	cg27541454
480339	cg27545367
480353	cg27546066
480390	cg27547695
480420	cg27549878
480478	cg27552679
480485	cg27553162
480501	cg27553890
480502	cg27553926
480507	cg27554156
480559	cg27557378
480582	cg27558541
480701	cg27565067
480714	cg27565555
480733	cg27566842
480754	cg27567922
480777	cg27569446
480790	cg27570249
480792	cg27570256
480806	cg27570984
480840	cg27572927
480847	cg27573308
480900	cg27576367
480904	cg27576576
480946	cg27578734
480964	cg27579609
481044	cg27583220
481046	cg27583307
481075	cg27584713
481113	cg27587033
481116	cg27587125
481128	cg27587935
481252	cg27596890
481287	cg27599015
481332	cg27602263
481377	cg27605358
481383	cg27605858
481455	cg27610821
481529	cg27615095
481539	cg27615578
481545	cg27616039
481574	cg27618305
481576	cg27618369
481598	cg27619475
481631	cg27621721
481639	cg27622017
481642	cg27622506
481647	cg27622679
481665	cg27624162
481671	cg27624327
481719	cg27627006
481752	cg27628891
481766	cg27629384
481786	cg27629992
481798	cg27630690
481801	cg27630957
481820	cg27631817
481878	cg27635135
481899	cg27636310
481939	cg27638196
481941	cg27638284
481946	cg27638453
481980	cg27639897
482013	cg27641532
482014	cg27641628
482029	cg27642554
482035	cg27642784
482041	cg27643147
482052	cg27644247
482066	cg27645294
482108	cg27648216
482120	cg27649037
482125	cg27649239
482152	cg27650906
482165	cg27651243
482172	cg27652350
482180	cg27652893
482194	cg27654476
482233	cg27656658
482247	cg27657439
482252	cg27657532
482267	cg27658254
482282	cg27659049
482289	cg27659622
482361	cg27663123
482372	cg27663938
482382	cg27664496
482383	cg27664530
482419	cg27666046
