geo_accession	outer_fold	material	mc_class	predicted_class	class_score	raw_class_score	family	predicted_family	family_score
GSM2402860	0	Frozen	GBM, G34	GBM, G34	0.99999	0.99885	GBM, G34	GBM, G34	0.99999
GSM2402866	0	Frozen	ATRT, SHH	ATRT, SHH	0.99990	0.99908	MCF ATRT	MCF ATRT	0.99999
GSM2402867	0	Frozen	GBM, G34	GBM, G34	0.99999	0.99417	GBM, G34	GBM, G34	0.99999
GSM2402868	0	Frozen	CONTR, CEBM	CONTR, CEBM	0.93834	0.99835	CONTR, CEBM	CONTR, CEBM	0.93834
GSM2402870	0	Frozen	GBM, MYCN	GBM, MYCN	0.81807	0.72087	MCF GBM	MCF GBM	0.99843
GSM2402872	0	Frozen	CONTR, CEBM	CONTR, CEBM	0.99654	0.98978	CONTR, CEBM	CONTR, CEBM	0.99654
GSM2402882	0	Frozen	GBM, G34	GBM, G34	0.99999	0.99504	GBM, G34	GBM, G34	0.99999
GSM2402884	0	Frozen	LGG, PA PF	LGG, PA PF	0.99830	0.99915	MCF PA	MCF PA	0.99830
GSM2402885	0	Frozen	LGG, PA PF	LGG, PA PF	0.99817	0.99944	MCF PA	MCF PA	0.99817
GSM2402887	0	Frozen	LGG, PA PF	LGG, PA PF	0.99960	0.99529	MCF PA	MCF PA	0.99960
GSM2402888	0	Frozen	LGG, PA PF	LGG, PA PF	0.99876	0.99882	MCF PA	MCF PA	0.99876
GSM2402890	0	Frozen	LGG, PA PF	LGG, PA PF	0.99934	0.99529	MCF PA	MCF PA	0.99934
GSM2402892	0	Frozen	LGG, PA MID	LGG, PA MID	0.99993	0.99743	MCF PA	MCF PA	0.99996
GSM2402899	0	Frozen	LGG, PA PF	LGG, PA PF	0.99817	0.99904	MCF PA	MCF PA	0.99817
GSM2402902	0	Frozen	LGG, PA PF	LGG, PA PF	0.99817	0.99943	MCF PA	MCF PA	0.99817
GSM2402903	0	Frozen	LGG, PA PF	LGG, PA PF	0.99817	0.99965	MCF PA	MCF PA	0.99817
GSM2402904	0	Frozen	LGG, PA PF	LGG, PA PF	0.99649	0.98816	MCF PA	MCF PA	0.99652
GSM2402910	0	Frozen	MB, WNT	MB, WNT	0.99935	0.99926	MB, WNT	MB, WNT	0.99935
GSM2402914	0	Frozen	MB, WNT	MB, WNT	0.99887	0.99810	MB, WNT	MB, WNT	0.99887
GSM2402921	0	Frozen	ATRT, MYC	ATRT, MYC	0.99996	0.99868	MCF ATRT	MCF ATRT	0.99996
GSM2402941	0	Frozen	MB, SHH CHL AD	MB, SHH CHL AD	0.99982	0.99906	MCF MB SHH	MCF MB SHH	0.99982
GSM2402958	0	Frozen	ATRT, TYR	ATRT, TYR	0.99999	0.99881	MCF ATRT	MCF ATRT	0.99999
GSM2402960	0	Frozen	ATRT, TYR	ATRT, TYR	0.99989	0.98980	MCF ATRT	MCF ATRT	1.00000
GSM2402962	0	Frozen	ATRT, SHH	ATRT, SHH	0.99996	0.99752	MCF ATRT	MCF ATRT	0.99998
GSM2402963	0	Frozen	ATRT, TYR	ATRT, TYR	0.99999	0.99790	MCF ATRT	MCF ATRT	0.99999
GSM2402970	0	Frozen	LGG, PA PF	LGG, PA PF	0.99817	0.99943	MCF PA	MCF PA	0.99817
GSM2402971	0	Frozen	LGG, PA MID	LGG, PA MID	0.99993	0.99629	MCF PA	MCF PA	0.99997
GSM2402979	0	Frozen	EPN, RELA	EPN, RELA	0.99998	0.99341	EPN, RELA	EPN, RELA	0.99998
GSM2402985	0	Frozen	MB, G3	MB, G3	1.00000	0.99585	MCF MB G3G4	MCF MB G3G4	1.00000
GSM2403002	0	Frozen	ETMR	ETMR	0.99958	0.99908	ETMR	ETMR	0.99958
GSM2403006	0	Frozen	MB, SHH INF	MB, SHH INF	0.99703	0.99919	MCF MB SHH	MCF MB SHH	0.99704
GSM2403015	0	Frozen	MB, SHH CHL AD	MB, SHH CHL AD	0.99974	0.99915	MCF MB SHH	MCF MB SHH	0.99974
GSM2403023	0	Frozen	MB, G4	MB, G4	0.99973	0.99708	MCF MB G3G4	MCF MB G3G4	0.99976
GSM2403025	0	Frozen	MB, G4	MB, G4	0.99969	0.99940	MCF MB G3G4	MCF MB G3G4	0.99969
GSM2403026	0	Frozen	ATRT, SHH	ATRT, SHH	0.99953	0.99391	MCF ATRT	MCF ATRT	1.00000
GSM2403034	0	Frozen	MB, SHH INF	MB, SHH INF	0.99703	0.99891	MCF MB SHH	MCF MB SHH	0.99704
GSM2403036	0	Frozen	MB, SHH CHL AD	MB, SHH CHL AD	0.99839	0.94911	MCF MB SHH	MCF MB SHH	0.99995
GSM2403039	0	Frozen	MB, G3	MB, G3	1.00000	0.99919	MCF MB G3G4	MCF MB G3G4	1.00000
GSM2403044	0	Frozen	MB, G4	MB, G4	0.99969	0.99931	MCF MB G3G4	MCF MB G3G4	0.99969
GSM2403049	0	Frozen	MB, G4	MB, G4	0.99969	0.99817	MCF MB G3G4	MCF MB G3G4	0.99969
GSM2403054	0	Frozen	MB, G3	MB, G3	0.99966	0.97419	MCF MB G3G4	MCF MB G3G4	1.00000
GSM2403057	0	Frozen	MB, G4	MB, G4	0.99969	0.99942	MCF MB G3G4	MCF MB G3G4	0.99970
GSM2403058	0	Frozen	MB, G3	MB, G3	1.00000	0.99901	MCF MB G3G4	MCF MB G3G4	1.00000
GSM2403059	0	Frozen	MB, G3	MB, G3	0.99992	0.98234	MCF MB G3G4	MCF MB G3G4	1.00000
GSM2403060	0	Frozen	MB, G4	MB, G4	0.99974	0.99707	MCF MB G3G4	MCF MB G3G4	0.99977
GSM2403062	0	Frozen	ETMR	ETMR	0.99958	0.99911	ETMR	ETMR	0.99958
GSM2403067	0	Frozen	CNS NB, FOXR2	CNS NB, FOXR2	0.99981	0.99911	CNS NB, FOXR2	CNS NB, FOXR2	0.99981
GSM2403070	0	Frozen	ATRT, MYC	ATRT, MYC	0.99994	0.99808	MCF ATRT	MCF ATRT	0.99995
GSM2403075	0	Frozen	ETMR	ETMR	0.99964	0.99822	ETMR	ETMR	0.99964
GSM2403078	0	Frozen	MB, SHH CHL AD	MB, SHH CHL AD	0.99974	0.99927	MCF MB SHH	MCF MB SHH	0.99974
GSM2403080	0	Frozen	MB, SHH CHL AD	MB, SHH CHL AD	0.99967	0.99906	MCF MB SHH	MCF MB SHH	0.99968
GSM2403081	0	Frozen	MB, SHH CHL AD	MB, SHH CHL AD	0.99974	0.99933	MCF MB SHH	MCF MB SHH	0.99974
GSM2403082	0	Frozen	MB, G4	MB, G4	0.99969	0.99877	MCF MB G3G4	MCF MB G3G4	0.99969
GSM2403101	0	Frozen	GBM, RTK II	GBM, RTK II	0.90502	0.80023	MCF GBM	MCF GBM	0.99430
GSM2403106	0	Frozen	GBM, MES	GBM, MES	0.73370	0.09615	MCF GBM	MCF GBM	0.99985
GSM2403107	0	Frozen	GBM, RTK II	GBM, RTK II	0.99191	0.79975	MCF GBM	MCF GBM	0.99831
GSM2403110	0	Frozen	GBM, RTK I	GBM, RTK I	0.96839	0.92759	MCF GBM	MCF GBM	1.00000
GSM2403111	0	Frozen	GBM, RTK II	GBM, RTK II	0.73693	0.97473	MCF GBM	MCF GBM	1.00000
GSM2403115	0	Frozen	DMG, K27	DMG, K27	0.99987	0.99860	DMG, K27	DMG, K27	0.99987
GSM2403122	0	FFPE	GBM, RTK II	GBM, RTK II	0.98483	0.98636	MCF GBM	MCF GBM	0.99998
GSM2403127	0	FFPE	EPN, PF B	EPN, PF B	0.99997	0.99314	EPN, PF B	EPN, PF B	0.99997
GSM2403131	0	Frozen	MB, G3	MB, G3	1.00000	0.99708	MCF MB G3G4	MCF MB G3G4	1.00000
GSM2403135	0	Frozen	MB, WNT	MB, WNT	0.99935	0.99930	MB, WNT	MB, WNT	0.99935
GSM2403149	0	Frozen	LGG, PA PF	LGG, PA PF	0.99929	0.99247	MCF PA	MCF PA	0.99929
GSM2403157	0	Frozen	LGG, PA PF	LGG, PA PF	0.99817	0.99954	MCF PA	MCF PA	0.99817
GSM2403163	0	Frozen	LGG, PA PF	LGG, PA PF	0.99888	0.99844	MCF PA	MCF PA	0.99888
GSM2403175	0	Frozen	LGG, PA PF	LGG, PA PF	0.99932	0.99594	MCF PA	MCF PA	0.99932
GSM2403178	0	Frozen	LGG, PA PF	LGG, PA PF	0.99817	0.99783	MCF PA	MCF PA	0.99817
GSM2403179	0	Frozen	LGG, PA PF	LGG, PA PF	0.99577	0.99915	MCF PA	MCF PA	0.99577
GSM2403183	0	Frozen	EPN, RELA	EPN, RELA	0.99998	0.99813	EPN, RELA	EPN, RELA	0.99998
GSM2403195	0	Frozen	EPN, RELA	EPN, RELA	0.94766	0.23224	EPN, RELA	EPN, RELA	0.94766
GSM2403206	0	Frozen	EPN, RELA	EPN, RELA	0.99998	0.99477	EPN, RELA	EPN, RELA	0.99998
GSM2403212	0	Frozen	EPN, RELA	EPN, RELA	0.99998	0.99743	EPN, RELA	EPN, RELA	0.99998
GSM2403215	0	Frozen	EPN, RELA	EPN, RELA	0.99911	0.81594	EPN, RELA	EPN, RELA	0.99911
GSM2403218	0	Frozen	LGG, PA PF	LGG, PA PF	0.54485	0.98499	MCF PA	MCF PA	0.54486
GSM2403223	0	Frozen	CONTR, REACT	CONTR, REACT	0.99237	0.69770	CONTR, REACT	CONTR, REACT	0.99237
GSM2403230	0	Frozen	EPN, PF A	EPN, PF A	0.99990	0.99927	EPN, PF A	EPN, PF A	0.99990
GSM2403231	0	Frozen	EPN, RELA	EPN, RELA	0.99998	0.99948	EPN, RELA	EPN, RELA	0.99998
GSM2403240	0	Frozen	CONTR, HEMI	CONTR, HEMI	0.99553	0.92160	CONTR, HEMI	CONTR, HEMI	0.99553
GSM2403242	0	FFPE	MB, G4	MB, G4	0.99969	0.99939	MCF MB G3G4	MCF MB G3G4	0.99969
GSM2403248	0	FFPE	MB, SHH CHL AD	MB, SHH CHL AD	0.99985	0.99659	MCF MB SHH	MCF MB SHH	0.99986
GSM2403255	0	FFPE	MB, SHH INF	MB, SHH INF	0.98611	0.94482	MCF MB SHH	MCF MB SHH	0.98619
GSM2403257	0	FFPE	MB, SHH INF	MB, SHH INF	0.99703	0.99872	MCF MB SHH	MCF MB SHH	0.99704
GSM2403265	0	FFPE	MB, G4	MB, G4	0.99969	0.99950	MCF MB G3G4	MCF MB G3G4	0.99969
GSM2403268	0	FFPE	MB, G4	MB, G4	0.99969	0.99944	MCF MB G3G4	MCF MB G3G4	0.99969
GSM2403276	0	FFPE	MB, G4	MB, G4	0.99876	0.92842	MCF MB G3G4	MCF MB G3G4	0.99993
GSM2403278	0	FFPE	MB, SHH INF	MB, SHH INF	0.99703	0.99928	MCF MB SHH	MCF MB SHH	0.99704
GSM2403279	0	FFPE	MB, G4	MB, G4	0.99972	0.99664	MCF MB G3G4	MCF MB G3G4	0.99972
GSM2403283	0	FFPE	MB, WNT	MB, WNT	0.99935	0.99938	MB, WNT	MB, WNT	0.99935
GSM2403303	0	FFPE	MB, G4	MB, G4	0.99974	0.99843	MCF MB G3G4	MCF MB G3G4	0.99976
GSM2403309	0	FFPE	MB, G4	MB, G4	0.99651	0.98559	MCF MB G3G4	MCF MB G3G4	0.99994
GSM2403311	0	FFPE	MB, G4	MB, G4	0.99972	0.99829	MCF MB G3G4	MCF MB G3G4	0.99973
GSM2403317	0	FFPE	MB, G3	MB, G3	0.97797	0.84844	MCF MB G3G4	MCF MB G3G4	0.99999
GSM2403320	0	FFPE	MB, G4	MB, G4	0.99969	0.99949	MCF MB G3G4	MCF MB G3G4	0.99969
GSM2403326	0	FFPE	MB, SHH INF	MB, SHH INF	0.99864	0.99167	MCF MB SHH	MCF MB SHH	0.99878
GSM2403331	0	FFPE	MB, SHH CHL AD	MB, SHH CHL AD	0.99992	0.99355	MCF MB SHH	MCF MB SHH	0.99993
GSM2403335	0	FFPE	MB, WNT	MB, WNT	0.99911	0.98122	MB, WNT	MB, WNT	0.99911
GSM2403336	0	FFPE	MB, WNT	MB, WNT	0.99948	0.98173	MB, WNT	MB, WNT	0.99948
GSM2403337	0	FFPE	MB, SHH INF	MB, SHH INF	0.99859	0.99666	MCF MB SHH	MCF MB SHH	0.99880
GSM2403338	0	FFPE	MB, G3	MB, G3	1.00000	0.99942	MCF MB G3G4	MCF MB G3G4	1.00000
GSM2403339	0	FFPE	MB, SHH CHL AD	MB, SHH CHL AD	0.99978	0.99924	MCF MB SHH	MCF MB SHH	0.99978
GSM2403343	0	FFPE	MB, G4	MB, G4	0.99974	0.99845	MCF MB G3G4	MCF MB G3G4	0.99980
GSM2403350	0	FFPE	MB, G4	MB, G4	0.99969	0.99912	MCF MB G3G4	MCF MB G3G4	0.99970
GSM2403359	0	FFPE	MB, G4	MB, G4	0.99973	0.99767	MCF MB G3G4	MCF MB G3G4	0.99974
GSM2403369	0	FFPE	MB, G4	MB, G3	0.12829	0.08305	MCF MB G3G4	MCF MB G3G4	0.21157
GSM2403370	0	FFPE	MB, G3	MB, G3	0.99995	0.95771	MCF MB G3G4	MCF MB G3G4	0.99996
GSM2403380	0	FFPE	MB, G4	MB, G4	0.99974	0.99853	MCF MB G3G4	MCF MB G3G4	0.99977
GSM2403381	0	FFPE	MB, SHH INF	MB, SHH INF	0.99435	0.95512	MCF MB SHH	MCF MB SHH	0.99497
GSM2403385	0	FFPE	MB, G3	MB, G3	0.99988	0.97384	MCF MB G3G4	MCF MB G3G4	0.99990
GSM2403387	0	FFPE	MB, G4	MB, G4	0.99969	0.99929	MCF MB G3G4	MCF MB G3G4	0.99970
GSM2403390	0	FFPE	MB, G4	MB, G4	0.99973	0.99897	MCF MB G3G4	MCF MB G3G4	0.99974
GSM2403391	0	FFPE	MB, G3	MB, G3	1.00000	0.99570	MCF MB G3G4	MCF MB G3G4	1.00000
GSM2403395	0	FFPE	MB, G3	MB, G3	0.99998	0.98771	MCF MB G3G4	MCF MB G3G4	0.99999
GSM2403409	0	Frozen	MB, SHH CHL AD	MB, SHH CHL AD	0.99974	0.99924	MCF MB SHH	MCF MB SHH	0.99974
GSM2403412	0	Frozen	MB, G4	MB, G4	0.99973	0.99855	MCF MB G3G4	MCF MB G3G4	0.99974
GSM2403418	0	Frozen	MB, SHH CHL AD	MB, SHH CHL AD	0.99974	0.99940	MCF MB SHH	MCF MB SHH	0.99974
GSM2403422	0	Frozen	LGG, PA MID	LGG, PA MID	0.99902	0.99333	MCF PA	MCF PA	0.99999
GSM2403428	0	Frozen	MB, SHH CHL AD	MB, SHH CHL AD	0.99994	0.98034	MCF MB SHH	MCF MB SHH	0.99994
GSM2403432	0	Frozen	MB, WNT	MB, WNT	0.99936	0.99802	MB, WNT	MB, WNT	0.99936
GSM2403438	0	Frozen	MB, G4	MB, G4	0.99973	0.99876	MCF MB G3G4	MCF MB G3G4	0.99974
GSM2403439	0	Frozen	MB, G3	MB, G3	1.00000	0.99933	MCF MB G3G4	MCF MB G3G4	1.00000
GSM2403440	0	Frozen	MB, SHH INF	MB, SHH INF	0.99797	0.99329	MCF MB SHH	MCF MB SHH	0.99803
GSM2403447	0	Frozen	LGG, PA PF	LGG, PA PF	0.92788	0.91268	MCF PA	MCF PA	0.92826
GSM2403449	0	Frozen	LGG, PA PF	LGG, PA PF	0.98649	0.97948	MCF PA	MCF PA	0.98649
GSM2403460	0	Frozen	LGG, PA MID	LGG, PA MID	0.99992	0.99881	MCF PA	MCF PA	0.99994
GSM2403461	0	Frozen	LGG, PA PF	LGG, PA PF	0.99724	0.99243	MCF PA	MCF PA	0.99724
GSM2403465	0	Frozen	MB, G4	MB, G4	0.99970	0.99872	MCF MB G3G4	MCF MB G3G4	0.99970
GSM2403468	0	Frozen	MB, G3	MB, G3	1.00000	0.99945	MCF MB G3G4	MCF MB G3G4	1.00000
GSM2403480	0	Frozen	GBM, RTK I	GBM, RTK I	0.99998	0.99813	MCF GBM	MCF GBM	1.00000
GSM2403492	0	Frozen	LGG, PA PF	LGG, PA PF	0.99817	0.99945	MCF PA	MCF PA	0.99817
GSM2403494	0	Frozen	LGG, PA MID	LGG, PA MID	0.99993	0.99831	MCF PA	MCF PA	0.99995
GSM2403509	0	FFPE	LGG, PA/GG ST	LGG, PA/GG ST	0.77169	0.14856	MCF PA	MCF PA	0.77722
GSM2403516	0	FFPE	A IDH, HG	A IDH, HG	0.99997	0.99464	MCF IDH GLM	MCF IDH GLM	0.99998
GSM2403520	0	FFPE	ETMR	ETMR	0.99958	0.99928	ETMR	ETMR	0.99958
GSM2403529	0	Frozen	DMG, K27	DMG, K27	0.99987	0.99725	DMG, K27	DMG, K27	0.99987
GSM2403538	0	Frozen	MNG	MNG	0.99995	0.99863	MNG	MNG	0.99995
GSM2403540	0	Frozen	MNG	MNG	0.99937	0.99078	MNG	MNG	0.99937
GSM2403552	0	Frozen	MNG	MNG	0.99995	0.99908	MNG	MNG	0.99995
GSM2403553	0	Frozen	MNG	MNG	0.99995	0.99908	MNG	MNG	0.99995
GSM2403557	0	Frozen	MNG	MNG	0.99995	0.99521	MNG	MNG	0.99995
GSM2403558	0	Frozen	MNG	MNG	0.99995	0.99944	MNG	MNG	0.99995
GSM2403561	0	Frozen	MNG	MNG	0.99416	0.89993	MNG	MNG	0.99416
GSM2403571	0	FFPE	O IDH	O IDH	0.99739	0.89306	MCF IDH GLM	MCF IDH GLM	0.99829
GSM2403578	0	FFPE	LGG, MYB	LGG, MYB	0.99996	0.99935	LGG, MYB	LGG, MYB	0.99996
GSM2403581	0	FFPE	LGG, MYB	LGG, MYB	0.99996	0.99844	LGG, MYB	LGG, MYB	0.99996
GSM2403582	0	FFPE	LGG, MYB	LGG, MYB	0.99997	0.99585	LGG, MYB	LGG, MYB	0.99997
GSM2403587	0	FFPE	A IDH	A IDH	0.99994	0.99865	MCF IDH GLM	MCF IDH GLM	1.00000
GSM2403594	0	Frozen	MNG	MNG	0.99995	0.99949	MNG	MNG	0.99995
GSM2403599	0	Frozen	EPN, PF A	EPN, PF A	0.99990	0.99923	EPN, PF A	EPN, PF A	0.99990
GSM2403604	0	Frozen	GBM, RTK II	GBM, RTK II	0.97958	0.99434	MCF GBM	MCF GBM	0.99993
GSM2403612	0	FFPE	CONTR, REACT	CONTR, REACT	0.99654	0.96970	CONTR, REACT	CONTR, REACT	0.99654
GSM2403625	0	FFPE	SUBEPN, ST	SUBEPN, ST	0.98555	0.43643	SUBEPN, ST	SUBEPN, ST	0.98555
GSM2403627	0	FFPE	CN	CN	0.99939	0.97455	CN	CN	0.99939
GSM2403632	0	FFPE	CN	CN	0.99859	0.91110	CN	CN	0.99859
GSM2403641	0	FFPE	SUBEPN, SPINE	SUBEPN, SPINE	0.99199	0.61585	SUBEPN, SPINE	SUBEPN, SPINE	0.99199
GSM2403643	0	FFPE	LGG, SEGA	LGG, SEGA	1.00000	0.99877	LGG, SEGA	LGG, SEGA	1.00000
GSM2403653	0	FFPE	PXA	PXA	1.00000	0.99225	PXA	PXA	1.00000
GSM2403654	0	FFPE	PXA	PXA	0.99999	0.99900	PXA	PXA	0.99999
GSM2403657	0	FFPE	PXA	PXA	0.99999	0.99888	PXA	PXA	0.99999
GSM2403670	0	Frozen	GBM, RTK II	GBM, RTK II	0.96855	0.99876	MCF GBM	MCF GBM	0.99978
GSM2403678	0	Frozen	GBM, RTK II	GBM, RTK II	0.56643	0.96835	MCF GBM	MCF GBM	0.99994
GSM2403680	0	Frozen	GBM, RTK II	GBM, RTK II	0.99109	0.99850	MCF GBM	MCF GBM	0.99970
GSM2403686	0	Frozen	EFT, CIC	EFT, CIC	0.99682	0.37023	EFT, CIC	EFT, CIC	0.99682
GSM2403687	0	Frozen	EFT, CIC	EFT, CIC	1.00000	0.99591	EFT, CIC	EFT, CIC	1.00000
GSM2403690	0	Frozen	GBM, RTK I	GBM, RTK I	0.99868	0.95029	MCF GBM	MCF GBM	1.00000
GSM2403693	0	Frozen	GBM, RTK I	GBM, RTK I	0.98308	0.71836	MCF GBM	MCF GBM	0.99965
GSM2403697	0	Frozen	GBM, RTK II	GBM, RTK II	0.89974	0.97300	MCF GBM	MCF GBM	0.99593
GSM2403699	0	Frozen	ETMR	ETMR	0.99958	0.99930	ETMR	ETMR	0.99958
GSM2403705	0	FFPE	LYMPHO	LYMPHO	0.98990	0.99835	LYMPHO	LYMPHO	0.98990
GSM2403707	0	FFPE	LYMPHO	LYMPHO	0.99899	0.98163	LYMPHO	LYMPHO	0.99899
GSM2403709	0	FFPE	LGG, PA/GG ST	LGG, PA/GG ST	0.99988	0.98724	MCF PA	MCF PA	0.99988
GSM2403710	0	FFPE	PIN T, PPT	PIN T, PPT	0.99995	0.98013	PIN T, PPT	PIN T, PPT	0.99995
GSM2403736	0	FFPE	A IDH, HG	A IDH	0.99480	0.85681	MCF IDH GLM	MCF IDH GLM	1.00000
GSM2403757	0	FFPE	LGG, DNT	LGG, DNT	0.99999	0.99702	LGG, DNT	LGG, DNT	0.99999
GSM2403759	0	FFPE	A IDH	A IDH	0.99992	0.99592	MCF IDH GLM	MCF IDH GLM	1.00000
GSM2403763	0	Frozen	DMG, K27	DMG, K27	0.99986	0.99859	DMG, K27	DMG, K27	0.99986
GSM2403766	0	FFPE	CPH, ADM	CPH, ADM	1.00000	0.99667	CPH, ADM	CPH, ADM	1.00000
GSM2403772	0	FFPE	CN	CN	0.99871	0.99430	CN	CN	0.99871
GSM2403780	0	Frozen	HGNET, MN1	HGNET, MN1	0.99039	0.34670	HGNET, MN1	HGNET, MN1	0.99039
GSM2403785	0	FFPE	CPH, ADM	CPH, ADM	1.00000	0.99833	CPH, ADM	CPH, ADM	1.00000
GSM2403787	0	FFPE	CPH, PAP	CPH, PAP	1.00000	0.99798	CPH, PAP	CPH, PAP	1.00000
GSM2403793	0	FFPE	EPN, RELA	EPN, RELA	0.99998	0.99948	EPN, RELA	EPN, RELA	0.99998
GSM2403804	0	FFPE	EPN, RELA	EPN, RELA	0.99998	0.99763	EPN, RELA	EPN, RELA	0.99998
GSM2403805	0	FFPE	EPN, RELA	EPN, RELA	0.99998	0.99610	EPN, RELA	EPN, RELA	0.99998
GSM2403811	0	FFPE	EPN, RELA	EPN, RELA	0.99998	0.99939	EPN, RELA	EPN, RELA	0.99998
GSM2403817	0	FFPE	EPN, PF A	EPN, PF A	0.99990	0.99897	EPN, PF A	EPN, PF A	0.99990
GSM2403827	0	FFPE	A IDH, HG	A IDH, HG	0.98075	0.47440	MCF IDH GLM	MCF IDH GLM	0.99220
GSM2403828	0	FFPE	EPN, MPE	EPN, MPE	1.00000	0.99396	EPN, MPE	EPN, MPE	1.00000
GSM2403831	0	Frozen	MB, SHH CHL AD	MB, SHH CHL AD	0.99974	0.99928	MCF MB SHH	MCF MB SHH	0.99974
GSM2403835	0	Frozen	MNG	MNG	0.99995	0.99921	MNG	MNG	0.99995
GSM2403850	0	FFPE	EPN, MPE	EPN, MPE	1.00000	0.98846	EPN, MPE	EPN, MPE	1.00000
GSM2403852	0	FFPE	SCHW	SCHW	0.98203	0.73165	SCHW	SCHW	0.98203
GSM2403857	0	FFPE	EPN, PF A	EPN, PF A	0.99990	0.99922	EPN, PF A	EPN, PF A	0.99990
GSM2403858	0	FFPE	EPN, YAP	EPN, YAP	0.98871	0.67338	EPN, YAP	EPN, YAP	0.98871
GSM2403861	0	FFPE	EPN, PF B	EPN, PF B	0.99511	0.91066	EPN, PF B	EPN, PF B	0.99511
GSM2403870	0	FFPE	EPN, PF A	EPN, PF A	0.99863	0.96922	EPN, PF A	EPN, PF A	0.99863
GSM2403886	0	FFPE	EPN, PF A	EPN, PF A	0.99990	0.99937	EPN, PF A	EPN, PF A	0.99990
GSM2403887	0	FFPE	EPN, PF A	EPN, PF A	0.99984	0.98502	EPN, PF A	EPN, PF A	0.99984
GSM2403888	0	FFPE	EPN, PF A	EPN, PF A	0.99990	0.99903	EPN, PF A	EPN, PF A	0.99990
GSM2403890	0	FFPE	EPN, PF A	EPN, PF A	0.99990	0.99941	EPN, PF A	EPN, PF A	0.99990
GSM2403899	0	FFPE	CPH, PAP	CPH, PAP	1.00000	0.99930	CPH, PAP	CPH, PAP	1.00000
GSM2403902	0	FFPE	EPN, MPE	EPN, MPE	1.00000	0.99735	EPN, MPE	EPN, MPE	1.00000
GSM2403906	0	FFPE	HMB	HMB	0.99999	0.99451	HMB	HMB	0.99999
GSM2403915	0	FFPE	HMB	HMB	0.41680	0.08776	HMB	HMB	0.41680
GSM2403917	0	Frozen	MB, SHH CHL AD	MB, SHH CHL AD	0.99982	0.99277	MCF MB SHH	MCF MB SHH	0.99990
GSM2403922	0	FFPE	PTPR, A	PTPR, A	0.99363	0.91041	PTPR, A	PTPR, A	0.99363
GSM2403924	0	FFPE	PTPR, B	PTPR, B	0.99973	0.99868	PTPR, B	PTPR, B	0.99973
GSM2403930	0	FFPE	PTPR, B	PTPR, B	0.99989	0.98158	PTPR, B	PTPR, B	0.99989
GSM2403936	0	FFPE	HMB	HMB	0.99998	0.98153	HMB	HMB	0.99998
GSM2403938	0	FFPE	HMB	HMB	0.99928	0.89091	HMB	HMB	0.99928
GSM2403940	0	FFPE	EPN, RELA	EPN, RELA	0.99998	0.99922	EPN, RELA	EPN, RELA	0.99998
GSM2403942	0	FFPE	ETMR	ETMR	0.99958	0.99941	ETMR	ETMR	0.99958
GSM2403943	0	FFPE	MNG	MNG	0.99993	0.99560	MNG	MNG	0.99993
GSM2403944	0	FFPE	MNG	MNG	0.99995	0.99914	MNG	MNG	0.99995
GSM2403958	0	FFPE	SCHW	SCHW	0.99999	0.99654	SCHW	SCHW	0.99999
GSM2403964	0	FFPE	MB, G3	MB, G3	0.99999	0.98134	MCF MB G3G4	MCF MB G3G4	0.99999
GSM2403979	0	Frozen	EPN, PF B	EPN, PF B	0.99979	0.98981	EPN, PF B	EPN, PF B	0.99979
GSM2403984	0	Frozen	EPN, PF A	EPN, PF A	0.99990	0.99859	EPN, PF A	EPN, PF A	0.99990
GSM2403988	0	Frozen	EPN, PF A	EPN, PF A	0.99990	0.99885	EPN, PF A	EPN, PF A	0.99990
GSM2403997	0	FFPE	PITUI	PITUI	1.00000	0.99457	PITUI	PITUI	1.00000
GSM2403998	0	FFPE	PXA	PXA	0.99999	0.99935	PXA	PXA	0.99999
GSM2403999	0	FFPE	LGG, DNT	LGG, DNT	0.90633	0.32702	LGG, DNT	LGG, DNT	0.90633
GSM2404003	0	FFPE	PGG, nC	PGG, nC	0.99975	0.98070	PGG, nC	PGG, nC	0.99975
GSM2404007	0	FFPE	PGG, nC	PGG, nC	0.99989	0.99041	PGG, nC	PGG, nC	0.99989
GSM2404008	0	FFPE	PGG, nC	PGG, nC	0.99991	0.98947	PGG, nC	PGG, nC	0.99991
GSM2404012	0	FFPE	PIN T, PPT	PIN T, PPT	0.99996	0.97993	PIN T, PPT	PIN T, PPT	0.99996
GSM2404017	0	FFPE	DMG, K27	DMG, K27	0.99985	0.99708	DMG, K27	DMG, K27	0.99985
GSM2404028	0	FFPE	CONTR, REACT	CONTR, REACT	0.98424	0.76416	CONTR, REACT	CONTR, REACT	0.98424
GSM2404029	0	FFPE	IHG	IHG	0.99954	0.79507	IHG	IHG	0.99954
GSM2404036	0	FFPE	LGG, PA MID	LGG, PA MID	0.99991	0.99635	MCF PA	MCF PA	0.99996
GSM2404037	0	FFPE	DLGNT	DLGNT	0.99891	0.64407	DLGNT	DLGNT	0.99891
GSM2404039	0	FFPE	PITUI	PITUI	0.99987	0.92969	PITUI	PITUI	0.99987
GSM2404040	0	FFPE	LGG, PA/GG ST	LGG, PA/GG ST	0.92569	0.29376	MCF PA	MCF PA	0.93011
GSM2404042	0	FFPE	GBM, RTK II	GBM, RTK II	0.98989	0.99734	MCF GBM	MCF GBM	0.99993
GSM2404056	0	FFPE	GBM, RTK I	GBM, RTK I	0.99998	0.99825	MCF GBM	MCF GBM	1.00000
GSM2404062	0	FFPE	O IDH	O IDH	0.99996	0.99914	MCF IDH GLM	MCF IDH GLM	0.99997
GSM2404068	0	Frozen	HGNET, BCOR	HGNET, BCOR	0.99998	0.99899	HGNET, BCOR	HGNET, BCOR	0.99998
GSM2404079	0	FFPE	MNG	MNG	0.92628	0.50710	MNG	MNG	0.92628
GSM2404092	0	FFPE	MNG	MNG	0.99995	0.99697	MNG	MNG	0.99995
GSM2404094	0	FFPE	MB, SHH CHL AD	MB, SHH CHL AD	0.99974	0.99938	MCF MB SHH	MCF MB SHH	0.99974
GSM2404097	0	Frozen	ATRT, TYR	ATRT, TYR	0.99999	0.99837	MCF ATRT	MCF ATRT	1.00000
GSM2404100	0	Frozen	ATRT, SHH	ATRT, SHH	0.99863	0.98538	MCF ATRT	MCF ATRT	0.99997
GSM2404102	0	FFPE	SUBEPN, ST	SUBEPN, ST	0.99998	0.96884	SUBEPN, ST	SUBEPN, ST	0.99998
GSM2404103	0	FFPE	SUBEPN, ST	SUBEPN, ST	0.99522	0.61327	SUBEPN, ST	SUBEPN, ST	0.99522
GSM2404107	0	FFPE	A IDH	A IDH	0.99983	0.99559	MCF IDH GLM	MCF IDH GLM	1.00000
GSM2404113	0	FFPE	PITAD, ACTH	PITAD, ACTH	0.99999	0.99078	PITAD, ACTH	PITAD, ACTH	0.99999
GSM2404116	0	Frozen	EPN, PF A	EPN, PF A	0.99990	0.99826	EPN, PF A	EPN, PF A	0.99990
GSM2404118	0	FFPE	SFT HMPC	SFT HMPC	0.99973	0.98604	SFT HMPC	SFT HMPC	0.99973
GSM2404124	0	Frozen	ATRT, MYC	ATRT, MYC	0.99833	0.93427	MCF ATRT	MCF ATRT	0.99983
GSM2404132	0	FFPE	GBM, G34	GBM, G34	0.99999	0.99900	GBM, G34	GBM, G34	0.99999
GSM2404142	0	FFPE	PITAD, FSH LH	PITAD, FSH LH	0.96891	0.31456	PITAD, FSH LH	PITAD, FSH LH	0.96891
GSM2404146	0	FFPE	SUBEPN, SPINE	SUBEPN, SPINE	0.37882	0.05416	SUBEPN, SPINE	SUBEPN, SPINE	0.37882
GSM2404160	0	FFPE	ATRT, TYR	ATRT, TYR	0.99999	0.99917	MCF ATRT	MCF ATRT	0.99999
GSM2404161	0	FFPE	ATRT, SHH	ATRT, SHH	0.99893	0.92777	MCF ATRT	MCF ATRT	0.99997
GSM2404162	0	FFPE	ATRT, MYC	ATRT, MYC	0.99991	0.98944	MCF ATRT	MCF ATRT	0.99997
GSM2404166	0	FFPE	ATRT, TYR	ATRT, TYR	0.99948	0.94412	MCF ATRT	MCF ATRT	0.99980
GSM2404167	0	FFPE	ATRT, SHH	ATRT, SHH	0.99920	0.94985	MCF ATRT	MCF ATRT	0.99995
GSM2404168	0	FFPE	ATRT, MYC	ATRT, MYC	0.99997	0.99806	MCF ATRT	MCF ATRT	0.99997
GSM2404170	0	FFPE	CPH, ADM	CPH, ADM	0.98332	0.43104	CPH, ADM	CPH, ADM	0.98332
GSM2404175	0	FFPE	CPH, PAP	CPH, PAP	1.00000	0.99555	CPH, PAP	CPH, PAP	1.00000
GSM2404180	0	FFPE	SUBEPN, PF	SUBEPN, PF	0.98593	0.95231	SUBEPN, PF	SUBEPN, PF	0.98593
GSM2404187	0	FFPE	SUBEPN, PF	SUBEPN, PF	0.99999	0.99863	SUBEPN, PF	SUBEPN, PF	0.99999
GSM2404199	0	FFPE	SFT HMPC	SFT HMPC	0.99616	0.96770	SFT HMPC	SFT HMPC	0.99616
GSM2404202	0	FFPE	LGG, DNT	LGG, DNT	0.99982	0.95738	LGG, DNT	LGG, DNT	0.99982
GSM2404213	0	FFPE	O IDH	O IDH	0.99988	0.99649	MCF IDH GLM	MCF IDH GLM	0.99999
GSM2404214	0	FFPE	O IDH	O IDH	0.99996	0.99822	MCF IDH GLM	MCF IDH GLM	0.99998
GSM2404218	0	FFPE	O IDH	O IDH	0.99927	0.92355	MCF IDH GLM	MCF IDH GLM	0.99954
GSM2404219	0	FFPE	A IDH, HG	A IDH	0.99696	0.92997	MCF IDH GLM	MCF IDH GLM	1.00000
GSM2404221	0	FFPE	A IDH, HG	A IDH, HG	0.99532	0.97478	MCF IDH GLM	MCF IDH GLM	0.99999
GSM2404224	0	FFPE	A IDH, HG	A IDH	0.78928	0.79541	MCF IDH GLM	MCF IDH GLM	0.99998
GSM2404230	0	FFPE	O IDH	O IDH	0.99995	0.99919	MCF IDH GLM	MCF IDH GLM	0.99995
GSM2404239	0	FFPE	MELCYT	MELCYT	1.00000	0.99706	MELCYT	MELCYT	1.00000
GSM2404242	0	FFPE	MELAN	MELAN	0.99964	0.96267	MELAN	MELAN	0.99964
GSM2404247	0	FFPE	MELCYT	MELCYT	1.00000	0.99913	MELCYT	MELCYT	1.00000
GSM2404251	0	FFPE	MELAN	MELAN	0.99990	0.96251	MELAN	MELAN	0.99990
GSM2404254	0	FFPE	MELAN	MELAN	0.98832	0.30381	MELAN	MELAN	0.98832
GSM2404256	0	FFPE	PITAD, PRL	PITAD, PRL	0.99689	0.90184	PITAD, PRL	PITAD, PRL	0.99689
GSM2404257	0	FFPE	LYMPHO	LYMPHO	0.99367	0.99191	LYMPHO	LYMPHO	0.99367
GSM2404271	0	Frozen	MB, SHH CHL AD	MB, SHH CHL AD	0.99996	0.98958	MCF MB SHH	MCF MB SHH	0.99997
GSM2404273	0	FFPE	PGG, nC	PGG, nC	0.99985	0.99598	PGG, nC	PGG, nC	0.99985
GSM2404277	0	FFPE	EPN, SPINE	EPN, SPINE	0.99999	0.96733	EPN, SPINE	EPN, SPINE	0.99999
GSM2404279	0	FFPE	ENB, B	ENB, B	0.98389	0.86410	MCF ENB	MCF ENB	0.99997
GSM2404286	0	FFPE	O IDH	O IDH	0.99993	0.99822	MCF IDH GLM	MCF IDH GLM	0.99999
GSM2404287	0	FFPE	GBM, MES	GBM, MES	0.77052	0.12777	MCF GBM	MCF GBM	0.99985
GSM2404289	0	FFPE	EPN, SPINE	EPN, SPINE	0.99987	0.96772	EPN, SPINE	EPN, SPINE	0.99987
GSM2404290	0	FFPE	EPN, MPE	EPN, MPE	1.00000	0.99325	EPN, MPE	EPN, MPE	1.00000
GSM2404293	0	FFPE	LIPN	LIPN	0.99996	0.99484	LIPN	LIPN	0.99996
GSM2404295	0	FFPE	CONTR, ADENOPIT	CONTR, ADENOPIT	0.99599	0.81218	CONTR, ADENOPIT	CONTR, ADENOPIT	0.99599
GSM2404307	0	FFPE	LGG, DNT	LGG, DNT	0.99490	0.67995	LGG, DNT	LGG, DNT	0.99490
GSM2404312	0	Frozen	EPN, PF A	EPN, PF A	0.99991	0.99792	EPN, PF A	EPN, PF A	0.99991
GSM2404314	0	Frozen	EPN, PF A	EPN, PF A	0.99990	0.99863	EPN, PF A	EPN, PF A	0.99990
GSM2404315	0	Frozen	SUBEPN, PF	SUBEPN, PF	0.99997	0.99656	SUBEPN, PF	SUBEPN, PF	0.99997
GSM2404319	0	FFPE	LGG, PA/GG ST	LGG, PA/GG ST	0.97131	0.72771	MCF PA	MCF PA	0.97139
GSM2404322	0	FFPE	LGG, MYB	LGG, MYB	0.99996	0.99296	LGG, MYB	LGG, MYB	0.99996
GSM2404326	0	FFPE	LGG, DNT	LGG, DNT	0.99999	0.99123	LGG, DNT	LGG, DNT	0.99999
GSM2404339	0	FFPE	LGG, GG	LGG, GG	0.99998	0.99838	LGG, GG	LGG, GG	0.99998
GSM2404342	0	FFPE	A IDH	A IDH	0.99991	0.99762	MCF IDH GLM	MCF IDH GLM	1.00000
GSM2404346	0	FFPE	PITAD, STH SPA	PITAD, TSH	0.20731	0.03892	PITAD, STH SPA	PITAD, TSH	0.20731
GSM2404358	0	FFPE	PITAD, STH SPA	PITAD, STH SPA	0.99993	0.96778	PITAD, STH SPA	PITAD, STH SPA	0.99993
GSM2404362	0	FFPE	PITAD, STH DNS A	PITAD, STH DNS A	0.88026	0.48581	PITAD, STH DNS A	PITAD, STH DNS A	0.88026
GSM2404366	0	FFPE	GBM, G34	GBM, G34	0.99999	0.99803	GBM, G34	GBM, G34	0.99999
GSM2404367	0	FFPE	LGG, DIG/DIA	LGG, DIG/DIA	0.99930	0.59123	LGG, DIG/DIA	LGG, DIG/DIA	0.99930
GSM2404369	0	FFPE	PITAD, STH DNS B	PITAD, STH DNS B	0.99683	0.78885	PITAD, STH DNS B	PITAD, STH DNS B	0.99683
GSM2404372	0	FFPE	PITAD, STH DNS B	PITAD, STH DNS B	0.99272	0.98389	PITAD, STH DNS B	PITAD, STH DNS B	0.99272
GSM2404374	0	FFPE	PITAD, STH DNS A	PITAD, STH DNS A	0.92634	0.20351	PITAD, STH DNS A	PITAD, STH DNS A	0.92634
GSM2404382	0	Frozen	EPN, SPINE	EPN, SPINE	0.99999	0.97594	EPN, SPINE	EPN, SPINE	0.99999
GSM2404385	0	Frozen	EPN, SPINE	EPN, SPINE	0.99994	0.98890	EPN, SPINE	EPN, SPINE	0.99994
GSM2404390	0	Frozen	EPN, PF A	EPN, PF A	0.99990	0.99904	EPN, PF A	EPN, PF A	0.99990
GSM2404393	0	Frozen	EPN, PF B	EPN, PF B	0.99995	0.99911	EPN, PF B	EPN, PF B	0.99995
GSM2404395	0	Frozen	SUBEPN, PF	SUBEPN, PF	0.68162	0.84254	SUBEPN, PF	SUBEPN, PF	0.68162
GSM2404400	0	Frozen	EPN, RELA	EPN, RELA	0.99998	0.99661	EPN, RELA	EPN, RELA	0.99998
GSM2404401	0	Frozen	EPN, PF A	EPN, PF A	0.99990	0.99899	EPN, PF A	EPN, PF A	0.99990
GSM2404403	0	Frozen	EPN, PF A	EPN, PF A	0.99993	0.99882	EPN, PF A	EPN, PF A	0.99993
GSM2404404	0	Frozen	EPN, RELA	EPN, RELA	0.99990	0.97794	EPN, RELA	EPN, RELA	0.99990
GSM2404415	0	FFPE	PITAD, FSH LH	PITAD, FSH LH	1.00000	0.99903	PITAD, FSH LH	PITAD, FSH LH	1.00000
GSM2404418	0	FFPE	PITAD, FSH LH	PITAD, FSH LH	0.99999	0.99774	PITAD, FSH LH	PITAD, FSH LH	0.99999
GSM2404420	0	FFPE	PITAD, ACTH	PITAD, ACTH	0.98422	0.30304	PITAD, ACTH	PITAD, ACTH	0.98422
GSM2404425	0	FFPE	PITAD, STH SPA	PITAD, STH SPA	0.97779	0.74360	PITAD, STH SPA	PITAD, STH SPA	0.97779
GSM2404429	0	FFPE	PITAD, PRL	PITAD, PRL	0.91853	0.63001	PITAD, PRL	PITAD, PRL	0.91853
GSM2404435	0	Frozen	O IDH	A IDH	0.68132	0.13281	MCF IDH GLM	MCF IDH GLM	0.91432
GSM2404443	0	FFPE	PITUI	PITUI	0.99999	0.98802	PITUI	PITUI	0.99999
GSM2404445	0	FFPE	CONTR, WM	CONTR, WM	0.99995	0.99715	CONTR, WM	CONTR, WM	0.99995
GSM2404446	0	FFPE	CONTR, WM	CONTR, WM	0.99993	0.98577	CONTR, WM	CONTR, WM	0.99993
GSM2404455	0	FFPE	PLASMA	PLASMA	0.99997	0.98388	PLASMA	PLASMA	0.99997
GSM2404457	0	FFPE	DMG, K27	DMG, K27	0.99985	0.99945	DMG, K27	DMG, K27	0.99985
GSM2404468	0	FFPE	MNG	MNG	0.99995	0.99777	MNG	MNG	0.99995
GSM2404473	0	FFPE	SCHW	SCHW	0.99366	0.91802	SCHW	SCHW	0.99366
GSM2404474	0	FFPE	SCHW	SCHW	0.99999	0.99659	SCHW	SCHW	0.99999
GSM2404477	0	FFPE	LGG, GG	LGG, GG	0.99985	0.98751	LGG, GG	LGG, GG	0.99985
GSM2404484	0	FFPE	PLEX, PED A	PLEX, PED A	0.99852	0.76707	MCF PLEX T	MCF PLEX T	0.99874
GSM2404488	0	FFPE	GBM, G34	GBM, G34	0.99999	0.99810	GBM, G34	GBM, G34	0.99999
GSM2404494	0	FFPE	DMG, K27	DMG, K27	0.99989	0.99891	DMG, K27	DMG, K27	0.99989
GSM2404495	0	FFPE	DMG, K27	DMG, K27	0.99993	0.98910	DMG, K27	DMG, K27	0.99993
GSM2404500	0	FFPE	GBM, G34	GBM, G34	0.99999	0.99818	GBM, G34	GBM, G34	0.99999
GSM2404510	0	FFPE	ENB, A	ENB, A	0.36720	0.12734	MCF ENB	MCF ENB	0.64956
GSM2404526	0	FFPE	MB, G4	MB, G4	0.99336	0.84120	MCF MB G3G4	MCF MB G3G4	0.99527
GSM2404528	0	Frozen	GBM, RTK II	GBM, RTK II	0.98478	0.99900	MCF GBM	MCF GBM	0.99926
GSM2404531	0	FFPE	LGG, DNT	LGG, DNT	0.99999	0.99714	LGG, DNT	LGG, DNT	0.99999
GSM2404539	0	Frozen	GBM, RTK II	GBM, RTK II	0.99353	0.99872	MCF GBM	MCF GBM	0.99986
GSM2404544	0	FFPE	MELCYT	MELCYT	0.99999	0.99793	MELCYT	MELCYT	0.99999
GSM2404545	0	FFPE	SCHW, MEL	SCHW, MEL	0.99804	0.92532	SCHW, MEL	SCHW, MEL	0.99804
GSM2404558	0	FFPE	LGG, SEGA	LGG, SEGA	1.00000	0.96458	LGG, SEGA	LGG, SEGA	1.00000
GSM2404561	0	FFPE	CONTR, PINEAL	CONTR, PINEAL	0.99996	0.99900	CONTR, PINEAL	CONTR, PINEAL	0.99996
GSM2404564	0	FFPE	CHGL	CHGL	0.97417	0.41234	CHGL	CHGL	0.97417
GSM2404565	0	FFPE	LIPN	LIPN	0.99998	0.99103	LIPN	LIPN	0.99998
GSM2404574	0	Frozen	GBM, RTK II	GBM, MES	0.93702	0.93856	MCF GBM	MCF GBM	1.00000
GSM2404578	0	Frozen	CONTR, INFLAM	CONTR, INFLAM	0.99982	0.99863	CONTR, INFLAM	CONTR, INFLAM	0.99982
GSM2404580	0	Frozen	GBM, RTK I	GBM, RTK I	0.99977	0.99094	MCF GBM	MCF GBM	1.00000
GSM2404582	0	Frozen	GBM, MES	GBM, MES	0.68583	0.09444	MCF GBM	MCF GBM	0.99995
GSM2404585	0	FFPE	CNS NB, FOXR2	CNS NB, FOXR2	0.99992	0.99274	CNS NB, FOXR2	CNS NB, FOXR2	0.99992
GSM2404586	0	FFPE	A IDH	A IDH	0.86263	0.89348	MCF IDH GLM	MCF IDH GLM	0.99994
GSM2404587	0	FFPE	LGG, SEGA	LGG, SEGA	0.99845	0.70088	LGG, SEGA	LGG, SEGA	0.99845
GSM2404590	0	FFPE	HGNET, MN1	HGNET, MN1	0.85664	0.06623	HGNET, MN1	HGNET, MN1	0.85664
GSM2404591	0	FFPE	SUBEPN, PF	SUBEPN, PF	0.99999	0.99924	SUBEPN, PF	SUBEPN, PF	0.99999
GSM2404593	0	Frozen	GBM, RTK II	GBM, RTK II	0.91027	0.69492	MCF GBM	MCF GBM	0.99904
GSM2404599	0	Frozen	CONTR, INFLAM	CONTR, INFLAM	0.99949	0.99909	CONTR, INFLAM	CONTR, INFLAM	0.99949
GSM2404611	0	FFPE	CONTR, PINEAL	CONTR, PINEAL	0.99996	0.99873	CONTR, PINEAL	CONTR, PINEAL	0.99996
GSM2404613	0	FFPE	GBM, MYCN	GBM, MYCN	0.99624	0.75078	MCF GBM	MCF GBM	0.99940
GSM2404625	0	FFPE	PLEX, AD	PLEX, AD	0.99993	0.94982	MCF PLEX T	MCF PLEX T	1.00000
GSM2404627	0	FFPE	HGNET, MN1	HGNET, MN1	0.99982	0.88584	HGNET, MN1	HGNET, MN1	0.99982
GSM2404634	0	Frozen	GBM, MES	GBM, MES	0.95550	0.69051	MCF GBM	MCF GBM	0.99997
GSM2404638	0	Frozen	CONTR, INFLAM	CONTR, INFLAM	0.99949	0.99945	CONTR, INFLAM	CONTR, INFLAM	0.99949
GSM2404646	0	Frozen	CONTR, INFLAM	CONTR, INFLAM	0.99784	0.81356	CONTR, INFLAM	CONTR, INFLAM	0.99784
GSM2404648	0	FFPE	GBM, G34	GBM, G34	0.99965	0.95653	GBM, G34	GBM, G34	0.99965
GSM2404653	0	FFPE	DMG, K27	DMG, K27	0.99721	0.98305	DMG, K27	DMG, K27	0.99721
GSM2404658	0	FFPE	DMG, K27	DMG, K27	0.99973	0.99090	DMG, K27	DMG, K27	0.99973
GSM2404659	0	FFPE	GBM, RTK III	GBM, RTK III	0.98396	0.79090	MCF GBM	MCF GBM	0.99999
GSM2404677	0	FFPE	DMG, K27	DMG, K27	0.99985	0.99776	DMG, K27	DMG, K27	0.99985
GSM2404686	0	FFPE	GBM, RTK II	GBM, RTK I	0.56595	0.04414	MCF GBM	MCF GBM	0.99580
GSM2404694	0	Frozen	EFT, CIC	EFT, CIC	1.00000	0.99325	EFT, CIC	EFT, CIC	1.00000
GSM2404695	0	Frozen	CNS NB, FOXR2	CNS NB, FOXR2	0.99981	0.99908	CNS NB, FOXR2	CNS NB, FOXR2	0.99981
GSM2404709	0	FFPE	PXA	PXA	0.99999	0.99856	PXA	PXA	0.99999
GSM2404713	0	FFPE	EPN, MPE	EPN, MPE	1.00000	0.99838	EPN, MPE	EPN, MPE	1.00000
GSM2404716	0	FFPE	GBM, RTK II	GBM, RTK II	0.54083	0.74592	MCF GBM	MCF GBM	0.99982
GSM2404717	0	FFPE	CNS NB, FOXR2	CNS NB, FOXR2	0.99981	0.99890	CNS NB, FOXR2	CNS NB, FOXR2	0.99981
GSM2404727	0	FFPE	ENB, B	ENB, B	0.99983	0.99113	MCF ENB	MCF ENB	1.00000
GSM2404746	0	Frozen	MB, SHH CHL AD	MB, SHH CHL AD	0.99984	0.99822	MCF MB SHH	MCF MB SHH	0.99985
GSM2404747	0	Frozen	MB, SHH INF	MB, SHH INF	0.99850	0.99729	MCF MB SHH	MCF MB SHH	0.99861
GSM2404749	0	Frozen	A IDH	A IDH	0.99996	0.99501	MCF IDH GLM	MCF IDH GLM	1.00000
GSM2404752	0	Frozen	A IDH	A IDH, HG	0.87652	0.68008	MCF IDH GLM	MCF IDH GLM	0.99889
GSM2404754	0	Frozen	A IDH	A IDH	0.99997	0.99891	MCF IDH GLM	MCF IDH GLM	1.00000
GSM2404758	0	Frozen	EWS	EWS	0.99999	0.99739	EWS	EWS	0.99999
GSM2404764	0	FFPE	A IDH	A IDH	0.96994	0.96617	MCF IDH GLM	MCF IDH GLM	1.00000
GSM2404768	0	FFPE	LGG, DNT	LGG, DNT	0.70224	0.29097	LGG, DNT	LGG, DNT	0.70224
GSM2404770	0	FFPE	LGG, PA MID	LGG, PA MID	0.76888	0.24194	MCF PA	MCF PA	0.83674
GSM2404772	0	FFPE	LGG, SEGA	LGG, SEGA	1.00000	0.99160	LGG, SEGA	LGG, SEGA	1.00000
GSM2404781	0	FFPE	O IDH	O IDH	0.97398	0.84199	MCF IDH GLM	MCF IDH GLM	0.99990
GSM2404794	0	Frozen	SUBEPN, ST	SUBEPN, ST	0.99885	0.78791	SUBEPN, ST	SUBEPN, ST	0.99885
GSM2404795	0	Frozen	SUBEPN, PF	SUBEPN, PF	0.99999	0.99510	SUBEPN, PF	SUBEPN, PF	0.99999
GSM2404806	0	Frozen	EPN, MPE	EPN, MPE	1.00000	0.97953	EPN, MPE	EPN, MPE	1.00000
GSM2404811	0	Frozen	EWS	EWS	1.00000	0.99074	EWS	EWS	1.00000
GSM2404813	0	FFPE	DMG, K27	DMG, K27	0.99985	0.99950	DMG, K27	DMG, K27	0.99985
GSM2404815	0	FFPE	GBM, MYCN	GBM, MYCN	0.96219	0.47795	MCF GBM	MCF GBM	0.99817
GSM2404817	0	FFPE	EPN, PF B	EPN, PF B	0.99863	0.88893	EPN, PF B	EPN, PF B	0.99863
GSM2404819	0	FFPE	ENB, B	ENB, B	0.87416	0.84222	MCF ENB	MCF ENB	0.99991
GSM2404823	0	FFPE	HGNET, MN1	HGNET, MN1	0.99989	0.96504	HGNET, MN1	HGNET, MN1	0.99989
GSM2404824	0	FFPE	DMG, K27	DMG, K27	0.99985	0.99852	DMG, K27	DMG, K27	0.99985
GSM2404832	0	FFPE	EPN, SPINE	EPN, SPINE	1.00000	0.99541	EPN, SPINE	EPN, SPINE	1.00000
GSM2404836	0	FFPE	ATRT, MYC	ATRT, MYC	0.99558	0.96125	MCF ATRT	MCF ATRT	0.99979
GSM2404837	0	FFPE	ATRT, SHH	ATRT, SHH	0.99825	0.94869	MCF ATRT	MCF ATRT	0.99990
GSM2404840	0	FFPE	ATRT, SHH	ATRT, SHH	0.99989	0.98061	MCF ATRT	MCF ATRT	1.00000
GSM2404845	0	FFPE	A IDH	A IDH	0.99961	0.94107	MCF IDH GLM	MCF IDH GLM	0.99999
GSM2404846	0	FFPE	GBM, RTK I	GBM, RTK I	0.93632	0.78337	MCF GBM	MCF GBM	0.99976
GSM2404857	0	FFPE	SUBEPN, PF	EPN, PF B	0.85766	0.47209	SUBEPN, PF	EPN, PF B	0.85766
GSM2404862	0	FFPE	SUBEPN, PF	SUBEPN, PF	0.99994	0.98646	SUBEPN, PF	SUBEPN, PF	0.99994
GSM2404865	0	FFPE	EPN, PF B	EPN, PF B	0.99995	0.99915	EPN, PF B	EPN, PF B	0.99995
GSM2404866	0	FFPE	EPN, PF B	EPN, PF B	0.99976	0.95637	EPN, PF B	EPN, PF B	0.99976
GSM2404868	0	FFPE	GBM, RTK II	GBM, RTK II	0.91412	0.99716	MCF GBM	MCF GBM	0.99995
GSM2404879	0	FFPE	O IDH	O IDH	0.99972	0.97681	MCF IDH GLM	MCF IDH GLM	1.00000
GSM2404881	0	Frozen	ATRT, SHH	ATRT, SHH	0.99272	0.99436	MCF ATRT	MCF ATRT	1.00000
GSM2404886	0	FFPE	O IDH	O IDH	0.99995	0.99672	MCF IDH GLM	MCF IDH GLM	0.99998
GSM2404890	0	FFPE	DMG, K27	DMG, K27	0.99983	0.99874	DMG, K27	DMG, K27	0.99983
GSM2404893	0	Frozen	EPN, YAP	EPN, YAP	0.99961	0.98532	EPN, YAP	EPN, YAP	0.99961
GSM2404894	0	Frozen	HGNET, BCOR	HGNET, BCOR	0.99998	0.99841	HGNET, BCOR	HGNET, BCOR	0.99998
GSM2404909	0	FFPE	O IDH	O IDH	0.99785	0.96000	MCF IDH GLM	MCF IDH GLM	0.99997
GSM2404911	0	FFPE	GBM, RTK II	GBM, RTK I	0.59511	0.00637	MCF GBM	MCF GBM	0.99582
GSM2404918	0	FFPE	PXA	PXA	0.99999	0.99184	PXA	PXA	0.99999
GSM2404921	0	FFPE	DMG, K27	DMG, K27	0.99991	0.99488	DMG, K27	DMG, K27	0.99991
GSM2404931	0	Frozen	EPN, PF B	EPN, PF B	0.97224	0.72703	EPN, PF B	EPN, PF B	0.97224
GSM2404932	0	Frozen	EPN, PF B	EPN, PF B	0.99995	0.99742	EPN, PF B	EPN, PF B	0.99995
GSM2404934	0	FFPE	PLEX, PED B	PLEX, PED B	0.99937	0.98934	MCF PLEX T	MCF PLEX T	0.99937
GSM2404935	0	FFPE	PLEX, PED B	PLEX, PED B	0.99977	0.97544	MCF PLEX T	MCF PLEX T	0.99998
GSM2404945	0	FFPE	PLEX, PED A	PLEX, PED A	0.95268	0.11900	MCF PLEX T	MCF PLEX T	0.98504
GSM2404949	0	FFPE	PLEX, AD	PLEX, AD	0.99995	0.98082	MCF PLEX T	MCF PLEX T	1.00000
GSM2404951	0	FFPE	PLEX, PED B	PLEX, PED B	0.98201	0.98143	MCF PLEX T	MCF PLEX T	0.99999
GSM2404954	0	FFPE	PLEX, AD	PLEX, AD	0.99986	0.96032	MCF PLEX T	MCF PLEX T	1.00000
GSM2404956	0	FFPE	PLEX, PED B	PLEX, PED B	0.99108	0.70218	MCF PLEX T	MCF PLEX T	0.99429
GSM2404962	0	FFPE	PLEX, PED A	PLEX, PED A	0.99947	0.69967	MCF PLEX T	MCF PLEX T	0.99986
GSM2404972	0	FFPE	PLEX, PED B	PLEX, PED B	0.99573	0.70641	MCF PLEX T	MCF PLEX T	0.99761
GSM2404973	0	FFPE	PLEX, PED B	PLEX, PED B	1.00000	0.99922	MCF PLEX T	MCF PLEX T	1.00000
GSM2404974	0	FFPE	PLEX, PED B	PLEX, PED B	1.00000	0.99861	MCF PLEX T	MCF PLEX T	1.00000
GSM2404983	0	FFPE	PLEX, AD	PLEX, AD	1.00000	0.99286	MCF PLEX T	MCF PLEX T	1.00000
GSM2405000	0	FFPE	GBM, RTK I	GBM, RTK I	0.63441	0.53385	MCF GBM	MCF GBM	1.00000
GSM2405012	0	Frozen	ATRT, TYR	ATRT, TYR	0.99999	0.99911	MCF ATRT	MCF ATRT	1.00000
GSM2405019	0	FFPE	PTPR, B	PTPR, B	0.99997	0.99793	PTPR, B	PTPR, B	0.99997
GSM2405024	0	FFPE	EPN, PF B	EPN, PF B	0.99870	0.95083	EPN, PF B	EPN, PF B	0.99870
GSM2405032	0	FFPE	PXA	PXA	0.99999	0.99936	PXA	PXA	0.99999
GSM2405038	0	FFPE	PIN T, PPT	PIN T, PPT	0.99894	0.97092	PIN T, PPT	PIN T, PPT	0.99894
GSM2405042	0	FFPE	CNS NB, FOXR2	CNS NB, FOXR2	0.99981	0.99901	CNS NB, FOXR2	CNS NB, FOXR2	0.99981
GSM2405047	0	Frozen	CPH, ADM	CPH, ADM	1.00000	0.99853	CPH, ADM	CPH, ADM	1.00000
GSM2405048	0	Frozen	CPH, PAP	CPH, PAP	0.99999	0.99783	CPH, PAP	CPH, PAP	0.99999
GSM2405057	0	FFPE	O IDH	O IDH	0.99974	0.99198	MCF IDH GLM	MCF IDH GLM	0.99998
GSM2405069	0	FFPE	GBM, MES	GBM, RTK II	0.51610	0.05403	MCF GBM	MCF GBM	0.99942
GSM2405072	0	FFPE	A IDH	A IDH	0.61046	0.80998	MCF IDH GLM	MCF IDH GLM	1.00000
GSM2405074	0	FFPE	GBM, RTK I	GBM, RTK I	0.99999	0.96736	MCF GBM	MCF GBM	1.00000
GSM2405075	0	FFPE	HGNET, BCOR	HGNET, BCOR	0.99998	0.99918	HGNET, BCOR	HGNET, BCOR	0.99998
GSM2405076	0	FFPE	PXA	PXA	0.99833	0.83178	PXA	PXA	0.99833
GSM2405079	0	Frozen	EPN, PF A	EPN, PF A	0.99993	0.99633	EPN, PF A	EPN, PF A	0.99993
GSM2405083	0	Frozen	PTPR, B	PTPR, B	0.99997	0.99918	PTPR, B	PTPR, B	0.99997
GSM2405088	0	FFPE	GBM, RTK I	GBM, RTK I	0.99964	0.99491	MCF GBM	MCF GBM	1.00000
GSM2405102	0	Frozen	A IDH	A IDH	0.99998	0.99810	MCF IDH GLM	MCF IDH GLM	1.00000
GSM2405108	0	FFPE	EPN, SPINE	EPN, SPINE	0.99999	0.99027	EPN, SPINE	EPN, SPINE	0.99999
GSM2405110	0	FFPE	GBM, RTK II	GBM, RTK II	0.97017	0.98196	MCF GBM	MCF GBM	0.99998
GSM2405111	0	FFPE	GBM, MID	GBM, MID	0.99630	0.42500	MCF GBM	MCF GBM	0.99973
GSM2405117	0	FFPE	PIN T, PB A	PIN T, PB A	0.99966	0.83209	PIN T, PB A	PIN T, PB A	0.99966
GSM2405119	0	FFPE	LGG, PA PF	LGG, PA PF	0.99785	0.99543	MCF PA	MCF PA	0.99785
GSM2405120	0	FFPE	A IDH	A IDH	0.52288	0.23201	MCF IDH GLM	MCF IDH GLM	0.99703
GSM2405122	0	FFPE	HMB	HMB	0.99959	0.93507	HMB	HMB	0.99959
GSM2405125	0	FFPE	ANA PA	ANA PA	0.99963	0.86143	ANA PA	ANA PA	0.99963
GSM2405126	0	FFPE	CHORDM	CHORDM	0.99974	0.94900	CHORDM	CHORDM	0.99974
GSM2405135	0	Frozen	GBM, RTK I	GBM, RTK I	0.99995	0.98201	MCF GBM	MCF GBM	1.00000
GSM2405142	0	FFPE	GBM, RTK II	GBM, RTK II	0.97478	0.90250	MCF GBM	MCF GBM	0.99907
GSM2405146	0	FFPE	A IDH	A IDH	0.99941	0.98826	MCF IDH GLM	MCF IDH GLM	1.00000
GSM2405147	0	FFPE	A IDH, HG	A IDH, HG	0.99996	0.99788	MCF IDH GLM	MCF IDH GLM	1.00000
GSM2405151	0	FFPE	GBM, RTK II	GBM, RTK II	0.91175	0.98184	MCF GBM	MCF GBM	0.99896
GSM2405152	0	FFPE	O IDH	O IDH	0.99994	0.99861	MCF IDH GLM	MCF IDH GLM	0.99995
GSM2405160	0	FFPE	O IDH	O IDH	0.98970	0.94975	MCF IDH GLM	MCF IDH GLM	1.00000
GSM2405164	0	Frozen	GBM, MES	GBM, MES	0.99989	0.98387	MCF GBM	MCF GBM	1.00000
GSM2405174	0	Frozen	O IDH	O IDH	0.99930	0.97061	MCF IDH GLM	MCF IDH GLM	1.00000
GSM2405175	0	Frozen	PIN T, PB B	PIN T, PB B	0.99995	0.99651	PIN T, PB B	PIN T, PB B	0.99995
GSM2405183	0	FFPE	CHORDM	CHORDM	0.98484	0.31020	CHORDM	CHORDM	0.98484
GSM2405191	0	Frozen	CONTR, INFLAM	CONTR, INFLAM	0.99994	0.98398	CONTR, INFLAM	CONTR, INFLAM	0.99994
GSM2405199	0	Frozen	A IDH, HG	A IDH, HG	0.99922	0.98800	MCF IDH GLM	MCF IDH GLM	1.00000
GSM2405202	0	Frozen	ETMR	ETMR	0.99958	0.99912	ETMR	ETMR	0.99958
GSM2405203	0	FFPE	PXA	PXA	0.99736	0.90764	PXA	PXA	0.99736
GSM2405226	0	Frozen	RETB	RETB	0.99999	0.99827	RETB	RETB	0.99999
GSM2405231	0	Frozen	RETB	RETB	0.99999	0.99876	RETB	RETB	0.99999
GSM2405235	0	Frozen	RETB	RETB	0.99999	0.99905	RETB	RETB	0.99999
GSM2405240	0	FFPE	ANA PA	ANA PA	0.99957	0.93905	ANA PA	ANA PA	0.99957
GSM2405244	0	FFPE	ENB, A	ENB, A	1.00000	0.99497	MCF ENB	MCF ENB	1.00000
GSM2405249	0	FFPE	A IDH	A IDH	0.99956	0.99377	MCF IDH GLM	MCF IDH GLM	1.00000
GSM2405257	0	Frozen	RETB	RETB	0.99999	0.99864	RETB	RETB	0.99999
GSM2405262	0	FFPE	ENB, A	ENB, A	0.99999	0.99867	MCF ENB	MCF ENB	0.99999
GSM2405270	0	FFPE	GBM, RTK II	GBM, MES	0.61650	0.22292	MCF GBM	MCF GBM	1.00000
GSM2405271	0	FFPE	CN	CN	0.99848	0.99858	CN	CN	0.99848
GSM2405272	0	FFPE	GBM, RTK II	GBM, RTK II	0.98085	0.99735	MCF GBM	MCF GBM	0.99972
GSM2405273	0	FFPE	GBM, RTK I	GBM, RTK I	0.99128	0.70343	MCF GBM	MCF GBM	1.00000
GSM2405280	0	FFPE	GBM, RTK II	GBM, RTK II	0.89489	0.97450	MCF GBM	MCF GBM	0.99997
GSM2405283	0	FFPE	CONTR, REACT	CONTR, REACT	0.99989	0.99704	CONTR, REACT	CONTR, REACT	0.99989
GSM2405285	0	FFPE	LGG, DNT	LGG, DNT	0.99995	0.94965	LGG, DNT	LGG, DNT	0.99995
GSM2405286	0	FFPE	A IDH	A IDH	0.99998	0.99837	MCF IDH GLM	MCF IDH GLM	1.00000
GSM2405289	0	FFPE	CONTR, REACT	CONTR, REACT	0.99910	0.92318	CONTR, REACT	CONTR, REACT	0.99910
GSM2405290	0	FFPE	GBM, RTK II	GBM, RTK II	0.59951	0.91717	MCF GBM	MCF GBM	0.99995
GSM2405293	0	Frozen	DMG, K27	DMG, K27	0.97217	0.95774	DMG, K27	DMG, K27	0.97217
GSM2405304	0	FFPE	SFT HMPC	SFT HMPC	0.99120	0.99632	SFT HMPC	SFT HMPC	0.99120
GSM2405319	0	FFPE	MB, WNT	MB, WNT	0.99935	0.99829	MB, WNT	MB, WNT	0.99935
GSM2405323	0	FFPE	MB, G4	MB, G4	0.99650	0.95344	MCF MB G3G4	MCF MB G3G4	0.99651
GSM2405334	0	FFPE	LGG, PA/GG ST	LGG, PA/GG ST	0.99999	0.99225	MCF PA	MCF PA	0.99999
GSM2405338	0	FFPE	HGNET, BCOR	HGNET, BCOR	0.99998	0.99942	HGNET, BCOR	HGNET, BCOR	0.99998
GSM2405346	0	Frozen	MNG	MNG	0.99995	0.99941	MNG	MNG	0.99995
GSM2405350	0	FFPE	MNG	MNG	0.99938	0.94124	MNG	MNG	0.99938
GSM2405354	0	Frozen	MNG	MNG	0.99995	0.99950	MNG	MNG	0.99995
GSM2405359	0	FFPE	MNG	MNG	0.99995	0.99931	MNG	MNG	0.99995
GSM2405365	0	FFPE	PIN T, PPT	PIN T, PPT	0.95734	0.38558	PIN T, PPT	PIN T, PPT	0.95734
GSM2405368	0	FFPE	LGG, RGNT	LGG, RGNT	0.91466	0.33308	LGG, RGNT	LGG, RGNT	0.91466
GSM2405369	0	FFPE	LGG, RGNT	LGG, RGNT	0.99383	0.82254	LGG, RGNT	LGG, RGNT	0.99383
GSM2405370	0	FFPE	EWS	EWS	0.99999	0.98348	EWS	EWS	0.99999
GSM2405376	0	FFPE	GBM, RTK II	GBM, RTK II	0.98593	0.99753	MCF GBM	MCF GBM	0.99997
GSM2405380	0	FFPE	GBM, RTK III	GBM, RTK III	0.82986	0.65959	MCF GBM	MCF GBM	0.99303
GSM2405406	0	FFPE	CONTR, PONS	CONTR, PONS	0.99996	0.99330	CONTR, PONS	CONTR, PONS	0.99996
GSM2405407	0	FFPE	CONTR, PONS	CONTR, PONS	0.99981	0.98269	CONTR, PONS	CONTR, PONS	0.99981
GSM2405408	0	FFPE	CONTR, ADENOPIT	CONTR, ADENOPIT	0.99923	0.99239	CONTR, ADENOPIT	CONTR, ADENOPIT	0.99923
GSM2405411	0	FFPE	PIN T, PB B	PIN T, PB B	0.99999	0.99835	PIN T, PB B	PIN T, PB B	0.99999
GSM2405412	0	FFPE	CNS NB, FOXR2	CNS NB, FOXR2	0.99981	0.99919	CNS NB, FOXR2	CNS NB, FOXR2	0.99981
GSM2405423	0	FFPE	CNS NB, FOXR2	CNS NB, FOXR2	0.99981	0.99929	CNS NB, FOXR2	CNS NB, FOXR2	0.99981
GSM2405428	0	FFPE	GBM, MID	DMG, K27	0.49811	0.06347	MCF GBM	DMG, K27	0.49811
GSM2405439	0	FFPE	GBM, MES	GBM, MES	0.54945	0.04873	MCF GBM	MCF GBM	0.99985
GSM2405445	0	FFPE	GBM, RTK II	GBM, RTK II	0.54429	0.98055	MCF GBM	MCF GBM	0.99995
GSM2405451	0	FFPE	ANA PA	ANA PA	0.99972	0.99552	ANA PA	ANA PA	0.99972
GSM2405452	0	FFPE	A IDH, HG	A IDH, HG	0.95901	0.21228	MCF IDH GLM	MCF IDH GLM	0.96265
GSM2405457	0	FFPE	GBM, MES	GBM, RTK II	0.66142	0.95650	MCF GBM	MCF GBM	0.99961
GSM2405461	0	FFPE	LGG, DNT	LGG, DNT	1.00000	0.99427	LGG, DNT	LGG, DNT	1.00000
GSM2405466	0	FFPE	GBM, RTK II	GBM, RTK II	0.98191	0.49959	MCF GBM	MCF GBM	0.99521
GSM2405468	0	FFPE	LGG, MYB	LGG, MYB	0.99957	0.98695	LGG, MYB	LGG, MYB	0.99957
GSM2405470	0	Frozen	GBM, MES	GBM, MES	0.88560	0.99456	MCF GBM	MCF GBM	0.99996
GSM2405490	0	FFPE	GBM, MES	GBM, RTK II	0.75616	0.89317	MCF GBM	MCF GBM	0.99994
GSM2405494	0	FFPE	PITUI	PITUI	1.00000	0.99904	PITUI	PITUI	1.00000
GSM2405516	0	FFPE	LGG, PA PF	LGG, PA PF	0.99323	0.97257	MCF PA	MCF PA	0.99324
GSM2405524	0	FFPE	CNS NB, FOXR2	CNS NB, FOXR2	0.99981	0.99789	CNS NB, FOXR2	CNS NB, FOXR2	0.99981
GSM2405532	0	FFPE	LGG, GG	LGG, GG	0.99998	0.99283	LGG, GG	LGG, GG	0.99998
GSM2405541	0	FFPE	LGG, GG	LGG, GG	0.99958	0.92412	LGG, GG	LGG, GG	0.99958
GSM2405547	0	FFPE	DLGNT	DLGNT	0.99825	0.86895	DLGNT	DLGNT	0.99825
GSM2405556	0	FFPE	PITAD, ACTH	PITAD, ACTH	0.99999	0.99652	PITAD, ACTH	PITAD, ACTH	0.99999
GSM2405558	0	FFPE	PITUI	PITUI	1.00000	0.99473	PITUI	PITUI	1.00000
GSM2405560	0	Frozen	GBM, RTK II	GBM, RTK II	0.99600	0.98983	MCF GBM	MCF GBM	0.99998
GSM2405561	0	FFPE	GBM, MES	GBM, MES	0.92203	0.62993	MCF GBM	MCF GBM	0.99980
GSM2405567	0	FFPE	PITAD, ACTH	PITAD, ACTH	0.99998	0.99813	PITAD, ACTH	PITAD, ACTH	0.99998
GSM2405576	0	FFPE	ANA PA	ANA PA	0.99954	0.97290	ANA PA	ANA PA	0.99954
GSM2405581	0	FFPE	GBM, G34	GBM, G34	0.99999	0.99827	GBM, G34	GBM, G34	0.99999
GSM2405586	0	FFPE	PITAD, FSH LH	PITAD, FSH LH	0.99988	0.98024	PITAD, FSH LH	PITAD, FSH LH	0.99988
GSM2405595	0	FFPE	PIN T, PB B	PIN T, PB B	0.99998	0.98981	PIN T, PB B	PIN T, PB B	0.99998
GSM2405598	0	FFPE	PIN T, PB B	PIN T, PB B	0.99990	0.99284	PIN T, PB B	PIN T, PB B	0.99990
GSM2405602	0	FFPE	LGG, DIG/DIA	LGG, DIG/DIA	0.99735	0.78608	LGG, DIG/DIA	LGG, DIG/DIA	0.99735
GSM2405604	0	FFPE	CONTR, HEMI	CONTR, PONS	0.12376	0.02553	CONTR, HEMI	CONTR, PONS	0.12376
GSM2405609	0	FFPE	CONTR, HYPTHAL	CONTR, HYPTHAL	0.99999	0.98443	CONTR, HYPTHAL	CONTR, HYPTHAL	0.99999
GSM2405613	0	FFPE	CONTR, HYPTHAL	CONTR, HYPTHAL	0.99999	0.98854	CONTR, HYPTHAL	CONTR, HYPTHAL	0.99999
GSM2405615	0	FFPE	CHGL	CHGL	0.99998	0.97413	CHGL	CHGL	0.99998
GSM2405622	0	FFPE	PITAD, TSH	PITAD, TSH	0.99999	0.96847	PITAD, TSH	PITAD, TSH	0.99999
GSM2405626	0	FFPE	PITAD, TSH	PITAD, TSH	0.99996	0.96128	PITAD, TSH	PITAD, TSH	0.99996
GSM2405630	0	Frozen	IHG	IHG	0.98874	0.43642	IHG	IHG	0.98874
GSM2405634	0	FFPE	HGNET, MN1	HGNET, MN1	0.95876	0.26121	HGNET, MN1	HGNET, MN1	0.95876
GSM2405640	0	FFPE	ETMR	ETMR	0.99968	0.98599	ETMR	ETMR	0.99968
GSM2405644	0	FFPE	ENB, A	ENB, A	0.99999	0.99890	MCF ENB	MCF ENB	0.99999
GSM2405648	0	FFPE	ENB, A	ENB, A	0.99785	0.82308	MCF ENB	MCF ENB	0.99987
GSM2402857	1	Frozen	DMG, K27	DMG, K27	0.99996	0.97854	DMG, K27	DMG, K27	0.99996
GSM2402859	1	Frozen	GBM, G34	GBM, G34	0.93951	0.73551	GBM, G34	GBM, G34	0.93951
GSM2402869	1	Frozen	CONTR, CEBM	CONTR, CEBM	0.99751	0.96680	CONTR, CEBM	CONTR, CEBM	0.99751
GSM2402875	1	Frozen	DMG, K27	DMG, K27	0.99977	0.90371	DMG, K27	DMG, K27	0.99977
GSM2402881	1	Frozen	DMG, K27	DMG, K27	0.99997	0.99032	DMG, K27	DMG, K27	0.99997
GSM2402894	1	Frozen	LGG, PA PF	LGG, PA PF	0.99999	0.99049	MCF PA	MCF PA	1.00000
GSM2402897	1	Frozen	LGG, PA MID	LGG, PA MID	0.99899	0.98672	MCF PA	MCF PA	0.99899
GSM2402900	1	Frozen	LGG, PA PF	LGG, PA PF	1.00000	0.99658	MCF PA	MCF PA	1.00000
GSM2402905	1	Frozen	LGG, PA MID	LGG, PA PF	0.63579	0.20826	MCF PA	MCF PA	0.99812
GSM2402907	1	Frozen	LGG, PA PF	LGG, PA PF	0.99972	0.98966	MCF PA	MCF PA	0.99972
GSM2402909	1	Frozen	LGG, PA PF	LGG, PA PF	0.99998	0.99249	MCF PA	MCF PA	0.99998
GSM2402911	1	Frozen	MB, WNT	MB, WNT	0.99998	0.98885	MB, WNT	MB, WNT	0.99998
GSM2402918	1	Frozen	ATRT, TYR	ATRT, TYR	0.99997	0.98818	MCF ATRT	MCF ATRT	1.00000
GSM2402920	1	Frozen	ATRT, TYR	ATRT, TYR	0.99991	0.98400	MCF ATRT	MCF ATRT	0.99997
GSM2402930	1	Frozen	LGG, PA MID	LGG, PA MID	0.99973	0.98857	MCF PA	MCF PA	0.99975
GSM2402934	1	Frozen	MB, WNT	MB, WNT	0.99999	0.98965	MB, WNT	MB, WNT	0.99999
GSM2402953	1	Frozen	ATRT, TYR	ATRT, TYR	0.99985	0.98450	MCF ATRT	MCF ATRT	0.99998
GSM2402957	1	Frozen	ATRT, SHH	ATRT, SHH	0.94872	0.63135	MCF ATRT	MCF ATRT	0.99734
GSM2402967	1	Frozen	LGG, PA PF	LGG, PA PF	0.99976	0.97584	MCF PA	MCF PA	0.99999
GSM2402977	1	Frozen	ATRT, SHH	ATRT, SHH	1.00000	0.98651	MCF ATRT	MCF ATRT	1.00000
GSM2402978	1	Frozen	PIN T, PB A	PIN T, PB A	0.97685	0.22283	PIN T, PB A	PIN T, PB A	0.97685
GSM2402992	1	Frozen	EPN, YAP	EPN, YAP	0.99950	0.74687	EPN, YAP	EPN, YAP	0.99950
GSM2402995	1	Frozen	EPN, PF A	EPN, PF A	0.99992	0.99354	EPN, PF A	EPN, PF A	0.99992
GSM2403009	1	Frozen	MB, WNT	MB, WNT	0.99997	0.97234	MB, WNT	MB, WNT	0.99997
GSM2403012	1	Frozen	MB, G4	MB, G4	0.91921	0.39479	MCF MB G3G4	MCF MB G3G4	0.97376
GSM2403014	1	Frozen	MB, SHH CHL AD	MB, SHH CHL AD	0.99900	0.99319	MCF MB SHH	MCF MB SHH	0.99901
GSM2403016	1	Frozen	MB, SHH CHL AD	MB, SHH CHL AD	0.99982	0.99363	MCF MB SHH	MCF MB SHH	0.99983
GSM2403018	1	Frozen	MB, G4	MB, G4	0.99998	0.99128	MCF MB G3G4	MCF MB G3G4	0.99999
GSM2403021	1	Frozen	MB, SHH CHL AD	MB, SHH CHL AD	0.99841	0.99394	MCF MB SHH	MCF MB SHH	0.99842
GSM2403024	1	Frozen	MB, G4	MB, G4	0.99998	0.99363	MCF MB G3G4	MCF MB G3G4	0.99998
GSM2403028	1	Frozen	ETMR	ETMR	0.99944	0.87827	ETMR	ETMR	0.99944
GSM2403029	1	FFPE	LGG, PA PF	LGG, PA PF	0.99979	0.98265	MCF PA	MCF PA	0.99979
GSM2403047	1	Frozen	CNS NB, FOXR2	CNS NB, FOXR2	0.99998	0.97078	CNS NB, FOXR2	CNS NB, FOXR2	0.99998
GSM2403048	1	Frozen	ETMR	ETMR	0.99993	0.99137	ETMR	ETMR	0.99993
GSM2403052	1	Frozen	MB, G4	MB, G4	0.99999	0.99385	MCF MB G3G4	MCF MB G3G4	0.99999
GSM2403056	1	Frozen	MB, G4	MB, G4	0.99998	0.99386	MCF MB G3G4	MCF MB G3G4	0.99999
GSM2403065	1	Frozen	ETMR	ETMR	0.99993	0.99198	ETMR	ETMR	0.99993
GSM2403072	1	Frozen	ATRT, SHH	ATRT, SHH	1.00000	0.98920	MCF ATRT	MCF ATRT	1.00000
GSM2403073	1	Frozen	ATRT, SHH	ATRT, SHH	0.99981	0.96564	MCF ATRT	MCF ATRT	1.00000
GSM2403094	1	Frozen	GBM, MES	GBM, MES	0.65040	0.91426	MCF GBM	MCF GBM	0.99998
GSM2403095	1	Frozen	GBM, RTK II	GBM, RTK II	0.99549	0.93186	MCF GBM	MCF GBM	1.00000
GSM2403104	1	Frozen	GBM, RTK II	GBM, RTK II	0.99971	0.97736	MCF GBM	MCF GBM	1.00000
GSM2403113	1	Frozen	GBM, G34	GBM, G34	0.99998	0.98402	GBM, G34	GBM, G34	0.99998
GSM2403116	1	Frozen	GBM, G34	GBM, G34	0.99993	0.98264	GBM, G34	GBM, G34	0.99993
GSM2403117	1	Frozen	DMG, K27	DMG, K27	1.00000	0.99413	DMG, K27	DMG, K27	1.00000
GSM2403118	1	Frozen	GBM, G34	GBM, G34	0.91482	0.36574	GBM, G34	GBM, G34	0.91482
GSM2403121	1	FFPE	GBM, RTK II	GBM, RTK II	0.99760	0.95294	MCF GBM	MCF GBM	0.99947
GSM2403128	1	FFPE	EPN, PF B	EPN, PF B	0.99990	0.96113	EPN, PF B	EPN, PF B	0.99990
GSM2403133	1	Frozen	MB, G4	MB, G4	0.99998	0.99349	MCF MB G3G4	MCF MB G3G4	0.99998
GSM2403140	1	Frozen	LGG, PA PF	LGG, PA PF	1.00000	0.99052	MCF PA	MCF PA	1.00000
GSM2403141	1	Frozen	LGG, PA PF	LGG, PA PF	0.99999	0.99520	MCF PA	MCF PA	0.99999
GSM2403142	1	Frozen	LGG, PA PF	LGG, PA PF	1.00000	0.99560	MCF PA	MCF PA	1.00000
GSM2403144	1	Frozen	MB, G4	MB, G4	0.99997	0.98349	MCF MB G3G4	MCF MB G3G4	0.99997
GSM2403145	1	Frozen	MB, G4	MB, G4	0.99999	0.99207	MCF MB G3G4	MCF MB G3G4	0.99999
GSM2403147	1	Frozen	MB, WNT	MB, WNT	0.99997	0.99223	MB, WNT	MB, WNT	0.99997
GSM2403150	1	Frozen	LGG, PA PF	LGG, PA PF	0.99991	0.98546	MCF PA	MCF PA	0.99992
GSM2403152	1	Frozen	LGG, PA PF	LGG, PA PF	0.99986	0.95524	MCF PA	MCF PA	0.99998
GSM2403159	1	Frozen	LGG, PA PF	LGG, PA PF	0.99975	0.99451	MCF PA	MCF PA	0.99975
GSM2403160	1	Frozen	LGG, PA PF	LGG, PA PF	0.99508	0.98312	MCF PA	MCF PA	0.99509
GSM2403161	1	Frozen	LGG, PA PF	LGG, PA PF	1.00000	0.99586	MCF PA	MCF PA	1.00000
GSM2403169	1	Frozen	LGG, PA PF	LGG, PA PF	0.99995	0.96849	MCF PA	MCF PA	0.99995
GSM2403172	1	Frozen	LGG, PA PF	LGG, PA PF	0.99994	0.98919	MCF PA	MCF PA	0.99994
GSM2403182	1	Frozen	EPN, RELA	EPN, RELA	0.99976	0.91706	EPN, RELA	EPN, RELA	0.99976
GSM2403184	1	Frozen	EPN, RELA	EPN, RELA	0.99998	0.98342	EPN, RELA	EPN, RELA	0.99998
GSM2403189	1	Frozen	HGNET, BCOR	HGNET, BCOR	0.96754	0.51038	HGNET, BCOR	HGNET, BCOR	0.96754
GSM2403197	1	Frozen	EPN, RELA	EPN, RELA	0.99997	0.99453	EPN, RELA	EPN, RELA	0.99997
GSM2403204	1	Frozen	EPN, RELA	EPN, RELA	0.99997	0.99460	EPN, RELA	EPN, RELA	0.99997
GSM2403207	1	Frozen	SUBEPN, ST	SUBEPN, ST	0.99994	0.94829	SUBEPN, ST	SUBEPN, ST	0.99994
GSM2403214	1	Frozen	EPN, RELA	EPN, RELA	1.00000	0.98954	EPN, RELA	EPN, RELA	1.00000
GSM2403217	1	Frozen	LGG, PA PF	LGG, PA PF	0.99905	0.96439	MCF PA	MCF PA	0.99905
GSM2403219	1	Frozen	LGG, PA MID	LGG, PA MID	0.85138	0.37629	MCF PA	MCF PA	0.98780
GSM2403234	1	Frozen	CONTR, CEBM	CONTR, CEBM	0.99109	0.89668	CONTR, CEBM	CONTR, CEBM	0.99109
GSM2403250	1	FFPE	MB, G4	MB, G4	0.99984	0.98166	MCF MB G3G4	MCF MB G3G4	0.99998
GSM2403258	1	FFPE	MB, SHH INF	MB, SHH INF	0.99975	0.97977	MCF MB SHH	MCF MB SHH	0.99975
GSM2403261	1	FFPE	MB, SHH INF	MB, SHH CHL AD	0.97608	0.57844	MCF MB SHH	MCF MB SHH	0.99518
GSM2403262	1	FFPE	MB, G4	MB, G4	0.99753	0.92650	MCF MB G3G4	MCF MB G3G4	0.99994
GSM2403263	1	FFPE	MB, G3	MB, G3	0.99997	0.99449	MCF MB G3G4	MCF MB G3G4	0.99998
GSM2403270	1	FFPE	MB, G3	MB, G3	0.99995	0.97494	MCF MB G3G4	MCF MB G3G4	0.99995
GSM2403275	1	FFPE	MB, G3	MB, G3	0.99998	0.99535	MCF MB G3G4	MCF MB G3G4	0.99998
GSM2403277	1	FFPE	MB, G4	MB, G4	0.99999	0.99068	MCF MB G3G4	MCF MB G3G4	0.99999
GSM2403282	1	FFPE	MB, G3	MB, G3	0.99995	0.98493	MCF MB G3G4	MCF MB G3G4	0.99998
GSM2403284	1	FFPE	MB, G4	MB, G4	0.99956	0.95823	MCF MB G3G4	MCF MB G3G4	0.99988
GSM2403286	1	FFPE	MB, G4	MB, G4	0.99999	0.99474	MCF MB G3G4	MCF MB G3G4	0.99999
GSM2403287	1	FFPE	MB, G3	MB, G3	0.99999	0.99225	MCF MB G3G4	MCF MB G3G4	0.99999
GSM2403289	1	FFPE	MB, G4	MB, G4	0.99996	0.98350	MCF MB G3G4	MCF MB G3G4	0.99999
GSM2403297	1	FFPE	MB, G4	MB, G4	0.99998	0.99399	MCF MB G3G4	MCF MB G3G4	0.99998
GSM2403298	1	FFPE	MB, G3	MB, G3	0.99989	0.96800	MCF MB G3G4	MCF MB G3G4	0.99997
GSM2403300	1	FFPE	MB, WNT	MB, WNT	0.12339	0.02607	MB, WNT	MB, WNT	0.12339
GSM2403304	1	FFPE	MB, G3	MB, G3	0.99999	0.99384	MCF MB G3G4	MCF MB G3G4	0.99999
GSM2403310	1	FFPE	MB, G4	MB, G4	0.99998	0.99373	MCF MB G3G4	MCF MB G3G4	0.99998
GSM2403319	1	FFPE	MB, WNT	MB, WNT	0.99996	0.99219	MB, WNT	MB, WNT	0.99996
GSM2403322	1	FFPE	MB, WNT	MB, WNT	0.99998	0.98659	MB, WNT	MB, WNT	0.99998
GSM2403324	1	FFPE	ETMR	ETMR	0.99990	0.96370	ETMR	ETMR	0.99990
GSM2403330	1	FFPE	MB, G3	MB, G3	0.99998	0.99081	MCF MB G3G4	MCF MB G3G4	0.99999
GSM2403341	1	FFPE	MB, SHH INF	MB, SHH CHL AD	0.71578	0.50158	MCF MB SHH	MCF MB SHH	0.99706
GSM2403353	1	FFPE	MB, G4	MB, G4	0.99998	0.99343	MCF MB G3G4	MCF MB G3G4	0.99998
GSM2403358	1	FFPE	MB, SHH CHL AD	MB, SHH CHL AD	0.99959	0.99413	MCF MB SHH	MCF MB SHH	0.99961
GSM2403360	1	FFPE	MB, G4	MB, G4	0.99998	0.99285	MCF MB G3G4	MCF MB G3G4	0.99998
GSM2403364	1	FFPE	MB, G4	MB, G4	0.99998	0.99376	MCF MB G3G4	MCF MB G3G4	0.99998
GSM2403365	1	FFPE	MB, WNT	MB, WNT	0.99998	0.97734	MB, WNT	MB, WNT	0.99998
GSM2403367	1	FFPE	MB, G3	MB, G3	0.99281	0.82270	MCF MB G3G4	MCF MB G3G4	0.99592
GSM2403368	1	FFPE	MB, G3	MB, G3	0.99933	0.96370	MCF MB G3G4	MCF MB G3G4	0.99999
GSM2403377	1	FFPE	MB, G4	MB, G4	0.99998	0.99242	MCF MB G3G4	MCF MB G3G4	0.99998
GSM2403397	1	FFPE	MB, G4	MB, G4	0.99998	0.99258	MCF MB G3G4	MCF MB G3G4	0.99998
GSM2403401	1	FFPE	MB, G3	MB, G3	0.99954	0.96557	MCF MB G3G4	MCF MB G3G4	0.99961
GSM2403407	1	Frozen	MB, SHH CHL AD	MB, SHH CHL AD	0.99885	0.88981	MCF MB SHH	MCF MB SHH	0.99891
GSM2403408	1	Frozen	MB, G3	MB, G3	0.99992	0.97916	MCF MB G3G4	MCF MB G3G4	0.99995
GSM2403415	1	Frozen	MB, SHH CHL AD	MB, SHH CHL AD	0.99933	0.98271	MCF MB SHH	MCF MB SHH	0.99936
GSM2403417	1	Frozen	MB, G4	MB, G4	0.99997	0.99233	MCF MB G3G4	MCF MB G3G4	0.99997
GSM2403419	1	Frozen	MB, SHH CHL AD	MB, SHH CHL AD	0.99940	0.99295	MCF MB SHH	MCF MB SHH	0.99941
GSM2403423	1	Frozen	LGG, PA MID	LGG, PA MID	0.99965	0.97101	MCF PA	MCF PA	0.99966
GSM2403424	1	Frozen	ETMR	ETMR	0.99996	0.99308	ETMR	ETMR	0.99996
GSM2403425	1	Frozen	GBM, G34	GBM, G34	0.99977	0.98552	GBM, G34	GBM, G34	0.99977
GSM2403433	1	Frozen	MB, G3	MB, G3	0.99987	0.96763	MCF MB G3G4	MCF MB G3G4	0.99987
GSM2403448	1	Frozen	LGG, PA MID	LGG, PA MID	0.99459	0.93571	MCF PA	MCF PA	0.99959
GSM2403455	1	Frozen	CONTR, REACT	CONTR, REACT	0.99970	0.95186	CONTR, REACT	CONTR, REACT	0.99970
GSM2403462	1	Frozen	EFT, CIC	EFT, CIC	0.98477	0.76200	EFT, CIC	EFT, CIC	0.98477
GSM2403463	1	Frozen	ATRT, MYC	ATRT, MYC	0.99994	0.97225	MCF ATRT	MCF ATRT	0.99995
GSM2403464	1	Frozen	MB, SHH CHL AD	MB, SHH CHL AD	0.99998	0.98236	MCF MB SHH	MCF MB SHH	0.99998
GSM2403467	1	Frozen	ETMR	ETMR	0.99991	0.97922	ETMR	ETMR	0.99991
GSM2403470	1	Frozen	MB, G3	MB, G3	0.99384	0.96082	MCF MB G3G4	MCF MB G3G4	0.99385
GSM2403472	1	Frozen	GBM, RTK II	GBM, MES	0.95168	0.82136	MCF GBM	MCF GBM	1.00000
GSM2403473	1	Frozen	GBM, RTK I	GBM, RTK I	0.99749	0.95131	MCF GBM	MCF GBM	1.00000
GSM2403477	1	Frozen	GBM, RTK II	GBM, RTK II	0.99974	0.99002	MCF GBM	MCF GBM	0.99999
GSM2403483	1	Frozen	GBM, RTK I	GBM, RTK I	0.99935	0.96213	MCF GBM	MCF GBM	1.00000
GSM2403491	1	Frozen	LGG, PA PF	LGG, PA PF	0.99998	0.98172	MCF PA	MCF PA	0.99999
GSM2403504	1	FFPE	SCHW	SCHW	0.99917	0.46239	SCHW	SCHW	0.99917
GSM2403506	1	FFPE	LGG, SEGA	LGG, SEGA	0.99999	0.95210	LGG, SEGA	LGG, SEGA	0.99999
GSM2403515	1	FFPE	CNS NB, FOXR2	CNS NB, FOXR2	0.99958	0.84849	CNS NB, FOXR2	CNS NB, FOXR2	0.99958
GSM2403518	1	FFPE	CNS NB, FOXR2	CNS NB, FOXR2	1.00000	0.99293	CNS NB, FOXR2	CNS NB, FOXR2	1.00000
GSM2403522	1	FFPE	ETMR	ETMR	0.99996	0.99159	ETMR	ETMR	0.99996
GSM2403526	1	FFPE	CNS NB, FOXR2	CNS NB, FOXR2	0.99999	0.98883	CNS NB, FOXR2	CNS NB, FOXR2	0.99999
GSM2403533	1	Frozen	CONTR, HEMI	CONTR, HEMI	0.99404	0.99585	CONTR, HEMI	CONTR, HEMI	0.99404
GSM2403534	1	Frozen	CONTR, HEMI	CONTR, HEMI	0.99841	0.98663	CONTR, HEMI	CONTR, HEMI	0.99841
GSM2403537	1	Frozen	MNG	MNG	0.99999	0.99387	MNG	MNG	0.99999
GSM2403544	1	Frozen	MNG	MNG	0.99999	0.99198	MNG	MNG	0.99999
GSM2403545	1	Frozen	MNG	MNG	0.99997	0.99023	MNG	MNG	0.99997
GSM2403546	1	Frozen	MNG	MNG	0.99999	0.99299	MNG	MNG	0.99999
GSM2403548	1	Frozen	MNG	MNG	0.99995	0.99129	MNG	MNG	0.99995
GSM2403551	1	Frozen	MNG	MNG	0.99993	0.98749	MNG	MNG	0.99993
GSM2403559	1	Frozen	MNG	MNG	0.99998	0.99198	MNG	MNG	0.99998
GSM2403562	1	Frozen	MNG	MNG	0.99999	0.99335	MNG	MNG	0.99999
GSM2403566	1	Frozen	MNG	MNG	0.99999	0.99224	MNG	MNG	0.99999
GSM2403574	1	FFPE	O IDH	O IDH	0.99993	0.98530	MCF IDH GLM	MCF IDH GLM	1.00000
GSM2403579	1	FFPE	LGG, MYB	LGG, MYB	0.99999	0.98413	LGG, MYB	LGG, MYB	0.99999
GSM2403591	1	FFPE	A IDH	A IDH	0.99338	0.84120	MCF IDH GLM	MCF IDH GLM	0.99999
GSM2403596	1	Frozen	MNG	MNG	0.99998	0.99320	MNG	MNG	0.99998
GSM2403602	1	Frozen	MB, SHH CHL AD	MB, SHH CHL AD	0.99974	0.98981	MCF MB SHH	MCF MB SHH	0.99979
GSM2403609	1	FFPE	A IDH	A IDH	0.99996	0.96177	MCF IDH GLM	MCF IDH GLM	1.00000
GSM2403610	1	FFPE	LGG, PA/GG ST	LGG, PA/GG ST	0.86340	0.30059	MCF PA	MCF PA	0.91860
GSM2403613	1	FFPE	CONTR, REACT	CONTR, REACT	0.99974	0.97459	CONTR, REACT	CONTR, REACT	0.99974
GSM2403616	1	FFPE	O IDH	O IDH	0.99999	0.98732	MCF IDH GLM	MCF IDH GLM	1.00000
GSM2403622	1	FFPE	MB, SHH CHL AD	MB, SHH CHL AD	0.99946	0.98880	MCF MB SHH	MCF MB SHH	0.99947
GSM2403624	1	FFPE	SUBEPN, ST	SUBEPN, ST	0.99944	0.65718	SUBEPN, ST	SUBEPN, ST	0.99944
GSM2403629	1	FFPE	CN	CN	0.99991	0.96752	CN	CN	0.99991
GSM2403640	1	FFPE	SUBEPN, ST	SUBEPN, ST	0.99995	0.84864	SUBEPN, ST	SUBEPN, ST	0.99995
GSM2403656	1	FFPE	PXA	PXA	0.99997	0.99114	PXA	PXA	0.99997
GSM2403659	1	FFPE	ANA PA	ANA PA	0.99994	0.82625	ANA PA	ANA PA	0.99994
GSM2403667	1	FFPE	ETMR	ETMR	0.99994	0.99323	ETMR	ETMR	0.99994
GSM2403675	1	Frozen	GBM, MES	GBM, MES	0.92206	0.94269	MCF GBM	MCF GBM	0.99996
GSM2403679	1	Frozen	GBM, RTK II	GBM, RTK II	0.98969	0.96738	MCF GBM	MCF GBM	1.00000
GSM2403682	1	Frozen	GBM, RTK II	GBM, RTK II	0.99579	0.92823	MCF GBM	MCF GBM	1.00000
GSM2403683	1	Frozen	GBM, RTK II	GBM, RTK II	0.84609	0.96827	MCF GBM	MCF GBM	1.00000
GSM2403684	1	Frozen	GBM, MES	GBM, MES	0.92852	0.59803	MCF GBM	MCF GBM	1.00000
GSM2403685	1	Frozen	GBM, RTK II	GBM, RTK II	0.81833	0.73712	MCF GBM	MCF GBM	0.99998
GSM2403689	1	Frozen	GBM, RTK II	GBM, RTK II	0.99748	0.98054	MCF GBM	MCF GBM	1.00000
GSM2403692	1	Frozen	MB, SHH INF	MB, SHH INF	0.99958	0.97955	MCF MB SHH	MCF MB SHH	0.99972
GSM2403698	1	Frozen	MB, SHH INF	MB, SHH INF	0.99758	0.96167	MCF MB SHH	MCF MB SHH	0.99899
GSM2403700	1	Frozen	MB, SHH INF	MB, SHH INF	0.99994	0.99127	MCF MB SHH	MCF MB SHH	0.99994
GSM2403703	1	FFPE	LGG, PA/GG ST	LGG, PA/GG ST	0.99841	0.91296	MCF PA	MCF PA	0.99842
GSM2403706	1	FFPE	LYMPHO	LYMPHO	0.99759	0.97449	LYMPHO	LYMPHO	0.99759
GSM2403708	1	FFPE	LGG, PA/GG ST	LGG, PA/GG ST	0.97198	0.56242	MCF PA	MCF PA	0.97649
GSM2403712	1	FFPE	CPH, ADM	CPH, ADM	1.00000	0.99369	CPH, ADM	CPH, ADM	1.00000
GSM2403715	1	FFPE	CPH, PAP	CPH, PAP	0.99996	0.95959	CPH, PAP	CPH, PAP	0.99996
GSM2403717	1	FFPE	CONTR, REACT	CONTR, REACT	0.99888	0.94774	CONTR, REACT	CONTR, REACT	0.99888
GSM2403723	1	FFPE	ENB, A	ENB, A	0.96780	0.71590	MCF ENB	MCF ENB	0.99979
GSM2403726	1	FFPE	A IDH	A IDH	0.99565	0.95172	MCF IDH GLM	MCF IDH GLM	1.00000
GSM2403728	1	FFPE	A IDH	A IDH	0.99905	0.77211	MCF IDH GLM	MCF IDH GLM	0.99969
GSM2403731	1	FFPE	CONTR, PINEAL	CONTR, PINEAL	0.99973	0.95171	CONTR, PINEAL	CONTR, PINEAL	0.99973
GSM2403735	1	FFPE	A IDH, HG	A IDH, HG	0.99820	0.97856	MCF IDH GLM	MCF IDH GLM	0.99820
GSM2403739	1	FFPE	PGG, nC	PGG, nC	0.99980	0.93339	PGG, nC	PGG, nC	0.99980
GSM2403744	1	FFPE	PIN T, PPT	PIN T, PPT	0.99941	0.84393	PIN T, PPT	PIN T, PPT	0.99941
GSM2403746	1	FFPE	PIN T, PPT	PIN T, PPT	0.99960	0.98948	PIN T, PPT	PIN T, PPT	0.99960
GSM2403758	1	FFPE	LGG, RGNT	LGG, RGNT	0.99921	0.40001	LGG, RGNT	LGG, RGNT	0.99921
GSM2403762	1	Frozen	DMG, K27	DMG, K27	1.00000	0.99323	DMG, K27	DMG, K27	1.00000
GSM2403773	1	FFPE	CN	CN	0.99931	0.87613	CN	CN	0.99931
GSM2403782	1	FFPE	EPN, PF A	EPN, PF A	0.99883	0.98520	EPN, PF A	EPN, PF A	0.99883
GSM2403788	1	FFPE	CPH, PAP	CPH, PAP	0.99975	0.85185	CPH, PAP	CPH, PAP	0.99975
GSM2403792	1	FFPE	EPN, RELA	EPN, RELA	0.99995	0.93586	EPN, RELA	EPN, RELA	0.99995
GSM2403796	1	FFPE	EPN, RELA	EPN, RELA	0.99959	0.98923	EPN, RELA	EPN, RELA	0.99959
GSM2403801	1	FFPE	EPN, RELA	EPN, RELA	0.99996	0.99172	EPN, RELA	EPN, RELA	0.99996
GSM2403812	1	FFPE	EPN, RELA	EPN, RELA	0.99999	0.98240	EPN, RELA	EPN, RELA	0.99999
GSM2403816	1	FFPE	EPN, PF A	EPN, PF A	0.99994	0.99261	EPN, PF A	EPN, PF A	0.99994
GSM2403818	1	FFPE	EPN, PF A	EPN, PF A	0.99979	0.97593	EPN, PF A	EPN, PF A	0.99979
GSM2403819	1	FFPE	EPN, PF A	EPN, PF A	0.99953	0.96307	EPN, PF A	EPN, PF A	0.99953
GSM2403820	1	FFPE	EPN, PF A	EPN, PF A	0.99981	0.98298	EPN, PF A	EPN, PF A	0.99981
GSM2403829	1	Frozen	MB, SHH CHL AD	MB, SHH CHL AD	0.99885	0.99341	MCF MB SHH	MCF MB SHH	0.99885
GSM2403830	1	Frozen	MB, SHH CHL AD	MB, SHH CHL AD	0.99996	0.98605	MCF MB SHH	MCF MB SHH	0.99996
GSM2403833	1	Frozen	HGNET, BCOR	HGNET, BCOR	0.99355	0.55506	HGNET, BCOR	HGNET, BCOR	0.99355
GSM2403836	1	Frozen	MB, SHH CHL AD	MB, SHH CHL AD	0.99911	0.99322	MCF MB SHH	MCF MB SHH	0.99911
GSM2403838	1	Frozen	MB, SHH INF	MB, SHH INF	0.98976	0.96257	MCF MB SHH	MCF MB SHH	0.99979
GSM2403841	1	FFPE	A IDH, HG	A IDH, HG	0.94245	0.54304	MCF IDH GLM	MCF IDH GLM	0.99947
GSM2403843	1	FFPE	EPN, PF A	EPN, PF A	0.99971	0.97759	EPN, PF A	EPN, PF A	0.99971
GSM2403844	1	FFPE	LIPN	LIPN	0.99815	0.91882	LIPN	LIPN	0.99815
GSM2403845	1	FFPE	MB, G4	MB, G4	0.99998	0.99353	MCF MB G3G4	MCF MB G3G4	0.99999
GSM2403851	1	FFPE	PITUI	PITUI	0.99994	0.96407	PITUI	PITUI	0.99994
GSM2403853	1	FFPE	EPN, RELA	EPN, RELA	0.99994	0.99132	EPN, RELA	EPN, RELA	0.99994
GSM2403856	1	FFPE	EPN, RELA	EPN, RELA	0.99996	0.99360	EPN, RELA	EPN, RELA	0.99996
GSM2403863	1	FFPE	EPN, YAP	EPN, YAP	0.99921	0.96884	EPN, YAP	EPN, YAP	0.99921
GSM2403878	1	FFPE	EPN, PF A	EPN, PF A	0.99991	0.97948	EPN, PF A	EPN, PF A	0.99991
GSM2403879	1	FFPE	EPN, PF A	EPN, PF A	0.99951	0.97324	EPN, PF A	EPN, PF A	0.99951
GSM2403883	1	FFPE	EPN, PF A	EPN, PF A	0.99995	0.99369	EPN, PF A	EPN, PF A	0.99995
GSM2403891	1	Frozen	MB, SHH INF	MB, SHH INF	0.25505	0.14098	MCF MB SHH	MCF MB SHH	0.26328
GSM2403892	1	Frozen	MB, SHH CHL AD	MB, SHH CHL AD	0.99988	0.98964	MCF MB SHH	MCF MB SHH	0.99991
GSM2403894	1	Frozen	CNS NB, FOXR2	CNS NB, FOXR2	0.99994	0.95984	CNS NB, FOXR2	CNS NB, FOXR2	0.99994
GSM2403901	1	FFPE	SCHW	SCHW	0.99999	0.85181	SCHW	SCHW	0.99999
GSM2403903	1	FFPE	CPH, PAP	CPH, PAP	1.00000	0.98776	CPH, PAP	CPH, PAP	1.00000
GSM2403905	1	FFPE	HMB	HMB	0.99999	0.99494	HMB	HMB	0.99999
GSM2403911	1	FFPE	HMB	HMB	0.99990	0.97632	HMB	HMB	0.99990
GSM2403914	1	FFPE	HMB	HMB	0.99995	0.98052	HMB	HMB	0.99995
GSM2403916	1	FFPE	CPH, PAP	CPH, PAP	0.99988	0.87896	CPH, PAP	CPH, PAP	0.99988
GSM2403919	1	Frozen	MB, SHH CHL AD	MB, SHH CHL AD	0.99984	0.96754	MCF MB SHH	MCF MB SHH	0.99987
GSM2403920	1	FFPE	PTPR, B	PTPR, B	0.99992	0.95539	PTPR, B	PTPR, B	0.99992
GSM2403923	1	FFPE	PTPR, B	PTPR, B	0.99999	0.96352	PTPR, B	PTPR, B	0.99999
GSM2403929	1	FFPE	PTPR, A	PTPR, A	0.97952	0.60194	PTPR, A	PTPR, A	0.97952
GSM2403949	1	FFPE	HMB	HMB	0.99996	0.99317	HMB	HMB	0.99996
GSM2403952	1	FFPE	O IDH	O IDH	0.99993	0.98154	MCF IDH GLM	MCF IDH GLM	1.00000
GSM2403955	1	FFPE	SCHW	SCHW	1.00000	0.97526	SCHW	SCHW	1.00000
GSM2403971	1	Frozen	EPN, PF B	EPN, PF B	0.98563	0.98407	EPN, PF B	EPN, PF B	0.98563
GSM2403973	1	Frozen	EPN, PF B	EPN, PF B	0.99999	0.98321	EPN, PF B	EPN, PF B	0.99999
GSM2403981	1	Frozen	EPN, RELA	EPN, RELA	0.99997	0.99228	EPN, RELA	EPN, RELA	0.99997
GSM2403989	1	FFPE	PGG, nC	PGG, nC	0.99998	0.97042	PGG, nC	PGG, nC	0.99998
GSM2403993	1	FFPE	PGG, nC	PGG, nC	0.99997	0.96683	PGG, nC	PGG, nC	0.99997
GSM2403996	1	FFPE	EPN, MPE	EPN, MPE	1.00000	0.98870	EPN, MPE	EPN, MPE	1.00000
GSM2404001	1	FFPE	CPH, ADM	CPH, ADM	1.00000	0.99112	CPH, ADM	CPH, ADM	1.00000
GSM2404004	1	FFPE	EPN, MPE	EPN, MPE	0.99997	0.93402	EPN, MPE	EPN, MPE	0.99997
GSM2404015	1	FFPE	PLEX, AD	PLEX, AD	0.99466	0.46225	MCF PLEX T	MCF PLEX T	0.99778
GSM2404020	1	FFPE	HGNET, MN1	HGNET, MN1	0.99991	0.86605	HGNET, MN1	HGNET, MN1	0.99991
GSM2404026	1	FFPE	GBM, MYCN	GBM, MYCN	0.89733	0.13819	MCF GBM	MCF GBM	0.98085
GSM2404027	1	FFPE	PXA	PXA	0.99707	0.90358	PXA	PXA	0.99707
GSM2404033	1	FFPE	LGG, DNT	LGG, DNT	0.99996	0.92243	LGG, DNT	LGG, DNT	0.99996
GSM2404041	1	FFPE	DMG, K27	DMG, K27	0.91830	0.58813	DMG, K27	DMG, K27	0.91830
GSM2404052	1	FFPE	EPN, RELA	EPN, RELA	0.99995	0.98940	EPN, RELA	EPN, RELA	0.99995
GSM2404057	1	FFPE	SUBEPN, PF	SUBEPN, PF	0.99998	0.96739	SUBEPN, PF	SUBEPN, PF	0.99998
GSM2404059	1	FFPE	O IDH	O IDH	0.99997	0.99249	MCF IDH GLM	MCF IDH GLM	0.99999
GSM2404063	1	FFPE	EPN, PF A	EPN, PF A	0.99915	0.96403	EPN, PF A	EPN, PF A	0.99915
GSM2404066	1	Frozen	MB, SHH INF	MB, SHH INF	0.83899	0.47009	MCF MB SHH	MCF MB SHH	0.92124
GSM2404067	1	Frozen	GBM, MID	GBM, MID	0.97515	0.78613	MCF GBM	MCF GBM	0.99099
GSM2404072	1	FFPE	EPN, PF A	EPN, PF A	0.99989	0.99081	EPN, PF A	EPN, PF A	0.99989
GSM2404078	1	FFPE	MNG	MNG	0.99956	0.87830	MNG	MNG	0.99956
GSM2404086	1	FFPE	MNG	MNG	0.99999	0.98964	MNG	MNG	0.99999
GSM2404087	1	FFPE	MNG	MNG	0.99998	0.97991	MNG	MNG	0.99998
GSM2404091	1	FFPE	MNG	MNG	0.99999	0.99329	MNG	MNG	0.99999
GSM2404106	1	FFPE	A IDH	A IDH	0.99666	0.89976	MCF IDH GLM	MCF IDH GLM	0.99997
GSM2404108	1	FFPE	O IDH	O IDH	0.99998	0.99039	MCF IDH GLM	MCF IDH GLM	0.99999
GSM2404117	1	FFPE	A IDH, HG	A IDH, HG	0.71384	0.38205	MCF IDH GLM	MCF IDH GLM	0.99996
GSM2404123	1	Frozen	ATRT, SHH	ATRT, SHH	0.91265	0.42807	MCF ATRT	MCF ATRT	0.99235
GSM2404128	1	Frozen	ATRT, MYC	ATRT, MYC	0.99589	0.96028	MCF ATRT	MCF ATRT	0.99999
GSM2404136	1	FFPE	SUBEPN, PF	SUBEPN, PF	1.00000	0.99147	SUBEPN, PF	SUBEPN, PF	1.00000
GSM2404145	1	FFPE	CHGL	CHGL	0.99985	0.98349	CHGL	CHGL	0.99985
GSM2404147	1	FFPE	SUBEPN, PF	SUBEPN, PF	1.00000	0.99093	SUBEPN, PF	SUBEPN, PF	1.00000
GSM2404150	1	FFPE	ATRT, TYR	ATRT, TYR	0.99990	0.97320	MCF ATRT	MCF ATRT	0.99991
GSM2404151	1	FFPE	ATRT, TYR	ATRT, TYR	0.99998	0.98050	MCF ATRT	MCF ATRT	0.99999
GSM2404152	1	FFPE	ATRT, SHH	ATRT, SHH	0.99999	0.98125	MCF ATRT	MCF ATRT	1.00000
GSM2404156	1	FFPE	ATRT, MYC	ATRT, MYC	0.99996	0.99198	MCF ATRT	MCF ATRT	0.99997
GSM2404157	1	FFPE	ATRT, SHH	ATRT, SHH	0.99999	0.98517	MCF ATRT	MCF ATRT	1.00000
GSM2404159	1	FFPE	ATRT, SHH	ATRT, SHH	0.97663	0.46525	MCF ATRT	MCF ATRT	0.99054
GSM2404163	1	FFPE	ATRT, TYR	ATRT, TYR	0.99981	0.94206	MCF ATRT	MCF ATRT	0.99997
GSM2404181	1	FFPE	EPN, PF A	EPN, PF A	0.99980	0.98909	EPN, PF A	EPN, PF A	0.99980
GSM2404185	1	FFPE	SUBEPN, PF	SUBEPN, PF	0.88885	0.36086	SUBEPN, PF	SUBEPN, PF	0.88885
GSM2404188	1	FFPE	SUBEPN, PF	SUBEPN, PF	0.99956	0.85987	SUBEPN, PF	SUBEPN, PF	0.99956
GSM2404190	1	FFPE	LGG, PA MID	LGG, PA MID	0.99779	0.71180	MCF PA	MCF PA	0.99868
GSM2404191	1	FFPE	PLEX, PED B	PLEX, PED B	0.99998	0.93207	MCF PLEX T	MCF PLEX T	0.99999
GSM2404197	1	FFPE	SUBEPN, ST	SUBEPN, ST	0.99999	0.96606	SUBEPN, ST	SUBEPN, ST	0.99999
GSM2404203	1	FFPE	PLEX, PED B	PLEX, PED B	1.00000	0.96658	MCF PLEX T	MCF PLEX T	1.00000
GSM2404208	1	FFPE	GBM, RTK I	GBM, RTK I	0.99984	0.94872	MCF GBM	MCF GBM	1.00000
GSM2404210	1	FFPE	A IDH	A IDH	0.99837	0.95075	MCF IDH GLM	MCF IDH GLM	1.00000
GSM2404234	1	FFPE	O IDH	O IDH	0.93353	0.86133	MCF IDH GLM	MCF IDH GLM	0.99994
GSM2404248	1	FFPE	MELCYT	MELCYT	0.99999	0.97721	MELCYT	MELCYT	0.99999
GSM2404250	1	FFPE	MELAN	MELAN	0.97487	0.13967	MELAN	MELAN	0.97487
GSM2404259	1	FFPE	SUBEPN, PF	SUBEPN, PF	0.99999	0.98031	SUBEPN, PF	SUBEPN, PF	0.99999
GSM2404263	1	FFPE	SCHW, MEL	SCHW, MEL	0.98734	0.67012	SCHW, MEL	SCHW, MEL	0.98734
GSM2404265	1	Frozen	CNS NB, FOXR2	CNS NB, FOXR2	1.00000	0.98640	CNS NB, FOXR2	CNS NB, FOXR2	1.00000
GSM2404267	1	Frozen	MB, SHH CHL AD	MB, SHH CHL AD	0.99972	0.99271	MCF MB SHH	MCF MB SHH	0.99974
GSM2404269	1	Frozen	MB, SHH INF	MB, SHH INF	0.99201	0.93271	MCF MB SHH	MCF MB SHH	0.99393
GSM2404272	1	FFPE	PGG, nC	PGG, nC	0.99792	0.76733	PGG, nC	PGG, nC	0.99792
GSM2404288	1	FFPE	EPN, SPINE	EPN, SPINE	0.99994	0.93796	EPN, SPINE	EPN, SPINE	0.99994
GSM2404291	1	FFPE	EPN, SPINE	EPN, SPINE	0.99999	0.98245	EPN, SPINE	EPN, SPINE	0.99999
GSM2404294	1	FFPE	EPN, SPINE	EPN, SPINE	0.99911	0.90930	EPN, SPINE	EPN, SPINE	0.99911
GSM2404306	1	FFPE	LGG, DIG/DIA	LGG, DIG/DIA	0.96973	0.81191	LGG, DIG/DIA	LGG, DIG/DIA	0.96973
GSM2404308	1	Frozen	EPN, PF A	EPN, PF A	0.99906	0.95536	EPN, PF A	EPN, PF A	0.99906
GSM2404317	1	FFPE	LGG, MYB	LGG, MYB	0.99997	0.98474	LGG, MYB	LGG, MYB	0.99997
GSM2404321	1	FFPE	LGG, DNT	LGG, DNT	0.99996	0.97317	LGG, DNT	LGG, DNT	0.99996
GSM2404332	1	FFPE	LGG, GG	LGG, GG	0.99903	0.91148	LGG, GG	LGG, GG	0.99903
GSM2404335	1	FFPE	LGG, PA/GG ST	LGG, DNT	0.98751	0.56548	MCF PA	LGG, DNT	0.98751
GSM2404338	1	FFPE	LGG, GG	LGG, GG	0.97666	0.43679	LGG, GG	LGG, GG	0.97666
GSM2404345	1	FFPE	PITAD, STH SPA	PITAD, STH SPA	0.93621	0.70596	PITAD, STH SPA	PITAD, STH SPA	0.93621
GSM2404347	1	FFPE	PITAD, STH SPA	PITAD, STH DNS A	0.84412	0.08124	PITAD, STH SPA	PITAD, STH DNS A	0.84412
GSM2404364	1	FFPE	PITAD, STH DNS A	PITAD, STH DNS A	0.98768	0.69625	PITAD, STH DNS A	PITAD, STH DNS A	0.98768
GSM2404368	1	FFPE	GBM, RTK I	GBM, RTK I	0.99204	0.99328	MCF GBM	MCF GBM	1.00000
GSM2404371	1	FFPE	PITAD, STH DNS B	PITAD, STH DNS B	0.99996	0.95848	PITAD, STH DNS B	PITAD, STH DNS B	0.99996
GSM2404373	1	FFPE	PITAD, STH DNS B	PITAD, STH DNS B	0.99879	0.71540	PITAD, STH DNS B	PITAD, STH DNS B	0.99879
GSM2404379	1	FFPE	ATRT, MYC	ATRT, MYC	0.99998	0.98959	MCF ATRT	MCF ATRT	0.99998
GSM2404389	1	Frozen	EPN, PF A	EPN, PF A	0.99994	0.99169	EPN, PF A	EPN, PF A	0.99994
GSM2404397	1	Frozen	EPN, PF A	EPN, PF A	0.99995	0.98976	EPN, PF A	EPN, PF A	0.99995
GSM2404398	1	Frozen	EPN, PF A	EPN, PF A	0.99813	0.93896	EPN, PF A	EPN, PF A	0.99813
GSM2404405	1	FFPE	LGG, GG	LGG, GG	0.57946	0.16258	LGG, GG	LGG, GG	0.57946
GSM2404408	1	FFPE	PITAD, FSH LH	PITAD, FSH LH	0.99973	0.96086	PITAD, FSH LH	PITAD, FSH LH	0.99973
GSM2404410	1	FFPE	PITAD, FSH LH	PITAD, FSH LH	0.99922	0.94353	PITAD, FSH LH	PITAD, FSH LH	0.99922
GSM2404421	1	FFPE	PITAD, PRL	PITAD, PRL	0.92911	0.12428	PITAD, PRL	PITAD, PRL	0.92911
GSM2404423	1	FFPE	PITAD, STH SPA	PITAD, STH SPA	0.80192	0.75376	PITAD, STH SPA	PITAD, STH SPA	0.80192
GSM2404439	1	FFPE	LGG, PA PF	LGG, PA PF	0.99802	0.81027	MCF PA	MCF PA	0.99803
GSM2404448	1	FFPE	PXA	PXA	0.99952	0.86254	PXA	PXA	0.99952
GSM2404451	1	FFPE	CONTR, PINEAL	CONTR, PINEAL	0.99872	0.82349	CONTR, PINEAL	CONTR, PINEAL	0.99872
GSM2404452	1	FFPE	CONTR, ADENOPIT	CONTR, ADENOPIT	0.99987	0.90715	CONTR, ADENOPIT	CONTR, ADENOPIT	0.99987
GSM2404459	1	FFPE	PIN T, PB B	PIN T, PB B	0.99995	0.96865	PIN T, PB B	PIN T, PB B	0.99995
GSM2404480	1	FFPE	GBM, G34	GBM, G34	0.98928	0.69699	GBM, G34	GBM, G34	0.98928
GSM2404486	1	FFPE	GBM, MYCN	GBM, MYCN	0.38028	0.05006	MCF GBM	MCF GBM	0.64807
GSM2404493	1	FFPE	GBM, MYCN	GBM, MYCN	0.97489	0.31415	MCF GBM	MCF GBM	0.99871
GSM2404501	1	FFPE	DMG, K27	DMG, K27	0.99153	0.82132	DMG, K27	DMG, K27	0.99153
GSM2404505	1	FFPE	DMG, K27	CONTR, PONS	0.14287	0.01019	DMG, K27	MCF PA	0.14537
GSM2404507	1	FFPE	DMG, K27	DMG, K27	1.00000	0.99083	DMG, K27	DMG, K27	1.00000
GSM2404508	1	FFPE	DMG, K27	DMG, K27	1.00000	0.98566	DMG, K27	DMG, K27	1.00000
GSM2404516	1	FFPE	LGG, DNT	LGG, DNT	0.99870	0.73498	LGG, DNT	LGG, DNT	0.99870
GSM2404520	1	FFPE	MB, SHH INF	MB, SHH INF	0.99998	0.99063	MCF MB SHH	MCF MB SHH	0.99999
GSM2404521	1	FFPE	LGG, MYB	LGG, MYB	0.99998	0.98807	LGG, MYB	LGG, MYB	0.99998
GSM2404530	1	FFPE	PIN T, PB B	PIN T, PB A	0.26000	0.01188	PIN T, PB B	PIN T, PB A	0.26000
GSM2404534	1	FFPE	DMG, K27	DMG, K27	0.99998	0.94918	DMG, K27	DMG, K27	0.99998
GSM2404536	1	FFPE	PXA	PXA	1.00000	0.98609	PXA	PXA	1.00000
GSM2404537	1	FFPE	CHORDM	CHORDM	0.99964	0.79335	CHORDM	CHORDM	0.99964
GSM2404540	1	FFPE	EPN, PF B	EPN, PF B	0.99868	0.89724	EPN, PF B	EPN, PF B	0.99868
GSM2404555	1	FFPE	CONTR, ADENOPIT	CONTR, ADENOPIT	0.99497	0.50454	CONTR, ADENOPIT	CONTR, ADENOPIT	0.99497
GSM2404559	1	FFPE	LGG, SEGA	LGG, SEGA	0.99993	0.85129	LGG, SEGA	LGG, SEGA	0.99993
GSM2404560	1	FFPE	LGG, SEGA	LGG, SEGA	1.00000	0.99014	LGG, SEGA	LGG, SEGA	1.00000
GSM2404573	1	Frozen	GBM, RTK II	GBM, RTK II	0.98904	0.78981	MCF GBM	MCF GBM	0.99998
GSM2404576	1	Frozen	CONTR, INFLAM	CONTR, INFLAM	0.99994	0.91058	CONTR, INFLAM	CONTR, INFLAM	0.99994
GSM2404584	1	FFPE	EPN, PF A	EPN, PF A	0.99160	0.77264	EPN, PF A	EPN, PF A	0.99160
GSM2404588	1	FFPE	MB, G4	MB, G4	0.99998	0.99281	MCF MB G3G4	MCF MB G3G4	0.99998
GSM2404596	1	Frozen	CONTR, INFLAM	CONTR, INFLAM	0.54591	0.03669	CONTR, INFLAM	CONTR, INFLAM	0.54591
GSM2404598	1	Frozen	GBM, MES	GBM, MES	0.99705	0.89417	MCF GBM	MCF GBM	1.00000
GSM2404600	1	Frozen	GBM, RTK I	GBM, RTK I	0.99283	0.95969	MCF GBM	MCF GBM	1.00000
GSM2404603	1	Frozen	GBM, RTK II	GBM, RTK II	0.99908	0.97909	MCF GBM	MCF GBM	1.00000
GSM2404612	1	FFPE	MELCYT	MELCYT	1.00000	0.97584	MELCYT	MELCYT	1.00000
GSM2404616	1	FFPE	IHG	IHG	0.99845	0.58297	IHG	IHG	0.99845
GSM2404620	1	FFPE	PLEX, AD	PLEX, AD	0.99966	0.94272	MCF PLEX T	MCF PLEX T	0.99998
GSM2404623	1	FFPE	PLEX, AD	PLEX, AD	0.95859	0.85115	MCF PLEX T	MCF PLEX T	0.99973
GSM2404624	1	FFPE	PLEX, PED B	PLEX, PED B	1.00000	0.97684	MCF PLEX T	MCF PLEX T	1.00000
GSM2404626	1	FFPE	PLEX, AD	PLEX, AD	0.99999	0.97557	MCF PLEX T	MCF PLEX T	1.00000
GSM2404632	1	Frozen	GBM, RTK I	GBM, RTK I	0.99789	0.98455	MCF GBM	MCF GBM	1.00000
GSM2404639	1	Frozen	CONTR, INFLAM	CONTR, INFLAM	1.00000	0.99393	CONTR, INFLAM	CONTR, INFLAM	1.00000
GSM2404641	1	Frozen	GBM, RTK II	GBM, RTK II	0.98931	0.76934	MCF GBM	MCF GBM	0.99999
GSM2404643	1	Frozen	CONTR, INFLAM	CONTR, INFLAM	1.00000	0.98991	CONTR, INFLAM	CONTR, INFLAM	1.00000
GSM2404651	1	FFPE	SFT HMPC	SFT HMPC	0.99975	0.92206	SFT HMPC	SFT HMPC	0.99975
GSM2404655	1	FFPE	DMG, K27	DMG, K27	0.99998	0.98917	DMG, K27	DMG, K27	0.99998
GSM2404664	1	FFPE	DMG, K27	DMG, K27	1.00000	0.99395	DMG, K27	DMG, K27	1.00000
GSM2404668	1	FFPE	DMG, K27	DMG, K27	1.00000	0.99191	DMG, K27	DMG, K27	1.00000
GSM2404669	1	FFPE	PXA	PXA	0.99820	0.96825	PXA	PXA	0.99820
GSM2404682	1	FFPE	PIN T, PPT	PIN T, PPT	0.99951	0.97566	PIN T, PPT	PIN T, PPT	0.99951
GSM2404688	1	FFPE	O IDH	O IDH	1.00000	0.98589	MCF IDH GLM	MCF IDH GLM	1.00000
GSM2404704	1	FFPE	PXA	PXA	0.99995	0.95848	PXA	PXA	0.99995
GSM2404705	1	FFPE	PXA	PXA	0.99179	0.66652	PXA	PXA	0.99179
GSM2404714	1	FFPE	GBM, RTK II	GBM, RTK II	0.97702	0.99281	MCF GBM	MCF GBM	0.99999
GSM2404719	1	FFPE	ENB, B	ENB, B	0.99820	0.92941	MCF ENB	MCF ENB	0.99981
GSM2404723	1	FFPE	ENB, A	ENB, A	0.99905	0.98858	MCF ENB	MCF ENB	0.99999
GSM2404725	1	FFPE	ENB, B	ENB, B	0.90135	0.23616	MCF ENB	MCF ENB	0.97499
GSM2404728	1	FFPE	ENB, A	ENB, B	0.80680	0.40033	MCF ENB	MCF ENB	0.99764
GSM2404729	1	FFPE	ENB, B	ENB, B	0.99410	0.72182	MCF ENB	MCF ENB	0.99952
GSM2404732	1	FFPE	CHORDM	CHORDM	0.86048	0.11137	CHORDM	CHORDM	0.86048
GSM2404734	1	FFPE	LGG, SEGA	LGG, SEGA	0.99997	0.95339	LGG, SEGA	LGG, SEGA	0.99997
GSM2404735	1	FFPE	EPN, MPE	EPN, MPE	1.00000	0.98843	EPN, MPE	EPN, MPE	1.00000
GSM2404736	1	FFPE	GBM, RTK II	GBM, RTK II	0.99520	0.75139	MCF GBM	MCF GBM	0.99986
GSM2404759	1	FFPE	EPN, PF B	EPN, PF B	0.99869	0.81453	EPN, PF B	EPN, PF B	0.99869
GSM2404763	1	FFPE	O IDH	O IDH	0.99756	0.83437	MCF IDH GLM	MCF IDH GLM	0.99998
GSM2404766	1	FFPE	DMG, K27	DMG, K27	0.99997	0.97941	DMG, K27	DMG, K27	0.99997
GSM2404769	1	FFPE	LGG, PA/GG ST	LGG, PA/GG ST	0.97638	0.40165	MCF PA	MCF PA	0.97915
GSM2404775	1	Frozen	ATRT, TYR	ATRT, TYR	0.99878	0.97417	MCF ATRT	MCF ATRT	0.99891
GSM2404780	1	FFPE	MELCYT	MELCYT	0.99971	0.83640	MELCYT	MELCYT	0.99971
GSM2404782	1	FFPE	CN	CN	0.99971	0.98242	CN	CN	0.99971
GSM2404784	1	FFPE	CN	CN	0.99994	0.97610	CN	CN	0.99994
GSM2404786	1	FFPE	LGG, PA PF	LGG, PA PF	0.99974	0.96378	MCF PA	MCF PA	0.99974
GSM2404787	1	FFPE	PXA	PXA	0.99588	0.95612	PXA	PXA	0.99588
GSM2404791	1	Frozen	LGG, PA PF	LGG, PA PF	0.99695	0.97463	MCF PA	MCF PA	0.99695
GSM2404796	1	Frozen	SUBEPN, SPINE	SUBEPN, SPINE	0.99854	0.57744	SUBEPN, SPINE	SUBEPN, SPINE	0.99854
GSM2404798	1	Frozen	SUBEPN, PF	SUBEPN, PF	0.99998	0.97207	SUBEPN, PF	SUBEPN, PF	0.99998
GSM2404802	1	Frozen	EPN, MPE	EPN, MPE	0.99066	0.84580	EPN, MPE	EPN, MPE	0.99066
GSM2404804	1	Frozen	EPN, MPE	EPN, MPE	0.99964	0.96818	EPN, MPE	EPN, MPE	0.99964
GSM2404808	1	Frozen	SUBEPN, PF	SUBEPN, PF	0.99998	0.97521	SUBEPN, PF	SUBEPN, PF	0.99998
GSM2404821	1	FFPE	EWS	EWS	0.99984	0.96914	EWS	EWS	0.99984
GSM2404822	1	FFPE	MB, G3	MB, G3	0.99872	0.96205	MCF MB G3G4	MCF MB G3G4	0.99914
GSM2404830	1	FFPE	GBM, MES	GBM, MES	0.94494	0.26477	MCF GBM	MCF GBM	1.00000
GSM2404835	1	FFPE	ATRT, TYR	ATRT, TYR	0.99914	0.93451	MCF ATRT	MCF ATRT	0.99977
GSM2404842	1	FFPE	ATRT, MYC	ATRT, MYC	0.99997	0.99039	MCF ATRT	MCF ATRT	0.99997
GSM2404843	1	FFPE	ATRT, SHH	ATRT, SHH	0.99855	0.86524	MCF ATRT	MCF ATRT	0.99996
GSM2404849	1	FFPE	SUBEPN, SPINE	GBM, MYCN	0.64701	0.03088	SUBEPN, SPINE	MCF GBM	0.67154
GSM2404851	1	FFPE	EPN, SPINE	EPN, SPINE	0.99991	0.91981	EPN, SPINE	EPN, SPINE	0.99991
GSM2404852	1	FFPE	SFT HMPC	SFT HMPC	0.98415	0.58294	SFT HMPC	SFT HMPC	0.98415
GSM2404859	1	FFPE	EPN, PF B	EPN, PF B	0.99997	0.97338	EPN, PF B	EPN, PF B	0.99997
GSM2404870	1	FFPE	GBM, MES	GBM, MES	0.75447	0.84038	MCF GBM	MCF GBM	0.99986
GSM2404872	1	FFPE	GBM, RTK II	GBM, RTK I	0.59468	0.23764	MCF GBM	MCF GBM	0.98246
GSM2404874	1	FFPE	GBM, RTK II	GBM, RTK II	0.69863	0.25351	MCF GBM	MCF GBM	0.99999
GSM2404876	1	FFPE	GBM, G34	GBM, G34	0.99683	0.71155	GBM, G34	GBM, G34	0.99683
GSM2404877	1	FFPE	LGG, PA PF	LGG, PA PF	0.99802	0.98546	MCF PA	MCF PA	0.99802
GSM2404900	1	Frozen	EPN, PF B	EPN, PF B	0.99028	0.61849	EPN, PF B	EPN, PF B	0.99028
GSM2404901	1	Frozen	EPN, PF B	EPN, PF B	0.77807	0.38841	EPN, PF B	EPN, PF B	0.77807
GSM2404923	1	FFPE	GBM, RTK I	GBM, RTK I	0.99947	0.99083	MCF GBM	MCF GBM	1.00000
GSM2404928	1	Frozen	EPN, PF B	EPN, PF B	0.99998	0.98216	EPN, PF B	EPN, PF B	0.99998
GSM2404940	1	FFPE	PLEX, PED A	PLEX, PED A	0.99144	0.90378	MCF PLEX T	MCF PLEX T	0.99968
GSM2404944	1	FFPE	PLEX, PED B	PLEX, PED B	1.00000	0.97490	MCF PLEX T	MCF PLEX T	1.00000
GSM2404947	1	FFPE	PLEX, PED B	PLEX, PED B	0.99989	0.92368	MCF PLEX T	MCF PLEX T	0.99998
GSM2404952	1	FFPE	PLEX, PED A	PLEX, PED A	0.97253	0.52538	MCF PLEX T	MCF PLEX T	0.99993
GSM2404971	1	FFPE	PLEX, PED B	PLEX, PED B	1.00000	0.97737	MCF PLEX T	MCF PLEX T	1.00000
GSM2404975	1	FFPE	PLEX, PED A	PLEX, PED B	0.82567	0.45392	MCF PLEX T	MCF PLEX T	0.99993
GSM2404985	1	FFPE	PLEX, AD	PLEX, AD	0.99889	0.80021	MCF PLEX T	MCF PLEX T	0.99973
GSM2404986	1	FFPE	PLEX, PED B	PLEX, PED B	0.94632	0.48953	MCF PLEX T	MCF PLEX T	0.99278
GSM2404995	1	FFPE	GBM, RTK I	GBM, RTK I	0.99617	0.83953	MCF GBM	MCF GBM	0.99996
GSM2404996	1	FFPE	EPN, SPINE	EPN, SPINE	1.00000	0.99088	EPN, SPINE	EPN, SPINE	1.00000
GSM2405003	1	FFPE	GBM, MES	GBM, MES	0.99795	0.92787	MCF GBM	MCF GBM	0.99999
GSM2405005	1	FFPE	GBM, RTK III	GBM, RTK III	0.99274	0.56259	MCF GBM	MCF GBM	0.99940
GSM2405022	1	FFPE	PITUI	PITUI	0.99999	0.98975	PITUI	PITUI	0.99999
GSM2405027	1	FFPE	GBM, MID	GBM, MID	0.89869	0.46211	MCF GBM	MCF GBM	0.93269
GSM2405029	1	FFPE	O IDH	O IDH	0.99999	0.96330	MCF IDH GLM	MCF IDH GLM	0.99999
GSM2405044	1	Frozen	CPH, ADM	CPH, ADM	0.99999	0.98883	CPH, ADM	CPH, ADM	0.99999
GSM2405046	1	Frozen	CPH, ADM	CONTR, ADENOPIT	0.41951	0.05683	CPH, ADM	CONTR, ADENOPIT	0.41951
GSM2405050	1	Frozen	CPH, ADM	CPH, ADM	0.99827	0.88123	CPH, ADM	CPH, ADM	0.99827
GSM2405055	1	FFPE	GBM, MID	GBM, MID	0.93725	0.91562	MCF GBM	MCF GBM	0.99482
GSM2405065	1	FFPE	HGNET, BCOR	HGNET, BCOR	0.99996	0.98605	HGNET, BCOR	HGNET, BCOR	0.99996
GSM2405068	1	FFPE	EPN, MPE	EPN, MPE	0.99999	0.97789	EPN, MPE	EPN, MPE	0.99999
GSM2405077	1	FFPE	GBM, MES	GBM, MES	0.98350	0.60103	MCF GBM	MCF GBM	0.99013
GSM2405080	1	Frozen	EPN, RELA	EPN, RELA	0.89830	0.16778	EPN, RELA	EPN, RELA	0.89830
GSM2405090	1	FFPE	EFT, CIC	EFT, CIC	0.99872	0.71540	EFT, CIC	EFT, CIC	0.99872
GSM2405091	1	FFPE	A IDH	A IDH	1.00000	0.99060	MCF IDH GLM	MCF IDH GLM	1.00000
GSM2405092	1	FFPE	O IDH	O IDH	0.99966	0.97841	MCF IDH GLM	MCF IDH GLM	1.00000
GSM2405097	1	Frozen	A IDH	A IDH	0.99998	0.98025	MCF IDH GLM	MCF IDH GLM	1.00000
GSM2405098	1	Frozen	A IDH	A IDH	0.97004	0.33191	MCF IDH GLM	MCF IDH GLM	0.98695
GSM2405099	1	Frozen	A IDH	A IDH	0.99995	0.97590	MCF IDH GLM	MCF IDH GLM	1.00000
GSM2405100	1	Frozen	A IDH	A IDH	0.99999	0.98713	MCF IDH GLM	MCF IDH GLM	1.00000
GSM2405109	1	FFPE	O IDH	O IDH	0.99999	0.98878	MCF IDH GLM	MCF IDH GLM	0.99999
GSM2405115	1	FFPE	GBM, RTK I	GBM, RTK I	0.99922	0.95468	MCF GBM	MCF GBM	1.00000
GSM2405121	1	FFPE	HGNET, MN1	HGNET, MN1	1.00000	0.99078	HGNET, MN1	HGNET, MN1	1.00000
GSM2405123	1	FFPE	HMB	HMB	0.99999	0.99289	HMB	HMB	0.99999
GSM2405129	1	FFPE	MB, G4	MB, G4	0.99988	0.99012	MCF MB G3G4	MCF MB G3G4	0.99988
GSM2405133	1	Frozen	GBM, RTK II	GBM, MES	0.89599	0.09642	MCF GBM	MCF GBM	1.00000
GSM2405134	1	Frozen	GBM, RTK II	GBM, RTK II	0.99180	0.96483	MCF GBM	MCF GBM	0.99997
GSM2405136	1	Frozen	GBM, MES	GBM, MES	0.79632	0.66371	MCF GBM	MCF GBM	0.99928
GSM2405141	1	Frozen	EWS	EWS	0.99973	0.98976	EWS	EWS	0.99973
GSM2405144	1	FFPE	MB, G4	MB, G4	0.99998	0.99364	MCF MB G3G4	MCF MB G3G4	0.99998
GSM2405154	1	FFPE	LGG, PA PF	LGG, PA PF	0.99931	0.89312	MCF PA	MCF PA	0.99999
GSM2405159	1	FFPE	LYMPHO	LYMPHO	0.99903	0.97458	LYMPHO	LYMPHO	0.99903
GSM2405163	1	Frozen	GBM, RTK II	GBM, RTK II	0.98528	0.98063	MCF GBM	MCF GBM	1.00000
GSM2405171	1	Frozen	A IDH	A IDH	0.99995	0.98433	MCF IDH GLM	MCF IDH GLM	1.00000
GSM2405185	1	FFPE	PLASMA	PLASMA	0.97352	0.57202	PLASMA	PLASMA	0.97352
GSM2405188	1	FFPE	GBM, RTK II	GBM, RTK II	0.51484	0.43361	MCF GBM	MCF GBM	0.99999
GSM2405195	1	Frozen	O IDH	O IDH	0.99999	0.99066	MCF IDH GLM	MCF IDH GLM	1.00000
GSM2405201	1	Frozen	EPN, PF B	EPN, PF B	0.99998	0.99309	EPN, PF B	EPN, PF B	0.99998
GSM2405207	1	FFPE	O IDH	O IDH	0.99999	0.98452	MCF IDH GLM	MCF IDH GLM	1.00000
GSM2405209	1	FFPE	MB, G4	MB, G4	0.99999	0.99369	MCF MB G3G4	MCF MB G3G4	0.99999
GSM2405213	1	Frozen	GBM, RTK III	GBM, RTK III	0.58022	0.16921	MCF GBM	MCF GBM	0.99400
GSM2405221	1	Frozen	HGNET, BCOR	HGNET, BCOR	0.99992	0.98427	HGNET, BCOR	HGNET, BCOR	0.99992
GSM2405223	1	FFPE	CONTR, INFLAM	LGG, SEGA	0.61128	0.20292	CONTR, INFLAM	LGG, SEGA	0.61128
GSM2405225	1	Frozen	RETB	RETB	0.99971	0.90738	RETB	RETB	0.99971
GSM2405228	1	FFPE	LGG, DNT	LGG, DNT	1.00000	0.98517	LGG, DNT	LGG, DNT	1.00000
GSM2405232	1	Frozen	RETB	RETB	0.99999	0.98690	RETB	RETB	0.99999
GSM2405234	1	Frozen	RETB	RETB	0.99998	0.96856	RETB	RETB	0.99998
GSM2405236	1	Frozen	RETB	RETB	0.99999	0.99194	RETB	RETB	0.99999
GSM2405253	1	Frozen	A IDH	A IDH	0.99981	0.96494	MCF IDH GLM	MCF IDH GLM	1.00000
GSM2405265	1	FFPE	GBM, RTK II	GBM, RTK II	0.99832	0.76341	MCF GBM	MCF GBM	0.99971
GSM2405268	1	FFPE	LGG, DNT	LGG, DNT	0.99999	0.97485	LGG, DNT	LGG, DNT	0.99999
GSM2405269	1	FFPE	ANA PA	ANA PA	0.99942	0.91043	ANA PA	ANA PA	0.99942
GSM2405278	1	Frozen	EWS	EWS	0.99917	0.98815	EWS	EWS	0.99917
GSM2405282	1	FFPE	O IDH	O IDH	0.99998	0.98246	MCF IDH GLM	MCF IDH GLM	0.99999
GSM2405292	1	FFPE	MB, SHH CHL AD	MB, SHH CHL AD	0.99974	0.98889	MCF MB SHH	MCF MB SHH	0.99983
GSM2405294	1	Frozen	DMG, K27	LGG, PA PF	0.71726	0.07325	DMG, K27	MCF PA	0.72583
GSM2405299	1	FFPE	A IDH, HG	A IDH, HG	0.90653	0.40038	MCF IDH GLM	MCF IDH GLM	0.99997
GSM2405300	1	FFPE	O IDH	O IDH	0.99875	0.84822	MCF IDH GLM	MCF IDH GLM	0.99999
GSM2405309	1	FFPE	GBM, RTK II	GBM, RTK II	0.49493	0.08580	MCF GBM	MCF GBM	0.77182
GSM2405314	1	FFPE	SFT HMPC	SFT HMPC	0.99964	0.88052	SFT HMPC	SFT HMPC	0.99964
GSM2405316	1	FFPE	A IDH	A IDH	0.85738	0.85262	MCF IDH GLM	MCF IDH GLM	1.00000
GSM2405318	1	FFPE	LGG, DNT	LGG, DNT	1.00000	0.98708	LGG, DNT	LGG, DNT	1.00000
GSM2405320	1	FFPE	GBM, RTK II	GBM, RTK II	0.92019	0.97556	MCF GBM	MCF GBM	1.00000
GSM2405328	1	FFPE	GBM, RTK II	GBM, RTK II	0.89785	0.90015	MCF GBM	MCF GBM	0.99998
GSM2405329	1	FFPE	GBM, MES	GBM, RTK II	0.64281	0.67500	MCF GBM	MCF GBM	0.99953
GSM2405335	1	FFPE	SCHW	SCHW	1.00000	0.96067	SCHW	SCHW	1.00000
GSM2405336	1	FFPE	PXA	PXA	0.99913	0.90243	PXA	PXA	0.99913
GSM2405339	1	FFPE	MNG	MNG	0.99999	0.99397	MNG	MNG	0.99999
GSM2405352	1	Frozen	MNG	MNG	0.99999	0.99232	MNG	MNG	0.99999
GSM2405355	1	FFPE	MNG	MNG	0.99998	0.99072	MNG	MNG	0.99998
GSM2405360	1	FFPE	MNG	MNG	0.99999	0.99271	MNG	MNG	0.99999
GSM2405366	1	FFPE	PTPR, B	PTPR, B	0.99601	0.96725	PTPR, B	PTPR, B	0.99601
GSM2405367	1	FFPE	PTPR, B	PTPR, B	0.99852	0.92734	PTPR, B	PTPR, B	0.99852
GSM2405383	1	FFPE	GBM, RTK II	GBM, RTK II	0.98964	0.83426	MCF GBM	MCF GBM	0.99995
GSM2405385	1	FFPE	A IDH	A IDH	1.00000	0.98418	MCF IDH GLM	MCF IDH GLM	1.00000
GSM2405396	1	FFPE	CONTR, PONS	CONTR, PONS	0.96925	0.34879	CONTR, PONS	CONTR, PONS	0.96925
GSM2405397	1	FFPE	CONTR, PONS	CONTR, PONS	0.99930	0.90948	CONTR, PONS	CONTR, PONS	0.99930
GSM2405398	1	FFPE	CONTR, WM	CONTR, WM	0.99943	0.84247	CONTR, WM	CONTR, WM	0.99943
GSM2405426	1	FFPE	LGG, PA MID	LGG, PA MID	0.99970	0.98903	MCF PA	MCF PA	0.99971
GSM2405433	1	FFPE	GBM, RTK I	GBM, RTK I	0.97594	0.78221	MCF GBM	MCF GBM	0.99998
GSM2405436	1	FFPE	A IDH, HG	A IDH, HG	0.99993	0.92153	MCF IDH GLM	MCF IDH GLM	0.99993
GSM2405442	1	FFPE	CHGL	CHGL	0.99994	0.98624	CHGL	CHGL	0.99994
GSM2405443	1	FFPE	GBM, RTK II	GBM, RTK II	0.92061	0.85281	MCF GBM	MCF GBM	1.00000
GSM2405454	1	FFPE	LGG, DNT	LGG, DNT	1.00000	0.97099	LGG, DNT	LGG, DNT	1.00000
GSM2405456	1	FFPE	LGG, MYB	LGG, MYB	0.82443	0.13624	LGG, MYB	LGG, MYB	0.82443
GSM2405463	1	FFPE	GBM, RTK II	GBM, RTK II	0.93126	0.91886	MCF GBM	MCF GBM	0.99993
GSM2405465	1	FFPE	GBM, RTK II	GBM, RTK II	0.74730	0.95498	MCF GBM	MCF GBM	0.99974
GSM2405472	1	FFPE	GBM, RTK I	GBM, RTK I	0.99292	0.92976	MCF GBM	MCF GBM	1.00000
GSM2405475	1	FFPE	PITUI	PITUI	0.99997	0.98502	PITUI	PITUI	0.99997
GSM2405478	1	FFPE	GBM, MES	GBM, MES	0.77925	0.93283	MCF GBM	MCF GBM	0.99993
GSM2405479	1	FFPE	CONTR, REACT	CONTR, REACT	0.89205	0.32480	CONTR, REACT	CONTR, REACT	0.89205
GSM2405488	1	FFPE	HGNET, MN1	HGNET, MN1	0.99982	0.97741	HGNET, MN1	HGNET, MN1	0.99982
GSM2405495	1	FFPE	PITUI	PITUI	0.99956	0.97575	PITUI	PITUI	0.99956
GSM2405497	1	FFPE	A IDH, HG	A IDH, HG	0.97747	0.93884	MCF IDH GLM	MCF IDH GLM	0.97747
GSM2405498	1	FFPE	GBM, RTK I	GBM, RTK II	0.51963	0.75261	MCF GBM	MCF GBM	1.00000
GSM2405501	1	FFPE	DLGNT	DLGNT	0.46476	0.04603	DLGNT	DLGNT	0.46476
GSM2405508	1	FFPE	A IDH, HG	A IDH, HG	0.99680	0.88751	MCF IDH GLM	MCF IDH GLM	0.99680
GSM2405509	1	FFPE	A IDH, HG	A IDH, HG	0.91236	0.86176	MCF IDH GLM	MCF IDH GLM	0.91236
GSM2405510	1	FFPE	A IDH, HG	A IDH, HG	0.99961	0.90437	MCF IDH GLM	MCF IDH GLM	0.99961
GSM2405511	1	FFPE	A IDH	A IDH	0.99866	0.96369	MCF IDH GLM	MCF IDH GLM	1.00000
GSM2405515	1	FFPE	O IDH	O IDH	1.00000	0.98267	MCF IDH GLM	MCF IDH GLM	1.00000
GSM2405523	1	FFPE	CNS NB, FOXR2	CNS NB, FOXR2	0.99999	0.98451	CNS NB, FOXR2	CNS NB, FOXR2	0.99999
GSM2405528	1	FFPE	LGG, DNT	LGG, DNT	0.99950	0.89873	LGG, DNT	LGG, DNT	0.99950
GSM2405530	1	FFPE	LGG, GG	LGG, GG	0.38586	0.06937	LGG, GG	LGG, GG	0.38586
GSM2405531	1	FFPE	LGG, MYB	LGG, MYB	0.99980	0.87367	LGG, MYB	LGG, MYB	0.99980
GSM2405534	1	FFPE	PTPR, A	PTPR, A	0.81429	0.24714	PTPR, A	PTPR, A	0.81429
GSM2405537	1	FFPE	HGNET, MN1	HGNET, MN1	0.99989	0.81369	HGNET, MN1	HGNET, MN1	0.99989
GSM2405538	1	FFPE	EFT, CIC	EFT, CIC	0.99976	0.68284	EFT, CIC	EFT, CIC	0.99976
GSM2405542	1	FFPE	LGG, DNT	LGG, DNT	0.99527	0.78241	LGG, DNT	LGG, DNT	0.99527
GSM2405548	1	FFPE	DLGNT	O IDH	0.96249	0.28131	DLGNT	MCF IDH GLM	0.96251
GSM2405549	1	FFPE	PITAD, ACTH	PITAD, ACTH	1.00000	0.97824	PITAD, ACTH	PITAD, ACTH	1.00000
GSM2405554	1	FFPE	PITAD, ACTH	PITAD, ACTH	1.00000	0.98537	PITAD, ACTH	PITAD, ACTH	1.00000
GSM2405557	1	FFPE	PITAD, ACTH	PITAD, ACTH	0.99985	0.91736	PITAD, ACTH	PITAD, ACTH	0.99985
GSM2405564	1	FFPE	PITUI	PITUI	0.99996	0.97864	PITUI	PITUI	0.99996
GSM2405569	1	FFPE	PITAD, STH DNS B	PITAD, STH DNS B	0.99953	0.88837	PITAD, STH DNS B	PITAD, STH DNS B	0.99953
GSM2405573	1	FFPE	PITAD, STH DNS A	CONTR, ADENOPIT	0.30274	0.09511	PITAD, STH DNS A	CONTR, ADENOPIT	0.30274
GSM2405574	1	FFPE	ANA PA	ANA PA	0.99836	0.45984	ANA PA	ANA PA	0.99836
GSM2405582	1	FFPE	GBM, G34	GBM, G34	0.99991	0.97956	GBM, G34	GBM, G34	0.99991
GSM2405585	1	FFPE	PITAD, FSH LH	PITAD, FSH LH	0.99967	0.98313	PITAD, FSH LH	PITAD, FSH LH	0.99967
GSM2405587	1	FFPE	PITAD, FSH LH	PITAD, FSH LH	0.98896	0.53130	PITAD, FSH LH	PITAD, FSH LH	0.98896
GSM2405588	1	FFPE	PITAD, FSH LH	PITAD, FSH LH	0.99990	0.98054	PITAD, FSH LH	PITAD, FSH LH	0.99990
GSM2405590	1	FFPE	CNS NB, FOXR2	CNS NB, FOXR2	0.99998	0.96234	CNS NB, FOXR2	CNS NB, FOXR2	0.99998
GSM2405594	1	FFPE	PIN T, PB B	PIN T, PB A	0.38751	0.02560	PIN T, PB B	PIN T, PB A	0.38751
GSM2405600	1	FFPE	PIN T, PB B	PIN T, PB B	0.99999	0.99066	PIN T, PB B	PIN T, PB B	0.99999
GSM2405608	1	FFPE	CONTR, HYPTHAL	CONTR, HYPTHAL	0.99997	0.95736	CONTR, HYPTHAL	CONTR, HYPTHAL	0.99997
GSM2405611	1	FFPE	CONTR, HYPTHAL	CONTR, HYPTHAL	0.99999	0.96896	CONTR, HYPTHAL	CONTR, HYPTHAL	0.99999
GSM2405620	1	FFPE	PITAD, TSH	PITAD, TSH	0.98983	0.92468	PITAD, TSH	PITAD, TSH	0.98983
GSM2405623	1	FFPE	PITAD, TSH	PITAD, TSH	0.87442	0.09423	PITAD, TSH	PITAD, TSH	0.87442
GSM2405627	1	FFPE	LYMPHO	LYMPHO	0.82719	0.09103	LYMPHO	LYMPHO	0.82719
GSM2405629	1	Frozen	IHG	IHG	0.99806	0.74228	IHG	IHG	0.99806
GSM2405631	1	Frozen	LGG, DIG/DIA	LGG, DIG/DIA	0.91065	0.05597	LGG, DIG/DIA	LGG, DIG/DIA	0.91065
GSM2405632	1	FFPE	MELAN	MELAN	0.99992	0.98514	MELAN	MELAN	0.99992
GSM2405637	1	FFPE	LGG, RGNT	LGG, RGNT	0.99822	0.74806	LGG, RGNT	LGG, RGNT	0.99822
GSM2405638	1	FFPE	CONTR, WM	CONTR, WM	0.99937	0.80116	CONTR, WM	CONTR, WM	0.99937
GSM2405641	1	FFPE	LIPN	LIPN	0.99957	0.97131	LIPN	LIPN	0.99957
GSM2405645	1	FFPE	ENB, A	ENB, A	0.82094	0.84076	MCF ENB	MCF ENB	0.99997
GSM2405647	1	FFPE	ENB, A	ENB, A	0.85143	0.77601	MCF ENB	MCF ENB	0.99983
GSM2405655	1	FFPE	ANA PA	ANA PA	0.99969	0.84222	ANA PA	ANA PA	0.99969
GSM2402854	2	Frozen	GBM, G34	GBM, G34	0.99997	0.98674	GBM, G34	GBM, G34	0.99997
GSM2402858	2	Frozen	DMG, K27	DMG, K27	0.99999	0.96060	DMG, K27	DMG, K27	0.99999
GSM2402865	2	Frozen	DMG, K27	DMG, K27	0.99999	0.98882	DMG, K27	DMG, K27	0.99999
GSM2402873	2	Frozen	CONTR, CEBM	CONTR, CEBM	0.99933	0.91168	CONTR, CEBM	CONTR, CEBM	0.99933
GSM2402877	2	Frozen	GBM, G34	GBM, G34	0.99817	0.96542	GBM, G34	GBM, G34	0.99817
GSM2402879	2	Frozen	DMG, K27	DMG, K27	0.98859	0.72963	DMG, K27	DMG, K27	0.98859
GSM2402891	2	Frozen	LGG, PA PF	LGG, PA PF	0.99999	0.98268	MCF PA	MCF PA	1.00000
GSM2402898	2	Frozen	LGG, PA PF	LGG, PA PF	0.99999	0.98990	MCF PA	MCF PA	1.00000
GSM2402901	2	Frozen	LGG, PA PF	LGG, PA PF	0.99999	0.98883	MCF PA	MCF PA	1.00000
GSM2402908	2	Frozen	LGG, RGNT	LGG, PA PF	0.67242	0.62238	LGG, RGNT	MCF PA	0.67323
GSM2402912	2	Frozen	MB, WNT	MB, WNT	0.99243	0.97901	MB, WNT	MB, WNT	0.99243
GSM2402922	2	Frozen	LGG, PA/GG ST	LGG, PA/GG ST	0.92537	0.91125	MCF PA	MCF PA	0.92539
GSM2402924	2	Frozen	LGG, PA PF	LGG, PA PF	0.99994	0.95514	MCF PA	MCF PA	0.99994
GSM2402928	2	Frozen	CONTR, REACT	LGG, PA MID	0.99418	0.52303	CONTR, REACT	MCF PA	0.99419
GSM2402929	2	Frozen	LGG, PA MID	LGG, PA MID	0.99997	0.94437	MCF PA	MCF PA	1.00000
GSM2402931	2	Frozen	LGG, PA PF	LGG, PA PF	1.00000	0.99118	MCF PA	MCF PA	1.00000
GSM2402937	2	Frozen	MB, WNT	MB, WNT	0.99964	0.98641	MB, WNT	MB, WNT	0.99964
GSM2402938	2	Frozen	MB, G4	MB, G4	0.99995	0.98842	MCF MB G3G4	MCF MB G3G4	0.99995
GSM2402940	2	Frozen	MB, SHH INF	MB, SHH INF	0.99969	0.97327	MCF MB SHH	MCF MB SHH	0.99969
GSM2402944	2	Frozen	MB, G3	MB, G3	0.99999	0.98268	MCF MB G3G4	MCF MB G3G4	0.99999
GSM2402945	2	Frozen	MB, G4	MB, G4	0.99993	0.98478	MCF MB G3G4	MCF MB G3G4	0.99993
GSM2402946	2	Frozen	MB, G3	MB, G3	1.00000	0.98736	MCF MB G3G4	MCF MB G3G4	1.00000
GSM2402952	2	Frozen	MB, G3	MB, G3	0.99999	0.98526	MCF MB G3G4	MCF MB G3G4	0.99999
GSM2402974	2	Frozen	ATRT, MYC	ATRT, MYC	0.99994	0.93771	MCF ATRT	MCF ATRT	0.99998
GSM2402980	2	Frozen	EPN, RELA	EPN, RELA	0.99995	0.99066	EPN, RELA	EPN, RELA	0.99995
GSM2402981	2	Frozen	MB, SHH CHL AD	MB, SHH CHL AD	0.99999	0.97805	MCF MB SHH	MCF MB SHH	0.99999
GSM2402983	2	Frozen	MB, G4	MB, G4	0.99999	0.98329	MCF MB G3G4	MCF MB G3G4	1.00000
GSM2402984	2	Frozen	MB, G3	MB, G3	1.00000	0.98080	MCF MB G3G4	MCF MB G3G4	1.00000
GSM2402989	2	Frozen	SUBEPN, PF	SUBEPN, PF	0.99997	0.95259	SUBEPN, PF	SUBEPN, PF	0.99997
GSM2402990	2	Frozen	PTPR, B	PTPR, B	0.84548	0.81411	PTPR, B	PTPR, B	0.84548
GSM2402999	2	Frozen	ETMR	ETMR	0.99974	0.98367	ETMR	ETMR	0.99974
GSM2403010	2	Frozen	LYMPHO	LYMPHO	0.99841	0.97059	LYMPHO	LYMPHO	0.99841
GSM2403011	2	Frozen	MB, SHH CHL AD	MB, SHH CHL AD	0.99999	0.98686	MCF MB SHH	MCF MB SHH	0.99999
GSM2403013	2	Frozen	MB, G4	MB, G4	1.00000	0.98849	MCF MB G3G4	MCF MB G3G4	1.00000
GSM2403020	2	Frozen	MB, SHH CHL AD	MB, SHH CHL AD	0.99991	0.95422	MCF MB SHH	MCF MB SHH	0.99992
GSM2403043	2	Frozen	MB, SHH CHL AD	MB, SHH INF	0.51956	0.52320	MCF MB SHH	MCF MB SHH	0.99928
GSM2403053	2	Frozen	MB, SHH INF	MB, SHH INF	0.99996	0.98816	MCF MB SHH	MCF MB SHH	0.99997
GSM2403055	2	Frozen	MB, G3	MB, G3	1.00000	0.99078	MCF MB G3G4	MCF MB G3G4	1.00000
GSM2403061	2	Frozen	CNS NB, FOXR2	CNS NB, FOXR2	0.99920	0.90353	CNS NB, FOXR2	CNS NB, FOXR2	0.99920
GSM2403063	2	Frozen	ATRT, SHH	ATRT, SHH	0.99996	0.96675	MCF ATRT	MCF ATRT	1.00000
GSM2403076	2	Frozen	ATRT, SHH	ATRT, SHH	0.99997	0.98468	MCF ATRT	MCF ATRT	0.99999
GSM2403086	2	Frozen	LGG, PA PF	LGG, PA PF	1.00000	0.99145	MCF PA	MCF PA	1.00000
GSM2403087	2	Frozen	GBM, MES	GBM, RTK II	0.91239	0.70496	MCF GBM	MCF GBM	0.99999
GSM2403092	2	Frozen	GBM, MES	GBM, MES	0.72796	0.14497	MCF GBM	MCF GBM	0.99620
GSM2403097	2	Frozen	GBM, RTK II	GBM, MES	0.50968	0.00844	MCF GBM	MCF GBM	0.99996
GSM2403098	2	Frozen	GBM, RTK II	GBM, RTK II	0.99457	0.65814	MCF GBM	MCF GBM	0.99931
GSM2403114	2	Frozen	GBM, G34	GBM, G34	0.99998	0.98364	GBM, G34	GBM, G34	0.99998
GSM2403119	2	Frozen	DMG, K27	DMG, K27	0.99881	0.98858	DMG, K27	DMG, K27	0.99881
GSM2403125	2	FFPE	GBM, RTK II	GBM, RTK II	0.86515	0.92712	MCF GBM	MCF GBM	1.00000
GSM2403132	2	Frozen	MB, WNT	MB, WNT	0.99880	0.98495	MB, WNT	MB, WNT	0.99880
GSM2403138	2	Frozen	MB, G4	MB, G4	0.99998	0.98651	MCF MB G3G4	MCF MB G3G4	0.99998
GSM2403148	2	Frozen	MB, WNT	MB, WNT	0.99813	0.99020	MB, WNT	MB, WNT	0.99813
GSM2403156	2	Frozen	LGG, PA PF	LGG, PA PF	0.99999	0.98403	MCF PA	MCF PA	1.00000
GSM2403166	2	Frozen	LGG, PA PF	LGG, PA PF	0.99940	0.88465	MCF PA	MCF PA	0.99943
GSM2403167	2	Frozen	LGG, PA PF	LGG, PA PF	1.00000	0.99131	MCF PA	MCF PA	1.00000
GSM2403168	2	Frozen	LGG, PA PF	LGG, PA PF	1.00000	0.99214	MCF PA	MCF PA	1.00000
GSM2403173	2	Frozen	LGG, PA PF	LGG, PA PF	1.00000	0.99025	MCF PA	MCF PA	1.00000
GSM2403174	2	Frozen	LGG, PA PF	LGG, PA PF	1.00000	0.99408	MCF PA	MCF PA	1.00000
GSM2403180	2	Frozen	LGG, PA PF	LGG, PA PF	1.00000	0.98914	MCF PA	MCF PA	1.00000
GSM2403185	2	Frozen	EPN, RELA	EPN, RELA	0.99998	0.97820	EPN, RELA	EPN, RELA	0.99998
GSM2403187	2	Frozen	SUBEPN, ST	SUBEPN, ST	0.99963	0.91477	SUBEPN, ST	SUBEPN, ST	0.99963
GSM2403192	2	Frozen	EPN, RELA	EPN, RELA	0.99995	0.98385	EPN, RELA	EPN, RELA	0.99995
GSM2403199	2	Frozen	PTPR, B	PTPR, B	0.99509	0.72533	PTPR, B	PTPR, B	0.99509
GSM2403201	2	Frozen	EPN, RELA	EPN, RELA	0.99996	0.98633	EPN, RELA	EPN, RELA	0.99996
GSM2403210	2	Frozen	EPN, RELA	EPN, RELA	0.99989	0.98322	EPN, RELA	EPN, RELA	0.99989
GSM2403213	2	Frozen	EPN, RELA	EPN, RELA	0.99998	0.98851	EPN, RELA	EPN, RELA	0.99998
GSM2403216	2	Frozen	EPN, RELA	EPN, RELA	0.99988	0.95969	EPN, RELA	EPN, RELA	0.99988
GSM2403221	2	Frozen	LGG, PA PF	LGG, PA PF	0.99999	0.98915	MCF PA	MCF PA	0.99999
GSM2403222	2	Frozen	LGG, PA PF	LGG, PA PF	0.99999	0.98635	MCF PA	MCF PA	1.00000
GSM2403225	2	Frozen	LGG, PA MID	LGG, PA MID	0.99995	0.90573	MCF PA	MCF PA	1.00000
GSM2403226	2	FFPE	EPN, PF B	EPN, PF B	0.99974	0.94914	EPN, PF B	EPN, PF B	0.99974
GSM2403228	2	FFPE	EPN, RELA	EPN, RELA	0.99992	0.93989	EPN, RELA	EPN, RELA	0.99992
GSM2403238	2	Frozen	CONTR, HEMI	CONTR, HEMI	0.99906	0.98612	CONTR, HEMI	CONTR, HEMI	0.99906
GSM2403239	2	Frozen	CONTR, HEMI	CONTR, HEMI	0.99886	0.88094	CONTR, HEMI	CONTR, HEMI	0.99886
GSM2403245	2	FFPE	MB, G4	MB, G4	0.99999	0.99011	MCF MB G3G4	MCF MB G3G4	1.00000
GSM2403259	2	FFPE	MB, SHH CHL AD	MB, SHH CHL AD	0.99999	0.97780	MCF MB SHH	MCF MB SHH	0.99999
GSM2403260	2	FFPE	MB, G4	MB, G4	1.00000	0.99071	MCF MB G3G4	MCF MB G3G4	1.00000
GSM2403266	2	FFPE	MB, G3	MB, G3	1.00000	0.98959	MCF MB G3G4	MCF MB G3G4	1.00000
GSM2403271	2	FFPE	MB, SHH INF	MB, SHH INF	0.99990	0.96277	MCF MB SHH	MCF MB SHH	0.99995
GSM2403285	2	FFPE	MB, G4	MB, G4	0.99999	0.97904	MCF MB G3G4	MCF MB G3G4	0.99999
GSM2403290	2	FFPE	MB, G4	MB, G4	1.00000	0.99083	MCF MB G3G4	MCF MB G3G4	1.00000
GSM2403293	2	FFPE	MB, SHH INF	MB, SHH INF	0.99097	0.92158	MCF MB SHH	MCF MB SHH	0.99974
GSM2403295	2	FFPE	MB, G3	MB, G3	1.00000	0.98933	MCF MB G3G4	MCF MB G3G4	1.00000
GSM2403296	2	FFPE	MB, SHH CHL AD	MB, SHH CHL AD	0.99921	0.91170	MCF MB SHH	MCF MB SHH	0.99989
GSM2403299	2	FFPE	MB, G3	MB, G3	0.99923	0.94231	MCF MB G3G4	MCF MB G3G4	0.99924
GSM2403301	2	FFPE	MB, G4	MB, G4	1.00000	0.99086	MCF MB G3G4	MCF MB G3G4	1.00000
GSM2403305	2	FFPE	MB, G4	MB, G4	0.99871	0.92898	MCF MB G3G4	MCF MB G3G4	0.99996
GSM2403308	2	FFPE	MB, G4	MB, G4	0.99999	0.97743	MCF MB G3G4	MCF MB G3G4	0.99999
GSM2403313	2	FFPE	MB, G4	MB, G4	1.00000	0.98848	MCF MB G3G4	MCF MB G3G4	1.00000
GSM2403315	2	FFPE	MB, G3	MB, G3	1.00000	0.98935	MCF MB G3G4	MCF MB G3G4	1.00000
GSM2403316	2	FFPE	MB, G3	MB, G3	0.99998	0.96210	MCF MB G3G4	MCF MB G3G4	0.99998
GSM2403323	2	FFPE	HGNET, MN1	HGNET, MN1	0.99996	0.89330	HGNET, MN1	HGNET, MN1	0.99996
GSM2403325	2	FFPE	MB, G4	MB, G4	0.78807	0.63303	MCF MB G3G4	MCF MB G3G4	0.99695
GSM2403328	2	FFPE	MB, SHH INF	MB, SHH INF	0.94115	0.85782	MCF MB SHH	MCF MB SHH	0.99975
GSM2403329	2	FFPE	MB, G4	MB, G4	0.99999	0.98309	MCF MB G3G4	MCF MB G3G4	0.99999
GSM2403333	2	FFPE	MB, G3	MB, G3	0.99994	0.93885	MCF MB G3G4	MCF MB G3G4	0.99997
GSM2403344	2	FFPE	MB, G3	MB, G3	0.99999	0.98599	MCF MB G3G4	MCF MB G3G4	0.99999
GSM2403346	2	FFPE	MB, G4	MB, G4	0.99999	0.99059	MCF MB G3G4	MCF MB G3G4	1.00000
GSM2403349	2	FFPE	MB, WNT	MB, WNT	0.99936	0.95261	MB, WNT	MB, WNT	0.99936
GSM2403354	2	FFPE	MB, SHH INF	MB, SHH INF	0.99987	0.98395	MCF MB SHH	MCF MB SHH	0.99988
GSM2403363	2	FFPE	MB, G3	MB, G3	0.99999	0.98387	MCF MB G3G4	MCF MB G3G4	0.99999
GSM2403366	2	FFPE	MB, G4	MB, G4	1.00000	0.99035	MCF MB G3G4	MCF MB G3G4	1.00000
GSM2403372	2	FFPE	MB, G4	MB, G4	0.99999	0.98106	MCF MB G3G4	MCF MB G3G4	1.00000
GSM2403375	2	FFPE	MB, SHH CHL AD	MB, SHH INF	0.96396	0.29039	MCF MB SHH	MCF MB SHH	0.96800
GSM2403379	2	FFPE	MB, G4	MB, G4	0.99996	0.91605	MCF MB G3G4	MCF MB G3G4	0.99997
GSM2403382	2	FFPE	MB, G3	MB, G3	0.99999	0.98288	MCF MB G3G4	MCF MB G3G4	0.99999
GSM2403383	2	FFPE	MB, SHH INF	MB, SHH INF	0.99992	0.98336	MCF MB SHH	MCF MB SHH	0.99992
GSM2403384	2	FFPE	MB, G4	MB, G4	0.99995	0.98733	MCF MB G3G4	MCF MB G3G4	0.99999
GSM2403389	2	FFPE	MB, SHH INF	MB, SHH INF	0.99999	0.98531	MCF MB SHH	MCF MB SHH	0.99999
GSM2403394	2	FFPE	MB, SHH CHL AD	MB, SHH CHL AD	0.99993	0.95493	MCF MB SHH	MCF MB SHH	0.99994
GSM2403398	2	FFPE	MB, G3	MB, G3	1.00000	0.98893	MCF MB G3G4	MCF MB G3G4	1.00000
GSM2403402	2	FFPE	MB, G4	MB, G4	0.93139	0.70005	MCF MB G3G4	MCF MB G3G4	0.99278
GSM2403404	2	Frozen	MB, G4	MB, G4	1.00000	0.98699	MCF MB G3G4	MCF MB G3G4	1.00000
GSM2403405	2	Frozen	MB, G4	MB, G4	0.99999	0.98710	MCF MB G3G4	MCF MB G3G4	0.99999
GSM2403406	2	Frozen	MB, SHH CHL AD	MB, WNT	0.74205	0.01949	MCF MB SHH	MB, WNT	0.74205
GSM2403410	2	Frozen	MB, SHH CHL AD	MB, SHH CHL AD	0.98787	0.56925	MCF MB SHH	MCF MB SHH	0.98804
GSM2403421	2	Frozen	LGG, PA MID	LGG, PA MID	0.99989	0.93143	MCF PA	MCF PA	0.99990
GSM2403426	2	Frozen	MB, SHH CHL AD	MB, SHH CHL AD	0.99991	0.97012	MCF MB SHH	MCF MB SHH	0.99992
GSM2403437	2	Frozen	MB, SHH CHL AD	MB, SHH CHL AD	0.99967	0.82667	MCF MB SHH	MCF MB SHH	0.99977
GSM2403445	2	Frozen	LGG, PA PF	LGG, PA PF	0.99998	0.98774	MCF PA	MCF PA	1.00000
GSM2403450	2	Frozen	LGG, PA PF	LGG, PA PF	0.99992	0.95267	MCF PA	MCF PA	0.99997
GSM2403451	2	Frozen	LGG, PA MID	LGG, PA MID	0.99995	0.95426	MCF PA	MCF PA	0.99999
GSM2403453	2	Frozen	LGG, PA MID	LGG, PA MID	1.00000	0.98680	MCF PA	MCF PA	1.00000
GSM2403458	2	Frozen	LGG, PA PF	LGG, PA PF	0.99992	0.95587	MCF PA	MCF PA	0.99999
GSM2403476	2	Frozen	GBM, RTK II	GBM, RTK II	0.98188	0.96570	MCF GBM	MCF GBM	1.00000
GSM2403478	2	Frozen	GBM, RTK I	GBM, RTK I	0.99916	0.76422	MCF GBM	MCF GBM	1.00000
GSM2403485	2	Frozen	GBM, RTK II	GBM, RTK II	0.83200	0.80078	MCF GBM	MCF GBM	0.99999
GSM2403488	2	Frozen	GBM, RTK II	GBM, RTK II	0.99862	0.96504	MCF GBM	MCF GBM	0.99998
GSM2403490	2	Frozen	DMG, K27	DMG, K27	0.87131	0.97093	DMG, K27	DMG, K27	0.87131
GSM2403497	2	Frozen	EPN, RELA	EPN, RELA	0.99999	0.98175	EPN, RELA	EPN, RELA	0.99999
GSM2403501	2	Frozen	CNS NB, FOXR2	CNS NB, FOXR2	0.99997	0.98398	CNS NB, FOXR2	CNS NB, FOXR2	0.99997
GSM2403505	2	FFPE	SCHW	SCHW	0.76207	0.27557	SCHW	SCHW	0.76207
GSM2403510	2	FFPE	LGG, PA PF	LGG, PA PF	0.99955	0.89017	MCF PA	MCF PA	0.99964
GSM2403511	2	FFPE	CONTR, REACT	CONTR, REACT	0.99980	0.85302	CONTR, REACT	CONTR, REACT	0.99980
GSM2403513	2	FFPE	CONTR, REACT	CONTR, REACT	0.99996	0.97920	CONTR, REACT	CONTR, REACT	0.99996
GSM2403514	2	FFPE	CONTR, REACT	CONTR, REACT	0.94102	0.34576	CONTR, REACT	CONTR, REACT	0.94102
GSM2403523	2	FFPE	MB, SHH INF	MB, SHH INF	0.99991	0.97737	MCF MB SHH	MCF MB SHH	0.99992
GSM2403524	2	FFPE	MB, G4	MB, G4	1.00000	0.98625	MCF MB G3G4	MCF MB G3G4	1.00000
GSM2403528	2	FFPE	ETMR	ETMR	0.99848	0.73785	ETMR	ETMR	0.99848
GSM2403531	2	Frozen	CONTR, HEMI	CONTR, HEMI	0.99898	0.96283	CONTR, HEMI	CONTR, HEMI	0.99898
GSM2403536	2	Frozen	MNG	MNG	0.99985	0.98497	MNG	MNG	0.99985
GSM2403547	2	Frozen	MNG	MNG	0.99998	0.98690	MNG	MNG	0.99998
GSM2403550	2	Frozen	MNG	MNG	0.99997	0.98858	MNG	MNG	0.99997
GSM2403555	2	Frozen	MNG	MNG	0.99806	0.96215	MNG	MNG	0.99806
GSM2403560	2	Frozen	MNG	MNG	0.99977	0.95074	MNG	MNG	0.99977
GSM2403563	2	Frozen	MNG	MNG	0.99918	0.96482	MNG	MNG	0.99918
GSM2403568	2	Frozen	LGG, PA MID	LGG, PA MID	0.99980	0.97068	MCF PA	MCF PA	0.99981
GSM2403572	2	FFPE	O IDH	O IDH	0.99997	0.94816	MCF IDH GLM	MCF IDH GLM	1.00000
GSM2403573	2	FFPE	LGG, MYB	LGG, MYB	1.00000	0.98736	LGG, MYB	LGG, MYB	1.00000
GSM2403583	2	FFPE	LGG, PA MID	LGG, PA MID	0.99992	0.97649	MCF PA	MCF PA	0.99997
GSM2403588	2	FFPE	A IDH	A IDH	0.99453	0.91438	MCF IDH GLM	MCF IDH GLM	1.00000
GSM2403592	2	Frozen	MNG	MNG	0.99980	0.97563	MNG	MNG	0.99980
GSM2403606	2	Frozen	EFT, CIC	EFT, CIC	0.95295	0.21232	EFT, CIC	EFT, CIC	0.95295
GSM2403607	2	FFPE	A IDH, HG	A IDH, HG	0.98452	0.78898	MCF IDH GLM	MCF IDH GLM	1.00000
GSM2403608	2	FFPE	A IDH	A IDH	0.99672	0.95435	MCF IDH GLM	MCF IDH GLM	1.00000
GSM2403619	2	FFPE	ATRT, SHH	ATRT, SHH	0.98977	0.86967	MCF ATRT	MCF ATRT	0.99871
GSM2403620	2	FFPE	ETMR	ETMR	0.99994	0.98019	ETMR	ETMR	0.99994
GSM2403626	2	FFPE	LGG, GG	LGG, GG	0.99998	0.94338	LGG, GG	LGG, GG	0.99998
GSM2403628	2	FFPE	SUBEPN, ST	SUBEPN, ST	0.99868	0.87710	SUBEPN, ST	SUBEPN, ST	0.99868
GSM2403631	2	FFPE	LGG, SEGA	LGG, SEGA	0.99999	0.95826	LGG, SEGA	LGG, SEGA	0.99999
GSM2403639	2	FFPE	SUBEPN, ST	SUBEPN, ST	0.93320	0.25796	SUBEPN, ST	SUBEPN, ST	0.93320
GSM2403642	2	FFPE	LGG, SEGA	LGG, SEGA	1.00000	0.97121	LGG, SEGA	LGG, SEGA	1.00000
GSM2403646	2	FFPE	PIN T, PB B	PIN T, PB B	0.99725	0.78641	PIN T, PB B	PIN T, PB B	0.99725
GSM2403647	2	FFPE	LYMPHO	LYMPHO	0.76707	0.07898	LYMPHO	LYMPHO	0.76707
GSM2403649	2	Frozen	GBM, RTK I	GBM, RTK I	1.00000	0.98165	MCF GBM	MCF GBM	1.00000
GSM2403650	2	Frozen	GBM, RTK II	GBM, RTK II	0.87897	0.92760	MCF GBM	MCF GBM	0.99999
GSM2403666	2	FFPE	ETMR	EPN, RELA	0.09968	0.01302	ETMR	EPN, RELA	0.09968
GSM2403668	2	Frozen	GBM, MES	GBM, MES	0.94603	0.43763	MCF GBM	MCF GBM	1.00000
GSM2403669	2	Frozen	GBM, RTK II	GBM, RTK II	0.99719	0.97724	MCF GBM	MCF GBM	0.99972
GSM2403671	2	Frozen	GBM, RTK II	GBM, RTK II	0.98642	0.97770	MCF GBM	MCF GBM	1.00000
GSM2403673	2	Frozen	GBM, RTK II	GBM, RTK II	0.99875	0.93634	MCF GBM	MCF GBM	0.99992
GSM2403674	2	Frozen	GBM, RTK II	GBM, RTK II	0.99467	0.96390	MCF GBM	MCF GBM	0.99999
GSM2403676	2	Frozen	GBM, RTK II	GBM, RTK II	0.97984	0.96187	MCF GBM	MCF GBM	0.99997
GSM2403694	2	Frozen	HGNET, MN1	HGNET, MN1	0.98974	0.69504	HGNET, MN1	HGNET, MN1	0.98974
GSM2403696	2	Frozen	GBM, RTK I	GBM, RTK I	0.99999	0.93792	MCF GBM	MCF GBM	1.00000
GSM2403702	2	Frozen	HGNET, BCOR	HGNET, BCOR	0.99999	0.98581	HGNET, BCOR	HGNET, BCOR	0.99999
GSM2403704	2	FFPE	PTPR, B	PTPR, B	0.88568	0.14418	PTPR, B	PTPR, B	0.88568
GSM2403711	2	FFPE	PIN T, PPT	PIN T, PPT	0.99998	0.95567	PIN T, PPT	PIN T, PPT	0.99998
GSM2403716	2	FFPE	CPH, ADM	CPH, ADM	0.99982	0.98398	CPH, ADM	CPH, ADM	0.99982
GSM2403721	2	FFPE	EFT, CIC	EFT, CIC	0.99811	0.56698	EFT, CIC	EFT, CIC	0.99811
GSM2403724	2	Frozen	GBM, RTK II	GBM, RTK II	0.80973	0.92076	MCF GBM	MCF GBM	0.99965
GSM2403734	2	FFPE	A IDH	A IDH	0.99808	0.92945	MCF IDH GLM	MCF IDH GLM	0.99999
GSM2403737	2	FFPE	EPN, MPE	EPN, MPE	0.99999	0.97704	EPN, MPE	EPN, MPE	0.99999
GSM2403743	2	FFPE	LGG, PA/GG ST	LGG, PA/GG ST	0.96945	0.45431	MCF PA	MCF PA	0.96991
GSM2403747	2	FFPE	EPN, MPE	EPN, MPE	0.98898	0.69366	EPN, MPE	EPN, MPE	0.98898
GSM2403749	2	FFPE	DMG, K27	DMG, K27	0.99993	0.98714	DMG, K27	DMG, K27	0.99993
GSM2403752	2	Frozen	HGNET, BCOR	HGNET, BCOR	0.99995	0.97790	HGNET, BCOR	HGNET, BCOR	0.99995
GSM2403755	2	FFPE	LGG, DNT	LGG, DNT	1.00000	0.98951	LGG, DNT	LGG, DNT	1.00000
GSM2403764	2	Frozen	CNS NB, FOXR2	CNS NB, FOXR2	0.99998	0.98317	CNS NB, FOXR2	CNS NB, FOXR2	0.99998
GSM2403768	2	FFPE	CN	CN	0.99478	0.75960	CN	CN	0.99478
GSM2403774	2	FFPE	CN	CN	0.99999	0.98139	CN	CN	0.99999
GSM2403779	2	FFPE	PLEX, AD	PLEX, AD	0.99975	0.92159	MCF PLEX T	MCF PLEX T	0.99991
GSM2403783	2	FFPE	EPN, PF A	EPN, PF A	0.99999	0.99063	EPN, PF A	EPN, PF A	0.99999
GSM2403784	2	FFPE	CPH, ADM	CPH, ADM	0.99983	0.98477	CPH, ADM	CPH, ADM	0.99983
GSM2403786	2	FFPE	CPH, ADM	CPH, ADM	0.99990	0.97879	CPH, ADM	CPH, ADM	0.99990
GSM2403795	2	FFPE	EPN, RELA	EPN, RELA	0.99981	0.95509	EPN, RELA	EPN, RELA	0.99981
GSM2403798	2	FFPE	HGNET, MN1	HGNET, MN1	0.99070	0.51577	HGNET, MN1	HGNET, MN1	0.99070
GSM2403800	2	FFPE	EPN, RELA	EPN, RELA	0.99552	0.91904	EPN, RELA	EPN, RELA	0.99552
GSM2403822	2	FFPE	EPN, PF A	EPN, PF A	1.00000	0.98995	EPN, PF A	EPN, PF A	1.00000
GSM2403826	2	FFPE	DMG, K27	DMG, K27	0.99955	0.98115	DMG, K27	DMG, K27	0.99955
GSM2403832	2	Frozen	MB, SHH CHL AD	MB, SHH CHL AD	0.99999	0.98025	MCF MB SHH	MCF MB SHH	0.99999
GSM2403840	2	FFPE	ENB, A	ENB, A	0.99998	0.98079	MCF ENB	MCF ENB	0.99998
GSM2403842	2	FFPE	LGG, DNT	LGG, PA/GG ST	0.97160	0.82694	LGG, DNT	MCF PA	0.97162
GSM2403846	2	FFPE	CPH, PAP	CPH, PAP	0.69429	0.12012	CPH, PAP	CPH, PAP	0.69429
GSM2403849	2	FFPE	CPH, PAP	CPH, PAP	0.62029	0.14279	CPH, PAP	CPH, PAP	0.62029
GSM2403855	2	FFPE	EPN, PF A	EPN, PF A	0.99999	0.98996	EPN, PF A	EPN, PF A	0.99999
GSM2403859	2	FFPE	EPN, PF A	EPN, PF A	0.99963	0.94056	EPN, PF A	EPN, PF A	0.99963
GSM2403864	2	FFPE	EPN, PF A	EPN, PF A	0.99999	0.99034	EPN, PF A	EPN, PF A	0.99999
GSM2403867	2	FFPE	EPN, PF B	EPN, PF B	1.00000	0.98886	EPN, PF B	EPN, PF B	1.00000
GSM2403876	2	FFPE	EPN, PF A	EPN, PF A	0.99999	0.98860	EPN, PF A	EPN, PF A	0.99999
GSM2403877	2	FFPE	EPN, PF A	EPN, PF A	0.99999	0.98415	EPN, PF A	EPN, PF A	0.99999
GSM2403880	2	FFPE	EPN, PF A	EPN, PF A	0.99999	0.98789	EPN, PF A	EPN, PF A	0.99999
GSM2403889	2	FFPE	EPN, PF A	EPN, PF A	0.99996	0.98511	EPN, PF A	EPN, PF A	0.99996
GSM2403893	2	Frozen	ATRT, TYR	ATRT, TYR	1.00000	0.98588	MCF ATRT	MCF ATRT	1.00000
GSM2403907	2	FFPE	HMB	HMB	0.99975	0.94585	HMB	HMB	0.99975
GSM2403909	2	FFPE	HMB	HMB	0.99996	0.98968	HMB	HMB	0.99996
GSM2403910	2	FFPE	HMB	HMB	0.98213	0.54856	HMB	HMB	0.98213
GSM2403913	2	FFPE	HMB	HMB	0.99993	0.97557	HMB	HMB	0.99993
GSM2403925	2	FFPE	PTPR, A	PTPR, A	0.60048	0.06464	PTPR, A	PTPR, A	0.60048
GSM2403934	2	FFPE	PTPR, B	PTPR, B	0.99908	0.86483	PTPR, B	PTPR, B	0.99908
GSM2403941	2	FFPE	ETMR	ETMR	0.99974	0.91959	ETMR	ETMR	0.99974
GSM2403946	2	FFPE	HMB	HMB	0.99997	0.98582	HMB	HMB	0.99997
GSM2403950	2	FFPE	SFT HMPC	SFT HMPC	0.99992	0.92207	SFT HMPC	SFT HMPC	0.99992
GSM2403957	2	FFPE	SCHW	SCHW	0.99996	0.97491	SCHW	SCHW	0.99996
GSM2403959	2	FFPE	SCHW	SCHW	0.52779	0.08022	SCHW	SCHW	0.52779
GSM2403965	2	FFPE	SFT HMPC	SFT HMPC	0.99999	0.98198	SFT HMPC	SFT HMPC	0.99999
GSM2403975	2	Frozen	EPN, PF A	EPN, PF A	0.99998	0.99026	EPN, PF A	EPN, PF A	0.99998
GSM2403977	2	Frozen	EPN, PF B	EPN, PF B	0.99943	0.86419	EPN, PF B	EPN, PF B	0.99943
GSM2403978	2	Frozen	EPN, PF A	EPN, PF A	0.99999	0.99009	EPN, PF A	EPN, PF A	0.99999
GSM2403986	2	Frozen	EPN, PF A	EPN, PF A	0.99999	0.98904	EPN, PF A	EPN, PF A	0.99999
GSM2403990	2	FFPE	PGG, nC	PGG, nC	0.99999	0.97038	PGG, nC	PGG, nC	0.99999
GSM2403992	2	FFPE	PGG, nC	PGG, nC	0.99975	0.91315	PGG, nC	PGG, nC	0.99975
GSM2404000	2	FFPE	LGG, PA PF	LGG, PA PF	0.99992	0.94271	MCF PA	MCF PA	0.99993
GSM2404013	2	FFPE	PIN T, PPT	PIN T, PPT	0.99915	0.88716	PIN T, PPT	PIN T, PPT	0.99915
GSM2404018	2	FFPE	SFT HMPC	SFT HMPC	0.99991	0.89036	SFT HMPC	SFT HMPC	0.99991
GSM2404019	2	FFPE	PLEX, PED A	PLEX, PED A	0.84064	0.04268	MCF PLEX T	MCF PLEX T	0.90340
GSM2404025	2	FFPE	GBM, RTK III	GBM, MID	0.56785	0.14153	MCF GBM	MCF GBM	0.92694
GSM2404031	2	FFPE	PLEX, AD	PLEX, AD	0.99729	0.86499	MCF PLEX T	MCF PLEX T	0.99906
GSM2404038	2	FFPE	PITUI	PITUI	0.99963	0.85593	PITUI	PITUI	0.99963
GSM2404048	2	FFPE	EPN, YAP	EPN, YAP	0.99989	0.98075	EPN, YAP	EPN, YAP	0.99989
GSM2404061	2	FFPE	SCHW	SCHW	0.59987	0.72297	SCHW	SCHW	0.59987
GSM2404070	2	FFPE	ETMR	ETMR	0.99988	0.96053	ETMR	ETMR	0.99988
GSM2404071	2	FFPE	ETMR	ETMR	0.99992	0.96450	ETMR	ETMR	0.99992
GSM2404073	2	FFPE	CN	CN	0.97661	0.42259	CN	CN	0.97661
GSM2404076	2	FFPE	MNG	MNG	0.99994	0.98014	MNG	MNG	0.99994
GSM2404077	2	FFPE	MNG	MNG	0.62569	0.31718	MNG	MNG	0.62569
GSM2404085	2	FFPE	MNG	MNG	0.99987	0.98066	MNG	MNG	0.99987
GSM2404088	2	FFPE	MNG	MNG	0.99993	0.96897	MNG	MNG	0.99993
GSM2404093	2	FFPE	EPN, RELA	EPN, RELA	0.99995	0.97900	EPN, RELA	EPN, RELA	0.99995
GSM2404095	2	FFPE	MB, WNT	MB, WNT	0.99876	0.97380	MB, WNT	MB, WNT	0.99876
GSM2404098	2	Frozen	ATRT, TYR	ATRT, TYR	0.99999	0.97902	MCF ATRT	MCF ATRT	0.99999
GSM2404110	2	FFPE	PGG, nC	PGG, nC	0.99690	0.77273	PGG, nC	PGG, nC	0.99690
GSM2404112	2	FFPE	ETMR	ETMR	0.99995	0.96531	ETMR	ETMR	0.99995
GSM2404114	2	FFPE	PITAD, STH DNS B	PITAD, STH DNS B	0.99979	0.74888	PITAD, STH DNS B	PITAD, STH DNS B	0.99979
GSM2404126	2	Frozen	ATRT, SHH	ATRT, SHH	0.99968	0.91276	MCF ATRT	MCF ATRT	0.99994
GSM2404130	2	Frozen	CNS NB, FOXR2	CNS NB, FOXR2	0.99997	0.99052	CNS NB, FOXR2	CNS NB, FOXR2	0.99997
GSM2404135	2	FFPE	SUBEPN, PF	SUBEPN, PF	1.00000	0.98819	SUBEPN, PF	SUBEPN, PF	1.00000
GSM2404140	2	FFPE	O IDH	O IDH	0.93082	0.39366	MCF IDH GLM	MCF IDH GLM	0.99941
GSM2404141	2	FFPE	PGG, nC	PGG, nC	0.73799	0.18661	PGG, nC	PGG, nC	0.73799
GSM2404143	2	FFPE	PITAD, FSH LH	PITAD, FSH LH	0.99998	0.97960	PITAD, FSH LH	PITAD, FSH LH	0.99998
GSM2404144	2	FFPE	EPN, SPINE	EPN, SPINE	0.99966	0.85591	EPN, SPINE	EPN, SPINE	0.99966
GSM2404148	2	FFPE	ATRT, MYC	ATRT, MYC	0.99997	0.95452	MCF ATRT	MCF ATRT	0.99999
GSM2404149	2	FFPE	ATRT, MYC	ATRT, MYC	0.99995	0.93195	MCF ATRT	MCF ATRT	0.99996
GSM2404153	2	FFPE	ATRT, MYC	ATRT, MYC	1.00000	0.97430	MCF ATRT	MCF ATRT	1.00000
GSM2404154	2	FFPE	ATRT, TYR	ATRT, TYR	0.99878	0.79902	MCF ATRT	MCF ATRT	0.99937
GSM2404165	2	FFPE	ATRT, TYR	ATRT, TYR	0.99996	0.96048	MCF ATRT	MCF ATRT	1.00000
GSM2404169	2	FFPE	CPH, ADM	CPH, ADM	0.99845	0.78585	CPH, ADM	CPH, ADM	0.99845
GSM2404189	2	FFPE	LIPN	LIPN	0.72715	0.08758	LIPN	LIPN	0.72715
GSM2404194	2	FFPE	PLEX, AD	PLEX, AD	0.99977	0.83881	MCF PLEX T	MCF PLEX T	0.99989
GSM2404198	2	FFPE	EWS	EWS	0.99991	0.93851	EWS	EWS	0.99991
GSM2404201	2	FFPE	PITAD, STH DNS B	PITAD, STH DNS B	0.99829	0.52008	PITAD, STH DNS B	PITAD, STH DNS B	0.99829
GSM2404207	2	FFPE	EPN, PF A	EPN, PF A	0.99999	0.99107	EPN, PF A	EPN, PF A	0.99999
GSM2404211	2	FFPE	O IDH	O IDH	0.99995	0.98600	MCF IDH GLM	MCF IDH GLM	1.00000
GSM2404212	2	FFPE	A IDH, HG	A IDH, HG	0.99989	0.93079	MCF IDH GLM	MCF IDH GLM	1.00000
GSM2404215	2	FFPE	O IDH	O IDH	0.99998	0.98709	MCF IDH GLM	MCF IDH GLM	1.00000
GSM2404228	2	FFPE	A IDH, HG	A IDH, HG	0.99997	0.97852	MCF IDH GLM	MCF IDH GLM	0.99997
GSM2404229	2	FFPE	O IDH	O IDH	0.99998	0.97970	MCF IDH GLM	MCF IDH GLM	1.00000
GSM2404232	2	FFPE	O IDH	O IDH	0.99998	0.98383	MCF IDH GLM	MCF IDH GLM	1.00000
GSM2404237	2	FFPE	O IDH	O IDH	1.00000	0.98381	MCF IDH GLM	MCF IDH GLM	1.00000
GSM2404238	2	FFPE	O IDH	O IDH	0.99995	0.98964	MCF IDH GLM	MCF IDH GLM	1.00000
GSM2404241	2	FFPE	MELAN	MELAN	0.95617	0.95783	MELAN	MELAN	0.95617
GSM2404246	2	FFPE	MELCYT	MELCYT	0.99953	0.98006	MELCYT	MELCYT	0.99953
GSM2404249	2	FFPE	SCHW, MEL	SCHW, MEL	0.99291	0.49746	SCHW, MEL	SCHW, MEL	0.99291
GSM2404253	2	FFPE	SCHW, MEL	SCHW, MEL	0.97272	0.12310	SCHW, MEL	SCHW, MEL	0.97272
GSM2404255	2	FFPE	EPN, PF A	EPN, PF A	1.00000	0.98908	EPN, PF A	EPN, PF A	1.00000
GSM2404258	2	FFPE	SUBEPN, PF	SUBEPN, PF	1.00000	0.94653	SUBEPN, PF	SUBEPN, PF	1.00000
GSM2404268	2	Frozen	MB, SHH CHL AD	MB, SHH CHL AD	0.99997	0.98885	MCF MB SHH	MCF MB SHH	0.99997
GSM2404276	2	FFPE	SUBEPN, SPINE	SUBEPN, SPINE	0.98307	0.15992	SUBEPN, SPINE	SUBEPN, SPINE	0.98307
GSM2404297	2	FFPE	CONTR, ADENOPIT	CONTR, ADENOPIT	0.96707	0.46879	CONTR, ADENOPIT	CONTR, ADENOPIT	0.96707
GSM2404299	2	FFPE	LGG, DNT	LGG, DNT	1.00000	0.98300	LGG, DNT	LGG, DNT	1.00000
GSM2404305	2	FFPE	LGG, SEGA	LGG, SEGA	0.99998	0.92968	LGG, SEGA	LGG, SEGA	0.99998
GSM2404310	2	Frozen	EPN, PF A	EPN, PF A	0.99974	0.94466	EPN, PF A	EPN, PF A	0.99974
GSM2404313	2	Frozen	EPN, PF A	EPN, PF A	0.99997	0.98114	EPN, PF A	EPN, PF A	0.99997
GSM2404323	2	FFPE	LGG, GG	LGG, GG	0.99999	0.96074	LGG, GG	LGG, GG	0.99999
GSM2404328	2	FFPE	LGG, DNT	LGG, DNT	0.98994	0.88830	LGG, DNT	LGG, DNT	0.98994
GSM2404329	2	FFPE	LGG, MYB	LGG, MYB	0.99184	0.61576	LGG, MYB	LGG, MYB	0.99184
GSM2404336	2	FFPE	LGG, GG	LGG, GG	0.99999	0.94147	LGG, GG	LGG, GG	0.99999
GSM2404337	2	FFPE	LGG, GG	LGG, GG	0.99998	0.91350	LGG, GG	LGG, GG	0.99998
GSM2404341	2	FFPE	LGG, GG	LGG, GG	0.99991	0.93782	LGG, GG	LGG, GG	0.99991
GSM2404344	2	FFPE	GBM, MES	GBM, MES	0.99989	0.96126	MCF GBM	MCF GBM	0.99991
GSM2404349	2	FFPE	PITAD, STH SPA	PITAD, STH SPA	0.99262	0.92135	PITAD, STH SPA	PITAD, STH SPA	0.99262
GSM2404353	2	FFPE	PITAD, STH SPA	PITAD, STH SPA	0.99988	0.86400	PITAD, STH SPA	PITAD, STH SPA	0.99988
GSM2404354	2	FFPE	PITAD, STH SPA	PITAD, STH SPA	0.99940	0.96298	PITAD, STH SPA	PITAD, STH SPA	0.99940
GSM2404357	2	FFPE	PITAD, STH SPA	PITAD, STH SPA	0.99610	0.90151	PITAD, STH SPA	PITAD, STH SPA	0.99610
GSM2404361	2	FFPE	PITAD, STH DNS A	PITAD, STH DNS A	0.99206	0.77543	PITAD, STH DNS A	PITAD, STH DNS A	0.99206
GSM2404365	2	FFPE	CONTR, PINEAL	CONTR, PINEAL	0.99998	0.94399	CONTR, PINEAL	CONTR, PINEAL	0.99998
GSM2404370	2	FFPE	PITAD, STH DNS A	PITAD, STH DNS B	0.80509	0.18804	PITAD, STH DNS A	PITAD, STH DNS B	0.80509
GSM2404375	2	FFPE	PITAD, FSH LH	PITAD, FSH LH	0.99993	0.97074	PITAD, FSH LH	PITAD, FSH LH	0.99993
GSM2404376	2	FFPE	MB, WNT	MB, WNT	0.99915	0.95566	MB, WNT	MB, WNT	0.99915
GSM2404378	2	FFPE	MB, SHH CHL AD	MB, SHH CHL AD	0.99990	0.98833	MCF MB SHH	MCF MB SHH	0.99990
GSM2404383	2	Frozen	EPN, SPINE	EPN, SPINE	0.99990	0.94312	EPN, SPINE	EPN, SPINE	0.99990
GSM2404384	2	Frozen	EPN, SPINE	EPN, SPINE	0.99918	0.89699	EPN, SPINE	EPN, SPINE	0.99918
GSM2404388	2	Frozen	EPN, PF B	EPN, PF B	0.95192	0.59472	EPN, PF B	EPN, PF B	0.95192
GSM2404394	2	Frozen	EPN, PF A	EPN, PF A	0.99994	0.97676	EPN, PF A	EPN, PF A	0.99994
GSM2404402	2	Frozen	EPN, PF B	EPN, PF B	0.99999	0.98209	EPN, PF B	EPN, PF B	0.99999
GSM2404409	2	FFPE	PITAD, FSH LH	PITAD, FSH LH	0.96601	0.94644	PITAD, FSH LH	PITAD, FSH LH	0.96601
GSM2404412	2	FFPE	PITAD, FSH LH	PITAD, FSH LH	0.99630	0.97746	PITAD, FSH LH	PITAD, FSH LH	0.99630
GSM2404427	2	FFPE	PITAD, ACTH	PITAD, TSH	0.61133	0.06211	PITAD, ACTH	PITAD, TSH	0.61133
GSM2404430	2	FFPE	EWS	EWS	0.99079	0.53920	EWS	EWS	0.99079
GSM2404431	2	FFPE	EPN, RELA	EPN, RELA	0.99970	0.98185	EPN, RELA	EPN, RELA	0.99970
GSM2404433	2	FFPE	MELAN	MELAN	0.99125	0.95255	MELAN	MELAN	0.99125
GSM2404442	2	FFPE	PITUI	PITUI	0.99997	0.97716	PITUI	PITUI	0.99997
GSM2404444	2	FFPE	PITUI	PITUI	0.99990	0.96731	PITUI	PITUI	0.99990
GSM2404447	2	FFPE	CONTR, WM	CONTR, WM	0.99683	0.52658	CONTR, WM	CONTR, WM	0.99683
GSM2404449	2	FFPE	SCHW	SCHW	0.99868	0.94042	SCHW	SCHW	0.99868
GSM2404450	2	FFPE	EPN, SPINE	EPN, SPINE	0.99899	0.83400	EPN, SPINE	EPN, SPINE	0.99899
GSM2404454	2	FFPE	CONTR, ADENOPIT	CONTR, ADENOPIT	0.99220	0.74905	CONTR, ADENOPIT	CONTR, ADENOPIT	0.99220
GSM2404458	2	FFPE	PIN T, PPT	PIN T, PPT	0.97809	0.69325	PIN T, PPT	PIN T, PPT	0.97809
GSM2404460	2	FFPE	PIN T, PB B	PIN T, PB B	0.99895	0.94760	PIN T, PB B	PIN T, PB B	0.99895
GSM2404463	2	Frozen	EPN, SPINE	EPN, SPINE	0.99979	0.83267	EPN, SPINE	EPN, SPINE	0.99979
GSM2404470	2	FFPE	MNG	MNG	0.99989	0.97236	MNG	MNG	0.99989
GSM2404478	2	FFPE	PITAD, PRL	PITAD, PRL	0.99971	0.68675	PITAD, PRL	PITAD, PRL	0.99971
GSM2404487	2	FFPE	GBM, MYCN	GBM, MYCN	0.99512	0.44523	MCF GBM	MCF GBM	0.99933
GSM2404491	2	FFPE	GBM, G34	GBM, G34	0.99989	0.98149	GBM, G34	GBM, G34	0.99989
GSM2404498	2	FFPE	PXA	PXA	0.99957	0.85504	PXA	PXA	0.99957
GSM2404499	2	FFPE	GBM, RTK III	GBM, RTK III	0.76583	0.08311	MCF GBM	MCF GBM	0.96640
GSM2404513	2	FFPE	PLEX, AD	PLEX, AD	0.98772	0.29620	MCF PLEX T	MCF PLEX T	0.99484
GSM2404515	2	FFPE	LGG, DNT	LGG, DNT	1.00000	0.98987	LGG, DNT	LGG, DNT	1.00000
GSM2404517	2	FFPE	O IDH	O IDH	0.99994	0.98513	MCF IDH GLM	MCF IDH GLM	1.00000
GSM2404533	2	FFPE	EPN, MPE	EPN, MPE	0.99999	0.97894	EPN, MPE	EPN, MPE	0.99999
GSM2404538	2	FFPE	CHORDM	CHORDM	0.29677	0.06187	CHORDM	CHORDM	0.29677
GSM2404542	2	FFPE	MELCYT	MELAN	0.24371	0.03755	MELCYT	MELAN	0.24371
GSM2404549	2	FFPE	LGG, PA PF	LGG, PA PF	0.50730	0.17543	MCF PA	MCF PA	0.81316
GSM2404552	2	FFPE	LGG, RGNT	LGG, RGNT	0.99967	0.91032	LGG, RGNT	LGG, RGNT	0.99967
GSM2404553	2	FFPE	PIN T, PPT	PIN T, PPT	0.45368	0.08481	PIN T, PPT	PIN T, PPT	0.45368
GSM2404554	2	FFPE	LIPN	LIPN	0.97601	0.61803	LIPN	LIPN	0.97601
GSM2404562	2	FFPE	O IDH	O IDH	0.99998	0.96911	MCF IDH GLM	MCF IDH GLM	1.00000
GSM2404563	2	FFPE	PXA	PXA	0.99998	0.89838	PXA	PXA	0.99998
GSM2404570	2	Frozen	GBM, MES	GBM, MES	0.99017	0.77291	MCF GBM	MCF GBM	0.99981
GSM2404577	2	Frozen	GBM, RTK II	GBM, RTK II	0.99841	0.88099	MCF GBM	MCF GBM	0.99850
GSM2404581	2	Frozen	CONTR, INFLAM	CONTR, INFLAM	1.00000	0.97883	CONTR, INFLAM	CONTR, INFLAM	1.00000
GSM2404589	2	FFPE	PIN T, PB A	RETB	0.99391	0.56710	PIN T, PB A	RETB	0.99391
GSM2404601	2	Frozen	CONTR, INFLAM	CONTR, INFLAM	1.00000	0.98304	CONTR, INFLAM	CONTR, INFLAM	1.00000
GSM2404602	2	Frozen	GBM, RTK II	GBM, RTK II	0.89347	0.37507	MCF GBM	MCF GBM	0.99836
GSM2404605	2	FFPE	CPH, PAP	CPH, PAP	0.99994	0.93631	CPH, PAP	CPH, PAP	0.99994
GSM2404610	2	FFPE	CHORDM	CHORDM	0.99872	0.78401	CHORDM	CHORDM	0.99872
GSM2404615	2	FFPE	DMG, K27	DMG, K27	1.00000	0.98456	DMG, K27	DMG, K27	1.00000
GSM2404617	2	FFPE	GBM, RTK III	GBM, MYCN	0.67784	0.07904	MCF GBM	MCF GBM	0.96514
GSM2404619	2	FFPE	LGG, SEGA	LGG, SEGA	0.99795	0.75991	LGG, SEGA	LGG, SEGA	0.99795
GSM2404629	2	FFPE	PTPR, B	PTPR, B	0.99977	0.89049	PTPR, B	PTPR, B	0.99977
GSM2404631	2	Frozen	GBM, RTK I	GBM, RTK I	0.99989	0.91027	MCF GBM	MCF GBM	1.00000
GSM2404644	2	Frozen	CONTR, INFLAM	CONTR, INFLAM	0.99727	0.58936	CONTR, INFLAM	CONTR, INFLAM	0.99727
GSM2404645	2	Frozen	GBM, RTK II	GBM, RTK II	0.99884	0.93161	MCF GBM	MCF GBM	0.99999
GSM2404649	2	FFPE	PLASMA	PLASMA	0.99999	0.96879	PLASMA	PLASMA	0.99999
GSM2404654	2	FFPE	GBM, MID	GBM, MID	0.91357	0.92995	MCF GBM	MCF GBM	0.99939
GSM2404660	2	FFPE	DMG, K27	DMG, K27	0.99972	0.96969	DMG, K27	DMG, K27	0.99972
GSM2404662	2	FFPE	GBM, G34	GBM, G34	0.99967	0.92235	GBM, G34	GBM, G34	0.99967
GSM2404675	2	FFPE	DMG, K27	DMG, K27	0.99909	0.97386	DMG, K27	DMG, K27	0.99909
GSM2404680	2	FFPE	O IDH	O IDH	0.99997	0.97302	MCF IDH GLM	MCF IDH GLM	1.00000
GSM2404683	2	FFPE	A IDH	A IDH	0.99984	0.96275	MCF IDH GLM	MCF IDH GLM	0.99999
GSM2404691	2	FFPE	CONTR, PINEAL	CONTR, PINEAL	0.99999	0.96183	CONTR, PINEAL	CONTR, PINEAL	0.99999
GSM2404696	2	Frozen	CNS NB, FOXR2	CNS NB, FOXR2	0.99995	0.98329	CNS NB, FOXR2	CNS NB, FOXR2	0.99995
GSM2404697	2	FFPE	DMG, K27	DMG, K27	0.99999	0.98862	DMG, K27	DMG, K27	0.99999
GSM2404701	2	FFPE	GBM, MES	GBM, MES	0.76694	0.35911	MCF GBM	MCF GBM	0.99998
GSM2404708	2	FFPE	DMG, K27	DMG, K27	0.99988	0.98994	DMG, K27	DMG, K27	0.99988
GSM2404710	2	FFPE	PXA	PXA	1.00000	0.98828	PXA	PXA	1.00000
GSM2404712	2	FFPE	ENB, A	ENB, A	1.00000	0.98740	MCF ENB	MCF ENB	1.00000
GSM2404715	2	FFPE	GBM, RTK I	GBM, RTK I	0.55192	0.09154	MCF GBM	MCF GBM	0.99997
GSM2404721	2	FFPE	LGG, MYB	LGG, MYB	0.99994	0.92094	LGG, MYB	LGG, MYB	0.99994
GSM2404722	2	FFPE	ENB, A	ENB, A	0.99999	0.96869	MCF ENB	MCF ENB	0.99999
GSM2404731	2	FFPE	ENB, B	ENB, B	0.99954	0.92176	MCF ENB	MCF ENB	0.99995
GSM2404733	2	FFPE	LGG, DIG/DIA	LGG, DIG/DIA	0.99972	0.95311	LGG, DIG/DIA	LGG, DIG/DIA	0.99972
GSM2404737	2	FFPE	A IDH, HG	A IDH, HG	0.99999	0.96956	MCF IDH GLM	MCF IDH GLM	0.99999
GSM2404741	2	Frozen	HGNET, BCOR	HGNET, BCOR	0.99997	0.96484	HGNET, BCOR	HGNET, BCOR	0.99997
GSM2404742	2	Frozen	MB, SHH INF	MB, SHH INF	0.99087	0.90858	MCF MB SHH	MCF MB SHH	0.99087
GSM2404745	2	Frozen	MB, SHH CHL AD	MB, SHH CHL AD	0.99278	0.85757	MCF MB SHH	MCF MB SHH	0.99982
GSM2404748	2	Frozen	A IDH	A IDH	0.99911	0.96415	MCF IDH GLM	MCF IDH GLM	1.00000
GSM2404750	2	Frozen	A IDH	A IDH	0.99998	0.98558	MCF IDH GLM	MCF IDH GLM	1.00000
GSM2404760	2	FFPE	EPN, PF B	EPN, PF B	0.99986	0.91702	EPN, PF B	EPN, PF B	0.99986
GSM2404762	2	FFPE	PTPR, A	PTPR, A	0.99949	0.82735	PTPR, A	PTPR, A	0.99949
GSM2404773	2	FFPE	CN	CN	0.99971	0.95762	CN	CN	0.99971
GSM2404776	2	Frozen	ATRT, MYC	ATRT, MYC	1.00000	0.98443	MCF ATRT	MCF ATRT	1.00000
GSM2404778	2	FFPE	PXA	PXA	0.99999	0.95538	PXA	PXA	0.99999
GSM2404779	2	FFPE	A IDH	A IDH	0.95328	0.91510	MCF IDH GLM	MCF IDH GLM	0.99996
GSM2404788	2	FFPE	DMG, K27	DMG, K27	0.99983	0.98443	DMG, K27	DMG, K27	0.99983
GSM2404789	2	FFPE	SUBEPN, PF	SUBEPN, PF	1.00000	0.99060	SUBEPN, PF	SUBEPN, PF	1.00000
GSM2404799	2	Frozen	SUBEPN, ST	SUBEPN, ST	0.99988	0.94240	SUBEPN, ST	SUBEPN, ST	0.99988
GSM2404800	2	Frozen	SUBEPN, PF	SUBEPN, PF	1.00000	0.98852	SUBEPN, PF	SUBEPN, PF	1.00000
GSM2404803	2	Frozen	EPN, MPE	EPN, MPE	0.99966	0.68682	EPN, MPE	EPN, MPE	0.99966
GSM2404812	2	FFPE	DMG, K27	DMG, K27	0.99985	0.98721	DMG, K27	DMG, K27	0.99985
GSM2404814	2	FFPE	DMG, K27	DMG, K27	0.99983	0.99261	DMG, K27	DMG, K27	0.99983
GSM2404820	2	FFPE	MELCYT	MELCYT	0.97955	0.62323	MELCYT	MELCYT	0.97955
GSM2404829	2	FFPE	GBM, MES	GBM, MES	0.63822	0.80922	MCF GBM	MCF GBM	0.99995
GSM2404831	2	FFPE	LGG, PA PF	LGG, PA PF	0.62295	0.22911	MCF PA	MCF PA	0.83835
GSM2404833	2	FFPE	ATRT, SHH	ATRT, SHH	0.99999	0.98100	MCF ATRT	MCF ATRT	1.00000
GSM2404834	2	FFPE	ATRT, SHH	ATRT, SHH	0.99974	0.93866	MCF ATRT	MCF ATRT	0.99994
GSM2404841	2	FFPE	ATRT, TYR	ATRT, TYR	0.99999	0.96938	MCF ATRT	MCF ATRT	0.99999
GSM2404847	2	FFPE	LGG, PA/GG ST	LGG, PA/GG ST	0.98545	0.30656	MCF PA	MCF PA	0.99123
GSM2404848	2	FFPE	GBM, MID	GBM, MID	0.98942	0.89202	MCF GBM	MCF GBM	0.99967
GSM2404855	2	FFPE	EPN, PF B	EPN, PF B	1.00000	0.98252	EPN, PF B	EPN, PF B	1.00000
GSM2404864	2	FFPE	SUBEPN, PF	SUBEPN, PF	1.00000	0.96022	SUBEPN, PF	SUBEPN, PF	1.00000
GSM2404867	2	FFPE	A IDH	A IDH	0.99960	0.96765	MCF IDH GLM	MCF IDH GLM	1.00000
GSM2404871	2	FFPE	LGG, DNT	LGG, DNT	1.00000	0.98393	LGG, DNT	LGG, DNT	1.00000
GSM2404878	2	FFPE	A IDH	A IDH	0.97974	0.95045	MCF IDH GLM	MCF IDH GLM	1.00000
GSM2404882	2	Frozen	ATRT, MYC	ATRT, MYC	0.99987	0.96584	MCF ATRT	MCF ATRT	0.99988
GSM2404884	2	FFPE	O IDH	O IDH	0.99997	0.97854	MCF IDH GLM	MCF IDH GLM	1.00000
GSM2404885	2	FFPE	A IDH	A IDH	0.99995	0.98828	MCF IDH GLM	MCF IDH GLM	1.00000
GSM2404887	2	FFPE	A IDH	A IDH	0.99978	0.98608	MCF IDH GLM	MCF IDH GLM	1.00000
GSM2404891	2	FFPE	GBM, RTK II	GBM, RTK II	0.98791	0.98570	MCF GBM	MCF GBM	1.00000
GSM2404896	2	Frozen	SUBEPN, PF	SUBEPN, PF	1.00000	0.98764	SUBEPN, PF	SUBEPN, PF	1.00000
GSM2404898	2	Frozen	EPN, PF B	EPN, PF B	0.99999	0.97970	EPN, PF B	EPN, PF B	0.99999
GSM2404903	2	FFPE	LGG, SEGA	LGG, SEGA	0.99667	0.48235	LGG, SEGA	LGG, SEGA	0.99667
GSM2404913	2	FFPE	SUBEPN, SPINE	SUBEPN, SPINE	0.97841	0.17063	SUBEPN, SPINE	SUBEPN, SPINE	0.97841
GSM2404915	2	FFPE	O IDH	O IDH	0.99999	0.98815	MCF IDH GLM	MCF IDH GLM	1.00000
GSM2404916	2	FFPE	LGG, PA PF	LGG, PA PF	0.99983	0.92254	MCF PA	MCF PA	0.99990
GSM2404919	2	FFPE	HGNET, BCOR	HGNET, BCOR	0.99999	0.97392	HGNET, BCOR	HGNET, BCOR	0.99999
GSM2404920	2	FFPE	O IDH	O IDH	0.99999	0.98963	MCF IDH GLM	MCF IDH GLM	1.00000
GSM2404924	2	Frozen	EPN, YAP	EPN, YAP	0.99986	0.96537	EPN, YAP	EPN, YAP	0.99986
GSM2404929	2	Frozen	EPN, PF B	EPN, PF B	0.99999	0.97379	EPN, PF B	EPN, PF B	0.99999
GSM2404930	2	Frozen	EPN, PF B	EPN, PF B	0.99985	0.93092	EPN, PF B	EPN, PF B	0.99985
GSM2404936	2	FFPE	PLEX, PED B	PLEX, PED B	0.99999	0.95575	MCF PLEX T	MCF PLEX T	0.99999
GSM2404942	2	FFPE	PLEX, PED B	PLEX, PED B	0.99966	0.90741	MCF PLEX T	MCF PLEX T	1.00000
GSM2404943	2	FFPE	PLEX, PED B	PLEX, PED B	1.00000	0.98166	MCF PLEX T	MCF PLEX T	1.00000
GSM2404948	2	FFPE	PLEX, PED B	PLEX, PED B	1.00000	0.98876	MCF PLEX T	MCF PLEX T	1.00000
GSM2404957	2	FFPE	PLEX, PED B	PLEX, PED B	1.00000	0.98657	MCF PLEX T	MCF PLEX T	1.00000
GSM2404961	2	FFPE	PLEX, PED A	PLEX, PED A	0.95232	0.69299	MCF PLEX T	MCF PLEX T	0.99974
GSM2404968	2	FFPE	PLEX, PED B	PLEX, PED B	0.99997	0.96938	MCF PLEX T	MCF PLEX T	1.00000
GSM2404982	2	FFPE	PLEX, AD	PLEX, AD	0.99612	0.86248	MCF PLEX T	MCF PLEX T	0.99938
GSM2404989	2	FFPE	PLEX, PED B	PLEX, PED B	1.00000	0.97676	MCF PLEX T	MCF PLEX T	1.00000
GSM2404993	2	FFPE	PLEX, PED B	PLEX, PED B	1.00000	0.98930	MCF PLEX T	MCF PLEX T	1.00000
GSM2405007	2	FFPE	GBM, MYCN	GBM, MYCN	0.99090	0.32043	MCF GBM	MCF GBM	0.99536
GSM2405010	2	Frozen	ATRT, SHH	ATRT, SHH	0.99988	0.97987	MCF ATRT	MCF ATRT	1.00000
GSM2405011	2	Frozen	ATRT, SHH	ATRT, SHH	0.99972	0.95849	MCF ATRT	MCF ATRT	0.99998
GSM2405017	2	Frozen	ATRT, TYR	ATRT, TYR	0.99996	0.96977	MCF ATRT	MCF ATRT	0.99996
GSM2405025	2	FFPE	GBM, MES	GBM, MES	0.97609	0.87286	MCF GBM	MCF GBM	0.98434
GSM2405026	2	FFPE	GBM, G34	GBM, G34	0.99754	0.93973	GBM, G34	GBM, G34	0.99754
GSM2405035	2	FFPE	A IDH, HG	A IDH, HG	0.99999	0.97703	MCF IDH GLM	MCF IDH GLM	1.00000
GSM2405040	2	FFPE	O IDH	O IDH	0.99973	0.95242	MCF IDH GLM	MCF IDH GLM	1.00000
GSM2405045	2	Frozen	CPH, ADM	CPH, ADM	0.99974	0.94667	CPH, ADM	CPH, ADM	0.99974
GSM2405052	2	Frozen	CPH, PAP	CPH, PAP	0.99998	0.98208	CPH, PAP	CPH, PAP	0.99998
GSM2405056	2	FFPE	GBM, RTK II	GBM, RTK II	0.99855	0.98098	MCF GBM	MCF GBM	1.00000
GSM2405059	2	FFPE	GBM, RTK II	GBM, RTK II	0.96427	0.82139	MCF GBM	MCF GBM	1.00000
GSM2405063	2	FFPE	LGG, MYB	LGG, MYB	0.99999	0.96147	LGG, MYB	LGG, MYB	0.99999
GSM2405067	2	FFPE	GBM, RTK II	GBM, RTK II	0.99909	0.97686	MCF GBM	MCF GBM	0.99916
GSM2405071	2	FFPE	ETMR	ETMR	0.99884	0.80109	ETMR	ETMR	0.99884
GSM2405078	2	Frozen	EPN, PF A	EPN, PF A	0.99999	0.98985	EPN, PF A	EPN, PF A	0.99999
GSM2405082	2	Frozen	MB, SHH INF	MB, SHH INF	0.99941	0.98320	MCF MB SHH	MCF MB SHH	0.99941
GSM2405087	2	FFPE	GBM, RTK II	GBM, RTK II	0.99641	0.94663	MCF GBM	MCF GBM	0.99986
GSM2405093	2	FFPE	PLASMA	PLASMA	0.96171	0.20956	PLASMA	PLASMA	0.96171
GSM2405104	2	FFPE	GBM, RTK II	GBM, RTK II	0.98392	0.97979	MCF GBM	MCF GBM	0.99999
GSM2405124	2	FFPE	A IDH	A IDH	0.99986	0.98021	MCF IDH GLM	MCF IDH GLM	1.00000
GSM2405130	2	FFPE	GBM, MES	GBM, MES	0.99969	0.79603	MCF GBM	MCF GBM	0.99994
GSM2405131	2	Frozen	GBM, RTK I	GBM, RTK I	0.99711	0.92702	MCF GBM	MCF GBM	1.00000
GSM2405138	2	Frozen	GBM, RTK II	GBM, RTK II	0.99789	0.93438	MCF GBM	MCF GBM	0.99994
GSM2405148	2	FFPE	GBM, MID	GBM, MID	0.87857	0.16387	MCF GBM	MCF GBM	0.95125
GSM2405150	2	FFPE	GBM, RTK I	GBM, RTK II	0.98327	0.62883	MCF GBM	MCF GBM	0.99999
GSM2405153	2	FFPE	PXA	PXA	1.00000	0.97976	PXA	PXA	1.00000
GSM2405158	2	FFPE	EPN, MPE	EPN, MPE	0.99992	0.84586	EPN, MPE	EPN, MPE	0.99992
GSM2405167	2	Frozen	GBM, RTK I	GBM, RTK I	0.99996	0.94801	MCF GBM	MCF GBM	1.00000
GSM2405189	2	Frozen	GBM, RTK I	GBM, RTK I	0.99303	0.83918	MCF GBM	MCF GBM	0.99993
GSM2405190	2	Frozen	GBM, MES	GBM, MES	0.57148	0.26567	MCF GBM	MCF GBM	0.99999
GSM2405192	2	Frozen	CONTR, INFLAM	CONTR, INFLAM	0.99945	0.81323	CONTR, INFLAM	CONTR, INFLAM	0.99945
GSM2405194	2	Frozen	GBM, G34	GBM, G34	0.99977	0.92058	GBM, G34	GBM, G34	0.99977
GSM2405198	2	Frozen	A IDH	A IDH	0.99981	0.92114	MCF IDH GLM	MCF IDH GLM	1.00000
GSM2405200	2	Frozen	GBM, RTK I	GBM, RTK I	0.99863	0.78136	MCF GBM	MCF GBM	1.00000
GSM2405214	2	FFPE	GBM, RTK II	GBM, RTK II	0.98844	0.98154	MCF GBM	MCF GBM	1.00000
GSM2405216	2	FFPE	LGG, PA MID	LGG, PA MID	0.99998	0.88928	MCF PA	MCF PA	0.99999
GSM2405220	2	Frozen	IHG	IHG	0.99989	0.74288	IHG	IHG	0.99989
GSM2405224	2	Frozen	RETB	RETB	0.99999	0.97434	RETB	RETB	0.99999
GSM2405230	2	Frozen	RETB	RETB	0.99999	0.98461	RETB	RETB	0.99999
GSM2405237	2	Frozen	RETB	RETB	0.98341	0.30143	RETB	RETB	0.98341
GSM2405241	2	FFPE	ANA PA	ANA PA	0.99932	0.90228	ANA PA	ANA PA	0.99932
GSM2405245	2	FFPE	GBM, RTK I	GBM, RTK I	0.99779	0.75738	MCF GBM	MCF GBM	1.00000
GSM2405254	2	Frozen	RETB	RETB	1.00000	0.98625	RETB	RETB	1.00000
GSM2405259	2	FFPE	ENB, B	ENB, B	0.99656	0.75564	MCF ENB	MCF ENB	0.99940
GSM2405260	2	FFPE	ENB, B	ENB, B	0.96296	0.59851	MCF ENB	MCF ENB	0.99808
GSM2405267	2	FFPE	MB, G4	MB, G4	0.99999	0.98843	MCF MB G3G4	MCF MB G3G4	0.99999
GSM2405275	2	FFPE	ANA PA	ANA PA	1.00000	0.97392	ANA PA	ANA PA	1.00000
GSM2405276	2	FFPE	A IDH, HG	A IDH, HG	0.99994	0.97903	MCF IDH GLM	MCF IDH GLM	0.99999
GSM2405277	2	Frozen	MB, G4	MB, G4	0.99999	0.98906	MCF MB G3G4	MCF MB G3G4	0.99999
GSM2405288	2	FFPE	O IDH	O IDH	0.99999	0.98544	MCF IDH GLM	MCF IDH GLM	1.00000
GSM2405295	2	Frozen	DMG, K27	DMG, K27	0.99969	0.96480	DMG, K27	DMG, K27	0.99969
GSM2405302	2	FFPE	A IDH	A IDH	0.70599	0.14139	MCF IDH GLM	MCF IDH GLM	0.77153
GSM2405312	2	FFPE	IHG	IHG	0.99537	0.28950	IHG	IHG	0.99537
GSM2405321	2	FFPE	MB, G4	MB, G4	0.99988	0.98128	MCF MB G3G4	MCF MB G3G4	0.99999
GSM2405324	2	FFPE	GBM, RTK II	GBM, RTK II	0.96106	0.89847	MCF GBM	MCF GBM	0.99997
GSM2405332	2	FFPE	ANA PA	ANA PA	0.99455	0.83522	ANA PA	ANA PA	0.99455
GSM2405343	2	Frozen	MNG	MNG	0.99915	0.98232	MNG	MNG	0.99915
GSM2405345	2	Frozen	MNG	MNG	0.99991	0.98780	MNG	MNG	0.99991
GSM2405348	2	Frozen	MNG	MNG	0.99996	0.99012	MNG	MNG	0.99996
GSM2405351	2	FFPE	MNG	MNG	0.99984	0.98387	MNG	MNG	0.99984
GSM2405353	2	Frozen	MNG	MNG	0.99998	0.98990	MNG	MNG	0.99998
GSM2405356	2	FFPE	MNG	MNG	0.99997	0.98990	MNG	MNG	0.99997
GSM2405374	2	FFPE	PXA	PXA	1.00000	0.99109	PXA	PXA	1.00000
GSM2405377	2	FFPE	GBM, RTK II	GBM, RTK II	0.98984	0.98741	MCF GBM	MCF GBM	0.99999
GSM2405379	2	FFPE	ANA PA	ANA PA	0.99717	0.61740	ANA PA	ANA PA	0.99717
GSM2405388	2	FFPE	GBM, MES	GBM, MES	0.99105	0.82422	MCF GBM	MCF GBM	1.00000
GSM2405389	2	FFPE	A IDH	A IDH	0.99957	0.96754	MCF IDH GLM	MCF IDH GLM	1.00000
GSM2405391	2	FFPE	CONTR, PONS	CONTR, PONS	0.99918	0.84302	CONTR, PONS	CONTR, PONS	0.99918
GSM2405399	2	FFPE	CONTR, PONS	CONTR, PONS	0.14411	0.03915	CONTR, PONS	CONTR, PONS	0.14411
GSM2405416	2	FFPE	CNS NB, FOXR2	CNS NB, FOXR2	0.99998	0.98895	CNS NB, FOXR2	CNS NB, FOXR2	0.99998
GSM2405424	2	FFPE	PIN T, PB A	PIN T, PB A	0.99652	0.74729	PIN T, PB A	PIN T, PB A	0.99652
GSM2405425	2	FFPE	PIN T, PB B	PIN T, PB B	0.99964	0.97779	PIN T, PB B	PIN T, PB B	0.99964
GSM2405431	2	FFPE	PITUI	PITUI	0.99996	0.96944	PITUI	PITUI	0.99996
GSM2405437	2	FFPE	GBM, RTK I	GBM, RTK I	0.84533	0.53737	MCF GBM	MCF GBM	0.99972
GSM2405441	2	FFPE	CHGL	CHGL	0.99895	0.47353	CHGL	CHGL	0.99895
GSM2405448	2	FFPE	ATRT, TYR	ATRT, TYR	1.00000	0.98922	MCF ATRT	MCF ATRT	1.00000
GSM2405471	2	FFPE	PITUI	PITUI	0.99978	0.93659	PITUI	PITUI	0.99978
GSM2405473	2	FFPE	GBM, RTK II	GBM, RTK II	0.83291	0.46049	MCF GBM	MCF GBM	0.99996
GSM2405474	2	FFPE	A IDH, HG	A IDH, HG	0.70358	0.64523	MCF IDH GLM	MCF IDH GLM	0.99999
GSM2405480	2	FFPE	PXA	PXA	0.99990	0.89166	PXA	PXA	0.99990
GSM2405484	2	FFPE	PXA	PXA	0.99841	0.67582	PXA	PXA	0.99841
GSM2405491	2	FFPE	LGG, PA/GG ST	LGG, PA/GG ST	0.97290	0.86291	MCF PA	MCF PA	0.97294
GSM2405492	2	FFPE	CHGL	CHGL	0.99790	0.39991	CHGL	CHGL	0.99790
GSM2405493	2	FFPE	PITUI	PITUI	0.99997	0.98603	PITUI	PITUI	0.99997
GSM2405499	2	FFPE	GBM, RTK II	GBM, RTK II	0.99340	0.98511	MCF GBM	MCF GBM	1.00000
GSM2405503	2	FFPE	GBM, RTK II	GBM, RTK II	0.80098	0.71348	MCF GBM	MCF GBM	0.99991
GSM2405504	2	FFPE	HGNET, MN1	HGNET, MN1	1.00000	0.98501	HGNET, MN1	HGNET, MN1	1.00000
GSM2405505	2	Frozen	GBM, MYCN	GBM, MYCN	0.58929	0.06396	MCF GBM	MCF GBM	0.69308
GSM2405517	2	FFPE	A IDH, HG	A IDH, HG	0.99995	0.95473	MCF IDH GLM	MCF IDH GLM	0.99999
GSM2405518	2	FFPE	A IDH, HG	A IDH, HG	0.99996	0.97837	MCF IDH GLM	MCF IDH GLM	0.99997
GSM2405520	2	FFPE	ATRT, TYR	ATRT, TYR	0.99995	0.92664	MCF ATRT	MCF ATRT	0.99996
GSM2405521	2	FFPE	ATRT, SHH	ATRT, SHH	0.99999	0.96477	MCF ATRT	MCF ATRT	0.99999
GSM2405525	2	FFPE	CNS NB, FOXR2	CNS NB, FOXR2	0.99998	0.98822	CNS NB, FOXR2	CNS NB, FOXR2	0.99998
GSM2405533	2	FFPE	LGG, DNT	LGG, DNT	0.99745	0.82461	LGG, DNT	LGG, DNT	0.99745
GSM2405535	2	FFPE	CNS NB, FOXR2	CNS NB, FOXR2	0.99994	0.97524	CNS NB, FOXR2	CNS NB, FOXR2	0.99994
GSM2405536	2	FFPE	HGNET, BCOR	HGNET, BCOR	0.99980	0.93475	HGNET, BCOR	HGNET, BCOR	0.99980
GSM2405540	2	FFPE	DLGNT	DLGNT	0.99990	0.92377	DLGNT	DLGNT	0.99990
GSM2405543	2	FFPE	LGG, DNT	LGG, DNT	0.99992	0.88357	LGG, DNT	LGG, DNT	0.99992
GSM2405550	2	FFPE	PITAD, ACTH	PITAD, ACTH	0.99934	0.83284	PITAD, ACTH	PITAD, ACTH	0.99934
GSM2405551	2	FFPE	PITAD, ACTH	PITAD, ACTH	0.99974	0.81804	PITAD, ACTH	PITAD, ACTH	0.99974
GSM2405570	2	FFPE	PITAD, STH DNS B	PITAD, STH DNS B	0.99998	0.92517	PITAD, STH DNS B	PITAD, STH DNS B	0.99998
GSM2405578	2	FFPE	MB, G3	MB, G3	0.99984	0.92356	MCF MB G3G4	MCF MB G3G4	0.99984
GSM2405579	2	FFPE	CHGL	CHGL	0.98009	0.17674	CHGL	CHGL	0.98009
GSM2405580	2	FFPE	GBM, G34	GBM, G34	0.99999	0.98268	GBM, G34	GBM, G34	0.99999
GSM2405603	2	FFPE	CONTR, CEBM	MB, SHH INF	0.18161	0.05286	CONTR, CEBM	MCF MB SHH	0.18350
GSM2405605	2	FFPE	DLGNT	DLGNT	0.69115	0.04763	DLGNT	DLGNT	0.69115
GSM2405606	2	FFPE	CONTR, HYPTHAL	CONTR, HYPTHAL	0.99751	0.80199	CONTR, HYPTHAL	CONTR, HYPTHAL	0.99751
GSM2405617	2	FFPE	PITAD, TSH	PITAD, TSH	0.97616	0.62015	PITAD, TSH	PITAD, TSH	0.97616
GSM2405624	2	FFPE	PITAD, TSH	PITAD, TSH	0.97943	0.78415	PITAD, TSH	PITAD, TSH	0.97943
GSM2405643	2	FFPE	PIN T, PB B	PIN T, PB B	0.99370	0.75424	PIN T, PB B	PIN T, PB B	0.99370
GSM2405650	2	FFPE	ENB, A	ENB, A	1.00000	0.97845	MCF ENB	MCF ENB	1.00000
GSM2405654	2	FFPE	ANA PA	ANA PA	0.92783	0.55175	ANA PA	ANA PA	0.92783
GSM2402855	3	Frozen	DMG, K27	DMG, K27	0.99997	0.99705	DMG, K27	DMG, K27	0.99997
GSM2402856	3	Frozen	DMG, K27	DMG, K27	0.99744	0.97592	DMG, K27	DMG, K27	0.99744
GSM2402862	3	Frozen	GBM, G34	GBM, G34	0.99995	0.99808	GBM, G34	GBM, G34	0.99995
GSM2402863	3	Frozen	DMG, K27	DMG, K27	0.99998	0.99469	DMG, K27	DMG, K27	0.99998
GSM2402864	3	Frozen	DMG, K27	DMG, K27	0.99998	0.99882	DMG, K27	DMG, K27	0.99998
GSM2402880	3	Frozen	GBM, G34	GBM, G34	0.99963	0.98819	GBM, G34	GBM, G34	0.99963
GSM2402883	3	Frozen	GBM, G34	GBM, G34	0.99993	0.99893	GBM, G34	GBM, G34	0.99993
GSM2402889	3	Frozen	LGG, PA PF	LGG, PA PF	1.00000	0.99922	MCF PA	MCF PA	1.00000
GSM2402893	3	Frozen	LGG, PA PF	LGG, PA PF	0.99895	0.95180	MCF PA	MCF PA	0.99927
GSM2402895	3	Frozen	LGG, PA MID	LGG, PA MID	0.99960	0.99593	MCF PA	MCF PA	0.99962
GSM2402913	3	Frozen	MB, WNT	MB, WNT	0.99983	0.97906	MB, WNT	MB, WNT	0.99983
GSM2402917	3	Frozen	ATRT, SHH	ATRT, SHH	0.99898	0.98668	MCF ATRT	MCF ATRT	0.99995
GSM2402919	3	Frozen	ATRT, TYR	ATRT, TYR	0.99997	0.99764	MCF ATRT	MCF ATRT	0.99997
GSM2402923	3	Frozen	LGG, PA PF	LGG, PA PF	1.00000	0.99971	MCF PA	MCF PA	1.00000
GSM2402925	3	Frozen	LGG, SEGA	LGG, SEGA	0.94213	0.76112	LGG, SEGA	LGG, SEGA	0.94213
GSM2402926	3	Frozen	LGG, PA PF	LGG, PA PF	1.00000	0.99942	MCF PA	MCF PA	1.00000
GSM2402933	3	Frozen	MB, WNT	MB, WNT	0.99980	0.99842	MB, WNT	MB, WNT	0.99980
GSM2402936	3	Frozen	MB, WNT	MB, WNT	0.99981	0.99796	MB, WNT	MB, WNT	0.99981
GSM2402939	3	Frozen	MB, G4	MB, G4	0.99979	0.99774	MCF MB G3G4	MCF MB G3G4	0.99984
GSM2402942	3	Frozen	MB, SHH INF	MB, SHH INF	0.99996	0.99566	MCF MB SHH	MCF MB SHH	0.99996
GSM2402947	3	Frozen	MB, WNT	MB, WNT	0.99961	0.98116	MB, WNT	MB, WNT	0.99961
GSM2402948	3	Frozen	MB, G4	MB, G4	0.99947	0.99879	MCF MB G3G4	MCF MB G3G4	0.99948
GSM2402949	3	Frozen	MB, G3	MB, G3	0.95869	0.92384	MCF MB G3G4	MCF MB G3G4	0.99961
GSM2402950	3	Frozen	MB, G4	MB, G4	0.99950	0.99885	MCF MB G3G4	MCF MB G3G4	0.99950
GSM2402951	3	Frozen	MB, G4	MB, G4	0.99950	0.99836	MCF MB G3G4	MCF MB G3G4	0.99950
GSM2402955	3	Frozen	ATRT, SHH	ATRT, SHH	0.99991	0.98038	MCF ATRT	MCF ATRT	0.99999
GSM2402959	3	Frozen	ATRT, SHH	ATRT, SHH	0.99963	0.99929	MCF ATRT	MCF ATRT	0.99992
GSM2402961	3	Frozen	ATRT, TYR	ATRT, TYR	0.99995	0.99888	MCF ATRT	MCF ATRT	0.99995
GSM2402969	3	Frozen	LGG, PA PF	LGG, PA PF	1.00000	0.99951	MCF PA	MCF PA	1.00000
GSM2402973	3	Frozen	LGG, PA MID	LGG, PA MID	0.99059	0.96122	MCF PA	MCF PA	0.99066
GSM2402975	3	Frozen	ATRT, MYC	ATRT, MYC	0.52076	0.24649	MCF ATRT	MCF ATRT	0.93609
GSM2402976	3	Frozen	EPN, RELA	EPN, RELA	0.99999	0.99709	EPN, RELA	EPN, RELA	0.99999
GSM2402982	3	Frozen	MB, G3	MB, G3	0.99842	0.95356	MCF MB G3G4	MCF MB G3G4	0.99993
GSM2402986	3	Frozen	MB, G3	MB, G3	0.99995	0.99525	MCF MB G3G4	MCF MB G3G4	1.00000
GSM2402987	3	Frozen	MB, G3	MB, G3	0.99998	0.99908	MCF MB G3G4	MCF MB G3G4	1.00000
GSM2402988	3	Frozen	MB, SHH CHL AD	MB, SHH CHL AD	0.99899	0.98860	MCF MB SHH	MCF MB SHH	0.99899
GSM2402991	3	Frozen	SUBEPN, ST	SUBEPN, ST	0.99970	0.99392	SUBEPN, ST	SUBEPN, ST	0.99970
GSM2402993	3	Frozen	EPN, PF A	EPN, PF A	0.92221	0.75921	EPN, PF A	EPN, PF A	0.92221
GSM2402994	3	Frozen	MB, SHH CHL AD	MB, SHH CHL AD	0.99963	0.99819	MCF MB SHH	MCF MB SHH	0.99965
GSM2402998	3	Frozen	EPN, RELA	EPN, RELA	0.99999	0.99964	EPN, RELA	EPN, RELA	0.99999
GSM2403000	3	Frozen	CNS NB, FOXR2	CNS NB, FOXR2	0.97915	0.76572	CNS NB, FOXR2	CNS NB, FOXR2	0.97915
GSM2403005	3	Frozen	MB, SHH CHL AD	MB, SHH CHL AD	0.99960	0.99942	MCF MB SHH	MCF MB SHH	0.99960
GSM2403007	3	Frozen	MB, G4	MB, G4	0.99950	0.99801	MCF MB G3G4	MCF MB G3G4	0.99951
GSM2403008	3	Frozen	MB, SHH CHL AD	MB, SHH CHL AD	0.99960	0.99915	MCF MB SHH	MCF MB SHH	0.99960
GSM2403019	3	Frozen	MB, G4	MB, G4	0.99965	0.99889	MCF MB G3G4	MCF MB G3G4	0.99966
GSM2403022	3	Frozen	MB, SHH CHL AD	MB, SHH CHL AD	0.99967	0.99787	MCF MB SHH	MCF MB SHH	0.99968
GSM2403030	3	FFPE	LGG, PA MID	LGG, PA MID	0.99966	0.99326	MCF PA	MCF PA	0.99966
GSM2403035	3	Frozen	MB, SHH CHL AD	MB, SHH CHL AD	0.99944	0.99773	MCF MB SHH	MCF MB SHH	0.99962
GSM2403040	3	Frozen	MB, G3	MB, G4	0.60966	0.55054	MCF MB G3G4	MCF MB G3G4	0.99718
GSM2403066	3	Frozen	ETMR	ETMR	0.99870	0.99892	ETMR	ETMR	0.99870
GSM2403071	3	Frozen	ETMR	ETMR	0.99870	0.99862	ETMR	ETMR	0.99870
GSM2403077	3	Frozen	MB, SHH CHL AD	MB, SHH CHL AD	0.99961	0.99892	MCF MB SHH	MCF MB SHH	0.99961
GSM2403079	3	Frozen	MB, SHH CHL AD	MB, SHH CHL AD	0.99960	0.99925	MCF MB SHH	MCF MB SHH	0.99960
GSM2403088	3	Frozen	GBM, RTK II	GBM, RTK II	0.99506	0.98151	MCF GBM	MCF GBM	1.00000
GSM2403089	3	Frozen	GBM, RTK II	GBM, RTK II	0.99914	0.67360	MCF GBM	MCF GBM	0.99991
GSM2403096	3	Frozen	GBM, MES	GBM, MES	0.72969	0.99075	MCF GBM	MCF GBM	0.99996
GSM2403102	3	Frozen	GBM, RTK II	GBM, RTK II	0.97115	0.99908	MCF GBM	MCF GBM	0.99951
GSM2403112	3	Frozen	DMG, K27	DMG, K27	0.99998	0.99934	DMG, K27	DMG, K27	0.99998
GSM2403123	3	FFPE	GBM, RTK II	GBM, RTK II	0.99924	0.95625	MCF GBM	MCF GBM	0.99999
GSM2403129	3	Frozen	MB, SHH CHL AD	MB, SHH CHL AD	0.99960	0.99924	MCF MB SHH	MCF MB SHH	0.99960
GSM2403134	3	Frozen	MB, G4	MB, G4	0.99965	0.99861	MCF MB G3G4	MCF MB G3G4	0.99966
GSM2403136	3	Frozen	MB, WNT	MB, WNT	0.99971	0.99253	MB, WNT	MB, WNT	0.99971
GSM2403139	3	Frozen	LGG, PA PF	LGG, PA PF	1.00000	0.99515	MCF PA	MCF PA	1.00000
GSM2403151	3	Frozen	LGG, PA MID	LGG, PA MID	0.99986	0.99115	MCF PA	MCF PA	0.99988
GSM2403153	3	Frozen	LGG, PA PF	LGG, PA PF	0.99985	0.98867	MCF PA	MCF PA	0.99998
GSM2403154	3	Frozen	LGG, PA PF	LGG, PA PF	1.00000	0.99915	MCF PA	MCF PA	1.00000
GSM2403164	3	Frozen	LGG, PA PF	LGG, PA PF	1.00000	0.99955	MCF PA	MCF PA	1.00000
GSM2403171	3	Frozen	LGG, PA PF	LGG, PA PF	1.00000	0.99941	MCF PA	MCF PA	1.00000
GSM2403176	3	Frozen	LGG, PA PF	LGG, PA PF	1.00000	0.99957	MCF PA	MCF PA	1.00000
GSM2403177	3	Frozen	LGG, PA PF	LGG, PA PF	0.99997	0.98832	MCF PA	MCF PA	0.99997
GSM2403188	3	Frozen	EPN, PF A	EPN, PF A	0.98352	0.81976	EPN, PF A	EPN, PF A	0.98352
GSM2403190	3	Frozen	GBM, G34	GBM, G34	0.99965	0.98635	GBM, G34	GBM, G34	0.99965
GSM2403194	3	Frozen	EPN, RELA	EPN, RELA	0.99999	0.99770	EPN, RELA	EPN, RELA	0.99999
GSM2403198	3	Frozen	SUBEPN, ST	SUBEPN, ST	0.99910	0.99399	SUBEPN, ST	SUBEPN, ST	0.99910
GSM2403200	3	Frozen	EPN, RELA	EPN, RELA	0.99999	0.99878	EPN, RELA	EPN, RELA	0.99999
GSM2403202	3	Frozen	EPN, RELA	EPN, RELA	0.99999	0.99383	EPN, RELA	EPN, RELA	0.99999
GSM2403203	3	Frozen	EPN, YAP	EPN, YAP	0.99809	0.99305	EPN, YAP	EPN, YAP	0.99809
GSM2403211	3	Frozen	EPN, YAP	EPN, YAP	0.99804	0.99433	EPN, YAP	EPN, YAP	0.99804
GSM2403220	3	Frozen	LGG, PA PF	LGG, PA PF	0.99999	0.99743	MCF PA	MCF PA	0.99999
GSM2403224	3	Frozen	LGG, PA PF	LGG, PA PF	0.99984	0.97801	MCF PA	MCF PA	0.99984
GSM2403227	3	FFPE	EPN, PF B	EPN, PF B	0.99999	0.99910	EPN, PF B	EPN, PF B	0.99999
GSM2403229	3	Frozen	EPN, PF B	EPN, PF B	0.99999	0.99885	EPN, PF B	EPN, PF B	0.99999
GSM2403232	3	Frozen	EPN, PF B	EPN, PF B	0.99956	0.92780	EPN, PF B	EPN, PF B	0.99956
GSM2403233	3	Frozen	CONTR, CEBM	CONTR, CEBM	0.99947	0.94637	CONTR, CEBM	CONTR, CEBM	0.99947
GSM2403236	3	Frozen	CONTR, HEMI	CONTR, HEMI	0.99743	0.98791	CONTR, HEMI	CONTR, HEMI	0.99743
GSM2403237	3	Frozen	CONTR, HEMI	CONTR, HEMI	0.99857	0.98240	CONTR, HEMI	CONTR, HEMI	0.99857
GSM2403241	3	FFPE	MB, SHH INF	MB, SHH INF	0.99998	0.99869	MCF MB SHH	MCF MB SHH	0.99998
GSM2403243	3	FFPE	MB, G3	MB, G3	0.99999	0.99682	MCF MB G3G4	MCF MB G3G4	1.00000
GSM2403246	3	FFPE	MB, G4	MB, G4	0.99954	0.99819	MCF MB G3G4	MCF MB G3G4	0.99954
GSM2403252	3	FFPE	MB, G4	MB, G4	0.99950	0.99897	MCF MB G3G4	MCF MB G3G4	0.99950
GSM2403253	3	FFPE	MB, G4	MB, G4	0.99964	0.99918	MCF MB G3G4	MCF MB G3G4	0.99965
GSM2403254	3	FFPE	MB, G4	MB, G4	0.99956	0.99889	MCF MB G3G4	MCF MB G3G4	0.99956
GSM2403264	3	FFPE	MB, G3	MB, G3	0.99999	0.99929	MCF MB G3G4	MCF MB G3G4	1.00000
GSM2403267	3	FFPE	MB, G3	MB, G3	0.99895	0.96365	MCF MB G3G4	MCF MB G3G4	0.99998
GSM2403272	3	FFPE	MB, G4	MB, G4	0.99950	0.99921	MCF MB G3G4	MCF MB G3G4	0.99950
GSM2403280	3	FFPE	MB, G4	MB, G4	0.92275	0.83955	MCF MB G3G4	MCF MB G3G4	0.99998
GSM2403281	3	FFPE	MB, G4	MB, G4	0.99950	0.99895	MCF MB G3G4	MCF MB G3G4	0.99950
GSM2403294	3	FFPE	MB, SHH CHL AD	MB, SHH CHL AD	0.99960	0.99941	MCF MB SHH	MCF MB SHH	0.99960
GSM2403306	3	FFPE	MB, SHH CHL AD	MB, SHH CHL AD	0.99960	0.99914	MCF MB SHH	MCF MB SHH	0.99960
GSM2403314	3	FFPE	MB, SHH INF	MB, SHH INF	0.99995	0.99370	MCF MB SHH	MCF MB SHH	0.99995
GSM2403340	3	FFPE	MB, G4	MB, G4	0.99973	0.99649	MCF MB G3G4	MCF MB G3G4	0.99974
GSM2403342	3	FFPE	MB, SHH INF	MB, SHH INF	0.99998	0.99562	MCF MB SHH	MCF MB SHH	0.99998
GSM2403345	3	FFPE	MB, SHH CHL AD	MB, SHH CHL AD	0.99977	0.99755	MCF MB SHH	MCF MB SHH	0.99977
GSM2403347	3	FFPE	MB, G4	MB, G4	0.99977	0.99379	MCF MB G3G4	MCF MB G3G4	0.99992
GSM2403348	3	FFPE	MB, G4	MB, G4	0.99982	0.99768	MCF MB G3G4	MCF MB G3G4	0.99986
GSM2403351	3	FFPE	MB, WNT	MB, WNT	0.99893	0.94921	MB, WNT	MB, WNT	0.99893
GSM2403352	3	FFPE	MB, G3	MB, G3	0.99999	0.99858	MCF MB G3G4	MCF MB G3G4	1.00000
GSM2403371	3	FFPE	MB, G4	MB, G4	0.99968	0.98784	MCF MB G3G4	MCF MB G3G4	0.99991
GSM2403373	3	FFPE	MB, G3	MB, G3	0.99999	0.99949	MCF MB G3G4	MCF MB G3G4	1.00000
GSM2403374	3	FFPE	MB, WNT	MB, WNT	0.99982	0.99857	MB, WNT	MB, WNT	0.99982
GSM2403376	3	FFPE	MB, G4	MB, G4	0.94710	0.83804	MCF MB G3G4	MCF MB G3G4	0.99992
GSM2403388	3	FFPE	MB, G4	MB, G4	0.99950	0.99905	MCF MB G3G4	MCF MB G3G4	0.99950
GSM2403393	3	FFPE	MB, G3	MB, G3	0.99970	0.93392	MCF MB G3G4	MCF MB G3G4	0.99995
GSM2403396	3	FFPE	MB, G4	MB, G4	0.99961	0.99773	MCF MB G3G4	MCF MB G3G4	0.99962
GSM2403403	3	Frozen	MB, G4	MB, G4	0.99950	0.99903	MCF MB G3G4	MCF MB G3G4	0.99950
GSM2403411	3	Frozen	MB, G3	MB, G3	0.99999	0.99847	MCF MB G3G4	MCF MB G3G4	1.00000
GSM2403413	3	Frozen	MB, G4	MB, G4	0.99975	0.99618	MCF MB G3G4	MCF MB G3G4	0.99976
GSM2403427	3	Frozen	MB, SHH CHL AD	MB, SHH CHL AD	0.99960	0.99928	MCF MB SHH	MCF MB SHH	0.99960
GSM2403434	3	Frozen	MB, SHH INF	MB, SHH INF	0.99998	0.99866	MCF MB SHH	MCF MB SHH	0.99998
GSM2403436	3	Frozen	MB, G3	MB, G3	0.82623	0.85052	MCF MB G3G4	MCF MB G3G4	0.99999
GSM2403441	3	Frozen	MB, G4	MB, G4	0.99887	0.98580	MCF MB G3G4	MCF MB G3G4	0.99994
GSM2403446	3	Frozen	LGG, PA PF	LGG, PA PF	1.00000	0.99972	MCF PA	MCF PA	1.00000
GSM2403452	3	Frozen	LGG, PA PF	LGG, PA PF	1.00000	0.99965	MCF PA	MCF PA	1.00000
GSM2403454	3	Frozen	LGG, PA PF	LGG, PA PF	0.99999	0.99842	MCF PA	MCF PA	0.99999
GSM2403457	3	Frozen	LGG, PA PF	LGG, PA PF	0.99956	0.91215	MCF PA	MCF PA	0.99958
GSM2403469	3	Frozen	MB, G4	MB, G4	0.99972	0.99872	MCF MB G3G4	MCF MB G3G4	0.99973
GSM2403471	3	Frozen	GBM, RTK II	GBM, RTK II	0.97780	0.99739	MCF GBM	MCF GBM	0.99999
GSM2403474	3	Frozen	GBM, RTK II	GBM, RTK II	0.99390	0.99108	MCF GBM	MCF GBM	1.00000
GSM2403482	3	Frozen	GBM, RTK II	GBM, RTK II	0.88264	0.72308	MCF GBM	MCF GBM	1.00000
GSM2403486	3	Frozen	GBM, RTK II	GBM, RTK II	0.95887	0.98795	MCF GBM	MCF GBM	0.99956
GSM2403489	3	Frozen	GBM, MID	GBM, RTK III	0.51432	0.10235	MCF GBM	MCF GBM	0.97636
GSM2403496	3	Frozen	ATRT, SHH	ATRT, SHH	0.99841	0.99871	MCF ATRT	MCF ATRT	0.99995
GSM2403499	3	Frozen	CNS NB, FOXR2	CNS NB, FOXR2	0.99975	0.99922	CNS NB, FOXR2	CNS NB, FOXR2	0.99975
GSM2403500	3	Frozen	HGNET, BCOR	HGNET, BCOR	0.99976	0.99922	HGNET, BCOR	HGNET, BCOR	0.99976
GSM2403507	3	FFPE	O IDH	O IDH	0.99996	0.95719	MCF IDH GLM	MCF IDH GLM	1.00000
GSM2403512	3	FFPE	CONTR, REACT	CONTR, REACT	0.96113	0.43127	CONTR, REACT	CONTR, REACT	0.96113
GSM2403517	3	FFPE	ETMR	ETMR	0.99870	0.99827	ETMR	ETMR	0.99870
GSM2403519	3	FFPE	CONTR, REACT	CONTR, REACT	0.97104	0.97348	CONTR, REACT	CONTR, REACT	0.97104
GSM2403521	3	FFPE	ETMR	ETMR	0.99870	0.99907	ETMR	ETMR	0.99870
GSM2403525	3	FFPE	CNS NB, FOXR2	CNS NB, FOXR2	0.99980	0.99794	CNS NB, FOXR2	CNS NB, FOXR2	0.99980
GSM2403527	3	FFPE	CNS NB, FOXR2	CNS NB, FOXR2	0.99975	0.99926	CNS NB, FOXR2	CNS NB, FOXR2	0.99975
GSM2403535	3	Frozen	CONTR, HEMI	CONTR, HEMI	0.98957	0.91329	CONTR, HEMI	CONTR, HEMI	0.98957
GSM2403539	3	Frozen	MNG	MNG	0.99984	0.99045	MNG	MNG	0.99984
GSM2403541	3	Frozen	MNG	MNG	0.99998	0.99911	MNG	MNG	0.99998
GSM2403543	3	Frozen	MNG	MNG	0.99998	0.99949	MNG	MNG	0.99998
GSM2403554	3	Frozen	MNG	MNG	0.99998	0.99933	MNG	MNG	0.99998
GSM2403564	3	Frozen	MNG	MNG	0.99998	0.99951	MNG	MNG	0.99998
GSM2403565	3	Frozen	MNG	MNG	0.99998	0.99742	MNG	MNG	0.99998
GSM2403575	3	FFPE	LGG, MYB	LGG, MYB	0.99999	0.99640	LGG, MYB	LGG, MYB	0.99999
GSM2403576	3	FFPE	LGG, MYB	LGG, MYB	1.00000	0.99845	LGG, MYB	LGG, MYB	1.00000
GSM2403590	3	FFPE	A IDH, HG	A IDH, HG	0.99987	0.99817	MCF IDH GLM	MCF IDH GLM	0.99995
GSM2403595	3	Frozen	MNG	MNG	0.99990	0.99786	MNG	MNG	0.99990
GSM2403597	3	Frozen	GBM, RTK I	GBM, RTK I	0.96989	0.99336	MCF GBM	MCF GBM	0.99984
GSM2403600	3	Frozen	EPN, PF A	EPN, PF A	0.99986	0.99887	EPN, PF A	EPN, PF A	0.99986
GSM2403601	3	Frozen	EPN, RELA	EPN, RELA	0.99999	0.99596	EPN, RELA	EPN, RELA	0.99999
GSM2403603	3	Frozen	MB, G4	MB, G4	0.99950	0.99875	MCF MB G3G4	MCF MB G3G4	0.99950
GSM2403614	3	FFPE	CONTR, REACT	CONTR, REACT	0.99877	0.96888	CONTR, REACT	CONTR, REACT	0.99877
GSM2403615	3	FFPE	LGG, PA/GG ST	LGG, PA/GG ST	0.94438	0.68699	MCF PA	MCF PA	0.94479
GSM2403617	3	FFPE	O IDH	O IDH	0.99397	0.61756	MCF IDH GLM	MCF IDH GLM	0.99438
GSM2403618	3	FFPE	MB, SHH CHL AD	MB, SHH CHL AD	0.99960	0.99889	MCF MB SHH	MCF MB SHH	0.99960
GSM2403634	3	FFPE	CN	CN	0.99999	0.99295	CN	CN	0.99999
GSM2403635	3	FFPE	CN	CN	0.99820	0.83324	CN	CN	0.99820
GSM2403637	3	FFPE	CN	CN	0.99999	0.98927	CN	CN	0.99999
GSM2403648	3	Frozen	GBM, MES	GBM, MES	0.56959	0.00677	MCF GBM	MCF GBM	0.99994
GSM2403651	3	FFPE	PXA	PXA	0.99997	0.98466	PXA	PXA	0.99997
GSM2403655	3	FFPE	PXA	PXA	1.00000	0.99927	PXA	PXA	1.00000
GSM2403662	3	FFPE	ETMR	ETMR	0.99870	0.99896	ETMR	ETMR	0.99870
GSM2403663	3	FFPE	ETMR	ETMR	0.99870	0.99729	ETMR	ETMR	0.99870
GSM2403665	3	FFPE	ETMR	ETMR	0.99901	0.99727	ETMR	ETMR	0.99901
GSM2403672	3	Frozen	GBM, RTK II	GBM, RTK II	0.99402	0.84485	MCF GBM	MCF GBM	0.99995
GSM2403677	3	Frozen	GBM, RTK II	GBM, RTK II	0.98979	0.99529	MCF GBM	MCF GBM	0.99995
GSM2403688	3	Frozen	GBM, RTK I	GBM, RTK I	0.95606	0.96598	MCF GBM	MCF GBM	1.00000
GSM2403691	3	Frozen	GBM, RTK II	GBM, RTK II	0.94277	0.95507	MCF GBM	MCF GBM	1.00000
GSM2403719	3	FFPE	ATRT, MYC	ATRT, MYC	0.98914	0.77263	MCF ATRT	MCF ATRT	0.99791
GSM2403720	3	FFPE	CNS NB, FOXR2	CNS NB, FOXR2	0.99899	0.97038	CNS NB, FOXR2	CNS NB, FOXR2	0.99899
GSM2403722	3	FFPE	LGG, SEGA	LGG, SEGA	0.99999	0.99056	LGG, SEGA	LGG, SEGA	0.99999
GSM2403725	3	FFPE	O IDH	O IDH	0.99553	0.67296	MCF IDH GLM	MCF IDH GLM	1.00000
GSM2403729	3	FFPE	GBM, RTK II	GBM, RTK II	0.84708	0.22277	MCF GBM	MCF GBM	0.95520
GSM2403733	3	FFPE	PGG, nC	PGG, nC	0.99709	0.97713	PGG, nC	PGG, nC	0.99709
GSM2403738	3	FFPE	GBM, MES	GBM, MES	0.97350	0.93659	MCF GBM	MCF GBM	0.99953
GSM2403750	3	FFPE	A IDH, HG	A IDH, HG	0.98950	0.84571	MCF IDH GLM	MCF IDH GLM	0.98952
GSM2403753	3	FFPE	LGG, DNT	LGG, DNT	0.99986	0.98045	LGG, DNT	LGG, DNT	0.99986
GSM2403754	3	FFPE	HGNET, BCOR	HGNET, BCOR	0.99995	0.98157	HGNET, BCOR	HGNET, BCOR	0.99995
GSM2403756	3	FFPE	LGG, DNT	LGG, DNT	0.99973	0.99861	LGG, DNT	LGG, DNT	0.99973
GSM2403761	3	Frozen	DMG, K27	DMG, K27	0.99998	0.99819	DMG, K27	DMG, K27	0.99998
GSM2403765	3	Frozen	CNS NB, FOXR2	CNS NB, FOXR2	0.99975	0.99914	CNS NB, FOXR2	CNS NB, FOXR2	0.99975
GSM2403767	3	FFPE	CPH, ADM	CPH, ADM	0.99998	0.99740	CPH, ADM	CPH, ADM	0.99998
GSM2403770	3	FFPE	CN	CN	0.99999	0.99018	CN	CN	0.99999
GSM2403771	3	FFPE	CN	SUBEPN, SPINE	0.07516	0.01035	CN	MCF PA	0.11252
GSM2403776	3	FFPE	CHGL	CHGL	0.99874	0.96866	CHGL	CHGL	0.99874
GSM2403778	3	FFPE	MELAN	SCHW, MEL	0.36574	0.01799	MELAN	SCHW, MEL	0.36574
GSM2403781	3	FFPE	EPN, PF A	EPN, PF A	0.99994	0.99579	EPN, PF A	EPN, PF A	0.99994
GSM2403789	3	FFPE	CPH, ADM	CPH, ADM	0.99996	0.99895	CPH, ADM	CPH, ADM	0.99996
GSM2403794	3	FFPE	EPN, RELA	EPN, RELA	0.99999	0.99855	EPN, RELA	EPN, RELA	0.99999
GSM2403802	3	FFPE	EPN, RELA	EPN, RELA	0.99999	0.99824	EPN, RELA	EPN, RELA	0.99999
GSM2403803	3	FFPE	EPN, RELA	EPN, RELA	0.99973	0.98800	EPN, RELA	EPN, RELA	0.99973
GSM2403810	3	FFPE	EPN, RELA	EPN, RELA	0.99999	0.99737	EPN, RELA	EPN, RELA	0.99999
GSM2403815	3	FFPE	LGG, GG	LGG, GG	0.98914	0.70767	LGG, GG	LGG, GG	0.98914
GSM2403825	3	FFPE	EPN, PF A	EPN, PF A	0.99992	0.98981	EPN, PF A	EPN, PF A	0.99992
GSM2403834	3	Frozen	MNG	MNG	0.99998	0.99764	MNG	MNG	0.99998
GSM2403837	3	Frozen	MB, SHH CHL AD	MB, SHH CHL AD	0.99984	0.99853	MCF MB SHH	MCF MB SHH	0.99984
GSM2403848	3	FFPE	CPH, PAP	CPH, PAP	0.82944	0.22333	CPH, PAP	CPH, PAP	0.82944
GSM2403860	3	FFPE	EPN, PF A	EPN, PF A	0.99986	0.99886	EPN, PF A	EPN, PF A	0.99986
GSM2403871	3	FFPE	EPN, PF A	EPN, PF A	0.99986	0.99906	EPN, PF A	EPN, PF A	0.99986
GSM2403874	3	FFPE	EPN, PF A	EPN, PF A	0.99986	0.99930	EPN, PF A	EPN, PF A	0.99986
GSM2403875	3	FFPE	EPN, PF A	EPN, PF A	0.99987	0.99895	EPN, PF A	EPN, PF A	0.99987
GSM2403897	3	FFPE	EPN, MPE	EPN, MPE	0.99988	0.92104	EPN, MPE	EPN, MPE	0.99988
GSM2403898	3	FFPE	EPN, MPE	EPN, MPE	0.99999	0.99837	EPN, MPE	EPN, MPE	0.99999
GSM2403900	3	FFPE	CPH, PAP	CPH, PAP	0.99984	0.97457	CPH, PAP	CPH, PAP	0.99984
GSM2403904	3	FFPE	EPN, SPINE	EPN, SPINE	0.93705	0.41281	EPN, SPINE	EPN, SPINE	0.93705
GSM2403908	3	FFPE	HMB	HMB	0.99501	0.89501	HMB	HMB	0.99501
GSM2403912	3	FFPE	HMB	HMB	0.99989	0.99899	HMB	HMB	0.99989
GSM2403918	3	Frozen	MB, SHH INF	MB, SHH INF	0.99998	0.99802	MCF MB SHH	MCF MB SHH	0.99998
GSM2403926	3	FFPE	PTPR, A	PTPR, A	0.99996	0.98710	PTPR, A	PTPR, A	0.99996
GSM2403927	3	FFPE	PTPR, B	PTPR, B	1.00000	0.99924	PTPR, B	PTPR, B	1.00000
GSM2403928	3	FFPE	PTPR, B	PTPR, B	1.00000	0.99895	PTPR, B	PTPR, B	1.00000
GSM2403945	3	FFPE	HMB	HMB	0.99774	0.93346	HMB	HMB	0.99774
GSM2403951	3	FFPE	SFT HMPC	SFT HMPC	0.99939	0.99317	SFT HMPC	SFT HMPC	0.99939
GSM2403953	3	FFPE	SCHW	SCHW	0.99991	0.97276	SCHW	SCHW	0.99991
GSM2403954	3	FFPE	SCHW	SCHW	0.99999	0.98896	SCHW	SCHW	0.99999
GSM2403956	3	FFPE	SCHW	SCHW	1.00000	0.99343	SCHW	SCHW	1.00000
GSM2403966	3	FFPE	HMB	HMB	0.66588	0.18583	HMB	HMB	0.66588
GSM2403968	3	Frozen	PXA	PXA	1.00000	0.96288	PXA	PXA	1.00000
GSM2403972	3	Frozen	EPN, PF A	EPN, PF A	0.99984	0.99800	EPN, PF A	EPN, PF A	0.99984
GSM2403974	3	Frozen	EPN, PF A	EPN, PF A	0.99994	0.99070	EPN, PF A	EPN, PF A	0.99994
GSM2403982	3	Frozen	EPN, PF B	EPN, PF B	0.99998	0.99233	EPN, PF B	EPN, PF B	0.99998
GSM2403983	3	Frozen	EPN, PF A	EPN, PF A	0.99991	0.99798	EPN, PF A	EPN, PF A	0.99991
GSM2403985	3	Frozen	EPN, PF A	EPN, PF A	0.99992	0.99521	EPN, PF A	EPN, PF A	0.99992
GSM2403987	3	Frozen	EPN, PF A	EPN, PF A	0.99982	0.99178	EPN, PF A	EPN, PF A	0.99982
GSM2403991	3	FFPE	PGG, nC	PGG, nC	0.99999	0.99896	PGG, nC	PGG, nC	0.99999
GSM2403994	3	FFPE	PGG, nC	PGG, nC	0.99994	0.98175	PGG, nC	PGG, nC	0.99994
GSM2404002	3	FFPE	MB, SHH CHL AD	MB, SHH INF	0.99904	0.95053	MCF MB SHH	MCF MB SHH	0.99983
GSM2404010	3	FFPE	HMB	HMB	0.98929	0.79786	HMB	HMB	0.98929
GSM2404011	3	FFPE	PTPR, B	PTPR, B	1.00000	0.99873	PTPR, B	PTPR, B	1.00000
GSM2404030	3	FFPE	SFT HMPC	SFT HMPC	0.97360	0.82162	SFT HMPC	SFT HMPC	0.97360
GSM2404032	3	FFPE	PLEX, AD	PLEX, AD	0.99952	0.87559	MCF PLEX T	MCF PLEX T	0.99958
GSM2404034	3	FFPE	MELCYT	SCHW, MEL	0.82183	0.13412	MELCYT	SCHW, MEL	0.82183
GSM2404043	3	FFPE	SUBEPN, SPINE	SUBEPN, SPINE	0.99670	0.99717	SUBEPN, SPINE	SUBEPN, SPINE	0.99670
GSM2404046	3	FFPE	ATRT, SHH	ATRT, SHH	0.92471	0.98469	MCF ATRT	MCF ATRT	0.99994
GSM2404047	3	FFPE	LGG, PA MID	LGG, PA MID	0.99848	0.89307	MCF PA	MCF PA	0.99851
GSM2404049	3	FFPE	EPN, RELA	EPN, RELA	0.99978	0.96429	EPN, RELA	EPN, RELA	0.99978
GSM2404053	3	FFPE	EPN, RELA	EPN, RELA	0.99998	0.99069	EPN, RELA	EPN, RELA	0.99998
GSM2404064	3	Frozen	MB, SHH INF	MB, SHH INF	0.99601	0.88615	MCF MB SHH	MCF MB SHH	0.99616
GSM2404065	3	Frozen	MB, SHH INF	MB, SHH INF	0.99983	0.98771	MCF MB SHH	MCF MB SHH	0.99983
GSM2404075	3	FFPE	MNG	MNG	0.99998	0.99869	MNG	MNG	0.99998
GSM2404081	3	FFPE	MNG	MNG	0.99997	0.99622	MNG	MNG	0.99997
GSM2404082	3	FFPE	MNG	MNG	0.99863	0.96149	MNG	MNG	0.99863
GSM2404084	3	FFPE	MNG	MNG	0.99998	0.99939	MNG	MNG	0.99998
GSM2404089	3	FFPE	MNG	MNG	0.99998	0.99740	MNG	MNG	0.99998
GSM2404090	3	FFPE	MNG	MNG	0.99998	0.99649	MNG	MNG	0.99998
GSM2404101	3	FFPE	LGG, MYB	LGG, MYB	0.99989	0.97527	LGG, MYB	LGG, MYB	0.99989
GSM2404105	3	FFPE	A IDH	A IDH	0.64568	0.90187	MCF IDH GLM	MCF IDH GLM	1.00000
GSM2404111	3	FFPE	LGG, MYB	LGG, MYB	0.45600	0.17435	LGG, MYB	LGG, MYB	0.45600
GSM2404121	3	FFPE	LIPN	LIPN	0.99854	0.78890	LIPN	LIPN	0.99854
GSM2404125	3	Frozen	ATRT, SHH	ATRT, SHH	0.97559	0.99621	MCF ATRT	MCF ATRT	0.99995
GSM2404127	3	Frozen	ATRT, TYR	ATRT, TYR	0.99997	0.99786	MCF ATRT	MCF ATRT	0.99998
GSM2404131	3	FFPE	GBM, RTK III	GBM, RTK III	0.93973	0.86966	MCF GBM	MCF GBM	0.99914
GSM2404133	3	FFPE	PLEX, AD	PLEX, AD	1.00000	0.98790	MCF PLEX T	MCF PLEX T	1.00000
GSM2404137	3	FFPE	GBM, G34	GBM, G34	0.99964	0.99377	GBM, G34	GBM, G34	0.99964
GSM2404139	3	FFPE	PITAD, PRL	PITAD, PRL	0.98605	0.28899	PITAD, PRL	PITAD, PRL	0.98605
GSM2404155	3	FFPE	ATRT, MYC	ATRT, MYC	0.99822	0.98031	MCF ATRT	MCF ATRT	0.99998
GSM2404158	3	FFPE	ATRT, SHH	ATRT, SHH	0.99920	0.96719	MCF ATRT	MCF ATRT	0.99986
GSM2404171	3	FFPE	CPH, ADM	CPH, ADM	0.99998	0.98420	CPH, ADM	CPH, ADM	0.99998
GSM2404176	3	FFPE	CPH, ADM	CPH, ADM	0.99997	0.99756	CPH, ADM	CPH, ADM	0.99997
GSM2404178	3	FFPE	EPN, PF A	EPN, PF A	0.99988	0.99766	EPN, PF A	EPN, PF A	0.99988
GSM2404179	3	FFPE	EPN, PF B	EPN, PF B	0.99624	0.89912	EPN, PF B	EPN, PF B	0.99624
GSM2404182	3	FFPE	SUBEPN, PF	SUBEPN, PF	0.99994	0.91885	SUBEPN, PF	SUBEPN, PF	0.99994
GSM2404183	3	FFPE	SUBEPN, PF	SUBEPN, PF	1.00000	0.99933	SUBEPN, PF	SUBEPN, PF	1.00000
GSM2404184	3	FFPE	SUBEPN, PF	SUBEPN, PF	0.99742	0.75173	SUBEPN, PF	SUBEPN, PF	0.99742
GSM2404186	3	FFPE	SUBEPN, PF	SUBEPN, PF	1.00000	0.98938	SUBEPN, PF	SUBEPN, PF	1.00000
GSM2404193	3	FFPE	PLEX, PED A	PLEX, PED A	0.85197	0.24183	MCF PLEX T	MCF PLEX T	0.99946
GSM2404200	3	FFPE	GBM, RTK II	GBM, RTK II	0.96577	0.99915	MCF GBM	MCF GBM	0.99972
GSM2404204	3	FFPE	LYMPHO	LYMPHO	0.99834	0.94870	LYMPHO	LYMPHO	0.99834
GSM2404206	3	FFPE	A IDH	A IDH, HG	0.92781	0.43772	MCF IDH GLM	MCF IDH GLM	1.00000
GSM2404209	3	FFPE	O IDH	O IDH	0.99999	0.91168	MCF IDH GLM	MCF IDH GLM	1.00000
GSM2404216	3	FFPE	O IDH	O IDH	0.99999	0.99884	MCF IDH GLM	MCF IDH GLM	0.99999
GSM2404217	3	FFPE	O IDH	O IDH	0.99999	0.99818	MCF IDH GLM	MCF IDH GLM	0.99999
GSM2404223	3	FFPE	O IDH	O IDH	0.76597	0.73291	MCF IDH GLM	MCF IDH GLM	0.99996
GSM2404226	3	FFPE	O IDH	O IDH	0.99998	0.99835	MCF IDH GLM	MCF IDH GLM	0.99998
GSM2404227	3	FFPE	A IDH, HG	A IDH, HG	0.99989	0.98961	MCF IDH GLM	MCF IDH GLM	0.99991
GSM2404236	3	FFPE	A IDH, HG	A IDH, HG	0.99984	0.99494	MCF IDH GLM	MCF IDH GLM	0.99999
GSM2404243	3	FFPE	SCHW, MEL	SCHW	0.99710	0.91186	SCHW, MEL	SCHW	0.99710
GSM2404252	3	FFPE	SCHW, MEL	SCHW, MEL	0.99542	0.65806	SCHW, MEL	SCHW, MEL	0.99542
GSM2404262	3	FFPE	ENB, B	ENB, B	0.99992	0.97157	MCF ENB	MCF ENB	0.99996
GSM2404264	3	FFPE	LGG, PA PF	LGG, PA PF	0.92962	0.27483	MCF PA	MCF PA	0.95215
GSM2404266	3	Frozen	MB, SHH CHL AD	MB, SHH CHL AD	0.99961	0.99920	MCF MB SHH	MCF MB SHH	0.99961
GSM2404275	3	FFPE	EPN, SPINE	EPN, SPINE	0.98604	0.62417	EPN, SPINE	EPN, SPINE	0.98604
GSM2404282	3	FFPE	ENB, B	ENB, B	0.16907	0.04380	MCF ENB	MCF ENB	0.30012
GSM2404283	3	FFPE	EPN, RELA	EPN, RELA	0.99995	0.99245	EPN, RELA	EPN, RELA	0.99995
GSM2404292	3	FFPE	EPN, MPE	EPN, MPE	0.99999	0.99803	EPN, MPE	EPN, MPE	0.99999
GSM2404296	3	FFPE	CONTR, ADENOPIT	CONTR, ADENOPIT	0.98302	0.48119	CONTR, ADENOPIT	CONTR, ADENOPIT	0.98302
GSM2404298	3	FFPE	EPN, SPINE	EPN, SPINE	0.99998	0.99831	EPN, SPINE	EPN, SPINE	0.99998
GSM2404303	3	FFPE	LGG, SEGA	LGG, SEGA	0.99811	0.80807	LGG, SEGA	LGG, SEGA	0.99811
GSM2404304	3	FFPE	LGG, SEGA	LGG, SEGA	0.99729	0.87001	LGG, SEGA	LGG, SEGA	0.99729
GSM2404316	3	Frozen	EPN, PF A	EPN, PF A	0.99989	0.99903	EPN, PF A	EPN, PF A	0.99989
GSM2404320	3	FFPE	PXA	PXA	0.54282	0.14386	PXA	PXA	0.54282
GSM2404324	3	FFPE	LGG, GG	LGG, GG	0.99993	0.97153	LGG, GG	LGG, GG	0.99993
GSM2404331	3	FFPE	LGG, GG	LGG, GG	1.00000	0.99844	LGG, GG	LGG, GG	1.00000
GSM2404340	3	FFPE	LGG, GG	LGG, GG	0.99966	0.91423	LGG, GG	LGG, GG	0.99966
GSM2404348	3	FFPE	PITAD, STH SPA	PITAD, STH SPA	0.99887	0.44044	PITAD, STH SPA	PITAD, STH SPA	0.99887
GSM2404351	3	FFPE	PITAD, STH SPA	PITAD, STH SPA	0.99998	0.98703	PITAD, STH SPA	PITAD, STH SPA	0.99998
GSM2404359	3	FFPE	PITAD, STH SPA	PITAD, STH SPA	0.99634	0.88020	PITAD, STH SPA	PITAD, STH SPA	0.99634
GSM2404363	3	FFPE	PITAD, STH DNS A	PITAD, STH DNS A	0.90677	0.97383	PITAD, STH DNS A	PITAD, STH DNS A	0.90677
GSM2404387	3	Frozen	HGNET, MN1	HGNET, MN1	1.00000	0.99736	HGNET, MN1	HGNET, MN1	1.00000
GSM2404406	3	FFPE	PITAD, STH DNS B	PITAD, STH DNS B	0.98114	0.65108	PITAD, STH DNS B	PITAD, STH DNS B	0.98114
GSM2404407	3	FFPE	PITAD, FSH LH	PIN T, PPT	0.42778	0.05244	PITAD, FSH LH	PIN T, PPT	0.42778
GSM2404411	3	FFPE	PITAD, FSH LH	PITAD, FSH LH	0.99999	0.99829	PITAD, FSH LH	PITAD, FSH LH	0.99999
GSM2404414	3	FFPE	PITAD, FSH LH	PITAD, FSH LH	0.99989	0.99428	PITAD, FSH LH	PITAD, FSH LH	0.99989
GSM2404424	3	FFPE	PITAD, PRL	PITAD, PRL	0.31823	0.04326	PITAD, PRL	PITAD, PRL	0.31823
GSM2404434	3	FFPE	MELAN	MELAN	0.98640	0.40580	MELAN	MELAN	0.98640
GSM2404436	3	FFPE	MELCYT	MELCYT	0.79888	0.12284	MELCYT	MELCYT	0.79888
GSM2404437	3	FFPE	PITUI	CONTR, ADENOPIT	0.19020	0.02836	PITUI	CONTR, ADENOPIT	0.19020
GSM2404438	3	FFPE	LGG, DNT	LGG, DNT	0.97108	0.70225	LGG, DNT	LGG, DNT	0.97108
GSM2404440	3	FFPE	PTPR, A	PTPR, A	0.99968	0.91531	PTPR, A	PTPR, A	0.99968
GSM2404441	3	FFPE	PITUI	PITUI	0.99990	0.94717	PITUI	PITUI	0.99990
GSM2404453	3	FFPE	CONTR, ADENOPIT	CONTR, ADENOPIT	0.99370	0.62113	CONTR, ADENOPIT	CONTR, ADENOPIT	0.99370
GSM2404456	3	FFPE	PIN T, PPT	PIN T, PPT	0.99997	0.97823	PIN T, PPT	PIN T, PPT	0.99997
GSM2404461	3	Frozen	EPN, PF A	EPN, PF A	0.99987	0.99775	EPN, PF A	EPN, PF A	0.99987
GSM2404462	3	Frozen	EPN, PF B	EPN, PF B	0.99995	0.99749	EPN, PF B	EPN, PF B	0.99995
GSM2404467	3	FFPE	MNG	MNG	0.99998	0.99939	MNG	MNG	0.99998
GSM2404469	3	FFPE	MNG	MNG	0.99998	0.99921	MNG	MNG	0.99998
GSM2404472	3	FFPE	SCHW	SCHW	0.98754	0.82590	SCHW	SCHW	0.98754
GSM2404475	3	FFPE	SCHW	SCHW	0.99609	0.83116	SCHW	SCHW	0.99609
GSM2404476	3	FFPE	LGG, PA/GG ST	LGG, PA/GG ST	0.90918	0.29675	MCF PA	MCF PA	0.91568
GSM2404479	3	FFPE	A IDH	A IDH	0.99955	0.99420	MCF IDH GLM	MCF IDH GLM	1.00000
GSM2404481	3	FFPE	DMG, K27	DMG, K27	0.99972	0.99657	DMG, K27	DMG, K27	0.99972
GSM2404483	3	FFPE	ATRT, TYR	ATRT, TYR	0.99964	0.89151	MCF ATRT	MCF ATRT	0.99988
GSM2404485	3	FFPE	CONTR, REACT	LGG, SEGA	0.91276	0.51764	CONTR, REACT	LGG, SEGA	0.91276
GSM2404489	3	FFPE	GBM, G34	GBM, G34	0.99994	0.99848	GBM, G34	GBM, G34	0.99994
GSM2404496	3	FFPE	DMG, K27	DMG, K27	0.99998	0.99876	DMG, K27	DMG, K27	0.99998
GSM2404502	3	FFPE	DMG, K27	DMG, K27	0.99998	0.99836	DMG, K27	DMG, K27	0.99998
GSM2404503	3	FFPE	PXA	PXA	0.99526	0.88522	PXA	PXA	0.99526
GSM2404506	3	FFPE	DMG, K27	DMG, K27	0.99971	0.99437	DMG, K27	DMG, K27	0.99971
GSM2404512	3	FFPE	HGNET, MN1	HGNET, MN1	1.00000	0.99787	HGNET, MN1	HGNET, MN1	1.00000
GSM2404514	3	FFPE	LGG, DNT	LGG, DNT	0.99973	0.99875	LGG, DNT	LGG, DNT	0.99973
GSM2404518	3	FFPE	GBM, G34	GBM, G34	0.99993	0.99913	GBM, G34	GBM, G34	0.99993
GSM2404519	3	FFPE	ATRT, SHH	ATRT, SHH	0.99948	0.99792	MCF ATRT	MCF ATRT	0.99994
GSM2404522	3	FFPE	PTPR, B	PTPR, B	1.00000	0.99893	PTPR, B	PTPR, B	1.00000
GSM2404524	3	FFPE	EPN, PF A	EPN, PF A	0.99989	0.99098	EPN, PF A	EPN, PF A	0.99989
GSM2404529	3	FFPE	ANA PA	ANA PA	0.99943	0.91142	ANA PA	ANA PA	0.99943
GSM2404532	3	FFPE	CONTR, PINEAL	CONTR, PINEAL	0.98908	0.39740	CONTR, PINEAL	CONTR, PINEAL	0.98908
GSM2404541	3	FFPE	MELCYT	MELCYT	0.99997	0.99308	MELCYT	MELCYT	0.99997
GSM2404547	3	FFPE	PIN T, PPT	PIN T, PPT	0.99999	0.99670	PIN T, PPT	PIN T, PPT	0.99999
GSM2404550	3	FFPE	LGG, PA MID	LGG, PA MID	0.99977	0.96263	MCF PA	MCF PA	0.99978
GSM2404556	3	FFPE	IHG	IHG	0.82074	0.09369	IHG	IHG	0.82074
GSM2404567	3	FFPE	LGG, PA PF	LGG, PA PF	0.99996	0.98599	MCF PA	MCF PA	0.99997
GSM2404568	3	Frozen	CONTR, INFLAM	CONTR, INFLAM	1.00000	0.99879	CONTR, INFLAM	CONTR, INFLAM	1.00000
GSM2404571	3	Frozen	GBM, RTK I	GBM, RTK I	0.78888	0.62611	MCF GBM	MCF GBM	0.99998
GSM2404572	3	Frozen	CONTR, INFLAM	CONTR, INFLAM	0.99996	0.94711	CONTR, INFLAM	CONTR, INFLAM	0.99996
GSM2404594	3	Frozen	CONTR, INFLAM	CONTR, INFLAM	1.00000	0.98880	CONTR, INFLAM	CONTR, INFLAM	1.00000
GSM2404597	3	Frozen	GBM, RTK II	GBM, RTK II	0.99426	0.98396	MCF GBM	MCF GBM	0.99999
GSM2404608	3	FFPE	CONTR, WM	CONTR, WM	0.99991	0.99903	CONTR, WM	CONTR, WM	0.99991
GSM2404609	3	FFPE	CONTR, WM	CONTR, WM	0.99949	0.97687	CONTR, WM	CONTR, WM	0.99949
GSM2404622	3	FFPE	PLEX, AD	PLEX, AD	1.00000	0.99374	MCF PLEX T	MCF PLEX T	1.00000
GSM2404628	3	FFPE	GBM, RTK II	GBM, RTK II	0.98775	0.94798	MCF GBM	MCF GBM	1.00000
GSM2404630	3	Frozen	CONTR, INFLAM	CONTR, INFLAM	1.00000	0.99125	CONTR, INFLAM	CONTR, INFLAM	1.00000
GSM2404635	3	Frozen	GBM, RTK II	GBM, RTK II	0.96384	0.99885	MCF GBM	MCF GBM	0.99977
GSM2404636	3	Frozen	GBM, MES	GBM, MES	0.99977	0.94484	MCF GBM	MCF GBM	0.99994
GSM2404642	3	Frozen	GBM, RTK II	GBM, RTK II	0.95825	0.98739	MCF GBM	MCF GBM	0.99998
GSM2404647	3	Frozen	GBM, RTK I	GBM, RTK II	0.83757	0.82507	MCF GBM	MCF GBM	1.00000
GSM2404650	3	FFPE	A IDH, HG	A IDH, HG	0.99881	0.67234	MCF IDH GLM	MCF IDH GLM	0.99995
GSM2404657	3	FFPE	DMG, K27	DMG, K27	0.99998	0.99894	DMG, K27	DMG, K27	0.99998
GSM2404661	3	FFPE	GBM, RTK III	GBM, RTK III	0.98405	0.97929	MCF GBM	MCF GBM	0.99998
GSM2404666	3	FFPE	GBM, MYCN	GBM, MYCN	0.99605	0.97079	MCF GBM	MCF GBM	0.99995
GSM2404667	3	FFPE	GBM, RTK III	GBM, RTK III	0.99921	0.68350	MCF GBM	MCF GBM	0.99994
GSM2404673	3	FFPE	DMG, K27	DMG, K27	0.79582	0.32888	DMG, K27	DMG, K27	0.79582
GSM2404676	3	FFPE	DMG, K27	DMG, K27	0.99743	0.96982	DMG, K27	DMG, K27	0.99743
GSM2404684	3	FFPE	A IDH	A IDH	0.93506	0.95853	MCF IDH GLM	MCF IDH GLM	1.00000
GSM2404685	3	Frozen	GBM, RTK I	GBM, RTK I	0.29229	0.10095	MCF GBM	MCF GBM	0.70160
GSM2404690	3	FFPE	EPN, SPINE	EPN, SPINE	0.42770	0.10077	EPN, SPINE	EPN, SPINE	0.42770
GSM2404698	3	FFPE	A IDH, HG	A IDH, HG	0.99987	0.99759	MCF IDH GLM	MCF IDH GLM	0.99990
GSM2404700	3	FFPE	A IDH, HG	A IDH, HG	0.97812	0.48793	MCF IDH GLM	MCF IDH GLM	1.00000
GSM2404703	3	FFPE	DMG, K27	DMG, K27	0.99998	0.99663	DMG, K27	DMG, K27	0.99998
GSM2404706	3	FFPE	PXA	PXA	0.99859	0.85038	PXA	PXA	0.99859
GSM2404718	3	FFPE	MB, G3	MB, G3	0.99999	0.99933	MCF MB G3G4	MCF MB G3G4	1.00000
GSM2404720	3	Frozen	EWS	EWS	0.99611	0.64310	EWS	EWS	0.99611
GSM2404726	3	FFPE	ENB, B	ENB, B	0.99974	0.97273	MCF ENB	MCF ENB	0.99999
GSM2404730	3	FFPE	ENB, A	ENB, A	0.98118	0.97860	MCF ENB	MCF ENB	1.00000
GSM2404739	3	FFPE	ETMR	ETMR	0.99880	0.99688	ETMR	ETMR	0.99880
GSM2404740	3	FFPE	ETMR	ETMR	0.99870	0.99830	ETMR	ETMR	0.99870
GSM2404751	3	Frozen	A IDH	A IDH	0.99999	0.99838	MCF IDH GLM	MCF IDH GLM	1.00000
GSM2404756	3	Frozen	O IDH	A IDH	0.92639	0.85628	MCF IDH GLM	MCF IDH GLM	1.00000
GSM2404771	3	FFPE	LGG, PA/GG ST	LGG, PA/GG ST	0.99681	0.87525	MCF PA	MCF PA	0.99682
GSM2404774	3	FFPE	MB, G3	MB, G3	0.94640	0.64345	MCF MB G3G4	MCF MB G3G4	0.99967
GSM2404783	3	FFPE	PIN T, PPT	PIN T, PPT	0.99997	0.99774	PIN T, PPT	PIN T, PPT	0.99997
GSM2404785	3	FFPE	MB, G4	MB, G4	0.88183	0.88880	MCF MB G3G4	MCF MB G3G4	0.99979
GSM2404790	3	FFPE	A IDH	A IDH, HG	0.95382	0.51095	MCF IDH GLM	MCF IDH GLM	1.00000
GSM2404792	3	Frozen	EPN, MPE	EPN, MPE	0.99999	0.99593	EPN, MPE	EPN, MPE	0.99999
GSM2404793	3	Frozen	SUBEPN, ST	SUBEPN, ST	0.96711	0.73774	SUBEPN, ST	SUBEPN, ST	0.96711
GSM2404797	3	Frozen	SUBEPN, PF	SUBEPN, PF	0.99999	0.98925	SUBEPN, PF	SUBEPN, PF	0.99999
GSM2404801	3	Frozen	SUBEPN, PF	SUBEPN, PF	0.99995	0.98585	SUBEPN, PF	SUBEPN, PF	0.99995
GSM2404825	3	FFPE	DMG, K27	DMG, K27	0.99994	0.99297	DMG, K27	DMG, K27	0.99994
GSM2404826	3	FFPE	MB, G3	MB, G3	0.99568	0.83559	MCF MB G3G4	MCF MB G3G4	0.99914
GSM2404827	3	FFPE	GBM, RTK II	GBM, RTK II	0.99817	0.98464	MCF GBM	MCF GBM	1.00000
GSM2404828	3	FFPE	SUBEPN, PF	SUBEPN, PF	1.00000	0.99794	SUBEPN, PF	SUBEPN, PF	1.00000
GSM2404850	3	FFPE	LGG, DNT	LGG, DNT	0.99728	0.98506	LGG, DNT	LGG, DNT	0.99728
GSM2404853	3	Frozen	MB, SHH INF	MB, SHH INF	0.99998	0.99878	MCF MB SHH	MCF MB SHH	0.99998
GSM2404861	3	FFPE	EPN, PF B	EPN, PF B	0.98803	0.76517	EPN, PF B	EPN, PF B	0.98803
GSM2404869	3	FFPE	GBM, RTK I	GBM, RTK I	0.99840	0.99904	MCF GBM	MCF GBM	0.99975
GSM2404875	3	FFPE	EPN, PF A	EPN, PF A	0.99989	0.99028	EPN, PF A	EPN, PF A	0.99989
GSM2404880	3	Frozen	ATRT, MYC	ATRT, MYC	0.97820	0.67174	MCF ATRT	MCF ATRT	0.99017
GSM2404889	3	FFPE	A IDH	A IDH	0.99993	0.98811	MCF IDH GLM	MCF IDH GLM	1.00000
GSM2404895	3	Frozen	HGNET, MN1	HGNET, MN1	1.00000	0.99599	HGNET, MN1	HGNET, MN1	1.00000
GSM2404897	3	Frozen	EPN, PF B	EPN, PF B	0.99999	0.99793	EPN, PF B	EPN, PF B	0.99999
GSM2404907	3	FFPE	HGNET, BCOR	HGNET, BCOR	0.99998	0.98058	HGNET, BCOR	HGNET, BCOR	0.99998
GSM2404910	3	FFPE	O IDH	O IDH	0.99998	0.99876	MCF IDH GLM	MCF IDH GLM	0.99998
GSM2404914	3	FFPE	EWS	EWS	0.99589	0.61758	EWS	EWS	0.99589
GSM2404917	3	FFPE	MB, WNT	MB, WNT	0.99463	0.76724	MB, WNT	MB, WNT	0.99463
GSM2404938	3	FFPE	PLEX, AD	PLEX, AD	1.00000	0.99413	MCF PLEX T	MCF PLEX T	1.00000
GSM2404939	3	FFPE	PLEX, PED B	PLEX, PED B	0.99743	0.88342	MCF PLEX T	MCF PLEX T	0.99957
GSM2404964	3	FFPE	PLEX, PED B	PLEX, PED B	0.99999	0.99524	MCF PLEX T	MCF PLEX T	1.00000
GSM2404967	3	FFPE	PLEX, PED B	PLEX, PED B	0.99995	0.98053	MCF PLEX T	MCF PLEX T	0.99999
GSM2404976	3	FFPE	PLEX, PED A	PLEX, PED B	0.98674	0.95027	MCF PLEX T	MCF PLEX T	1.00000
GSM2404978	3	FFPE	PLEX, PED B	PLEX, PED B	0.99999	0.99879	MCF PLEX T	MCF PLEX T	1.00000
GSM2404981	3	FFPE	PLEX, PED B	PLEX, PED B	0.89931	0.51812	MCF PLEX T	MCF PLEX T	0.94091
GSM2404984	3	FFPE	PLEX, PED B	PLEX, PED B	0.97965	0.66059	MCF PLEX T	MCF PLEX T	0.99015
GSM2404994	3	FFPE	PLEX, PED B	PLEX, PED B	0.99982	0.97630	MCF PLEX T	MCF PLEX T	0.99999
GSM2404999	3	FFPE	GBM, RTK I	GBM, RTK I	0.99709	0.75226	MCF GBM	MCF GBM	0.99998
GSM2405001	3	FFPE	GBM, RTK II	GBM, RTK I	0.92920	0.04736	MCF GBM	MCF GBM	0.99999
GSM2405018	3	FFPE	PTPR, B	PTPR, B	0.99998	0.88569	PTPR, B	PTPR, B	0.99998
GSM2405021	3	FFPE	EPN, PF B	EPN, PF B	0.99993	0.99160	EPN, PF B	EPN, PF B	0.99993
GSM2405023	3	FFPE	EPN, PF B	EPN, PF B	0.99999	0.99741	EPN, PF B	EPN, PF B	0.99999
GSM2405028	3	FFPE	GBM, RTK II	GBM, RTK II	0.96445	0.95648	MCF GBM	MCF GBM	0.99989
GSM2405030	3	FFPE	GBM, RTK II	GBM, RTK II	0.96721	0.99927	MCF GBM	MCF GBM	0.99968
GSM2405031	3	FFPE	GBM, MES	GBM, MES	0.99041	0.89437	MCF GBM	MCF GBM	0.99656
GSM2405037	3	FFPE	GBM, MES	GBM, RTK II	0.75023	0.51410	MCF GBM	MCF GBM	1.00000
GSM2405039	3	FFPE	EPN, SPINE	EPN, SPINE	0.58369	0.15118	EPN, SPINE	EPN, SPINE	0.58369
GSM2405043	3	FFPE	ATRT, SHH	ATRT, SHH	0.99745	0.99656	MCF ATRT	MCF ATRT	0.99994
GSM2405049	3	Frozen	CPH, ADM	CPH, ADM	0.99998	0.99634	CPH, ADM	CPH, ADM	0.99998
GSM2405061	3	FFPE	EFT, CIC	EFT, CIC	0.99999	0.97479	EFT, CIC	EFT, CIC	0.99999
GSM2405062	3	Frozen	MB, SHH INF	MB, SHH INF	0.99998	0.99802	MCF MB SHH	MCF MB SHH	0.99998
GSM2405081	3	Frozen	ATRT, TYR	ATRT, TYR	0.99996	0.99892	MCF ATRT	MCF ATRT	0.99996
GSM2405085	3	FFPE	LGG, DNT	LGG, DNT	0.99992	0.99348	LGG, DNT	LGG, DNT	0.99992
GSM2405089	3	FFPE	O IDH	O IDH	0.99449	0.91705	MCF IDH GLM	MCF IDH GLM	1.00000
GSM2405094	3	FFPE	SFT HMPC	SFT HMPC	0.98095	0.85006	SFT HMPC	SFT HMPC	0.98095
GSM2405096	3	Frozen	O IDH	O IDH	1.00000	0.99325	MCF IDH GLM	MCF IDH GLM	1.00000
GSM2405101	3	Frozen	A IDH	A IDH	0.99998	0.99725	MCF IDH GLM	MCF IDH GLM	1.00000
GSM2405106	3	FFPE	EFT, CIC	EFT, CIC	0.99283	0.67533	EFT, CIC	EFT, CIC	0.99283
GSM2405107	3	FFPE	PLASMA	PLASMA	0.99939	0.95245	PLASMA	PLASMA	0.99939
GSM2405112	3	FFPE	GBM, RTK II	GBM, MES	0.52900	0.31880	MCF GBM	MCF GBM	1.00000
GSM2405127	3	FFPE	CHORDM	CHORDM	0.99993	0.93474	CHORDM	CHORDM	0.99993
GSM2405139	3	Frozen	CONTR, INFLAM	CONTR, INFLAM	0.99996	0.98827	CONTR, INFLAM	CONTR, INFLAM	0.99996
GSM2405140	3	Frozen	GBM, MES	GBM, MES	0.82640	0.99431	MCF GBM	MCF GBM	0.99996
GSM2405149	3	FFPE	GBM, RTK I	GBM, RTK I	0.87629	0.81099	MCF GBM	MCF GBM	0.99996
GSM2405155	3	FFPE	O IDH	O IDH	0.99883	0.77133	MCF IDH GLM	MCF IDH GLM	1.00000
GSM2405157	3	FFPE	GBM, MES	GBM, MES	0.61669	0.95619	MCF GBM	MCF GBM	0.99969
GSM2405162	3	Frozen	GBM, RTK I	GBM, RTK I	0.72841	0.72351	MCF GBM	MCF GBM	0.99914
GSM2405166	3	Frozen	GBM, RTK I	GBM, RTK I	0.97530	0.60834	MCF GBM	MCF GBM	0.99824
GSM2405170	3	Frozen	A IDH	O IDH	0.59056	0.04535	MCF IDH GLM	MCF IDH GLM	0.99997
GSM2405177	3	FFPE	GBM, RTK II	GBM, RTK II	0.99245	0.94762	MCF GBM	MCF GBM	0.99994
GSM2405180	3	FFPE	GBM, RTK II	GBM, RTK II	0.98715	0.99357	MCF GBM	MCF GBM	0.99999
GSM2405181	3	FFPE	EPN, MPE	EPN, MPE	0.99999	0.99866	EPN, MPE	EPN, MPE	0.99999
GSM2405182	3	FFPE	CHORDM	CHORDM	0.93471	0.24925	CHORDM	CHORDM	0.93471
GSM2405184	3	FFPE	PLASMA	PLASMA	0.98462	0.69832	PLASMA	PLASMA	0.98462
GSM2405186	3	FFPE	LGG, RGNT	ANA PA	0.69121	0.09871	LGG, RGNT	ANA PA	0.69121
GSM2405193	3	Frozen	DMG, K27	DMG, K27	0.99985	0.99524	DMG, K27	DMG, K27	0.99985
GSM2405196	3	Frozen	O IDH	O IDH	0.99702	0.93060	MCF IDH GLM	MCF IDH GLM	0.99970
GSM2405197	3	Frozen	A IDH	A IDH	0.99222	0.98367	MCF IDH GLM	MCF IDH GLM	1.00000
GSM2405206	3	FFPE	LYMPHO	LYMPHO	0.94222	0.67358	LYMPHO	LYMPHO	0.94222
GSM2405208	3	FFPE	PIN T, PB A	PIN T, PB A	0.99380	0.86552	PIN T, PB A	PIN T, PB A	0.99380
GSM2405211	3	FFPE	ATRT, TYR	ATRT, TYR	0.99995	0.99892	MCF ATRT	MCF ATRT	0.99995
GSM2405212	3	FFPE	GBM, MES	GBM, RTK II	0.77716	0.67040	MCF GBM	MCF GBM	1.00000
GSM2405227	3	FFPE	GBM, MES	GBM, MES	0.95711	0.94093	MCF GBM	MCF GBM	0.99963
GSM2405229	3	Frozen	RETB	RETB	0.92333	0.91557	RETB	RETB	0.92333
GSM2405239	3	Frozen	RETB	RETB	0.99658	0.98337	RETB	RETB	0.99658
GSM2405242	3	FFPE	ENB, A	ENB, A	0.64735	0.28878	MCF ENB	MCF ENB	0.99998
GSM2405243	3	FFPE	ENB, B	ENB, B	0.99119	0.70620	MCF ENB	MCF ENB	0.99982
GSM2405247	3	FFPE	CPH, PAP	CPH, PAP	0.95319	0.68182	CPH, PAP	CPH, PAP	0.95319
GSM2405255	3	Frozen	RETB	RETB	0.99865	0.99830	RETB	RETB	0.99865
GSM2405266	3	FFPE	CPH, PAP	CPH, PAP	0.99999	0.99437	CPH, PAP	CPH, PAP	0.99999
GSM2405281	3	FFPE	GBM, RTK I	GBM, RTK I	0.99628	0.89515	MCF GBM	MCF GBM	0.99992
GSM2405284	3	FFPE	LGG, PA/GG ST	LGG, PA/GG ST	0.97922	0.71460	MCF PA	MCF PA	0.98016
GSM2405287	3	FFPE	A IDH	A IDH	0.69905	0.92686	MCF IDH GLM	MCF IDH GLM	0.99999
GSM2405291	3	FFPE	O IDH	O IDH	0.99998	0.99935	MCF IDH GLM	MCF IDH GLM	0.99998
GSM2405296	3	FFPE	GBM, RTK I	GBM, RTK I	0.67732	0.00817	MCF GBM	MCF GBM	0.99168
GSM2405297	3	FFPE	GBM, RTK II	GBM, RTK II	0.98284	0.66300	MCF GBM	MCF GBM	0.99847
GSM2405298	3	FFPE	A IDH	A IDH	0.81351	0.89473	MCF IDH GLM	MCF IDH GLM	0.99999
GSM2405301	3	FFPE	LGG, PA PF	LGG, PA PF	1.00000	0.99857	MCF PA	MCF PA	1.00000
GSM2405311	3	FFPE	GBM, MYCN	GBM, MYCN	0.98939	0.38002	MCF GBM	MCF GBM	0.99590
GSM2405322	3	Frozen	EWS	EWS	0.99991	0.97534	EWS	EWS	0.99991
GSM2405325	3	FFPE	GBM, RTK II	GBM, RTK II	0.53728	0.10554	MCF GBM	MCF GBM	0.83834
GSM2405327	3	FFPE	O IDH	O IDH	0.99931	0.95212	MCF IDH GLM	MCF IDH GLM	1.00000
GSM2405330	3	FFPE	LGG, PA/GG ST	LGG, PA/GG ST	0.91915	0.63774	MCF PA	MCF PA	0.91976
GSM2405333	3	FFPE	GBM, MID	GBM, MID	0.93950	0.29497	MCF GBM	MCF GBM	0.97381
GSM2405358	3	FFPE	MNG	MNG	0.99998	0.99958	MNG	MNG	0.99998
GSM2405361	3	FFPE	MNG	MNG	0.99998	0.99855	MNG	MNG	0.99998
GSM2405375	3	FFPE	GBM, RTK I	GBM, RTK I	0.93539	0.25079	MCF GBM	MCF GBM	0.99955
GSM2405378	3	Frozen	LGG, PA MID	LGG, PA MID	0.99984	0.98400	MCF PA	MCF PA	0.99984
GSM2405381	3	FFPE	A IDH, HG	A IDH, HG	0.99816	0.97545	MCF IDH GLM	MCF IDH GLM	0.99816
GSM2405384	3	FFPE	MB, G4	MB, G4	0.99959	0.99822	MCF MB G3G4	MCF MB G3G4	0.99959
GSM2405392	3	FFPE	CONTR, PONS	CONTR, PONS	0.99958	0.93420	CONTR, PONS	CONTR, PONS	0.99958
GSM2405394	3	FFPE	CONTR, PINEAL	CONTR, PINEAL	0.99109	0.44255	CONTR, PINEAL	CONTR, PINEAL	0.99109
GSM2405404	3	FFPE	CONTR, PINEAL	CONTR, PINEAL	0.99989	0.89012	CONTR, PINEAL	CONTR, PINEAL	0.99989
GSM2405405	3	FFPE	CONTR, PONS	CONTR, PONS	0.99823	0.91302	CONTR, PONS	CONTR, PONS	0.99823
GSM2405410	3	FFPE	PIN T, PB A	PIN T, PB A	0.98416	0.42985	PIN T, PB A	PIN T, PB A	0.98416
GSM2405413	3	FFPE	CNS NB, FOXR2	CNS NB, FOXR2	0.99975	0.99913	CNS NB, FOXR2	CNS NB, FOXR2	0.99975
GSM2405414	3	FFPE	HGNET, BCOR	HGNET, BCOR	0.97690	0.45615	HGNET, BCOR	HGNET, BCOR	0.97690
GSM2405417	3	FFPE	PIN T, PB B	PIN T, PB B	1.00000	0.99831	PIN T, PB B	PIN T, PB B	1.00000
GSM2405418	3	FFPE	CNS NB, FOXR2	CNS NB, FOXR2	0.99171	0.85735	CNS NB, FOXR2	CNS NB, FOXR2	0.99171
GSM2405420	3	FFPE	PIN T, PB B	PIN T, PB B	1.00000	0.99876	PIN T, PB B	PIN T, PB B	1.00000
GSM2405422	3	FFPE	PIN T, PB B	PIN T, PB B	1.00000	0.99110	PIN T, PB B	PIN T, PB B	1.00000
GSM2405430	3	FFPE	PITUI	PITUI	0.99489	0.79825	PITUI	PITUI	0.99489
GSM2405435	3	Frozen	IHG	IHG	0.86487	0.99646	IHG	IHG	0.86487
GSM2405446	3	FFPE	GBM, RTK II	GBM, RTK II	0.99888	0.95784	MCF GBM	MCF GBM	0.99999
GSM2405449	3	FFPE	ATRT, MYC	ATRT, MYC	0.99996	0.98877	MCF ATRT	MCF ATRT	0.99999
GSM2405450	3	FFPE	ATRT, MYC	ATRT, MYC	0.99997	0.99428	MCF ATRT	MCF ATRT	0.99999
GSM2405453	3	FFPE	GBM, MID	GBM, MID	0.84730	0.60980	MCF GBM	MCF GBM	0.99867
GSM2405455	3	FFPE	LGG, DNT	LGG, DNT	0.99964	0.99839	LGG, DNT	LGG, DNT	0.99964
GSM2405459	3	FFPE	LGG, PA PF	LGG, PA PF	0.99999	0.99128	MCF PA	MCF PA	0.99999
GSM2405462	3	FFPE	LGG, DNT	LGG, DNT	0.99971	0.99708	LGG, DNT	LGG, DNT	0.99971
GSM2405464	3	FFPE	PIN T, PB B	PIN T, PB B	1.00000	0.99881	PIN T, PB B	PIN T, PB B	1.00000
GSM2405467	3	FFPE	GBM, MES	GBM, MES	0.98769	0.99284	MCF GBM	MCF GBM	0.99982
GSM2405469	3	FFPE	LGG, DNT	LGG, DNT	0.99972	0.99845	LGG, DNT	LGG, DNT	0.99972
GSM2405477	3	FFPE	GBM, RTK II	GBM, RTK II	0.99322	0.99630	MCF GBM	MCF GBM	0.99983
GSM2405481	3	FFPE	PXA	PXA	0.98790	0.59009	PXA	PXA	0.98790
GSM2405483	3	FFPE	PXA	PXA	1.00000	0.99885	PXA	PXA	1.00000
GSM2405485	3	FFPE	PXA	PXA	1.00000	0.99444	PXA	PXA	1.00000
GSM2405506	3	FFPE	A IDH	O IDH	0.50793	0.44515	MCF IDH GLM	MCF IDH GLM	0.99996
GSM2405507	3	FFPE	LGG, PA MID	LGG, PA MID	0.99852	0.92873	MCF PA	MCF PA	0.99861
GSM2405512	3	FFPE	CONTR, REACT	LGG, PA PF	0.53783	0.11332	CONTR, REACT	MCF PA	0.64536
GSM2405513	3	FFPE	CHGL	CHGL	0.96535	0.25566	CHGL	CHGL	0.96535
GSM2405514	3	FFPE	A IDH	A IDH	0.84789	0.92196	MCF IDH GLM	MCF IDH GLM	1.00000
GSM2405519	3	FFPE	A IDH	A IDH	0.99997	0.99048	MCF IDH GLM	MCF IDH GLM	1.00000
GSM2405522	3	FFPE	ATRT, TYR	ATRT, TYR	0.99995	0.99884	MCF ATRT	MCF ATRT	0.99995
GSM2405539	3	FFPE	DLGNT	DLGNT	0.99956	0.88289	DLGNT	DLGNT	0.99956
GSM2405544	3	FFPE	GBM, MYCN	GBM, MYCN	0.98910	0.92309	MCF GBM	MCF GBM	0.99138
GSM2405545	3	FFPE	PITAD, STH SPA	PITAD, STH SPA	0.92211	0.72364	PITAD, STH SPA	PITAD, STH SPA	0.92211
GSM2405546	3	FFPE	PITUI	PITUI	0.99154	0.86944	PITUI	PITUI	0.99154
GSM2405553	3	FFPE	PITAD, ACTH	PITAD, ACTH	0.99998	0.98805	PITAD, ACTH	PITAD, ACTH	0.99998
GSM2405555	3	FFPE	PITAD, ACTH	PITAD, ACTH	0.98074	0.91779	PITAD, ACTH	PITAD, ACTH	0.98074
GSM2405565	3	FFPE	PITUI	PITUI	0.99823	0.91584	PITUI	PITUI	0.99823
GSM2405566	3	FFPE	PITAD, ACTH	PITAD, ACTH	0.99983	0.93476	PITAD, ACTH	PITAD, ACTH	0.99983
GSM2405568	3	FFPE	PITAD, ACTH	PITAD, ACTH	0.99947	0.97829	PITAD, ACTH	PITAD, ACTH	0.99947
GSM2405572	3	FFPE	PITAD, STH DNS B	PITAD, STH DNS B	0.99997	0.96004	PITAD, STH DNS B	PITAD, STH DNS B	0.99997
GSM2405575	3	FFPE	ANA PA	ANA PA	0.99989	0.97566	ANA PA	ANA PA	0.99989
GSM2405583	3	FFPE	GBM, G34	GBM, RTK II	0.18787	0.05941	GBM, G34	MCF GBM	0.39635
GSM2405589	3	FFPE	PITAD, FSH LH	PITAD, FSH LH	0.99990	0.98278	PITAD, FSH LH	PITAD, FSH LH	0.99990
GSM2405599	3	FFPE	PIN T, PPT	PIN T, PPT	0.99985	0.95582	PIN T, PPT	PIN T, PPT	0.99985
GSM2405610	3	FFPE	CONTR, HYPTHAL	CONTR, HYPTHAL	0.99994	0.98807	CONTR, HYPTHAL	CONTR, HYPTHAL	0.99994
GSM2405612	3	FFPE	CONTR, HYPTHAL	CONTR, HYPTHAL	0.99894	0.90630	CONTR, HYPTHAL	CONTR, HYPTHAL	0.99894
GSM2405616	3	FFPE	LIPN	LIPN	0.94625	0.18929	LIPN	LIPN	0.94625
GSM2405618	3	FFPE	PITAD, TSH	PITAD, TSH	0.97652	0.47329	PITAD, TSH	PITAD, TSH	0.97652
GSM2405625	3	FFPE	PITAD, TSH	PITAD, TSH	0.64915	0.25034	PITAD, TSH	PITAD, TSH	0.64915
GSM2405628	3	Frozen	LGG, DIG/DIA	LGG, DIG/DIA	0.99942	0.86441	LGG, DIG/DIA	LGG, DIG/DIA	0.99942
GSM2405635	3	FFPE	HGNET, MN1	HGNET, MN1	1.00000	0.99960	HGNET, MN1	HGNET, MN1	1.00000
GSM2405636	3	FFPE	HGNET, BCOR	HGNET, BCOR	0.99976	0.99811	HGNET, BCOR	HGNET, BCOR	0.99976
GSM2405639	3	FFPE	CHGL	CHGL	0.99987	0.98816	CHGL	CHGL	0.99987
GSM2405642	3	FFPE	GBM, MYCN	GBM, MYCN	0.63954	0.20893	MCF GBM	MCF GBM	0.99024
GSM2405646	3	FFPE	ENB, A	ENB, A	0.99993	0.99810	MCF ENB	MCF ENB	0.99998
GSM2405649	3	FFPE	ENB, A	ENB, A	0.99994	0.99608	MCF ENB	MCF ENB	0.99997
GSM2405651	3	Frozen	A IDH, HG	A IDH, HG	0.99978	0.99821	MCF IDH GLM	MCF IDH GLM	0.99980
GSM2405656	3	FFPE	ANA PA	ANA PA	0.99771	0.66634	ANA PA	ANA PA	0.99771
GSM2405657	3	FFPE	ANA PA	ANA PA	0.66388	0.12714	ANA PA	ANA PA	0.66388
GSM2402861	4	Frozen	DMG, K27	DMG, K27	1.00000	0.97432	DMG, K27	DMG, K27	1.00000
GSM2402871	4	Frozen	DMG, K27	DMG, K27	0.99997	0.86576	DMG, K27	DMG, K27	0.99997
GSM2402874	4	Frozen	CONTR, CEBM	CONTR, CEBM	0.83647	0.89446	CONTR, CEBM	CONTR, CEBM	0.83647
GSM2402876	4	Frozen	GBM, G34	GBM, G34	0.99983	0.97653	GBM, G34	GBM, G34	0.99983
GSM2402878	4	Frozen	GBM, G34	GBM, G34	0.99948	0.96074	GBM, G34	GBM, G34	0.99948
GSM2402886	4	Frozen	CONTR, REACT	CONTR, REACT	0.83006	0.17578	CONTR, REACT	CONTR, REACT	0.83006
GSM2402896	4	Frozen	LGG, PA PF	LGG, PA PF	0.99998	0.98920	MCF PA	MCF PA	0.99998
GSM2402906	4	Frozen	LGG, PA PF	LGG, PA PF	0.99999	0.98392	MCF PA	MCF PA	0.99999
GSM2402915	4	Frozen	ATRT, MYC	ATRT, MYC	0.99994	0.88954	MCF ATRT	MCF ATRT	0.99995
GSM2402916	4	Frozen	ATRT, SHH	ATRT, SHH	0.98546	0.77872	MCF ATRT	MCF ATRT	0.99991
GSM2402927	4	Frozen	LGG, PA PF	LGG, PA PF	1.00000	0.99133	MCF PA	MCF PA	1.00000
GSM2402932	4	Frozen	LGG, PA PF	LGG, PA PF	0.99834	0.56631	MCF PA	MCF PA	0.99841
GSM2402935	4	Frozen	MB, WNT	MB, WNT	0.99965	0.97744	MB, WNT	MB, WNT	0.99965
GSM2402943	4	Frozen	MB, G3	MB, G3	0.99998	0.93529	MCF MB G3G4	MCF MB G3G4	1.00000
GSM2402954	4	Frozen	ATRT, TYR	ATRT, TYR	0.99043	0.61443	MCF ATRT	MCF ATRT	0.99999
GSM2402956	4	Frozen	ATRT, TYR	ATRT, TYR	1.00000	0.97863	MCF ATRT	MCF ATRT	1.00000
GSM2402964	4	Frozen	LGG, PA PF	LGG, PA PF	0.99944	0.89098	MCF PA	MCF PA	0.99944
GSM2402965	4	Frozen	LGG, PA PF	CONTR, REACT	0.99862	0.60390	MCF PA	CONTR, REACT	0.99862
GSM2402966	4	Frozen	CONTR, REACT	CONTR, REACT	0.99912	0.89505	CONTR, REACT	CONTR, REACT	0.99912
GSM2402968	4	Frozen	LGG, PA PF	LGG, PA PF	1.00000	0.99305	MCF PA	MCF PA	1.00000
GSM2402972	4	Frozen	LGG, PA PF	LGG, PA PF	0.99985	0.95802	MCF PA	MCF PA	0.99986
GSM2402996	4	Frozen	EPN, PF B	EPN, PF B	0.99603	0.62696	EPN, PF B	EPN, PF B	0.99603
GSM2402997	4	Frozen	EFT, CIC	EFT, CIC	0.99345	0.57890	EFT, CIC	EFT, CIC	0.99345
GSM2403001	4	Frozen	ETMR	ETMR	0.99961	0.98671	ETMR	ETMR	0.99961
GSM2403003	4	Frozen	MB, WNT	MB, WNT	0.99987	0.96818	MB, WNT	MB, WNT	0.99987
GSM2403004	4	Frozen	MB, SHH CHL AD	MB, SHH CHL AD	0.99990	0.91387	MCF MB SHH	MCF MB SHH	0.99994
GSM2403017	4	Frozen	MB, SHH CHL AD	MB, SHH CHL AD	0.99999	0.98414	MCF MB SHH	MCF MB SHH	0.99999
GSM2403027	4	Frozen	ATRT, SHH	ATRT, SHH	0.99996	0.97222	MCF ATRT	MCF ATRT	1.00000
GSM2403031	4	FFPE	LGG, PA PF	LGG, PA PF	0.99999	0.97417	MCF PA	MCF PA	0.99999
GSM2403032	4	Frozen	MB, G4	MB, G4	0.72401	0.57619	MCF MB G3G4	MCF MB G3G4	0.99982
GSM2403033	4	Frozen	MB, G4	MB, G4	0.99901	0.93640	MCF MB G3G4	MCF MB G3G4	0.99997
GSM2403037	4	Frozen	MB, SHH INF	MB, SHH INF	0.99998	0.97038	MCF MB SHH	MCF MB SHH	0.99998
GSM2403038	4	Frozen	MB, G4	MB, G4	0.99998	0.97964	MCF MB G3G4	MCF MB G3G4	0.99998
GSM2403041	4	Frozen	MB, G4	MB, G4	0.99977	0.97808	MCF MB G3G4	MCF MB G3G4	0.99993
GSM2403042	4	Frozen	MB, G4	MB, G4	1.00000	0.98567	MCF MB G3G4	MCF MB G3G4	1.00000
GSM2403045	4	Frozen	MB, G3	MB, G3	0.98722	0.68190	MCF MB G3G4	MCF MB G3G4	0.99957
GSM2403046	4	Frozen	MB, G4	MB, G4	0.99997	0.98244	MCF MB G3G4	MCF MB G3G4	1.00000
GSM2403050	4	Frozen	MB, G4	MB, G4	0.99994	0.98005	MCF MB G3G4	MCF MB G3G4	0.99999
GSM2403051	4	Frozen	MB, G4	MB, G4	0.99998	0.98297	MCF MB G3G4	MCF MB G3G4	0.99998
GSM2403064	4	Frozen	EPN, RELA	EPN, RELA	1.00000	0.98629	EPN, RELA	EPN, RELA	1.00000
GSM2403068	4	Frozen	ATRT, SHH	ATRT, SHH	0.99994	0.92196	MCF ATRT	MCF ATRT	0.99997
GSM2403069	4	Frozen	HGNET, BCOR	HGNET, BCOR	0.99999	0.89435	HGNET, BCOR	HGNET, BCOR	0.99999
GSM2403074	4	Frozen	ETMR	ETMR	0.99973	0.98343	ETMR	ETMR	0.99973
GSM2403083	4	Frozen	MB, G3	MB, G3	1.00000	0.98166	MCF MB G3G4	MCF MB G3G4	1.00000
GSM2403084	4	Frozen	LGG, PA PF	LGG, PA PF	0.99956	0.86253	MCF PA	MCF PA	0.99967
GSM2403085	4	Frozen	LGG, PA MID	LGG, PA MID	0.99994	0.98956	MCF PA	MCF PA	0.99994
GSM2403090	4	Frozen	GBM, RTK I	GBM, RTK I	0.99953	0.84817	MCF GBM	MCF GBM	0.99999
GSM2403091	4	Frozen	GBM, MES	GBM, MES	0.80970	0.50853	MCF GBM	MCF GBM	0.85991
GSM2403093	4	Frozen	GBM, MES	GBM, MES	0.99799	0.98369	MCF GBM	MCF GBM	1.00000
GSM2403099	4	Frozen	GBM, MES	GBM, RTK II	0.98975	0.95387	MCF GBM	MCF GBM	1.00000
GSM2403100	4	Frozen	GBM, RTK II	GBM, RTK II	0.99997	0.98662	MCF GBM	MCF GBM	1.00000
GSM2403103	4	Frozen	GBM, RTK II	GBM, RTK II	0.91354	0.63066	MCF GBM	MCF GBM	1.00000
GSM2403105	4	Frozen	GBM, MES	GBM, MES	0.99103	0.90640	MCF GBM	MCF GBM	1.00000
GSM2403108	4	Frozen	GBM, RTK II	GBM, RTK II	0.94405	0.96253	MCF GBM	MCF GBM	1.00000
GSM2403109	4	Frozen	GBM, RTK II	GBM, RTK II	0.99999	0.96862	MCF GBM	MCF GBM	1.00000
GSM2403120	4	FFPE	GBM, RTK II	GBM, RTK II	0.94140	0.57211	MCF GBM	MCF GBM	0.99914
GSM2403126	4	FFPE	EPN, RELA	EPN, RELA	0.99999	0.97130	EPN, RELA	EPN, RELA	0.99999
GSM2403130	4	Frozen	MB, SHH CHL AD	MB, SHH CHL AD	1.00000	0.98613	MCF MB SHH	MCF MB SHH	1.00000
GSM2403137	4	Frozen	MB, G4	MB, G4	0.99994	0.98556	MCF MB G3G4	MCF MB G3G4	0.99998
GSM2403143	4	Frozen	MB, WNT	MB, WNT	0.99982	0.98646	MB, WNT	MB, WNT	0.99982
GSM2403146	4	Frozen	MB, G4	MB, G4	0.99999	0.98643	MCF MB G3G4	MCF MB G3G4	0.99999
GSM2403155	4	Frozen	LGG, PA MID	LGG, PA MID	0.99698	0.51495	MCF PA	MCF PA	0.99933
GSM2403158	4	Frozen	LGG, PA PF	LGG, PA PF	0.99995	0.97598	MCF PA	MCF PA	0.99998
GSM2403162	4	Frozen	LGG, PA PF	LGG, PA PF	1.00000	0.98956	MCF PA	MCF PA	1.00000
GSM2403165	4	Frozen	LGG, PA MID	LGG, PA MID	0.94149	0.82107	MCF PA	MCF PA	0.94149
GSM2403170	4	Frozen	LGG, PA MID	LGG, PA MID	0.99995	0.97070	MCF PA	MCF PA	0.99995
GSM2403181	4	Frozen	LGG, PA PF	LGG, PA PF	1.00000	0.99249	MCF PA	MCF PA	1.00000
GSM2403186	4	Frozen	EPN, PF A	EPN, PF A	0.99995	0.98633	EPN, PF A	EPN, PF A	0.99995
GSM2403191	4	Frozen	EPN, RELA	EPN, RELA	1.00000	0.98536	EPN, RELA	EPN, RELA	1.00000
GSM2403193	4	Frozen	EPN, RELA	EPN, RELA	0.99998	0.98467	EPN, RELA	EPN, RELA	0.99998
GSM2403196	4	Frozen	SUBEPN, ST	SUBEPN, ST	0.99984	0.85061	SUBEPN, ST	SUBEPN, ST	0.99984
GSM2403205	4	Frozen	SUBEPN, ST	SUBEPN, ST	0.99293	0.29600	SUBEPN, ST	SUBEPN, ST	0.99293
GSM2403208	4	Frozen	EPN, RELA	EPN, RELA	0.99998	0.95683	EPN, RELA	EPN, RELA	0.99998
GSM2403209	4	Frozen	LGG, MYB	LGG, MYB	0.99950	0.97305	LGG, MYB	LGG, MYB	0.99950
GSM2403235	4	Frozen	CONTR, HEMI	CONTR, HEMI	0.97641	0.88165	CONTR, HEMI	CONTR, HEMI	0.97641
GSM2403244	4	FFPE	MB, WNT	MB, WNT	0.99906	0.83065	MB, WNT	MB, WNT	0.99906
GSM2403247	4	FFPE	MB, G4	MB, G4	0.99981	0.92552	MCF MB G3G4	MCF MB G3G4	0.99994
GSM2403249	4	FFPE	MB, G3	MB, G3	0.99984	0.86201	MCF MB G3G4	MCF MB G3G4	0.99990
GSM2403251	4	FFPE	MB, SHH INF	MB, SHH INF	0.99995	0.90949	MCF MB SHH	MCF MB SHH	0.99995
GSM2403256	4	FFPE	MB, WNT	MB, WNT	0.99974	0.98661	MB, WNT	MB, WNT	0.99974
GSM2403269	4	FFPE	MB, G4	MB, G4	1.00000	0.98430	MCF MB G3G4	MCF MB G3G4	1.00000
GSM2403273	4	FFPE	MB, G4	MB, G4	0.99300	0.90018	MCF MB G3G4	MCF MB G3G4	1.00000
GSM2403274	4	FFPE	MB, G4	MB, G4	0.99987	0.96084	MCF MB G3G4	MCF MB G3G4	0.99997
GSM2403288	4	FFPE	MB, SHH INF	MB, SHH INF	0.99961	0.98028	MCF MB SHH	MCF MB SHH	0.99961
GSM2403291	4	FFPE	MB, G4	MB, G4	1.00000	0.98770	MCF MB G3G4	MCF MB G3G4	1.00000
GSM2403292	4	FFPE	MB, G4	MB, G4	0.99870	0.87630	MCF MB G3G4	MCF MB G3G4	0.99993
GSM2403302	4	FFPE	MB, G3	MB, G3	1.00000	0.96916	MCF MB G3G4	MCF MB G3G4	1.00000
GSM2403307	4	FFPE	MB, SHH CHL AD	MB, SHH CHL AD	0.99996	0.98561	MCF MB SHH	MCF MB SHH	0.99996
GSM2403312	4	FFPE	MB, WNT	MB, WNT	0.99912	0.94939	MB, WNT	MB, WNT	0.99912
GSM2403318	4	FFPE	MB, SHH INF	MB, SHH INF	0.99982	0.95553	MCF MB SHH	MCF MB SHH	0.99983
GSM2403321	4	FFPE	MB, SHH INF	MB, SHH INF	0.99972	0.97237	MCF MB SHH	MCF MB SHH	0.99973
GSM2403327	4	FFPE	MB, G4	MB, G4	1.00000	0.98783	MCF MB G3G4	MCF MB G3G4	1.00000
GSM2403332	4	FFPE	MB, G4	MB, G4	0.99913	0.96294	MCF MB G3G4	MCF MB G3G4	1.00000
GSM2403334	4	FFPE	MB, G3	MB, G3	1.00000	0.98621	MCF MB G3G4	MCF MB G3G4	1.00000
GSM2403355	4	FFPE	MB, G4	MB, G4	0.99998	0.98446	MCF MB G3G4	MCF MB G3G4	0.99999
GSM2403356	4	FFPE	MB, SHH CHL AD	MB, SHH CHL AD	0.99989	0.97033	MCF MB SHH	MCF MB SHH	0.99996
GSM2403357	4	FFPE	MB, WNT	MB, WNT	0.99984	0.98385	MB, WNT	MB, WNT	0.99984
GSM2403361	4	FFPE	MB, G4	MB, G4	1.00000	0.98683	MCF MB G3G4	MCF MB G3G4	1.00000
GSM2403362	4	FFPE	MB, SHH INF	MB, SHH INF	0.79750	0.40874	MCF MB SHH	MCF MB SHH	0.94668
GSM2403378	4	FFPE	MB, G3	MB, G3	0.99992	0.92597	MCF MB G3G4	MCF MB G3G4	0.99999
GSM2403386	4	FFPE	MB, G4	MB, G4	0.83654	0.56984	MCF MB G3G4	MCF MB G3G4	0.99933
GSM2403392	4	FFPE	MB, SHH CHL AD	MB, SHH CHL AD	0.99998	0.98598	MCF MB SHH	MCF MB SHH	0.99998
GSM2403399	4	FFPE	MB, G3	MB, G3	1.00000	0.97508	MCF MB G3G4	MCF MB G3G4	1.00000
GSM2403400	4	FFPE	MB, G4	MB, G4	0.99999	0.98441	MCF MB G3G4	MCF MB G3G4	0.99999
GSM2403414	4	Frozen	MB, SHH CHL AD	MB, SHH CHL AD	0.99999	0.97981	MCF MB SHH	MCF MB SHH	0.99999
GSM2403416	4	Frozen	MB, SHH CHL AD	MB, SHH CHL AD	0.99999	0.98064	MCF MB SHH	MCF MB SHH	0.99999
GSM2403420	4	Frozen	MB, SHH CHL AD	MB, SHH CHL AD	1.00000	0.98389	MCF MB SHH	MCF MB SHH	1.00000
GSM2403429	4	Frozen	MB, SHH CHL AD	MB, SHH CHL AD	1.00000	0.98621	MCF MB SHH	MCF MB SHH	1.00000
GSM2403430	4	Frozen	MB, G3	MB, G3	0.99999	0.97193	MCF MB G3G4	MCF MB G3G4	1.00000
GSM2403431	4	Frozen	MB, G4	MB, G4	0.99994	0.97349	MCF MB G3G4	MCF MB G3G4	0.99994
GSM2403435	4	Frozen	MB, G4	MB, G4	0.99999	0.98417	MCF MB G3G4	MCF MB G3G4	0.99999
GSM2403442	4	Frozen	LGG, PA PF	LGG, PA PF	0.99489	0.57580	MCF PA	MCF PA	0.99587
GSM2403443	4	Frozen	LGG, PA PF	CONTR, REACT	0.92430	0.22960	MCF PA	CONTR, REACT	0.92430
GSM2403444	4	Frozen	LGG, PA PF	LGG, PA PF	0.99869	0.93447	MCF PA	MCF PA	0.99871
GSM2403456	4	Frozen	LGG, PA PF	LGG, PA PF	0.99999	0.98869	MCF PA	MCF PA	0.99999
GSM2403459	4	Frozen	LGG, PA PF	LGG, PA PF	0.81122	0.84249	MCF PA	MCF PA	0.81154
GSM2403466	4	Frozen	MB, SHH CHL AD	MB, SHH CHL AD	0.99596	0.91914	MCF MB SHH	MCF MB SHH	0.99993
GSM2403475	4	Frozen	GBM, RTK I	GBM, RTK II	0.99678	0.85443	MCF GBM	MCF GBM	1.00000
GSM2403479	4	Frozen	GBM, RTK II	GBM, RTK II	0.99623	0.97443	MCF GBM	MCF GBM	1.00000
GSM2403481	4	Frozen	GBM, RTK II	GBM, RTK II	0.99403	0.96201	MCF GBM	MCF GBM	1.00000
GSM2403484	4	Frozen	GBM, RTK II	GBM, RTK II	0.99999	0.98610	MCF GBM	MCF GBM	1.00000
GSM2403487	4	Frozen	GBM, RTK I	GBM, RTK I	0.99974	0.94002	MCF GBM	MCF GBM	1.00000
GSM2403493	4	Frozen	LGG, PA PF	LGG, PA PF	0.99999	0.96629	MCF PA	MCF PA	0.99999
GSM2403495	4	Frozen	MB, SHH CHL AD	MB, SHH CHL AD	0.99998	0.95287	MCF MB SHH	MCF MB SHH	0.99998
GSM2403498	4	Frozen	ETMR	ETMR	0.99971	0.98375	ETMR	ETMR	0.99971
GSM2403502	4	FFPE	HMB	HMB	0.99996	0.88725	HMB	HMB	0.99996
GSM2403503	4	FFPE	EPN, MPE	EPN, MPE	0.99993	0.87699	EPN, MPE	EPN, MPE	0.99993
GSM2403508	4	FFPE	SCHW	IHG	0.26427	0.03040	SCHW	IHG	0.26427
GSM2403530	4	Frozen	CONTR, HEMI	CONTR, HEMI	0.99261	0.87735	CONTR, HEMI	CONTR, HEMI	0.99261
GSM2403532	4	Frozen	CONTR, HEMI	CONTR, HEMI	0.98946	0.66276	CONTR, HEMI	CONTR, HEMI	0.98946
GSM2403542	4	Frozen	MNG	MNG	0.99994	0.97700	MNG	MNG	0.99994
GSM2403549	4	Frozen	MNG	MNG	0.99997	0.97978	MNG	MNG	0.99997
GSM2403556	4	Frozen	MNG	MNG	0.99994	0.98178	MNG	MNG	0.99994
GSM2403567	4	Frozen	MNG	MNG	0.99626	0.91039	MNG	MNG	0.99626
GSM2403570	4	FFPE	O IDH	O IDH	0.99940	0.95912	MCF IDH GLM	MCF IDH GLM	0.99999
GSM2403577	4	FFPE	LGG, MYB	LGG, MYB	0.89884	0.27195	LGG, MYB	LGG, MYB	0.89884
GSM2403580	4	FFPE	LGG, MYB	LGG, MYB	0.99992	0.97635	LGG, MYB	LGG, MYB	0.99992
GSM2403584	4	FFPE	MB, SHH CHL AD	MB, SHH CHL AD	0.74720	0.33494	MCF MB SHH	MCF MB SHH	0.74791
GSM2403585	4	FFPE	EPN, MPE	EPN, MPE	0.99900	0.96162	EPN, MPE	EPN, MPE	0.99900
GSM2403589	4	FFPE	A IDH	A IDH	0.99997	0.95923	MCF IDH GLM	MCF IDH GLM	1.00000
GSM2403593	4	Frozen	MNG	MNG	0.99990	0.97877	MNG	MNG	0.99990
GSM2403598	4	Frozen	GBM, RTK II	GBM, RTK II	0.99949	0.96299	MCF GBM	MCF GBM	1.00000
GSM2403605	4	Frozen	HGNET, MN1	HGNET, MN1	1.00000	0.93531	HGNET, MN1	HGNET, MN1	1.00000
GSM2403611	4	FFPE	LGG, PA PF	LGG, PA PF	0.99610	0.63805	MCF PA	MCF PA	0.99698
GSM2403621	4	FFPE	CNS NB, FOXR2	CNS NB, FOXR2	0.99999	0.97896	CNS NB, FOXR2	CNS NB, FOXR2	0.99999
GSM2403623	4	FFPE	MB, SHH CHL AD	MB, SHH CHL AD	0.99999	0.98676	MCF MB SHH	MCF MB SHH	0.99999
GSM2403630	4	FFPE	LGG, SEGA	LGG, SEGA	0.99999	0.91220	LGG, SEGA	LGG, SEGA	0.99999
GSM2403633	4	FFPE	CN	CN	0.99998	0.96231	CN	CN	0.99998
GSM2403636	4	FFPE	CN	CN	0.99975	0.97013	CN	CN	0.99975
GSM2403638	4	FFPE	SUBEPN, ST	SUBEPN, ST	0.99961	0.71202	SUBEPN, ST	SUBEPN, ST	0.99961
GSM2403644	4	FFPE	LYMPHO	LYMPHO	0.99765	0.93079	LYMPHO	LYMPHO	0.99765
GSM2403645	4	FFPE	LYMPHO	LYMPHO	0.99991	0.96342	LYMPHO	LYMPHO	0.99991
GSM2403652	4	FFPE	PXA	PXA	0.99994	0.97491	PXA	PXA	0.99994
GSM2403658	4	FFPE	LGG, PA/GG ST	LGG, PA/GG ST	0.99971	0.96661	MCF PA	MCF PA	0.99972
GSM2403660	4	FFPE	LYMPHO	LYMPHO	0.97780	0.80408	LYMPHO	LYMPHO	0.97780
GSM2403661	4	FFPE	ETMR	ETMR	0.99749	0.97588	ETMR	ETMR	0.99749
GSM2403664	4	FFPE	ETMR	ETMR	0.99960	0.98027	ETMR	ETMR	0.99960
GSM2403681	4	Frozen	CONTR, INFLAM	CONTR, INFLAM	1.00000	0.98673	CONTR, INFLAM	CONTR, INFLAM	1.00000
GSM2403695	4	Frozen	ETMR	ETMR	0.99946	0.98272	ETMR	ETMR	0.99946
GSM2403701	4	Frozen	EFT, CIC	EFT, CIC	0.99520	0.52763	EFT, CIC	EFT, CIC	0.99520
GSM2403713	4	FFPE	CPH, ADM	CPH, ADM	0.99988	0.97439	CPH, ADM	CPH, ADM	0.99988
GSM2403714	4	FFPE	CPH, PAP	CPH, PAP	0.99999	0.97283	CPH, PAP	CPH, PAP	0.99999
GSM2403718	4	FFPE	ETMR	ETMR	0.99957	0.97851	ETMR	ETMR	0.99957
GSM2403727	4	FFPE	PITUI	PITUI	0.99994	0.96179	PITUI	PITUI	0.99994
GSM2403730	4	FFPE	A IDH	A IDH	0.99960	0.96415	MCF IDH GLM	MCF IDH GLM	1.00000
GSM2403732	4	FFPE	EPN, MPE	EPN, MPE	0.98619	0.37506	EPN, MPE	EPN, MPE	0.98619
GSM2403740	4	FFPE	GBM, G34	GBM, G34	0.99919	0.94858	GBM, G34	GBM, G34	0.99919
GSM2403741	4	FFPE	A IDH	A IDH	0.99878	0.93667	MCF IDH GLM	MCF IDH GLM	1.00000
GSM2403742	4	FFPE	PIN T, PPT	PIN T, PPT	0.98770	0.70863	PIN T, PPT	PIN T, PPT	0.98770
GSM2403745	4	FFPE	CONTR, PINEAL	CONTR, PINEAL	0.97072	0.34719	CONTR, PINEAL	CONTR, PINEAL	0.97072
GSM2403748	4	FFPE	GBM, G34	GBM, G34	0.99932	0.97676	GBM, G34	GBM, G34	0.99932
GSM2403751	4	Frozen	HGNET, BCOR	HGNET, BCOR	0.99964	0.58112	HGNET, BCOR	HGNET, BCOR	0.99964
GSM2403760	4	FFPE	LGG, DNT	LGG, DNT	1.00000	0.98579	LGG, DNT	LGG, DNT	1.00000
GSM2403769	4	FFPE	CN	CN	0.99994	0.96551	CN	CN	0.99994
GSM2403775	4	FFPE	CN	CN	1.00000	0.97727	CN	CN	1.00000
GSM2403777	4	FFPE	LGG, DNT	LGG, DNT	1.00000	0.97608	LGG, DNT	LGG, DNT	1.00000
GSM2403790	4	FFPE	CPH, ADM	CPH, ADM	0.99990	0.97019	CPH, ADM	CPH, ADM	0.99990
GSM2403791	4	FFPE	EPN, RELA	EPN, RELA	1.00000	0.98479	EPN, RELA	EPN, RELA	1.00000
GSM2403797	4	FFPE	EPN, RELA	EPN, RELA	1.00000	0.98706	EPN, RELA	EPN, RELA	1.00000
GSM2403799	4	FFPE	EPN, RELA	EPN, RELA	0.99997	0.91557	EPN, RELA	EPN, RELA	0.99997
GSM2403806	4	FFPE	EPN, PF A	EPN, PF A	0.99972	0.94789	EPN, PF A	EPN, PF A	0.99972
GSM2403807	4	FFPE	EPN, YAP	EPN, YAP	0.20973	0.01836	EPN, YAP	EPN, YAP	0.20973
GSM2403808	4	FFPE	EPN, RELA	EPN, RELA	0.99999	0.98103	EPN, RELA	EPN, RELA	0.99999
GSM2403809	4	FFPE	EPN, RELA	EPN, RELA	0.99998	0.98322	EPN, RELA	EPN, RELA	0.99998
GSM2403813	4	FFPE	EPN, RELA	EPN, RELA	1.00000	0.97863	EPN, RELA	EPN, RELA	1.00000
GSM2403814	4	FFPE	LGG, PA/GG ST	LGG, PA/GG ST	0.73927	0.24142	MCF PA	MCF PA	0.74140
GSM2403821	4	FFPE	EPN, PF A	EPN, PF A	0.99985	0.98724	EPN, PF A	EPN, PF A	0.99985
GSM2403823	4	FFPE	EPN, PF A	EPN, PF A	0.99976	0.97936	EPN, PF A	EPN, PF A	0.99976
GSM2403824	4	FFPE	MNG	MNG	0.99999	0.98127	MNG	MNG	0.99999
GSM2403839	4	FFPE	ENB, B	ENB, B	0.77090	0.81247	MCF ENB	MCF ENB	0.99998
GSM2403847	4	FFPE	EPN, MPE	EPN, MPE	0.99735	0.94629	EPN, MPE	EPN, MPE	0.99735
GSM2403854	4	FFPE	EPN, PF B	EPN, PF B	0.99896	0.95596	EPN, PF B	EPN, PF B	0.99896
GSM2403862	4	FFPE	EPN, PF A	EPN, PF A	0.99982	0.96006	EPN, PF A	EPN, PF A	0.99982
GSM2403865	4	FFPE	EPN, PF A	EPN, PF A	0.99994	0.98089	EPN, PF A	EPN, PF A	0.99994
GSM2403866	4	FFPE	EPN, PF A	EPN, PF A	0.99956	0.90163	EPN, PF A	EPN, PF A	0.99956
GSM2403869	4	FFPE	EPN, RELA	EPN, RELA	0.99998	0.98339	EPN, RELA	EPN, RELA	0.99998
GSM2403872	4	FFPE	EPN, PF A	EPN, PF A	0.99977	0.95877	EPN, PF A	EPN, PF A	0.99977
GSM2403873	4	FFPE	EPN, PF A	EPN, PF A	0.99988	0.98787	EPN, PF A	EPN, PF A	0.99988
GSM2403881	4	FFPE	EPN, PF A	EPN, PF A	0.99978	0.97485	EPN, PF A	EPN, PF A	0.99978
GSM2403882	4	FFPE	EPN, PF A	EPN, PF A	0.99988	0.98275	EPN, PF A	EPN, PF A	0.99988
GSM2403884	4	FFPE	EPN, PF A	EPN, PF A	0.99963	0.96682	EPN, PF A	EPN, PF A	0.99963
GSM2403885	4	FFPE	EPN, PF A	EPN, PF A	0.99944	0.98188	EPN, PF A	EPN, PF A	0.99944
GSM2403895	4	Frozen	CNS NB, FOXR2	CNS NB, FOXR2	0.99999	0.98203	CNS NB, FOXR2	CNS NB, FOXR2	0.99999
GSM2403896	4	Frozen	GBM, MYCN	GBM, MYCN	0.99797	0.35148	MCF GBM	MCF GBM	0.99956
GSM2403921	4	FFPE	PTPR, A	PTPR, A	0.99981	0.90328	PTPR, A	PTPR, A	0.99981
GSM2403931	4	FFPE	PTPR, B	PTPR, B	1.00000	0.97109	PTPR, B	PTPR, B	1.00000
GSM2403932	4	FFPE	PTPR, B	PTPR, B	1.00000	0.97751	PTPR, B	PTPR, B	1.00000
GSM2403933	4	FFPE	PTPR, B	PTPR, B	1.00000	0.94180	PTPR, B	PTPR, B	1.00000
GSM2403935	4	FFPE	HMB	HMB	0.99999	0.97176	HMB	HMB	0.99999
GSM2403937	4	FFPE	SCHW	SCHW	1.00000	0.95798	SCHW	SCHW	1.00000
GSM2403939	4	FFPE	HMB	HMB	0.99989	0.89580	HMB	HMB	0.99989
GSM2403947	4	FFPE	HMB	HMB	0.99972	0.80880	HMB	HMB	0.99972
GSM2403948	4	FFPE	HMB	HMB	0.99996	0.89103	HMB	HMB	0.99996
GSM2403960	4	FFPE	SCHW	SCHW	0.99994	0.87313	SCHW	SCHW	0.99994
GSM2403961	4	FFPE	SCHW	SCHW	1.00000	0.98605	SCHW	SCHW	1.00000
GSM2403962	4	FFPE	SCHW	SCHW	1.00000	0.96049	SCHW	SCHW	1.00000
GSM2403963	4	FFPE	SUBEPN, PF	SUBEPN, PF	0.99999	0.94843	SUBEPN, PF	SUBEPN, PF	0.99999
GSM2403967	4	Frozen	CONTR, REACT	CONTR, REACT	0.98310	0.59193	CONTR, REACT	CONTR, REACT	0.98310
GSM2403969	4	Frozen	MB, G4	MB, G4	1.00000	0.98497	MCF MB G3G4	MCF MB G3G4	1.00000
GSM2403970	4	Frozen	EPN, YAP	EPN, YAP	0.88165	0.10117	EPN, YAP	EPN, YAP	0.88165
GSM2403976	4	Frozen	EPN, PF A	EPN, PF A	0.99990	0.96175	EPN, PF A	EPN, PF A	0.99990
GSM2403980	4	Frozen	EPN, PF B	EPN, PF B	0.99931	0.87169	EPN, PF B	EPN, PF B	0.99931
GSM2403995	4	FFPE	PGG, nC	PGG, nC	0.99996	0.92526	PGG, nC	PGG, nC	0.99996
GSM2404005	4	FFPE	PGG, nC	PGG, nC	0.99998	0.96352	PGG, nC	PGG, nC	0.99998
GSM2404006	4	FFPE	PGG, nC	PGG, nC	0.99968	0.80225	PGG, nC	PGG, nC	0.99968
GSM2404009	4	FFPE	SFT HMPC	SFT HMPC	0.99910	0.89287	SFT HMPC	SFT HMPC	0.99910
GSM2404014	4	FFPE	PIN T, PB B	PIN T, PB B	0.99993	0.87823	PIN T, PB B	PIN T, PB B	0.99993
GSM2404016	4	FFPE	SFT HMPC	SFT HMPC	0.21652	0.03318	SFT HMPC	SFT HMPC	0.21652
GSM2404021	4	FFPE	MB, G3	MB, G3	1.00000	0.98320	MCF MB G3G4	MCF MB G3G4	1.00000
GSM2404022	4	FFPE	MB, G4	MB, G4	0.99999	0.98042	MCF MB G3G4	MCF MB G3G4	1.00000
GSM2404023	4	FFPE	GBM, RTK III	GBM, MYCN	0.53860	0.02521	MCF GBM	MCF GBM	0.83275
GSM2404024	4	FFPE	HGNET, MN1	HGNET, MN1	1.00000	0.97014	HGNET, MN1	HGNET, MN1	1.00000
GSM2404035	4	FFPE	EPN, RELA	EPN, RELA	0.99980	0.81216	EPN, RELA	EPN, RELA	0.99980
GSM2404044	4	FFPE	SUBEPN, SPINE	SUBEPN, SPINE	1.00000	0.95557	SUBEPN, SPINE	SUBEPN, SPINE	1.00000
GSM2404045	4	FFPE	MB, G4	MB, G4	0.99999	0.98002	MCF MB G3G4	MCF MB G3G4	0.99999
GSM2404054	4	FFPE	EPN, PF B	EPN, PF B	0.99986	0.81030	EPN, PF B	EPN, PF B	0.99986
GSM2404055	4	FFPE	EPN, RELA	EPN, RELA	0.99997	0.91398	EPN, RELA	EPN, RELA	0.99997
GSM2404060	4	FFPE	CNS NB, FOXR2	CNS NB, FOXR2	0.99999	0.97115	CNS NB, FOXR2	CNS NB, FOXR2	0.99999
GSM2404069	4	FFPE	ETMR	ETMR	0.99986	0.95549	ETMR	ETMR	0.99986
GSM2404074	4	FFPE	MNG	MNG	0.91279	0.79706	MNG	MNG	0.91279
GSM2404080	4	FFPE	MNG	MNG	0.99994	0.92398	MNG	MNG	0.99994
GSM2404083	4	FFPE	MNG	MNG	0.99998	0.96684	MNG	MNG	0.99998
GSM2404096	4	FFPE	MB, SHH INF	MB, SHH INF	0.99995	0.98742	MCF MB SHH	MCF MB SHH	0.99995
GSM2404099	4	Frozen	ATRT, TYR	ATRT, TYR	1.00000	0.97530	MCF ATRT	MCF ATRT	1.00000
GSM2404104	4	FFPE	DMG, K27	DMG, K27	0.99941	0.91692	DMG, K27	DMG, K27	0.99941
GSM2404109	4	FFPE	SUBEPN, ST	SUBEPN, ST	0.99950	0.91771	SUBEPN, ST	SUBEPN, ST	0.99950
GSM2404115	4	Frozen	ETMR	ETMR	0.99978	0.95494	ETMR	ETMR	0.99978
GSM2404119	4	FFPE	ATRT, MYC	SCHW, MEL	0.36171	0.01684	MCF ATRT	SCHW, MEL	0.36171
GSM2404120	4	FFPE	PITAD, ACTH	PITAD, ACTH	0.99856	0.82426	PITAD, ACTH	PITAD, ACTH	0.99856
GSM2404122	4	FFPE	EPN, SPINE	EPN, SPINE	1.00000	0.98148	EPN, SPINE	EPN, SPINE	1.00000
GSM2404129	4	Frozen	CNS NB, FOXR2	CNS NB, FOXR2	0.99998	0.97619	CNS NB, FOXR2	CNS NB, FOXR2	0.99998
GSM2404134	4	FFPE	A IDH	A IDH	0.99987	0.95355	MCF IDH GLM	MCF IDH GLM	1.00000
GSM2404138	4	FFPE	PITAD, ACTH	PITAD, ACTH	0.99939	0.71357	PITAD, ACTH	PITAD, ACTH	0.99939
GSM2404164	4	FFPE	ATRT, SHH	ATRT, SHH	0.99890	0.95491	MCF ATRT	MCF ATRT	1.00000
GSM2404172	4	FFPE	CPH, PAP	CPH, PAP	0.99944	0.67462	CPH, PAP	CPH, PAP	0.99944
GSM2404177	4	FFPE	CPH, ADM	CPH, ADM	0.99987	0.98445	CPH, ADM	CPH, ADM	0.99987
GSM2404192	4	FFPE	PLEX, PED B	PLEX, PED B	0.99999	0.96839	MCF PLEX T	MCF PLEX T	0.99999
GSM2404195	4	FFPE	EWS	EWS	0.72556	0.13093	EWS	EWS	0.72556
GSM2404196	4	FFPE	SUBEPN, SPINE	SUBEPN, SPINE	1.00000	0.94648	SUBEPN, SPINE	SUBEPN, SPINE	1.00000
GSM2404205	4	FFPE	DMG, K27	DMG, K27	0.99999	0.98346	DMG, K27	DMG, K27	0.99999
GSM2404220	4	FFPE	O IDH	O IDH	0.99999	0.97449	MCF IDH GLM	MCF IDH GLM	1.00000
GSM2404222	4	FFPE	A IDH, HG	O IDH	0.50503	0.08634	MCF IDH GLM	MCF IDH GLM	0.94979
GSM2404225	4	FFPE	O IDH	O IDH	0.98403	0.68722	MCF IDH GLM	MCF IDH GLM	0.99938
GSM2404231	4	FFPE	O IDH	O IDH	0.99999	0.97462	MCF IDH GLM	MCF IDH GLM	1.00000
GSM2404233	4	FFPE	A IDH, HG	A IDH	0.73080	0.11291	MCF IDH GLM	MCF IDH GLM	0.99999
GSM2404235	4	FFPE	O IDH	O IDH	0.99989	0.96780	MCF IDH GLM	MCF IDH GLM	0.99998
GSM2404240	4	FFPE	MELAN	MELAN	0.99455	0.62399	MELAN	MELAN	0.99455
GSM2404244	4	FFPE	MELCYT	MELCYT	0.99998	0.97858	MELCYT	MELCYT	0.99998
GSM2404245	4	FFPE	MELCYT	MELCYT	0.98251	0.44586	MELCYT	MELCYT	0.98251
GSM2404260	4	FFPE	SUBEPN, PF	SUBEPN, PF	1.00000	0.98536	SUBEPN, PF	SUBEPN, PF	1.00000
GSM2404261	4	FFPE	SUBEPN, PF	SUBEPN, PF	0.99793	0.58823	SUBEPN, PF	SUBEPN, PF	0.99793
GSM2404270	4	Frozen	MB, SHH CHL AD	MB, SHH CHL AD	0.99999	0.97284	MCF MB SHH	MCF MB SHH	0.99999
GSM2404274	4	FFPE	EPN, SPINE	EPN, SPINE	0.99999	0.97355	EPN, SPINE	EPN, SPINE	0.99999
GSM2404278	4	FFPE	ENB, A	ENB, B	0.94210	0.51373	MCF ENB	MCF ENB	0.99973
GSM2404280	4	FFPE	ENB, A	ENB, A	1.00000	0.95312	MCF ENB	MCF ENB	1.00000
GSM2404281	4	FFPE	ENB, B	ENB, B	0.99995	0.85200	MCF ENB	MCF ENB	0.99995
GSM2404284	4	FFPE	PGG, nC	PGG, nC	0.99994	0.91455	PGG, nC	PGG, nC	0.99994
GSM2404285	4	Frozen	SCHW, MEL	SCHW, MEL	0.99589	0.34879	SCHW, MEL	SCHW, MEL	0.99589
GSM2404300	4	FFPE	MB, G3	MB, G3	1.00000	0.98125	MCF MB G3G4	MCF MB G3G4	1.00000
GSM2404301	4	FFPE	MB, G3	PIN T, PB B	0.49441	0.02917	MCF MB G3G4	PIN T, PB B	0.49441
GSM2404302	4	FFPE	LGG, SEGA	LGG, SEGA	0.99961	0.72769	LGG, SEGA	LGG, SEGA	0.99961
GSM2404309	4	Frozen	EPN, PF A	EPN, PF A	0.99994	0.97608	EPN, PF A	EPN, PF A	0.99994
GSM2404311	4	Frozen	EPN, PF A	EPN, PF A	0.99991	0.94949	EPN, PF A	EPN, PF A	0.99991
GSM2404318	4	FFPE	LGG, DNT	LGG, DNT	1.00000	0.97544	LGG, DNT	LGG, DNT	1.00000
GSM2404325	4	FFPE	LGG, GG	LGG, GG	0.99904	0.67856	LGG, GG	LGG, GG	0.99904
GSM2404327	4	FFPE	LGG, GG	LGG, GG	0.96114	0.42399	LGG, GG	LGG, GG	0.96114
GSM2404330	4	FFPE	LGG, DNT	LGG, DNT	1.00000	0.97980	LGG, DNT	LGG, DNT	1.00000
GSM2404333	4	FFPE	LGG, DNT	LGG, DNT	1.00000	0.97123	LGG, DNT	LGG, DNT	1.00000
GSM2404334	4	FFPE	LGG, GG	LGG, GG	0.99901	0.77291	LGG, GG	LGG, GG	0.99901
GSM2404343	4	FFPE	A IDH, HG	A IDH, HG	0.95624	0.85119	MCF IDH GLM	MCF IDH GLM	0.99918
GSM2404350	4	FFPE	PITAD, STH SPA	PITAD, STH SPA	0.99985	0.98092	PITAD, STH SPA	PITAD, STH SPA	0.99985
GSM2404352	4	FFPE	PITAD, STH SPA	PITAD, STH SPA	0.98842	0.80054	PITAD, STH SPA	PITAD, STH SPA	0.98842
GSM2404355	4	FFPE	PITAD, STH SPA	PITAD, STH SPA	0.99746	0.95600	PITAD, STH SPA	PITAD, STH SPA	0.99746
GSM2404356	4	FFPE	PITAD, STH DNS B	PITAD, STH DNS B	0.99988	0.64487	PITAD, STH DNS B	PITAD, STH DNS B	0.99988
GSM2404360	4	FFPE	PITAD, STH DNS A	PITAD, STH DNS A	0.48446	0.12562	PITAD, STH DNS A	PITAD, STH DNS A	0.48446
GSM2404377	4	FFPE	LGG, PA PF	LGG, PA PF	0.99988	0.86047	MCF PA	MCF PA	0.99991
GSM2404380	4	Frozen	EPN, SPINE	EPN, SPINE	1.00000	0.98259	EPN, SPINE	EPN, SPINE	1.00000
GSM2404381	4	Frozen	EPN, SPINE	EPN, SPINE	0.99953	0.91938	EPN, SPINE	EPN, SPINE	0.99953
GSM2404386	4	Frozen	EPN, SPINE	EPN, SPINE	0.99998	0.97374	EPN, SPINE	EPN, SPINE	0.99998
GSM2404391	4	Frozen	SUBEPN, PF	SUBEPN, PF	0.99999	0.92206	SUBEPN, PF	SUBEPN, PF	0.99999
GSM2404392	4	Frozen	SUBEPN, PF	SUBEPN, PF	0.99997	0.96451	SUBEPN, PF	SUBEPN, PF	0.99997
GSM2404396	4	Frozen	EPN, PF B	EPN, PF B	0.99999	0.98230	EPN, PF B	EPN, PF B	0.99999
GSM2404399	4	Frozen	EPN, PF A	EPN, PF A	0.99996	0.98421	EPN, PF A	EPN, PF A	0.99996
GSM2404413	4	FFPE	PITAD, FSH LH	PITAD, FSH LH	0.99996	0.98094	PITAD, FSH LH	PITAD, FSH LH	0.99996
GSM2404416	4	FFPE	PITAD, FSH LH	PITAD, FSH LH	0.99989	0.93972	PITAD, FSH LH	PITAD, FSH LH	0.99989
GSM2404417	4	FFPE	PITAD, FSH LH	PITAD, FSH LH	0.98598	0.70963	PITAD, FSH LH	PITAD, FSH LH	0.98598
GSM2404419	4	FFPE	PITAD, FSH LH	PITAD, FSH LH	0.99906	0.98030	PITAD, FSH LH	PITAD, FSH LH	0.99906
GSM2404422	4	FFPE	PITAD, STH DNS B	PITAD, STH DNS B	0.41155	0.07116	PITAD, STH DNS B	PITAD, STH DNS B	0.41155
GSM2404426	4	FFPE	PITAD, PRL	PITAD, PRL	1.00000	0.95565	PITAD, PRL	PITAD, PRL	1.00000
GSM2404428	4	FFPE	PITAD, ACTH	PITAD, ACTH	0.99988	0.93139	PITAD, ACTH	PITAD, ACTH	0.99988
GSM2404432	4	FFPE	O IDH	O IDH	0.99998	0.96758	MCF IDH GLM	MCF IDH GLM	1.00000
GSM2404464	4	Frozen	EPN, PF A	EPN, PF A	0.99997	0.97617	EPN, PF A	EPN, PF A	0.99997
GSM2404465	4	FFPE	MNG	MNG	0.99995	0.98075	MNG	MNG	0.99995
GSM2404466	4	FFPE	MNG	MNG	0.99998	0.98395	MNG	MNG	0.99998
GSM2404471	4	FFPE	MNG	MNG	0.99999	0.98277	MNG	MNG	0.99999
GSM2404482	4	FFPE	LGG, DNT	LGG, DNT	1.00000	0.97119	LGG, DNT	LGG, DNT	1.00000
GSM2404490	4	FFPE	HGNET, BCOR	HGNET, BCOR	1.00000	0.98184	HGNET, BCOR	HGNET, BCOR	1.00000
GSM2404492	4	FFPE	PXA	PXA	0.99373	0.65754	PXA	PXA	0.99373
GSM2404497	4	FFPE	DMG, K27	DMG, K27	0.99999	0.98435	DMG, K27	DMG, K27	0.99999
GSM2404504	4	FFPE	PXA	PXA	0.92601	0.66102	PXA	PXA	0.92601
GSM2404509	4	FFPE	DMG, K27	DMG, K27	0.99999	0.98584	DMG, K27	DMG, K27	0.99999
GSM2404511	4	FFPE	ENB, A	ENB, B	0.99919	0.55718	MCF ENB	MCF ENB	0.99923
GSM2404523	4	FFPE	LGG, DNT	LGG, DNT	0.98851	0.59786	LGG, DNT	LGG, DNT	0.98851
GSM2404525	4	FFPE	LGG, DNT	LGG, DNT	0.99972	0.79326	LGG, DNT	LGG, DNT	0.99972
GSM2404527	4	FFPE	GBM, RTK II	GBM, MES	0.99461	0.76663	MCF GBM	MCF GBM	0.99996
GSM2404535	4	FFPE	A IDH	A IDH	0.99924	0.95254	MCF IDH GLM	MCF IDH GLM	1.00000
GSM2404543	4	FFPE	SCHW, MEL	MELAN	0.35263	0.02402	SCHW, MEL	MELAN	0.35263
GSM2404546	4	FFPE	GBM, MES	GBM, MES	0.99283	0.72094	MCF GBM	MCF GBM	0.99996
GSM2404548	4	FFPE	PLEX, PED A	PLEX, PED A	0.99591	0.74889	MCF PLEX T	MCF PLEX T	0.99995
GSM2404551	4	FFPE	PIN T, PB A	PIN T, PB A	0.63707	0.03297	PIN T, PB A	PIN T, PB A	0.63707
GSM2404557	4	FFPE	LGG, SEGA	LGG, SEGA	1.00000	0.97417	LGG, SEGA	LGG, SEGA	1.00000
GSM2404566	4	FFPE	EWS	EWS	0.98093	0.31172	EWS	EWS	0.98093
GSM2404569	4	Frozen	GBM, RTK II	GBM, RTK II	0.99258	0.97670	MCF GBM	MCF GBM	1.00000
GSM2404575	4	Frozen	CONTR, INFLAM	CONTR, INFLAM	0.99997	0.98329	CONTR, INFLAM	CONTR, INFLAM	0.99997
GSM2404579	4	Frozen	GBM, RTK II	GBM, RTK II	0.99757	0.95770	MCF GBM	MCF GBM	1.00000
GSM2404583	4	FFPE	LGG, PA/GG ST	LGG, PA/GG ST	0.99782	0.89639	MCF PA	MCF PA	0.99784
GSM2404592	4	Frozen	GBM, RTK II	GBM, RTK II	0.99146	0.97107	MCF GBM	MCF GBM	1.00000
GSM2404595	4	Frozen	CONTR, INFLAM	CONTR, INFLAM	1.00000	0.83060	CONTR, INFLAM	CONTR, INFLAM	1.00000
GSM2404604	4	Frozen	GBM, MES	GBM, MES	0.94206	0.95433	MCF GBM	MCF GBM	0.99920
GSM2404606	4	FFPE	CPH, ADM	CPH, ADM	0.99979	0.98391	CPH, ADM	CPH, ADM	0.99979
GSM2404607	4	FFPE	ANA PA	ANA PA	0.99880	0.42405	ANA PA	ANA PA	0.99880
GSM2404614	4	FFPE	GBM, G34	GBM, G34	1.00000	0.98187	GBM, G34	GBM, G34	1.00000
GSM2404618	4	FFPE	DMG, K27	DMG, K27	1.00000	0.98979	DMG, K27	DMG, K27	1.00000
GSM2404621	4	FFPE	PLEX, AD	PLEX, AD	0.99999	0.95973	MCF PLEX T	MCF PLEX T	0.99999
GSM2404633	4	Frozen	GBM, RTK II	GBM, RTK II	0.99995	0.92966	MCF GBM	MCF GBM	1.00000
GSM2404637	4	Frozen	GBM, RTK I	GBM, RTK I	0.99998	0.98244	MCF GBM	MCF GBM	1.00000
GSM2404640	4	Frozen	GBM, RTK II	GBM, RTK II	0.95366	0.73446	MCF GBM	MCF GBM	1.00000
GSM2404652	4	FFPE	GBM, G34	GBM, G34	0.99997	0.98246	GBM, G34	GBM, G34	0.99997
GSM2404656	4	FFPE	DMG, K27	DMG, K27	1.00000	0.98683	DMG, K27	DMG, K27	1.00000
GSM2404663	4	FFPE	DMG, K27	DMG, K27	1.00000	0.98888	DMG, K27	DMG, K27	1.00000
GSM2404665	4	FFPE	DMG, K27	DMG, K27	0.99999	0.98985	DMG, K27	DMG, K27	0.99999
GSM2404670	4	FFPE	GBM, MYCN	GBM, MYCN	0.99739	0.46145	MCF GBM	MCF GBM	0.99929
GSM2404671	4	FFPE	GBM, G34	GBM, G34	0.99939	0.90045	GBM, G34	GBM, G34	0.99939
GSM2404672	4	FFPE	GBM, MID	GBM, MID	0.99965	0.74550	MCF GBM	MCF GBM	0.99987
GSM2404674	4	FFPE	GBM, RTK III	GBM, RTK III	0.86933	0.31435	MCF GBM	MCF GBM	0.99536
GSM2404678	4	FFPE	DMG, K27	DMG, K27	1.00000	0.99005	DMG, K27	DMG, K27	1.00000
GSM2404679	4	FFPE	DMG, K27	DMG, K27	0.99997	0.96834	DMG, K27	DMG, K27	0.99997
GSM2404681	4	FFPE	O IDH	O IDH	0.99999	0.97227	MCF IDH GLM	MCF IDH GLM	1.00000
GSM2404687	4	FFPE	GBM, RTK II	GBM, RTK II	0.99981	0.96216	MCF GBM	MCF GBM	1.00000
GSM2404689	4	FFPE	MELCYT	MELCYT	0.99750	0.73355	MELCYT	MELCYT	0.99750
GSM2404692	4	FFPE	CONTR, WM	CONTR, WM	0.99869	0.75703	CONTR, WM	CONTR, WM	0.99869
GSM2404693	4	FFPE	MELAN	MELAN	0.97511	0.28635	MELAN	MELAN	0.97511
GSM2404699	4	FFPE	MB, WNT	MB, WNT	0.99975	0.98102	MB, WNT	MB, WNT	0.99975
GSM2404702	4	FFPE	GBM, RTK II	GBM, RTK II	0.99969	0.95029	MCF GBM	MCF GBM	1.00000
GSM2404707	4	FFPE	CHGL	CHGL	0.99999	0.87940	CHGL	CHGL	0.99999
GSM2404711	4	FFPE	IHG	IHG	0.99978	0.51134	IHG	IHG	0.99978
GSM2404724	4	FFPE	LIPN	LIPN	0.97858	0.37524	LIPN	LIPN	0.97858
GSM2404738	4	FFPE	GBM, RTK I	GBM, RTK I	0.94311	0.33848	MCF GBM	MCF GBM	0.99998
GSM2404743	4	Frozen	MB, SHH INF	MB, SHH INF	0.99789	0.83166	MCF MB SHH	MCF MB SHH	0.99987
GSM2404744	4	Frozen	MB, SHH INF	MB, SHH INF	0.99998	0.97716	MCF MB SHH	MCF MB SHH	0.99998
GSM2404753	4	Frozen	A IDH	A IDH	0.99980	0.97334	MCF IDH GLM	MCF IDH GLM	1.00000
GSM2404755	4	Frozen	A IDH	A IDH	0.99944	0.94352	MCF IDH GLM	MCF IDH GLM	1.00000
GSM2404757	4	Frozen	A IDH	A IDH	0.99683	0.70362	MCF IDH GLM	MCF IDH GLM	0.99999
GSM2404761	4	FFPE	MB, G3	MB, G3	0.41901	0.08474	MCF MB G3G4	MCF MB G3G4	0.42951
GSM2404765	4	FFPE	EWS	EWS	0.99523	0.55209	EWS	EWS	0.99523
GSM2404767	4	FFPE	DMG, K27	DMG, K27	0.99974	0.89681	DMG, K27	DMG, K27	0.99974
GSM2404777	4	Frozen	EFT, CIC	EFT, CIC	0.99982	0.68780	EFT, CIC	EFT, CIC	0.99982
GSM2404805	4	Frozen	EPN, MPE	EPN, MPE	0.95286	0.25196	EPN, MPE	EPN, MPE	0.95286
GSM2404807	4	Frozen	SUBEPN, PF	SUBEPN, PF	1.00000	0.97840	SUBEPN, PF	SUBEPN, PF	1.00000
GSM2404809	4	Frozen	CONTR, REACT	LGG, PA/GG ST	0.99075	0.43626	CONTR, REACT	MCF PA	0.99148
GSM2404810	4	Frozen	CNS NB, FOXR2	CNS NB, FOXR2	0.99998	0.98352	CNS NB, FOXR2	CNS NB, FOXR2	0.99998
GSM2404816	4	FFPE	DMG, K27	DMG, K27	0.99954	0.94873	DMG, K27	DMG, K27	0.99954
GSM2404818	4	FFPE	EPN, PF B	EPN, PF B	0.99992	0.96665	EPN, PF B	EPN, PF B	0.99992
GSM2404838	4	FFPE	ATRT, TYR	ATRT, TYR	0.66642	0.19068	MCF ATRT	MCF ATRT	0.95652
GSM2404839	4	FFPE	ATRT, SHH	ATRT, SHH	0.99999	0.96518	MCF ATRT	MCF ATRT	1.00000
GSM2404844	4	FFPE	ATRT, SHH	ATRT, SHH	0.69630	0.18778	MCF ATRT	MCF ATRT	0.97728
GSM2404854	4	FFPE	ATRT, SHH	ATRT, SHH	0.99997	0.96832	MCF ATRT	MCF ATRT	1.00000
GSM2404858	4	FFPE	SUBEPN, PF	SUBEPN, PF	0.99973	0.81992	SUBEPN, PF	SUBEPN, PF	0.99973
GSM2404860	4	FFPE	EPN, PF B	EPN, PF B	0.99999	0.97780	EPN, PF B	EPN, PF B	0.99999
GSM2404863	4	FFPE	EPN, PF B	EPN, PF B	0.99991	0.90481	EPN, PF B	EPN, PF B	0.99991
GSM2404873	4	FFPE	LGG, PA PF	LGG, PA PF	0.97271	0.55416	MCF PA	MCF PA	0.98607
GSM2404883	4	FFPE	LGG, SEGA	LGG, SEGA	0.99998	0.94834	LGG, SEGA	LGG, SEGA	0.99998
GSM2404888	4	FFPE	A IDH	A IDH	0.99975	0.81847	MCF IDH GLM	MCF IDH GLM	0.99997
GSM2404892	4	Frozen	EPN, PF B	EPN, PF B	0.99996	0.94939	EPN, PF B	EPN, PF B	0.99996
GSM2404902	4	Frozen	EPN, PF B	EPN, PF B	0.97189	0.81279	EPN, PF B	EPN, PF B	0.97189
GSM2404905	4	FFPE	GBM, MES	GBM, MES	0.99369	0.84509	MCF GBM	MCF GBM	0.99992
GSM2404908	4	FFPE	O IDH	O IDH	1.00000	0.97952	MCF IDH GLM	MCF IDH GLM	1.00000
GSM2404912	4	FFPE	GBM, MES	GBM, MES	0.99987	0.97818	MCF GBM	MCF GBM	0.99995
GSM2404922	4	FFPE	O IDH	O IDH	1.00000	0.97588	MCF IDH GLM	MCF IDH GLM	1.00000
GSM2404925	4	Frozen	SFT HMPC	SFT HMPC	0.50943	0.10699	SFT HMPC	SFT HMPC	0.50943
GSM2404926	4	Frozen	ATRT, TYR	ATRT, TYR	1.00000	0.98669	MCF ATRT	MCF ATRT	1.00000
GSM2404927	4	Frozen	ATRT, SHH	ATRT, SHH	0.99996	0.98546	MCF ATRT	MCF ATRT	1.00000
GSM2404933	4	FFPE	PLEX, PED B	PLEX, PED B	1.00000	0.97114	MCF PLEX T	MCF PLEX T	1.00000
GSM2404950	4	FFPE	PLEX, PED A	PLEX, PED A	0.99077	0.14141	MCF PLEX T	MCF PLEX T	0.99499
GSM2404953	4	FFPE	PLEX, PED B	PLEX, PED B	0.99976	0.97529	MCF PLEX T	MCF PLEX T	1.00000
GSM2404958	4	FFPE	PLEX, PED B	PLEX, PED B	0.98401	0.46772	MCF PLEX T	MCF PLEX T	0.99758
GSM2404959	4	FFPE	PLEX, PED B	PLEX, PED B	0.99528	0.92216	MCF PLEX T	MCF PLEX T	1.00000
GSM2404966	4	FFPE	PLEX, AD	PLEX, AD	0.99837	0.84275	MCF PLEX T	MCF PLEX T	0.99995
GSM2404970	4	FFPE	PLEX, PED B	PLEX, PED B	0.99856	0.83443	MCF PLEX T	MCF PLEX T	0.99997
GSM2404979	4	FFPE	PLEX, AD	PLEX, AD	0.53405	0.15959	MCF PLEX T	MCF PLEX T	0.93354
GSM2404987	4	FFPE	PLEX, PED B	PLEX, PED B	0.90511	0.89335	MCF PLEX T	MCF PLEX T	1.00000
GSM2404990	4	FFPE	PLEX, AD	PLEX, AD	0.99510	0.91808	MCF PLEX T	MCF PLEX T	1.00000
GSM2404997	4	FFPE	MB, G3	PIN T, PB A	0.88929	0.16462	MCF MB G3G4	PIN T, PB A	0.88929
GSM2404998	4	FFPE	GBM, RTK II	GBM, RTK I	0.97475	0.54169	MCF GBM	MCF GBM	1.00000
GSM2405002	4	FFPE	A IDH	A IDH	0.98975	0.90478	MCF IDH GLM	MCF IDH GLM	1.00000
GSM2405004	4	FFPE	DLGNT	ANA PA	0.83608	0.08804	DLGNT	ANA PA	0.83608
GSM2405006	4	FFPE	GBM, MYCN	GBM, MYCN	0.99663	0.70775	MCF GBM	MCF GBM	0.99990
GSM2405009	4	FFPE	GBM, RTK III	GBM, RTK III	0.99710	0.59084	MCF GBM	MCF GBM	0.99947
GSM2405013	4	Frozen	ATRT, MYC	ATRT, MYC	0.99261	0.33745	MCF ATRT	MCF ATRT	0.99287
GSM2405014	4	Frozen	ATRT, TYR	ATRT, TYR	0.99998	0.95773	MCF ATRT	MCF ATRT	1.00000
GSM2405015	4	Frozen	ATRT, SHH	ATRT, SHH	0.99579	0.85373	MCF ATRT	MCF ATRT	0.99998
GSM2405016	4	Frozen	ATRT, MYC	ATRT, MYC	0.99998	0.90388	MCF ATRT	MCF ATRT	0.99999
GSM2405020	4	FFPE	PTPR, B	PTPR, B	1.00000	0.94204	PTPR, B	PTPR, B	1.00000
GSM2405033	4	FFPE	PXA	PXA	0.99975	0.98754	PXA	PXA	0.99975
GSM2405034	4	FFPE	PXA	PXA	1.00000	0.98209	PXA	PXA	1.00000
GSM2405036	4	FFPE	GBM, RTK I	GBM, RTK I	0.99991	0.96717	MCF GBM	MCF GBM	1.00000
GSM2405041	4	FFPE	A IDH	A IDH	0.99970	0.96112	MCF IDH GLM	MCF IDH GLM	1.00000
GSM2405051	4	Frozen	CPH, ADM	CPH, ADM	0.99999	0.97887	CPH, ADM	CPH, ADM	0.99999
GSM2405053	4	Frozen	CPH, PAP	CPH, PAP	0.99999	0.98101	CPH, PAP	CPH, PAP	0.99999
GSM2405054	4	FFPE	PXA	PXA	0.99243	0.50766	PXA	PXA	0.99243
GSM2405058	4	FFPE	GBM, RTK II	GBM, RTK I	0.91841	0.67999	MCF GBM	MCF GBM	1.00000
GSM2405064	4	FFPE	LGG, DIG/DIA	LGG, DIG/DIA	0.98579	0.77712	LGG, DIG/DIA	LGG, DIG/DIA	0.98579
GSM2405066	4	FFPE	A IDH	A IDH	0.99911	0.86284	MCF IDH GLM	MCF IDH GLM	1.00000
GSM2405070	4	FFPE	MELAN	MELAN	0.99918	0.78389	MELAN	MELAN	0.99918
GSM2405073	4	FFPE	CONTR, REACT	CONTR, REACT	0.93148	0.29176	CONTR, REACT	CONTR, REACT	0.93148
GSM2405084	4	FFPE	A IDH	A IDH	0.99896	0.88731	MCF IDH GLM	MCF IDH GLM	1.00000
GSM2405086	4	FFPE	PIN T, PPT	PIN T, PPT	0.99586	0.68850	PIN T, PPT	PIN T, PPT	0.99586
GSM2405095	4	FFPE	LGG, RGNT	LGG, RGNT	0.99893	0.63993	LGG, RGNT	LGG, RGNT	0.99893
GSM2405103	4	FFPE	EPN, SPINE	EPN, SPINE	0.99998	0.95729	EPN, SPINE	EPN, SPINE	0.99998
GSM2405105	4	FFPE	A IDH, HG	A IDH, HG	0.99525	0.79963	MCF IDH GLM	MCF IDH GLM	0.99655
GSM2405113	4	FFPE	PLASMA	PLASMA	0.99924	0.79565	PLASMA	PLASMA	0.99924
GSM2405114	4	FFPE	LGG, PA MID	LGG, PA MID	0.96225	0.38575	MCF PA	MCF PA	0.96261
GSM2405116	4	FFPE	O IDH	O IDH	0.71920	0.70057	MCF IDH GLM	MCF IDH GLM	0.99992
GSM2405118	4	FFPE	MB, G4	MB, G4	0.99999	0.98380	MCF MB G3G4	MCF MB G3G4	1.00000
GSM2405128	4	FFPE	CHORDM	CHORDM	0.99848	0.44481	CHORDM	CHORDM	0.99848
GSM2405132	4	Frozen	GBM, RTK I	GBM, RTK I	0.99460	0.93706	MCF GBM	MCF GBM	1.00000
GSM2405137	4	Frozen	CONTR, INFLAM	CONTR, INFLAM	0.99992	0.95239	CONTR, INFLAM	CONTR, INFLAM	0.99992
GSM2405143	4	FFPE	GBM, RTK I	GBM, RTK I	0.99999	0.90070	MCF GBM	MCF GBM	1.00000
GSM2405145	4	FFPE	LGG, PA/GG ST	LGG, PA/GG ST	0.84643	0.55727	MCF PA	MCF PA	0.85259
GSM2405156	4	FFPE	PLASMA	PLASMA	0.97996	0.76756	PLASMA	PLASMA	0.97996
GSM2405161	4	FFPE	PIN T, PPT	PIN T, PPT	0.99659	0.81211	PIN T, PPT	PIN T, PPT	0.99659
GSM2405165	4	Frozen	GBM, RTK I	GBM, RTK I	1.00000	0.97692	MCF GBM	MCF GBM	1.00000
GSM2405168	4	Frozen	GBM, RTK II	GBM, RTK II	0.99993	0.98637	MCF GBM	MCF GBM	1.00000
GSM2405169	4	Frozen	GBM, RTK II	GBM, MES	0.51543	0.06206	MCF GBM	MCF GBM	1.00000
GSM2405172	4	Frozen	O IDH	O IDH	0.70269	0.60169	MCF IDH GLM	MCF IDH GLM	0.99998
GSM2405173	4	Frozen	O IDH	O IDH	0.96902	0.60201	MCF IDH GLM	MCF IDH GLM	0.99994
GSM2405176	4	FFPE	GBM, RTK I	GBM, RTK II	0.62729	0.66745	MCF GBM	MCF GBM	1.00000
GSM2405178	4	Frozen	CONTR, INFLAM	CONTR, INFLAM	1.00000	0.98477	CONTR, INFLAM	CONTR, INFLAM	1.00000
GSM2405179	4	Frozen	GBM, RTK I	GBM, RTK I	0.99998	0.98511	MCF GBM	MCF GBM	1.00000
GSM2405187	4	FFPE	GBM, RTK I	GBM, RTK I	0.99887	0.88975	MCF GBM	MCF GBM	1.00000
GSM2405204	4	FFPE	HGNET, BCOR	HGNET, BCOR	1.00000	0.96695	HGNET, BCOR	HGNET, BCOR	1.00000
GSM2405205	4	FFPE	O IDH	O IDH	0.69876	0.62237	MCF IDH GLM	MCF IDH GLM	0.98927
GSM2405210	4	FFPE	ATRT, MYC	ATRT, MYC	0.99871	0.88488	MCF ATRT	MCF ATRT	0.99874
GSM2405215	4	FFPE	HGNET, BCOR	HGNET, BCOR	0.99944	0.49503	HGNET, BCOR	HGNET, BCOR	0.99944
GSM2405217	4	FFPE	GBM, RTK I	GBM, RTK I	0.99831	0.96952	MCF GBM	MCF GBM	1.00000
GSM2405218	4	FFPE	SFT HMPC	SFT HMPC	0.99963	0.88488	SFT HMPC	SFT HMPC	0.99963
GSM2405219	4	FFPE	A IDH	A IDH	0.99891	0.88155	MCF IDH GLM	MCF IDH GLM	1.00000
GSM2405222	4	FFPE	GBM, RTK II	GBM, RTK II	0.54214	0.85835	MCF GBM	MCF GBM	1.00000
GSM2405233	4	Frozen	RETB	RETB	1.00000	0.98509	RETB	RETB	1.00000
GSM2405238	4	Frozen	RETB	RETB	0.99945	0.88791	RETB	RETB	0.99945
GSM2405246	4	FFPE	GBM, RTK II	GBM, MYCN	0.60039	0.03631	MCF GBM	MCF GBM	0.92194
GSM2405248	4	FFPE	O IDH	O IDH	0.99950	0.67063	MCF IDH GLM	MCF IDH GLM	1.00000
GSM2405250	4	FFPE	LGG, PA/GG ST	LGG, PA/GG ST	0.99180	0.63795	MCF PA	MCF PA	0.99199
GSM2405251	4	FFPE	ATRT, MYC	ATRT, MYC	1.00000	0.98031	MCF ATRT	MCF ATRT	1.00000
GSM2405252	4	FFPE	LGG, PA MID	LGG, PA MID	0.65805	0.72042	MCF PA	MCF PA	0.65805
GSM2405256	4	Frozen	RETB	RETB	0.99998	0.92551	RETB	RETB	0.99998
GSM2405258	4	Frozen	RETB	RETB	1.00000	0.98528	RETB	RETB	1.00000
GSM2405261	4	FFPE	ENB, A	ENB, B	0.99875	0.44062	MCF ENB	MCF ENB	0.99898
GSM2405263	4	FFPE	ENB, B	ENB, A	0.99704	0.75233	MCF ENB	MCF ENB	1.00000
GSM2405264	4	FFPE	ENB, A	ENB, A	1.00000	0.96396	MCF ENB	MCF ENB	1.00000
GSM2405274	4	FFPE	LGG, PA MID	CONTR, REACT	0.97027	0.46188	MCF PA	CONTR, REACT	0.97027
GSM2405279	4	FFPE	A IDH, HG	A IDH, HG	0.97754	0.79695	MCF IDH GLM	MCF IDH GLM	0.98690
GSM2405303	4	FFPE	MB, SHH CHL AD	MB, SHH CHL AD	0.99353	0.72424	MCF MB SHH	MCF MB SHH	0.99356
GSM2405305	4	FFPE	A IDH, HG	A IDH, HG	0.99238	0.94979	MCF IDH GLM	MCF IDH GLM	0.99974
GSM2405306	4	FFPE	GBM, MES	GBM, MES	0.99986	0.97371	MCF GBM	MCF GBM	0.99993
GSM2405307	4	FFPE	MB, SHH CHL AD	MB, SHH CHL AD	0.99999	0.98531	MCF MB SHH	MCF MB SHH	0.99999
GSM2405308	4	FFPE	IHG	IHG	0.99999	0.92707	IHG	IHG	0.99999
GSM2405310	4	FFPE	ANA PA	ANA PA	0.99983	0.79179	ANA PA	ANA PA	0.99983
GSM2405313	4	FFPE	GBM, RTK II	GBM, RTK II	0.99836	0.85265	MCF GBM	MCF GBM	1.00000
GSM2405315	4	FFPE	MB, G3	MB, G3	1.00000	0.97232	MCF MB G3G4	MCF MB G3G4	1.00000
GSM2405317	4	FFPE	GBM, MES	GBM, MES	0.99326	0.95681	MCF GBM	MCF GBM	1.00000
GSM2405326	4	FFPE	A IDH, HG	A IDH, HG	0.99262	0.68978	MCF IDH GLM	MCF IDH GLM	0.99537
GSM2405331	4	FFPE	GBM, MID	GBM, RTK I	0.98165	0.52458	MCF GBM	MCF GBM	0.99995
GSM2405337	4	FFPE	PXA	PXA	0.99999	0.96907	PXA	PXA	0.99999
GSM2405340	4	FFPE	O IDH	O IDH	0.99889	0.88639	MCF IDH GLM	MCF IDH GLM	0.99999
GSM2405341	4	FFPE	EPN, MPE	EPN, MPE	0.84183	0.11670	EPN, MPE	EPN, MPE	0.84183
GSM2405342	4	FFPE	A IDH, HG	A IDH, HG	0.99000	0.65877	MCF IDH GLM	MCF IDH GLM	0.99051
GSM2405344	4	Frozen	MNG	MNG	0.99997	0.98572	MNG	MNG	0.99997
GSM2405347	4	Frozen	MNG	MNG	0.99997	0.98027	MNG	MNG	0.99997
GSM2405349	4	Frozen	MNG	MNG	0.99998	0.98490	MNG	MNG	0.99998
GSM2405357	4	FFPE	MNG	MNG	0.99990	0.93522	MNG	MNG	0.99990
GSM2405362	4	FFPE	MNG	MNG	0.99861	0.80355	MNG	MNG	0.99861
GSM2405363	4	FFPE	MNG	MNG	0.99998	0.98095	MNG	MNG	0.99998
GSM2405364	4	FFPE	PIN T, PPT	PIN T, PPT	0.99988	0.89670	PIN T, PPT	PIN T, PPT	0.99988
GSM2405371	4	FFPE	MB, SHH INF	MB, SHH INF	0.99994	0.92951	MCF MB SHH	MCF MB SHH	0.99994
GSM2405372	4	FFPE	ATRT, TYR	ATRT, TYR	1.00000	0.98366	MCF ATRT	MCF ATRT	1.00000
GSM2405373	4	FFPE	GBM, RTK II	GBM, MES	0.80520	0.82299	MCF GBM	MCF GBM	0.99961
GSM2405382	4	FFPE	ANA PA	ANA PA	0.99967	0.56139	ANA PA	ANA PA	0.99967
GSM2405386	4	FFPE	A IDH	A IDH	0.99964	0.95982	MCF IDH GLM	MCF IDH GLM	1.00000
GSM2405387	4	FFPE	LGG, GG	LGG, GG	0.99943	0.85957	LGG, GG	LGG, GG	0.99943
GSM2405390	4	FFPE	CONTR, ADENOPIT	CONTR, ADENOPIT	0.99871	0.59359	CONTR, ADENOPIT	CONTR, ADENOPIT	0.99871
GSM2405393	4	FFPE	CONTR, WM	CONTR, WM	0.99998	0.97817	CONTR, WM	CONTR, WM	0.99998
GSM2405395	4	FFPE	CONTR, PINEAL	CONTR, PINEAL	0.99986	0.96508	CONTR, PINEAL	CONTR, PINEAL	0.99986
GSM2405400	4	FFPE	CONTR, PONS	CONTR, PONS	0.88716	0.18275	CONTR, PONS	CONTR, PONS	0.88716
GSM2405401	4	FFPE	CONTR, PONS	CONTR, PONS	0.99874	0.93208	CONTR, PONS	CONTR, PONS	0.99874
GSM2405409	4	FFPE	CNS NB, FOXR2	CNS NB, FOXR2	0.97721	0.35183	CNS NB, FOXR2	CNS NB, FOXR2	0.97721
GSM2405415	4	FFPE	CNS NB, FOXR2	CNS NB, FOXR2	0.99999	0.97179	CNS NB, FOXR2	CNS NB, FOXR2	0.99999
GSM2405419	4	FFPE	PIN T, PB B	PIN T, PB B	1.00000	0.98472	PIN T, PB B	PIN T, PB B	1.00000
GSM2405421	4	FFPE	PIN T, PB B	PIN T, PB B	0.99990	0.94186	PIN T, PB B	PIN T, PB B	0.99990
GSM2405427	4	FFPE	GBM, RTK II	GBM, RTK II	0.98241	0.91245	MCF GBM	MCF GBM	1.00000
GSM2405429	4	FFPE	PITAD, PRL	PITAD, PRL	0.67622	0.04494	PITAD, PRL	PITAD, PRL	0.67622
GSM2405432	4	FFPE	PITUI	PITUI	0.99974	0.96795	PITUI	PITUI	0.99974
GSM2405434	4	FFPE	LGG, RGNT	LGG, RGNT	0.99950	0.93300	LGG, RGNT	LGG, RGNT	0.99950
GSM2405438	4	FFPE	ATRT, SHH	ATRT, SHH	0.39514	0.05396	MCF ATRT	MCF ATRT	0.41811
GSM2405440	4	FFPE	CHGL	CHGL	0.99992	0.56204	CHGL	CHGL	0.99992
GSM2405447	4	FFPE	A IDH, HG	A IDH, HG	0.79435	0.77362	MCF IDH GLM	MCF IDH GLM	0.99882
GSM2405458	4	FFPE	ANA PA	ANA PA	0.99383	0.87931	ANA PA	ANA PA	0.99383
GSM2405460	4	FFPE	LGG, PA PF	LGG, PA PF	1.00000	0.98528	MCF PA	MCF PA	1.00000
GSM2405476	4	FFPE	LGG, MYB	LGG, MYB	0.88000	0.51823	LGG, MYB	LGG, MYB	0.88000
GSM2405482	4	FFPE	PXA	PXA	0.99980	0.95636	PXA	PXA	0.99980
GSM2405486	4	FFPE	PXA	PXA	0.99957	0.80366	PXA	PXA	0.99957
GSM2405487	4	FFPE	HGNET, MN1	HGNET, MN1	1.00000	0.95810	HGNET, MN1	HGNET, MN1	1.00000
GSM2405489	4	FFPE	GBM, RTK II	GBM, RTK I	0.63189	0.70622	MCF GBM	MCF GBM	1.00000
GSM2405496	4	FFPE	PITUI	PITUI	0.99981	0.95983	PITUI	PITUI	0.99981
GSM2405500	4	Frozen	GBM, MES	GBM, MES	0.98272	0.95309	MCF GBM	MCF GBM	0.99999
GSM2405502	4	FFPE	O IDH	O IDH	0.99997	0.97841	MCF IDH GLM	MCF IDH GLM	0.99999
GSM2405529	4	FFPE	LGG, DNT	LGG, DNT	0.99999	0.95079	LGG, DNT	LGG, DNT	0.99999
GSM2405552	4	FFPE	PITAD, ACTH	PITAD, ACTH	0.99994	0.94549	PITAD, ACTH	PITAD, ACTH	0.99994
GSM2405559	4	Frozen	GBM, RTK II	GBM, RTK II	0.99943	0.92460	MCF GBM	MCF GBM	1.00000
GSM2405563	4	FFPE	PITUI	PITUI	0.98389	0.54785	PITUI	PITUI	0.98389
GSM2405571	4	FFPE	PITAD, STH DNS A	PITAD, STH DNS A	0.99885	0.55806	PITAD, STH DNS A	PITAD, STH DNS A	0.99885
GSM2405577	4	FFPE	PITUI	PITUI	0.99985	0.91670	PITUI	PITUI	0.99985
GSM2405584	4	FFPE	GBM, G34	GBM, G34	0.99996	0.96560	GBM, G34	GBM, G34	0.99996
GSM2405591	4	Frozen	DMG, K27	DMG, K27	0.99980	0.97151	DMG, K27	DMG, K27	0.99980
GSM2405592	4	FFPE	LIPN	LIPN	0.94195	0.92811	LIPN	LIPN	0.94195
GSM2405593	4	FFPE	PIN T, PB B	PIN T, PB B	1.00000	0.97995	PIN T, PB B	PIN T, PB B	1.00000
GSM2405607	4	FFPE	CONTR, HYPTHAL	CONTR, HYPTHAL	0.93556	0.24245	CONTR, HYPTHAL	CONTR, HYPTHAL	0.93556
GSM2405614	4	FFPE	CONTR, HYPTHAL	CONTR, HYPTHAL	0.99997	0.94964	CONTR, HYPTHAL	CONTR, HYPTHAL	0.99997
GSM2405619	4	FFPE	PITAD, TSH	PITAD, STH DNS A	0.27920	0.02100	PITAD, TSH	PITAD, STH DNS A	0.27920
GSM2405621	4	FFPE	PITAD, TSH	PITAD, TSH	0.99970	0.52897	PITAD, TSH	PITAD, TSH	0.99970
GSM2405633	4	FFPE	HGNET, MN1	HGNET, MN1	0.99948	0.50236	HGNET, MN1	HGNET, MN1	0.99948
GSM2405652	4	FFPE	LGG, DIG/DIA	LGG, DIG/DIA	0.98603	0.15686	LGG, DIG/DIA	LGG, DIG/DIA	0.98603
GSM2405653	4	FFPE	PIN T, PB A	PITUI	0.23593	0.02169	PIN T, PB A	PITUI	0.23593
